creator_id,periodo,periodo_inicio,periodo_fim,gmv_bruto,gmv_liquido,reembolso,refund_pct,pedidos,aov,videos,lives,comissao,tier,status_reembolso,comissao_calculada,_fonte,items_vendidos,items_reembolsados,media_diaria,amostras,gmv_atribuido_ao_criador,itens_vendidos_atribuidos_ao_criador,total_gmv_bruto,total_gmv_liquido,total_pedidos,total_reembolso,total_videos,total_lives,total_comissao,periodos_ativo,primeiro_periodo,ultimo_periodo
.ANA.PAULAAA,2026-04,2026-04-01,2026-04-30,90.7,90.7,0.0,0.0,1,90.7,0,0,7.59,Ferro,sem_dado,0.05,tiktok_seller_center,1,0,1,0,,,90.7,90.7,1,0.0,0,0,4.54,1,2026-04,2026-04
.BYPENELOPE,2026-04,2026-04-01,2026-04-30,0.0,0.0,0.0,0.0,0,0.0,1,0,0.0,Ferro,sem_dado,0.05,tiktok_seller_center,0,0,0,0,,,0.0,0.0,0,0.0,1,0,0.0,1,2026-04,2026-04
.FAMILIAPIMENTEL,2026-05,2026-05-01,2026-05-23,1375.06,518.51,856.55,62.29,12,114.59,0,0,77.38,Ouro,sem_dado,0.11,tiktok_seller_center,84,10,1,0,,13,47089.450000000004,39772.270000000004,553,7317.18,6,1,3307.7400000000002,5,2026-01,2026-05
.ITSMEBIBIAA,2026-01,2026-01-06,2026-01-31,92.9,92.9,0.0,0.0,1,92.9,0,0,9.75,Ferro,sem_dado,0.05,tiktok_seller_center,1,0,1,0,,,92.9,92.9,1,0.0,0,0,4.65,1,2026-01,2026-01
.JESSYCORREA,2026-03,2026-03-01,2026-03-31,0.0,0.0,0.0,0.0,0,0.0,1,0,0.0,Ferro,sem_dado,0.05,tiktok_seller_center,0,0,0,0,,,0.0,0.0,0,0.0,1,0,0.0,1,2026-03,2026-03
.NICKYMARIANO,2026-03,2026-03-01,2026-03-31,0.0,0.0,0.0,0.0,0,0.0,1,0,0.0,Ferro,sem_dado,0.05,tiktok_seller_center,0,0,0,0,,,0.0,0.0,0,0.0,1,0,0.0,1,2026-03,2026-03
.PAULA8232,2026-04,2026-04-01,2026-04-30,0.0,0.0,0.0,0.0,0,0.0,0,1,0.0,Ferro,sem_dado,0.05,tiktok_seller_center,0,0,0,0,,,0.0,0.0,0,0.0,0,1,0.0,1,2026-04,2026-04
.SANFERREIRA,2026-04,2026-04-01,2026-04-30,0.0,0.0,0.0,0.0,0,0.0,0,1,0.0,Ferro,sem_dado,0.05,tiktok_seller_center,0,0,0,0,,,0.0,0.0,0,0.0,0,1,0.0,1,2026-04,2026-04
.SAVILELLA,2026-05,2026-05-01,2026-05-23,0.0,0.0,0.0,0.0,0,0.0,0,1,0.0,Ferro,sem_dado,0.05,tiktok_seller_center,,0,0,0,,0,0.0,0.0,0,0.0,0,1,0.0,1,2026-05,2026-05
._DAILYDELAS,2026-04,2026-04-01,2026-04-30,0.0,0.0,0.0,0.0,0,0.0,0,2,0.0,Ferro,sem_dado,0.05,tiktok_seller_center,0,0,0,0,,,0.0,0.0,0,0.0,0,10,0.0,2,2026-03,2026-04
10DEUSACOSTA,2026-03,2026-03-01,2026-03-31,0.0,0.0,0.0,0.0,0,0.0,0,2,0.0,Ferro,sem_dado,0.05,tiktok_seller_center,0,0,0,0,,,0.0,0.0,0,0.0,0,2,0.0,1,2026-03,2026-03
1603CATIA,2026-02,2026-02-01,2026-02-28,0.0,0.0,0.0,0.0,0,0.0,2,0,0.0,Ferro,sem_dado,0.05,tiktok_seller_center,0,0,0,0,,,0.0,0.0,0,0.0,2,0,0.0,1,2026-02,2026-02
1FORTE123,2026-04,2026-04-01,2026-04-30,0.0,0.0,0.0,0.0,0,0.0,2,0,0.0,Ferro,sem_dado,0.05,tiktok_seller_center,0,0,0,0,,,0.0,0.0,0,0.0,2,0,0.0,1,2026-04,2026-04
1MEGAOFERTAS1,2026-02,2026-02-01,2026-02-28,0.0,0.0,0.0,0.0,0,0.0,3,0,0.0,Ferro,sem_dado,0.05,tiktok_seller_center,0,0,0,0,,,0.0,0.0,0,0.0,3,0,0.0,1,2026-02,2026-02
4TLX9HUC,2026-04,2026-04-01,2026-04-30,0.0,0.0,0.0,0.0,0,0.0,1,0,0.0,Ferro,sem_dado,0.05,tiktok_seller_center,0,0,0,0,,,0.0,0.0,0,0.0,1,0,0.0,1,2026-04,2026-04
67CLARANAKAMURA,2026-05,2026-05-01,2026-05-23,0.0,0.0,0.0,0.0,0,0.0,2,0,0.0,Ferro,sem_dado,0.05,tiktok_seller_center,,0,0,0,,0,0.0,0.0,0,0.0,2,0,0.0,1,2026-05,2026-05
6EHDEMAIS,2026-03,2026-03-01,2026-03-31,0.0,-79.9,79.9,0.0,0,0.0,0,0,0.0,Ferro,sem_dado,0.05,tiktok_seller_center,0,1,0,0,,,79.9,0.0,1,79.9,0,0,0.0,2,2026-02,2026-03
893PATTY,2026-01,2026-01-06,2026-01-31,0.0,0.0,0.0,0.0,0,0.0,0,4,0.0,Ferro,sem_dado,0.05,tiktok_seller_center,0,0,0,0,,,0.0,0.0,0,0.0,0,4,0.0,1,2026-01,2026-01
98L876,2026-03,2026-03-01,2026-03-31,0.0,0.0,0.0,0.0,0,0.0,1,0,0.0,Ferro,sem_dado,0.05,tiktok_seller_center,0,0,0,0,,,0.0,0.0,0,0.0,1,0,0.0,1,2026-03,2026-03
A.B.SPACE,2026-04,2026-04-01,2026-04-30,0.0,0.0,0.0,0.0,0,0.0,0,1,0.0,Ferro,sem_dado,0.05,tiktok_seller_center,0,0,0,0,,,0.0,0.0,0,0.0,0,1,0.0,1,2026-04,2026-04
A.FLA.LOIRA,2026-04,2026-04-01,2026-04-30,0.0,0.0,0.0,0.0,0,0.0,3,0,0.0,Ferro,sem_dado,0.05,tiktok_seller_center,0,0,0,0,,,80.7,0.0,1,80.7,3,2,0.0,2,2026-02,2026-04
A.NIELLY,2026-04,2026-04-01,2026-04-30,0.0,0.0,0.0,0.0,0,0.0,4,0,0.0,Ferro,sem_dado,0.05,tiktok_seller_center,0,0,0,0,,,88.3,88.3,1,0.0,6,0,4.42,2,2026-03,2026-04
A.TATIPARREIRAS_,2026-03,2026-03-01,2026-03-31,0.0,0.0,0.0,0.0,0,0.0,3,0,0.0,Ferro,sem_dado,0.05,tiktok_seller_center,0,0,0,0,,,0.0,0.0,0,0.0,3,0,0.0,1,2026-03,2026-03
A1INEO1IVEIRA,2026-03,2026-03-01,2026-03-31,0.0,0.0,0.0,0.0,0,0.0,0,1,0.0,Ferro,sem_dado,0.05,tiktok_seller_center,0,0,0,0,,,239.7,159.79999999999998,3,79.9,0,1,7.98,3,2026-01,2026-03
AAGATHALAURENT,2026-02,2026-02-01,2026-02-28,0.0,0.0,0.0,0.0,0,0.0,3,0,0.0,Ferro,sem_dado,0.05,tiktok_seller_center,0,0,0,0,,,0.0,0.0,0,0.0,3,0,0.0,1,2026-02,2026-02
AAMANDACREATOR,2026-03,2026-03-01,2026-03-31,0.0,0.0,0.0,0.0,0,0.0,1,0,0.0,Ferro,sem_dado,0.05,tiktok_seller_center,0,0,0,0,,,0.0,0.0,0,0.0,1,0,0.0,1,2026-03,2026-03
AANINHARRR,2026-05,2026-05-01,2026-05-23,0.0,0.0,0.0,0.0,0,0.0,0,1,0.0,Ferro,sem_dado,0.05,tiktok_seller_center,,0,0,0,,0,0.0,0.0,0,0.0,0,1,0.0,1,2026-05,2026-05
AANNE_PEREIRA,2026-04,2026-04-01,2026-04-30,0.0,0.0,0.0,0.0,0,0.0,0,2,0.0,Ferro,sem_dado,0.05,tiktok_seller_center,0,0,0,0,,,0.0,0.0,0,0.0,0,2,0.0,1,2026-04,2026-04
ABADIASUCESSOO,2026-04,2026-04-01,2026-04-30,0.0,0.0,0.0,0.0,0,0.0,0,1,0.0,Ferro,sem_dado,0.05,tiktok_seller_center,0,0,0,0,,,0.0,0.0,0,0.0,0,1,0.0,1,2026-04,2026-04
ABEATRIZMOURA__,2026-01,2026-01-06,2026-01-31,80.7,80.7,0.0,0.0,1,80.7,1,1,7.99,Ferro,sem_dado,0.05,tiktok_seller_center,1,0,1,0,,,80.7,80.7,1,0.0,1,1,4.04,1,2026-01,2026-01
ABELLABRAZUCA,2026-03,2026-03-01,2026-03-31,0.0,0.0,0.0,0.0,0,0.0,1,0,0.0,Ferro,sem_dado,0.05,tiktok_seller_center,0,0,0,0,,,0.0,0.0,0,0.0,1,0,0.0,1,2026-03,2026-03
ABENOADA.TIKTOK.S,2026-05,2026-05-01,2026-05-23,226.7,226.7,0.0,0.0,1,226.7,0,31,16.78,Ferro,sem_dado,0.05,tiktok_seller_center,0,0,1,0,,2,226.7,226.7,1,0.0,2,31,11.34,2,2026-04,2026-05
ABIANCAPACHECO,2026-03,2026-03-01,2026-03-31,0.0,0.0,0.0,0.0,0,0.0,2,2,0.0,Ferro,sem_dado,0.05,tiktok_seller_center,0,0,0,0,,,80.7,80.7,1,0.0,2,2,4.04,2,2026-02,2026-03
ABIGAILRODRIGUESD,2026-01,2026-01-06,2026-01-31,0.0,0.0,0.0,0.0,0,0.0,0,3,0.0,Ferro,sem_dado,0.05,tiktok_seller_center,0,0,0,0,,,0.0,0.0,0,0.0,0,3,0.0,1,2026-01,2026-01
ABRAVALIRA,2026-01,2026-01-06,2026-01-31,0.0,0.0,0.0,0.0,0,0.0,4,0,0.0,Ferro,sem_dado,0.05,tiktok_seller_center,0,0,0,0,,,0.0,0.0,0,0.0,4,0,0.0,1,2026-01,2026-01
ABRENDAABREU,2026-04,2026-04-01,2026-04-30,0.0,0.0,0.0,0.0,0,0.0,0,13,0.0,Ferro,sem_dado,0.05,tiktok_seller_center,0,0,0,0,,,0.0,0.0,0,0.0,0,40,0.0,4,2026-01,2026-04
ABRUNAINDICAA,2026-03,2026-03-01,2026-03-31,615.68,469.64,146.04,23.72,8,76.96,0,0,62.38,Ferro,sem_dado,0.05,tiktok_seller_center,8,2,1,0,,,1811.6799999999998,1436.1599999999999,22,375.52,4,0,71.81,3,2026-01,2026-03
ABSOLUTO1993,2026-03,2026-03-01,2026-03-31,0.0,0.0,0.0,0.0,0,0.0,0,1,0.0,Ferro,sem_dado,0.05,tiktok_seller_center,0,0,0,0,,,0.0,0.0,0,0.0,0,2,0.0,2,2026-02,2026-03
ABUNDANCIAEAUTOESTIMA,2026-04,2026-04-01,2026-04-30,0.0,0.0,0.0,0.0,0,0.0,0,1,0.0,Ferro,sem_dado,0.05,tiktok_seller_center,0,0,0,0,,,0.0,0.0,0,0.0,0,1,0.0,1,2026-04,2026-04
ACAMILA.INDICA,2026-05,2026-05-01,2026-05-23,0.0,0.0,0.0,0.0,0,0.0,6,0,0.0,Ferro,sem_dado,0.05,tiktok_seller_center,0,0,0,0,,0,0.0,0.0,0,0.0,7,0,0.0,2,2026-04,2026-05
ACARV5,2026-02,2026-02-01,2026-02-28,0.0,0.0,0.0,0.0,0,0.0,1,0,0.0,Ferro,sem_dado,0.05,tiktok_seller_center,0,0,0,0,,,0.0,0.0,0,0.0,1,0,0.0,1,2026-02,2026-02
ACASADADANILA,2026-02,2026-02-01,2026-02-28,0.0,0.0,0.0,0.0,0,0.0,0,1,0.0,Ferro,sem_dado,0.05,tiktok_seller_center,0,0,0,0,,,0.0,0.0,0,0.0,0,1,0.0,1,2026-02,2026-02
ACATIASOUZA,2026-03,2026-03-01,2026-03-31,0.0,0.0,0.0,0.0,0,0.0,2,0,0.0,Ferro,sem_dado,0.05,tiktok_seller_center,0,0,0,0,,,0.0,0.0,0,0.0,2,0,0.0,1,2026-03,2026-03
ACECILIAFREITAS0,2026-04,2026-04-01,2026-04-30,0.0,0.0,0.0,0.0,0,0.0,0,1,0.0,Ferro,sem_dado,0.05,tiktok_seller_center,0,0,0,0,,,0.0,0.0,0,0.0,0,1,0.0,1,2026-04,2026-04
ACHA.AQUI7,2026-03,2026-03-01,2026-03-31,0.0,0.0,0.0,0.0,0,0.0,1,1,0.0,Ferro,sem_dado,0.05,tiktok_seller_center,0,0,0,0,,,0.0,0.0,0,0.0,1,1,0.0,1,2026-03,2026-03
ACHADIINHOSVIIRAIS,2026-05,2026-05-01,2026-05-23,0.0,0.0,0.0,0.0,0,0.0,3,0,0.0,Ferro,sem_dado,0.05,tiktok_seller_center,,0,0,0,,0,0.0,0.0,0,0.0,3,0,0.0,1,2026-05,2026-05
ACHADINHO.DAAMANDA,2026-03,2026-03-01,2026-03-31,0.0,0.0,0.0,0.0,0,0.0,0,5,0.0,Ferro,sem_dado,0.05,tiktok_seller_center,0,0,0,0,,,0.0,0.0,0,0.0,0,5,0.0,1,2026-03,2026-03
ACHADINHOBRSS,2026-01,2026-01-06,2026-01-31,0.0,0.0,0.0,0.0,0,0.0,0,1,0.0,Ferro,sem_dado,0.05,tiktok_seller_center,0,0,0,0,,,0.0,0.0,0,0.0,0,1,0.0,1,2026-01,2026-01
ACHADINHODABIA0,2026-05,2026-05-01,2026-05-23,0.0,0.0,0.0,0.0,0,0.0,0,1,0.0,Ferro,sem_dado,0.05,tiktok_seller_center,0,0,0,0,,0,0.0,0.0,0,0.0,0,5,0.0,2,2026-04,2026-05
ACHADINHODAERICA0,2026-04,2026-04-01,2026-04-30,0.0,0.0,0.0,0.0,0,0.0,1,0,0.0,Ferro,sem_dado,0.05,tiktok_seller_center,0,0,0,0,,,0.0,0.0,0,0.0,1,0,0.0,1,2026-04,2026-04
ACHADINHODAGLE1,2026-02,2026-02-01,2026-02-28,91.83,91.83,0.0,0.0,1,91.83,1,0,9.43,Ferro,sem_dado,0.05,tiktok_seller_center,1,0,1,0,,,91.83,91.83,1,0.0,2,0,4.59,2,2026-01,2026-02
ACHADINHOLIANDRAD,2026-02,2026-02-01,2026-02-28,0.0,0.0,0.0,0.0,0,0.0,0,1,0.0,Ferro,sem_dado,0.05,tiktok_seller_center,0,0,0,0,,,0.0,0.0,0,0.0,0,1,0.0,1,2026-02,2026-02
ACHADINHOOSS.IMPERDIVEIS,2026-01,2026-01-06,2026-01-31,0.0,0.0,0.0,0.0,0,0.0,3,0,0.0,Ferro,sem_dado,0.05,tiktok_seller_center,0,0,0,0,,,0.0,0.0,0,0.0,3,0,0.0,1,2026-01,2026-01
ACHADINHOPRIMEDODIA,2026-01,2026-01-06,2026-01-31,0.0,0.0,0.0,0.0,0,0.0,1,0,0.0,Ferro,sem_dado,0.05,tiktok_seller_center,0,0,0,0,,,0.0,0.0,0,0.0,1,0,0.0,1,2026-01,2026-01
ACHADINHOS.DA.BUBUZINHA,2026-03,2026-03-01,2026-03-31,0.0,0.0,0.0,0.0,0,0.0,0,4,0.0,Ferro,sem_dado,0.05,tiktok_seller_center,0,0,0,0,,,0.0,0.0,0,0.0,0,8,0.0,2,2026-02,2026-03
ACHADINHOS.DA.CAMISS,2026-02,2026-02-01,2026-02-28,0.0,0.0,0.0,0.0,0,0.0,0,1,0.0,Ferro,sem_dado,0.05,tiktok_seller_center,0,0,0,0,,,0.0,0.0,0,0.0,0,1,0.0,1,2026-02,2026-02
ACHADINHOS.DA.DAN17,2026-02,2026-02-01,2026-02-28,0.0,0.0,0.0,0.0,0,0.0,1,0,0.0,Ferro,sem_dado,0.05,tiktok_seller_center,0,0,0,0,,,0.0,0.0,0,0.0,1,0,0.0,1,2026-02,2026-02
ACHADINHOS.DA.JAC24,2026-05,2026-05-01,2026-05-23,0.0,0.0,0.0,0.0,0,0.0,1,0,0.0,Ferro,sem_dado,0.05,tiktok_seller_center,,0,0,0,,0,0.0,0.0,0,0.0,1,0,0.0,1,2026-05,2026-05
ACHADINHOS.DA.JEH52,2026-05,2026-05-01,2026-05-23,0.0,0.0,0.0,0.0,0,0.0,0,1,0.0,Ferro,sem_dado,0.05,tiktok_seller_center,1,0,0,0,,0,80.61,80.61,1,0.0,0,4,4.03,2,2026-04,2026-05
ACHADINHOS.DA.NANI1,2026-05,2026-05-01,2026-05-23,0.0,0.0,0.0,0.0,0,0.0,1,0,0.0,Ferro,sem_dado,0.05,tiktok_seller_center,,0,0,0,,0,0.0,0.0,0,0.0,1,0,0.0,1,2026-05,2026-05
ACHADINHOS.DAKA10,2026-03,2026-03-01,2026-03-31,64.34,64.34,0.0,0.0,1,64.34,0,0,7.22,Ferro,sem_dado,0.05,tiktok_seller_center,1,0,1,0,,,64.34,64.34,1,0.0,0,0,3.22,1,2026-03,2026-03
ACHADINHOS.DANAHH1,2026-05,2026-05-01,2026-05-23,0.0,0.0,0.0,0.0,0,0.0,0,38,0.0,Ferro,sem_dado,0.05,tiktok_seller_center,0,0,0,0,,0,0.0,0.0,0,0.0,3,94,0.0,3,2026-03,2026-05
ACHADINHOS.DINNY,2026-03,2026-03-01,2026-03-31,0.0,0.0,0.0,0.0,0,0.0,1,0,0.0,Ferro,sem_dado,0.05,tiktok_seller_center,0,0,0,0,,,0.0,0.0,0,0.0,1,0,0.0,1,2026-03,2026-03
ACHADINHOS.ENCANTO0,2026-05,2026-05-01,2026-05-23,0.0,0.0,0.0,0.0,0,0.0,0,3,0.0,Ferro,sem_dado,0.05,tiktok_seller_center,0,0,0,0,,0,0.0,0.0,0,0.0,0,16,0.0,2,2026-04,2026-05
ACHADINHOS.OFICIA92,2026-05,2026-05-01,2026-05-23,0.0,0.0,0.0,0.0,0,0.0,0,1,0.0,Ferro,sem_dado,0.05,tiktok_seller_center,,0,0,0,,0,0.0,0.0,0,0.0,0,1,0.0,1,2026-05,2026-05
ACHADINHOS00009,2026-05,2026-05-01,2026-05-23,0.0,0.0,0.0,0.0,0,0.0,2,0,0.0,Ferro,sem_dado,0.05,tiktok_seller_center,,0,0,0,,0,0.0,0.0,0,0.0,2,0,0.0,1,2026-05,2026-05
ACHADINHOS123TIKTOKSHOP,2026-03,2026-03-01,2026-03-31,0.0,0.0,0.0,0.0,0,0.0,0,1,0.0,Ferro,sem_dado,0.05,tiktok_seller_center,0,0,0,0,,,0.0,0.0,0,0.0,0,1,0.0,1,2026-03,2026-03
ACHADINHOS3625,2026-01,2026-01-06,2026-01-31,0.0,0.0,0.0,0.0,0,0.0,0,1,0.0,Ferro,sem_dado,0.05,tiktok_seller_center,0,0,0,0,,,0.0,0.0,0,0.0,0,1,0.0,1,2026-01,2026-01
ACHADINHOSANAPAULA2,2026-04,2026-04-01,2026-04-30,0.0,0.0,0.0,0.0,0,0.0,1,0,0.0,Ferro,sem_dado,0.05,tiktok_seller_center,0,0,0,0,,,0.0,0.0,0,0.0,1,0,0.0,1,2026-04,2026-04
ACHADINHOSAPOLO,2026-03,2026-03-01,2026-03-31,0.0,0.0,0.0,0.0,0,0.0,1,0,0.0,Ferro,sem_dado,0.05,tiktok_seller_center,0,0,0,0,,,0.0,0.0,0,0.0,2,0,0.0,2,2026-02,2026-03
ACHADINHOSBYANAREIS,2026-02,2026-02-01,2026-02-28,0.0,0.0,0.0,0.0,0,0.0,0,1,0.0,Ferro,sem_dado,0.05,tiktok_seller_center,0,0,0,0,,,0.0,0.0,0,0.0,0,1,0.0,1,2026-02,2026-02
ACHADINHOSCAHH,2026-02,2026-02-01,2026-02-28,0.0,0.0,0.0,0.0,0,0.0,1,0,0.0,Ferro,sem_dado,0.05,tiktok_seller_center,0,0,0,0,,,0.0,0.0,0,0.0,1,0,0.0,1,2026-02,2026-02
ACHADINHOSCAHSHOP,2026-03,2026-03-01,2026-03-31,0.0,0.0,0.0,0.0,0,0.0,3,0,0.0,Ferro,sem_dado,0.05,tiktok_seller_center,0,0,0,0,,,0.0,0.0,0,0.0,3,0,0.0,1,2026-03,2026-03
ACHADINHOSDAAMANDA30,2026-02,2026-02-01,2026-02-28,0.0,0.0,0.0,0.0,0,0.0,1,0,0.0,Ferro,sem_dado,0.05,tiktok_seller_center,0,0,0,0,,,0.0,0.0,0,0.0,1,0,0.0,1,2026-02,2026-02
ACHADINHOSDAARICLEIA,2026-04,2026-04-01,2026-04-30,0.0,0.0,0.0,0.0,0,0.0,0,1,0.0,Ferro,sem_dado,0.05,tiktok_seller_center,0,0,0,0,,,0.0,0.0,0,0.0,0,7,0.0,3,2026-02,2026-04
ACHADINHOSDAB.LO,2026-01,2026-01-06,2026-01-31,0.0,0.0,0.0,0.0,0,0.0,0,1,0.0,Ferro,sem_dado,0.05,tiktok_seller_center,0,0,0,0,,,0.0,0.0,0,0.0,0,1,0.0,1,2026-01,2026-01
ACHADINHOSDABABI86,2026-05,2026-05-01,2026-05-23,0.0,0.0,0.0,0.0,0,0.0,1,0,0.0,Ferro,sem_dado,0.05,tiktok_seller_center,,0,0,0,,0,0.0,0.0,0,0.0,1,0,0.0,1,2026-05,2026-05
ACHADINHOSDABIANKA,2026-04,2026-04-01,2026-04-30,0.0,0.0,0.0,0.0,0,0.0,0,1,0.0,Ferro,sem_dado,0.05,tiktok_seller_center,0,0,0,0,,,0.0,0.0,0,0.0,0,2,0.0,2,2026-03,2026-04
ACHADINHOSDACAROLSHOP,2026-05,2026-05-01,2026-05-23,0.0,0.0,0.0,0.0,0,0.0,0,1,0.0,Ferro,sem_dado,0.05,tiktok_seller_center,0,0,0,0,,0,0.0,0.0,0,0.0,0,7,0.0,2,2026-02,2026-05
ACHADINHOSDACRISFUSINATO,2026-05,2026-05-01,2026-05-23,0.0,0.0,0.0,0.0,0,0.0,2,0,0.0,Ferro,sem_dado,0.05,tiktok_seller_center,1,0,0,0,,0,83.1,83.1,1,0.0,13,0,4.16,4,2026-02,2026-05
ACHADINHOSDADARY,2026-05,2026-05-01,2026-05-23,0.0,0.0,0.0,0.0,0,0.0,3,0,0.0,Ferro,sem_dado,0.05,tiktok_seller_center,,0,0,0,,0,0.0,0.0,0,0.0,3,0,0.0,1,2026-05,2026-05
ACHADINHOSDAJANE.J,2026-05,2026-05-01,2026-05-23,0.0,0.0,0.0,0.0,0,0.0,0,1,0.0,Ferro,sem_dado,0.05,tiktok_seller_center,0,0,0,0,,0,0.0,0.0,0,0.0,0,9,0.0,4,2026-02,2026-05
ACHADINHOSDAJEH.83,2026-05,2026-05-01,2026-05-23,0.0,0.0,0.0,0.0,0,0.0,1,0,0.0,Ferro,sem_dado,0.05,tiktok_seller_center,,0,0,0,,0,0.0,0.0,0,0.0,1,0,0.0,1,2026-05,2026-05
ACHADINHOSDAJESSICA01,2026-03,2026-03-01,2026-03-31,0.0,0.0,0.0,0.0,0,0.0,4,0,0.0,Ferro,sem_dado,0.05,tiktok_seller_center,0,0,0,0,,,0.0,0.0,0,0.0,4,0,0.0,1,2026-03,2026-03
ACHADINHOSDAJHENNIFER,2026-02,2026-02-01,2026-02-28,0.0,0.0,0.0,0.0,0,0.0,1,0,0.0,Ferro,sem_dado,0.05,tiktok_seller_center,0,0,0,0,,,0.0,0.0,0,0.0,1,0,0.0,1,2026-02,2026-02
ACHADINHOSDAKARLA1,2026-05,2026-05-01,2026-05-23,0.0,0.0,0.0,0.0,0,0.0,2,0,0.0,Ferro,sem_dado,0.05,tiktok_seller_center,,0,0,0,,0,0.0,0.0,0,0.0,2,0,0.0,1,2026-05,2026-05
ACHADINHOSDAKIARAALVES,2026-03,2026-03-01,2026-03-31,0.0,0.0,0.0,0.0,0,0.0,1,0,0.0,Ferro,sem_dado,0.05,tiktok_seller_center,0,0,0,0,,,0.0,0.0,0,0.0,1,0,0.0,1,2026-03,2026-03
ACHADINHOSDAL60,2026-03,2026-03-01,2026-03-31,79.7,79.7,0.0,0.0,1,79.7,2,1,7.99,Ferro,sem_dado,0.05,tiktok_seller_center,1,0,1,0,,,79.7,79.7,1,0.0,2,1,3.99,1,2026-03,2026-03
ACHADINHOSDALE290,2026-04,2026-04-01,2026-04-30,0.0,0.0,0.0,0.0,0,0.0,1,0,0.0,Ferro,sem_dado,0.05,tiktok_seller_center,0,0,0,0,,,0.0,0.0,0,0.0,1,0,0.0,1,2026-04,2026-04
ACHADINHOSDALINESHOP,2026-02,2026-02-01,2026-02-28,0.0,0.0,0.0,0.0,0,0.0,0,1,0.0,Ferro,sem_dado,0.05,tiktok_seller_center,0,0,0,0,,,0.0,0.0,0,0.0,0,3,0.0,2,2026-01,2026-02
ACHADINHOSDALORENA_,2026-03,2026-03-01,2026-03-31,0.0,0.0,0.0,0.0,0,0.0,4,0,0.0,Ferro,sem_dado,0.05,tiktok_seller_center,0,0,0,0,,,0.0,0.0,0,0.0,4,0,0.0,1,2026-03,2026-03
ACHADINHOSDALU952,2026-03,2026-03-01,2026-03-31,80.7,0.0,80.7,100.0,1,80.7,1,0,7.99,Ferro,sem_dado,0.05,tiktok_seller_center,1,1,1,0,,,80.7,0.0,1,80.7,1,0,0.0,1,2026-03,2026-03
ACHADINHOSDALUCIANA,2026-05,2026-05-01,2026-05-23,0.0,0.0,0.0,0.0,0,0.0,0,1,0.0,Ferro,sem_dado,0.05,tiktok_seller_center,,0,0,0,,0,0.0,0.0,0,0.0,0,1,0.0,1,2026-05,2026-05
ACHADINHOSDAMARIINA,2026-02,2026-02-01,2026-02-28,0.0,0.0,0.0,0.0,0,0.0,9,0,0.0,Ferro,sem_dado,0.05,tiktok_seller_center,0,0,0,0,,,0.0,0.0,0,0.0,9,0,0.0,1,2026-02,2026-02
ACHADINHOSDAMIOFIC,2026-02,2026-02-01,2026-02-28,0.0,0.0,0.0,0.0,0,0.0,1,0,0.0,Ferro,sem_dado,0.05,tiktok_seller_center,0,0,0,0,,,0.0,0.0,0,0.0,1,0,0.0,1,2026-02,2026-02
ACHADINHOSDAMITIKTOK,2026-03,2026-03-01,2026-03-31,0.0,0.0,0.0,0.0,0,0.0,1,0,0.0,Ferro,sem_dado,0.05,tiktok_seller_center,0,0,0,0,,,0.0,0.0,0,0.0,1,0,0.0,1,2026-03,2026-03
ACHADINHOSDANATHIIII,2026-03,2026-03-01,2026-03-31,0.0,0.0,0.0,0.0,0,0.0,1,0,0.0,Ferro,sem_dado,0.05,tiktok_seller_center,0,0,0,0,,,0.0,0.0,0,0.0,1,0,0.0,1,2026-03,2026-03
ACHADINHOSDANEIDE3,2026-02,2026-02-01,2026-02-28,0.0,0.0,0.0,0.0,0,0.0,1,0,0.0,Ferro,sem_dado,0.05,tiktok_seller_center,0,0,0,0,,,0.0,0.0,0,0.0,1,0,0.0,1,2026-02,2026-02
ACHADINHOSDARAY._,2026-01,2026-01-06,2026-01-31,0.0,0.0,0.0,0.0,0,0.0,1,0,0.0,Ferro,sem_dado,0.05,tiktok_seller_center,0,0,0,0,,,0.0,0.0,0,0.0,1,0,0.0,1,2026-01,2026-01
ACHADINHOSDARAY15,2026-01,2026-01-06,2026-01-31,0.0,0.0,0.0,0.0,0,0.0,1,0,0.0,Ferro,sem_dado,0.05,tiktok_seller_center,0,0,0,0,,,0.0,0.0,0,0.0,1,0,0.0,1,2026-01,2026-01
ACHADINHOSDARO83,2026-04,2026-04-01,2026-04-30,0.0,0.0,0.0,0.0,0,0.0,0,3,0.0,Ferro,sem_dado,0.05,tiktok_seller_center,0,0,0,0,,,0.0,0.0,0,0.0,0,13,0.0,3,2026-02,2026-04
ACHADINHOSDAROSE0,2026-03,2026-03-01,2026-03-31,0.0,0.0,0.0,0.0,0,0.0,1,0,0.0,Ferro,sem_dado,0.05,tiktok_seller_center,0,0,0,0,,,0.0,0.0,0,0.0,3,0,0.0,2,2026-01,2026-03
ACHADINHOSDASASA98,2026-03,2026-03-01,2026-03-31,0.0,0.0,0.0,0.0,0,0.0,2,0,0.0,Ferro,sem_dado,0.05,tiktok_seller_center,0,0,0,0,,,0.0,0.0,0,0.0,2,0,0.0,1,2026-03,2026-03
ACHADINHOSDATETE0,2026-04,2026-04-01,2026-04-30,0.0,0.0,0.0,0.0,0,0.0,1,0,0.0,Ferro,sem_dado,0.05,tiktok_seller_center,0,0,0,0,,,0.0,0.0,0,0.0,2,0,0.0,2,2026-03,2026-04
ACHADINHOSDATHATI,2026-05,2026-05-01,2026-05-23,0.0,0.0,0.0,0.0,0,0.0,0,2,0.0,Ferro,sem_dado,0.05,tiktok_seller_center,0,0,0,0,,0,0.0,0.0,0,0.0,10,12,0.0,3,2026-03,2026-05
ACHADINHOSDAVI90,2026-04,2026-04-01,2026-04-30,0.0,0.0,0.0,0.0,0,0.0,0,9,0.0,Ferro,sem_dado,0.05,tiktok_seller_center,0,0,0,0,,,0.0,0.0,0,0.0,0,9,0.0,1,2026-04,2026-04
ACHADINHOSDAVIVI190354,2026-05,2026-05-01,2026-05-23,0.0,0.0,0.0,0.0,0,0.0,0,1,0.0,Ferro,sem_dado,0.05,tiktok_seller_center,,0,0,0,,0,0.0,0.0,0,0.0,0,1,0.0,1,2026-05,2026-05
ACHADINHOSDAVIVI73,2026-03,2026-03-01,2026-03-31,0.0,0.0,0.0,0.0,0,0.0,0,4,0.0,Ferro,sem_dado,0.05,tiktok_seller_center,0,0,0,0,,,0.0,0.0,0,0.0,0,4,0.0,1,2026-03,2026-03
ACHADINHOSDECASA302,2026-04,2026-04-01,2026-04-30,0.0,0.0,0.0,0.0,0,0.0,4,0,0.0,Ferro,sem_dado,0.05,tiktok_seller_center,0,0,0,0,,,0.0,0.0,0,0.0,4,0,0.0,1,2026-04,2026-04
ACHADINHOSDELAS36,2026-05,2026-05-01,2026-05-23,0.0,0.0,0.0,0.0,0,0.0,1,0,0.0,Ferro,sem_dado,0.05,tiktok_seller_center,0,0,0,0,,0,0.0,0.0,0,0.0,3,0,0.0,2,2026-03,2026-05
ACHADINHOSDOTIKTOK39,2026-03,2026-03-01,2026-03-31,0.0,0.0,0.0,0.0,0,0.0,0,2,0.0,Ferro,sem_dado,0.05,tiktok_seller_center,0,0,0,0,,,0.0,0.0,0,0.0,1,5,0.0,2,2026-02,2026-03
ACHADINHOSDOTIKTOKSHOPOF,2026-03,2026-03-01,2026-03-31,0.0,0.0,0.0,0.0,0,0.0,0,1,0.0,Ferro,sem_dado,0.05,tiktok_seller_center,0,0,0,0,,,0.0,0.0,0,0.0,0,1,0.0,1,2026-03,2026-03
ACHADINHOSEXPRESS_0,2026-02,2026-02-01,2026-02-28,0.0,0.0,0.0,0.0,0,0.0,0,1,0.0,Ferro,sem_dado,0.05,tiktok_seller_center,0,0,0,0,,,0.0,0.0,0,0.0,0,1,0.0,1,2026-02,2026-02
ACHADINHOSHOPDARE,2026-01,2026-01-06,2026-01-31,0.0,0.0,0.0,0.0,0,0.0,0,1,0.0,Ferro,sem_dado,0.05,tiktok_seller_center,0,0,0,0,,,0.0,0.0,0,0.0,0,1,0.0,1,2026-01,2026-01
ACHADINHOSJUH1604,2026-02,2026-02-01,2026-02-28,0.0,0.0,0.0,0.0,0,0.0,1,0,0.0,Ferro,sem_dado,0.05,tiktok_seller_center,0,0,0,0,,,0.0,0.0,0,0.0,1,0,0.0,1,2026-02,2026-02
ACHADINHOSKA_,2026-04,2026-04-01,2026-04-30,0.0,0.0,0.0,0.0,0,0.0,0,2,0.0,Ferro,sem_dado,0.05,tiktok_seller_center,0,0,0,0,,,0.0,0.0,0,0.0,0,5,0.0,2,2026-01,2026-04
ACHADINHOSLALAS,2026-05,2026-05-01,2026-05-23,0.0,0.0,0.0,0.0,0,0.0,0,2,0.0,Ferro,sem_dado,0.05,tiktok_seller_center,1,0,0,0,,0,80.7,80.7,1,0.0,1,6,4.04,2,2026-04,2026-05
ACHADINHOSLEAO,2026-03,2026-03-01,2026-03-31,0.0,0.0,0.0,0.0,0,0.0,0,1,0.0,Ferro,sem_dado,0.05,tiktok_seller_center,0,0,0,0,,,0.0,0.0,0,0.0,0,1,0.0,1,2026-03,2026-03
ACHADINHOSLIVE,2026-03,2026-03-01,2026-03-31,0.0,0.0,0.0,0.0,0,0.0,1,0,0.0,Ferro,sem_dado,0.05,tiktok_seller_center,0,0,0,0,,,0.0,0.0,0,0.0,1,0,0.0,1,2026-03,2026-03
ACHADINHOSLOJASVI,2026-04,2026-04-01,2026-04-30,0.0,0.0,0.0,0.0,0,0.0,1,0,0.0,Ferro,sem_dado,0.05,tiktok_seller_center,0,0,0,0,,,0.0,0.0,0,0.0,1,0,0.0,1,2026-04,2026-04
ACHADINHOSLOOKSS,2026-02,2026-02-01,2026-02-28,0.0,0.0,0.0,0.0,0,0.0,1,0,0.0,Ferro,sem_dado,0.05,tiktok_seller_center,0,0,0,0,,,0.0,0.0,0,0.0,1,0,0.0,1,2026-02,2026-02
ACHADINHOSMAYA0,2026-03,2026-03-01,2026-03-31,0.0,0.0,0.0,0.0,0,0.0,1,0,0.0,Ferro,sem_dado,0.05,tiktok_seller_center,0,0,0,0,,,0.0,0.0,0,0.0,1,0,0.0,1,2026-03,2026-03
ACHADINHOSNANDA31,2026-04,2026-04-01,2026-04-30,0.0,0.0,0.0,0.0,0,0.0,1,0,0.0,Ferro,sem_dado,0.05,tiktok_seller_center,0,0,0,0,,,0.0,0.0,0,0.0,2,1,0.0,2,2026-03,2026-04
ACHADINHOSOFICIAL.IA,2026-02,2026-02-01,2026-02-28,0.0,0.0,0.0,0.0,0,0.0,2,0,0.0,Ferro,sem_dado,0.05,tiktok_seller_center,0,0,0,0,,,0.0,0.0,0,0.0,2,0,0.0,1,2026-02,2026-02
ACHADINHOSPRATICOSDAMA,2026-05,2026-05-01,2026-05-23,0.0,0.0,0.0,0.0,0,0.0,0,8,0.0,Ferro,sem_dado,0.05,tiktok_seller_center,0,0,0,0,,0,0.0,0.0,0,0.0,0,14,0.0,2,2026-04,2026-05
ACHADINHOSS.DA.MIRIAM,2026-04,2026-04-01,2026-04-30,0.0,0.0,0.0,0.0,0,0.0,0,1,0.0,Ferro,sem_dado,0.05,tiktok_seller_center,0,0,0,0,,,0.0,0.0,0,0.0,0,5,0.0,2,2026-03,2026-04
ACHADINHOSSQUESALVAM,2026-03,2026-03-01,2026-03-31,0.0,0.0,0.0,0.0,0,0.0,1,0,0.0,Ferro,sem_dado,0.05,tiktok_seller_center,0,0,0,0,,,0.0,0.0,0,0.0,1,0,0.0,1,2026-03,2026-03
ACHADINHOSTELESSHOP,2026-04,2026-04-01,2026-04-30,0.0,0.0,0.0,0.0,0,0.0,1,0,0.0,Ferro,sem_dado,0.05,tiktok_seller_center,0,0,0,0,,,0.0,0.0,0,0.0,1,0,0.0,1,2026-04,2026-04
ACHADINHOSTIKTO00,2026-03,2026-03-01,2026-03-31,0.0,0.0,0.0,0.0,0,0.0,1,0,0.0,Ferro,sem_dado,0.05,tiktok_seller_center,0,0,0,0,,,0.0,0.0,0,0.0,1,0,0.0,1,2026-03,2026-03
ACHADINHOSTIKTOK0.1,2026-02,2026-02-01,2026-02-28,0.0,0.0,0.0,0.0,0,0.0,1,0,0.0,Ferro,sem_dado,0.05,tiktok_seller_center,0,0,0,0,,,0.0,0.0,0,0.0,1,0,0.0,1,2026-02,2026-02
ACHADINHOSTIKTOK31,2026-03,2026-03-01,2026-03-31,0.0,0.0,0.0,0.0,0,0.0,0,1,0.0,Ferro,sem_dado,0.05,tiktok_seller_center,0,0,0,0,,,0.0,0.0,0,0.0,0,1,0.0,1,2026-03,2026-03
ACHADINHOSTIKTOK98,2026-04,2026-04-01,2026-04-30,0.0,0.0,0.0,0.0,0,0.0,0,1,0.0,Ferro,sem_dado,0.05,tiktok_seller_center,0,0,0,0,,,0.0,0.0,0,0.0,0,1,0.0,1,2026-04,2026-04
ACHADINHOSTIKTOKALICE,2026-04,2026-04-01,2026-04-30,0.0,0.0,0.0,0.0,0,0.0,1,0,0.0,Ferro,sem_dado,0.05,tiktok_seller_center,0,0,0,0,,,0.0,0.0,0,0.0,1,0,0.0,1,2026-04,2026-04
ACHADINHOSTIKTOKSHOPFABI,2026-03,2026-03-01,2026-03-31,0.0,0.0,0.0,0.0,0,0.0,1,0,0.0,Ferro,sem_dado,0.05,tiktok_seller_center,0,0,0,0,,,0.0,0.0,0,0.0,1,0,0.0,1,2026-03,2026-03
ACHADINHOSTIKTOKSHOPRJ,2026-03,2026-03-01,2026-03-31,0.0,0.0,0.0,0.0,0,0.0,0,1,0.0,Ferro,sem_dado,0.05,tiktok_seller_center,0,0,0,0,,,0.0,0.0,0,0.0,0,1,0.0,1,2026-03,2026-03
ACHADINHOSTK.SHOP,2026-02,2026-02-01,2026-02-28,0.0,0.0,0.0,0.0,0,0.0,14,0,0.0,Ferro,sem_dado,0.05,tiktok_seller_center,0,0,0,0,,,0.0,0.0,0,0.0,14,0,0.0,1,2026-02,2026-02
ACHADINHOSTKTOKSHOPE,2026-04,2026-04-01,2026-04-30,0.0,0.0,0.0,0.0,0,0.0,0,1,0.0,Ferro,sem_dado,0.05,tiktok_seller_center,0,0,0,0,,,0.0,0.0,0,0.0,0,2,0.0,2,2026-03,2026-04
ACHADINHOSTOPDAPRIII,2026-03,2026-03-01,2026-03-31,77.5,77.5,0.0,0.0,1,77.5,1,0,7.99,Ferro,sem_dado,0.05,tiktok_seller_center,1,0,1,0,,,77.5,77.5,1,0.0,1,0,3.88,1,2026-03,2026-03
ACHADINHOSTTK003,2026-05,2026-05-01,2026-05-23,0.0,0.0,0.0,0.0,0,0.0,1,0,0.0,Ferro,sem_dado,0.05,tiktok_seller_center,,0,0,0,,0,0.0,0.0,0,0.0,1,0,0.0,1,2026-05,2026-05
ACHADINHOSTTKSHOP0014,2026-05,2026-05-01,2026-05-23,0.0,0.0,0.0,0.0,0,0.0,1,0,0.0,Ferro,sem_dado,0.05,tiktok_seller_center,0,0,0,0,,0,0.0,0.0,0,0.0,5,0,0.0,2,2026-04,2026-05
ACHADINHOSTTKSHOP0015,2026-05,2026-05-01,2026-05-23,0.0,0.0,0.0,0.0,0,0.0,3,0,0.0,Ferro,sem_dado,0.05,tiktok_seller_center,0,0,0,0,,0,0.0,0.0,0,0.0,9,0,0.0,2,2026-04,2026-05
ACHADINHOSTTKSHOP005,2026-05,2026-05-01,2026-05-23,0.0,0.0,0.0,0.0,0,0.0,4,0,0.0,Ferro,sem_dado,0.05,tiktok_seller_center,,0,0,0,,0,0.0,0.0,0,0.0,4,0,0.0,1,2026-05,2026-05
ACHADINHOSTTKSHOP010,2026-05,2026-05-01,2026-05-23,0.0,0.0,0.0,0.0,0,0.0,1,0,0.0,Ferro,sem_dado,0.05,tiktok_seller_center,,0,0,0,,0,0.0,0.0,0,0.0,1,0,0.0,1,2026-05,2026-05
ACHADINHOSTTS1,2026-03,2026-03-01,2026-03-31,100.6,0.0,100.6,100.0,1,100.6,0,0,9.49,Ferro,sem_dado,0.05,tiktok_seller_center,1,1,1,0,,,371.6,271.0,4,100.6,4,0,13.55,2,2026-02,2026-03
ACHADINHOSVAN1,2026-04,2026-04-01,2026-04-30,0.0,0.0,0.0,0.0,0,0.0,0,1,0.0,Ferro,sem_dado,0.05,tiktok_seller_center,0,0,0,0,,,0.0,0.0,0,0.0,0,1,0.0,1,2026-04,2026-04
ACHADINHOSVIVI23,2026-01,2026-01-06,2026-01-31,147.84,147.84,0.0,0.0,2,73.92,0,12,14.44,Ferro,sem_dado,0.05,tiktok_seller_center,2,0,1,0,,,147.84,147.84,2,0.0,0,12,7.39,1,2026-01,2026-01
ACHADINHOSVMT,2026-05,2026-05-01,2026-05-23,0.0,0.0,0.0,0.0,0,0.0,0,1,0.0,Ferro,sem_dado,0.05,tiktok_seller_center,0,0,0,0,,0,0.0,0.0,0,0.0,0,5,0.0,2,2026-03,2026-05
ACHADINHOSZ5,2026-04,2026-04-01,2026-04-30,0.0,0.0,0.0,0.0,0,0.0,1,0,0.0,Ferro,sem_dado,0.05,tiktok_seller_center,0,0,0,0,,,0.0,0.0,0,0.0,1,0,0.0,1,2026-04,2026-04
ACHADINHOS_.DA_DANI,2026-02,2026-02-01,2026-02-28,0.0,0.0,0.0,0.0,0,0.0,0,3,0.0,Ferro,sem_dado,0.05,tiktok_seller_center,0,0,0,0,,,0.0,0.0,0,0.0,0,3,0.0,1,2026-02,2026-02
ACHADINHOS_DA_GISA6,2026-01,2026-01-06,2026-01-31,0.0,0.0,0.0,0.0,0,0.0,2,0,0.0,Ferro,sem_dado,0.05,tiktok_seller_center,0,0,0,0,,,0.0,0.0,0,0.0,2,0,0.0,1,2026-01,2026-01
ACHADINHOS_DA__DRY,2026-04,2026-04-01,2026-04-30,0.0,0.0,0.0,0.0,0,0.0,0,1,0.0,Ferro,sem_dado,0.05,tiktok_seller_center,0,0,0,0,,,0.0,0.0,0,0.0,0,1,0.0,1,2026-04,2026-04
ACHADINHOS_ONLINE_001,2026-05,2026-05-01,2026-05-23,0.0,0.0,0.0,0.0,0,0.0,1,0,0.0,Ferro,sem_dado,0.05,tiktok_seller_center,,0,0,0,,0,0.0,0.0,0,0.0,1,0,0.0,1,2026-05,2026-05
ACHADINHOS_ONLINE_004,2026-05,2026-05-01,2026-05-23,0.0,0.0,0.0,0.0,0,0.0,2,0,0.0,Ferro,sem_dado,0.05,tiktok_seller_center,,0,0,0,,0,0.0,0.0,0,0.0,2,0,0.0,1,2026-05,2026-05
ACHADINHOTIKTOKSHOP6,2026-03,2026-03-01,2026-03-31,0.0,0.0,0.0,0.0,0,0.0,1,0,0.0,Ferro,sem_dado,0.05,tiktok_seller_center,0,0,0,0,,,0.0,0.0,0,0.0,1,0,0.0,1,2026-03,2026-03
ACHADINODAKELLY,2026-04,2026-04-01,2026-04-30,0.0,0.0,0.0,0.0,0,0.0,1,0,0.0,Ferro,sem_dado,0.05,tiktok_seller_center,0,0,0,0,,,0.0,0.0,0,0.0,1,0,0.0,1,2026-04,2026-04
ACHADODALUH,2026-04,2026-04-01,2026-04-30,0.0,0.0,0.0,0.0,0,0.0,0,1,0.0,Ferro,sem_dado,0.05,tiktok_seller_center,0,0,0,0,,,0.0,0.0,0,0.0,0,4,0.0,2,2026-03,2026-04
ACHADODAREGI,2026-05,2026-05-01,2026-05-23,0.0,0.0,0.0,0.0,0,0.0,0,1,0.0,Ferro,sem_dado,0.05,tiktok_seller_center,,0,0,0,,0,0.0,0.0,0,0.0,0,1,0.0,1,2026-05,2026-05
ACHADOS.AMADO,2026-04,2026-04-01,2026-04-30,0.0,0.0,0.0,0.0,0,0.0,0,3,0.0,Ferro,sem_dado,0.05,tiktok_seller_center,0,0,0,0,,,0.0,0.0,0,0.0,0,5,0.0,2,2026-03,2026-04
ACHADOS.CARRINHOLARANJA,2026-02,2026-02-01,2026-02-28,0.0,0.0,0.0,0.0,0,0.0,3,0,0.0,Ferro,sem_dado,0.05,tiktok_seller_center,0,0,0,0,,,0.0,0.0,0,0.0,3,0,0.0,1,2026-02,2026-02
ACHADOS.CASA.COMP,2026-04,2026-04-01,2026-04-30,0.0,0.0,0.0,0.0,0,0.0,1,5,0.0,Ferro,sem_dado,0.05,tiktok_seller_center,0,0,0,0,,,0.0,0.0,0,0.0,1,5,0.0,1,2026-04,2026-04
ACHADOS.DA.LE.123,2026-04,2026-04-01,2026-04-30,0.0,0.0,0.0,0.0,0,0.0,0,1,0.0,Ferro,sem_dado,0.05,tiktok_seller_center,0,0,0,0,,,0.0,0.0,0,0.0,1,1,0.0,2,2026-02,2026-04
ACHADOS.DA.PAULAMICHELON,2026-04,2026-04-01,2026-04-30,0.0,0.0,0.0,0.0,0,0.0,1,0,0.0,Ferro,sem_dado,0.05,tiktok_seller_center,0,0,0,0,,,0.0,0.0,0,0.0,1,0,0.0,1,2026-04,2026-04
ACHADOS.TIKTOKSHOP43,2026-04,2026-04-01,2026-04-30,0.0,0.0,0.0,0.0,0,0.0,0,26,0.0,Ferro,sem_dado,0.05,tiktok_seller_center,0,0,0,0,,,0.0,0.0,0,0.0,0,89,0.0,2,2026-03,2026-04
ACHADOSAMICI,2026-05,2026-05-01,2026-05-23,0.0,0.0,0.0,0.0,0,0.0,1,0,0.0,Ferro,sem_dado,0.05,tiktok_seller_center,,0,0,0,,0,0.0,0.0,0,0.0,1,0,0.0,1,2026-05,2026-05
ACHADOSBYJULIANA,2026-04,2026-04-01,2026-04-30,81.75,81.75,0.0,0.0,1,81.75,0,3,7.91,Ferro,sem_dado,0.05,tiktok_seller_center,1,0,1,0,,,81.75,81.75,1,0.0,0,3,4.09,1,2026-04,2026-04
ACHADOSCAROLRICCI,2026-01,2026-01-06,2026-01-31,0.0,0.0,0.0,0.0,0,0.0,0,2,0.0,Ferro,sem_dado,0.05,tiktok_seller_center,0,0,0,0,,,0.0,0.0,0,0.0,0,2,0.0,1,2026-01,2026-01
ACHADOSDA.FERZITA,2026-03,2026-03-01,2026-03-31,0.0,0.0,0.0,0.0,0,0.0,1,0,0.0,Ferro,sem_dado,0.05,tiktok_seller_center,0,0,0,0,,,0.0,0.0,0,0.0,1,0,0.0,1,2026-03,2026-03
ACHADOSDAANDREIA.BR,2026-03,2026-03-01,2026-03-31,0.0,0.0,0.0,0.0,0,0.0,1,0,0.0,Ferro,sem_dado,0.05,tiktok_seller_center,0,0,0,0,,,0.0,0.0,0,0.0,1,0,0.0,1,2026-03,2026-03
ACHADOSDABELLINHAA,2026-03,2026-03-01,2026-03-31,0.0,0.0,0.0,0.0,0,0.0,2,0,0.0,Ferro,sem_dado,0.05,tiktok_seller_center,0,0,0,0,,,0.0,0.0,0,0.0,2,0,0.0,1,2026-03,2026-03
ACHADOSDABIA3,2026-04,2026-04-01,2026-04-30,0.0,0.0,0.0,0.0,0,0.0,0,1,0.0,Ferro,sem_dado,0.05,tiktok_seller_center,0,0,0,0,,,0.0,0.0,0,0.0,0,1,0.0,1,2026-04,2026-04
ACHADOSDABIASHOP,2026-02,2026-02-01,2026-02-28,0.0,0.0,0.0,0.0,0,0.0,1,0,0.0,Ferro,sem_dado,0.05,tiktok_seller_center,0,0,0,0,,,0.0,0.0,0,0.0,1,0,0.0,1,2026-02,2026-02
ACHADOSDADAI3,2026-03,2026-03-01,2026-03-31,0.0,0.0,0.0,0.0,0,0.0,0,5,0.0,Ferro,sem_dado,0.05,tiktok_seller_center,0,0,0,0,,,0.0,0.0,0,0.0,0,10,0.0,3,2026-01,2026-03
ACHADOSDAISA10,2026-03,2026-03-01,2026-03-31,0.0,0.0,0.0,0.0,0,0.0,1,0,0.0,Ferro,sem_dado,0.05,tiktok_seller_center,0,0,0,0,,,0.0,0.0,0,0.0,1,0,0.0,1,2026-03,2026-03
ACHADOSDALAIZA07,2026-04,2026-04-01,2026-04-30,0.0,0.0,0.0,0.0,0,0.0,1,0,0.0,Ferro,sem_dado,0.05,tiktok_seller_center,0,0,0,0,,,0.0,0.0,0,0.0,1,0,0.0,1,2026-04,2026-04
ACHADOSDALE123,2026-05,2026-05-01,2026-05-23,0.0,0.0,0.0,0.0,0,0.0,1,1,0.0,Ferro,sem_dado,0.05,tiktok_seller_center,,0,0,0,,0,0.0,0.0,0,0.0,1,1,0.0,1,2026-05,2026-05
ACHADOSDALILIAN,2026-05,2026-05-01,2026-05-23,0.0,0.0,0.0,0.0,0,0.0,0,1,0.0,Ferro,sem_dado,0.05,tiktok_seller_center,0,0,0,0,,0,0.0,0.0,0,0.0,1,1,0.0,2,2026-04,2026-05
ACHADOSDAMAYVIP,2026-04,2026-04-01,2026-04-30,0.0,0.0,0.0,0.0,0,0.0,2,0,0.0,Ferro,sem_dado,0.05,tiktok_seller_center,0,0,0,0,,,0.0,0.0,0,0.0,2,0,0.0,1,2026-04,2026-04
ACHADOSDAMILLYARRUDA,2026-02,2026-02-01,2026-02-28,0.0,0.0,0.0,0.0,0,0.0,0,2,0.0,Ferro,sem_dado,0.05,tiktok_seller_center,0,0,0,0,,,0.0,0.0,0,0.0,0,2,0.0,1,2026-02,2026-02
ACHADOSDASHOPPORMA,2026-01,2026-01-06,2026-01-31,0.0,0.0,0.0,0.0,0,0.0,2,0,0.0,Ferro,sem_dado,0.05,tiktok_seller_center,0,0,0,0,,,0.0,0.0,0,0.0,2,0,0.0,1,2026-01,2026-01
ACHADOSDATY,2026-03,2026-03-01,2026-03-31,0.0,0.0,0.0,0.0,0,0.0,1,0,0.0,Ferro,sem_dado,0.05,tiktok_seller_center,0,0,0,0,,,0.0,0.0,0,0.0,1,0,0.0,1,2026-03,2026-03
ACHADOSDA_NANDA,2026-02,2026-02-01,2026-02-28,94.9,94.9,0.0,0.0,1,94.9,0,0,9.96,Ferro,sem_dado,0.05,tiktok_seller_center,1,0,1,0,,,94.9,94.9,1,0.0,1,0,4.75,2,2026-01,2026-02
ACHADOSDOTIKTOKSHOP14,2026-05,2026-05-01,2026-05-23,0.0,0.0,0.0,0.0,0,0.0,5,0,0.0,Ferro,sem_dado,0.05,tiktok_seller_center,,0,0,0,,0,0.0,0.0,0,0.0,5,0,0.0,1,2026-05,2026-05
ACHADOSDOTTS,2026-02,2026-02-01,2026-02-28,0.0,0.0,0.0,0.0,0,0.0,1,0,0.0,Ferro,sem_dado,0.05,tiktok_seller_center,0,0,0,0,,,0.0,0.0,0,0.0,1,0,0.0,1,2026-02,2026-02
ACHADOSDUDINHA,2026-03,2026-03-01,2026-03-31,0.0,0.0,0.0,0.0,0,0.0,2,0,0.0,Ferro,sem_dado,0.05,tiktok_seller_center,0,0,0,0,,,0.0,0.0,0,0.0,3,0,0.0,2,2026-02,2026-03
ACHADOSEDUTTK,2026-04,2026-04-01,2026-04-30,0.0,0.0,0.0,0.0,0,0.0,1,0,0.0,Ferro,sem_dado,0.05,tiktok_seller_center,0,0,0,0,,,0.0,0.0,0,0.0,2,0,0.0,2,2026-01,2026-04
ACHADOSEPROMO69,2026-05,2026-05-01,2026-05-23,0.0,0.0,0.0,0.0,0,0.0,0,1,0.0,Ferro,sem_dado,0.05,tiktok_seller_center,0,0,0,0,,0,0.0,0.0,0,0.0,0,2,0.0,2,2026-04,2026-05
ACHADOSINSPIRAM,2026-05,2026-05-01,2026-05-23,0.0,0.0,0.0,0.0,0,0.0,1,0,0.0,Ferro,sem_dado,0.05,tiktok_seller_center,,0,0,0,,0,0.0,0.0,0,0.0,1,0,0.0,1,2026-05,2026-05
ACHADOSJURRAY,2026-02,2026-02-01,2026-02-28,0.0,0.0,0.0,0.0,0,0.0,2,0,0.0,Ferro,sem_dado,0.05,tiktok_seller_center,0,0,0,0,,,0.0,0.0,0,0.0,2,0,0.0,1,2026-02,2026-02
ACHADOSLARINHAA,2026-05,2026-05-01,2026-05-23,0.0,0.0,0.0,0.0,0,0.0,2,0,0.0,Ferro,sem_dado,0.05,tiktok_seller_center,,0,0,0,,0,0.0,0.0,0,0.0,2,0,0.0,1,2026-05,2026-05
ACHADOSNOCLIQUEONLINE,2026-03,2026-03-01,2026-03-31,155.1,155.1,0.0,0.0,2,77.55,3,0,14.99,Ferro,sem_dado,0.05,tiktok_seller_center,2,0,1,0,,,155.1,155.1,2,0.0,3,0,7.75,1,2026-03,2026-03
ACHADOSNOPRECINHO40,2026-03,2026-03-01,2026-03-31,0.0,0.0,0.0,0.0,0,0.0,1,0,0.0,Ferro,sem_dado,0.05,tiktok_seller_center,0,0,0,0,,,0.0,0.0,0,0.0,1,0,0.0,1,2026-03,2026-03
ACHADOSPRIMEDAMIH,2026-03,2026-03-01,2026-03-31,0.0,0.0,0.0,0.0,0,0.0,1,0,0.0,Ferro,sem_dado,0.05,tiktok_seller_center,0,0,0,0,,,0.0,0.0,0,0.0,1,0,0.0,1,2026-03,2026-03
ACHADOSQUEVALEMAPENA2,2026-02,2026-02-01,2026-02-28,83.1,83.1,0.0,0.0,1,83.1,4,0,7.99,Ferro,sem_dado,0.05,tiktok_seller_center,1,0,1,0,,,83.1,83.1,1,0.0,4,0,4.16,1,2026-02,2026-02
ACHADOSSECRETOS01,2026-05,2026-05-01,2026-05-23,0.0,0.0,0.0,0.0,0,0.0,0,3,0.0,Ferro,sem_dado,0.05,tiktok_seller_center,0,0,0,0,,0,0.0,0.0,0,0.0,0,17,0.0,2,2026-04,2026-05
ACHADOSTOPBR3,2026-03,2026-03-01,2026-03-31,0.0,0.0,0.0,0.0,0,0.0,1,0,0.0,Ferro,sem_dado,0.05,tiktok_seller_center,0,0,0,0,,,0.0,0.0,0,0.0,1,0,0.0,1,2026-03,2026-03
ACHADOSURBANOS,2026-04,2026-04-01,2026-04-30,0.0,0.0,0.0,0.0,0,0.0,1,0,0.0,Ferro,sem_dado,0.05,tiktok_seller_center,0,0,0,0,,,0.0,0.0,0,0.0,1,0,0.0,1,2026-04,2026-04
ACHADOSVIRAL6,2026-03,2026-03-01,2026-03-31,0.0,0.0,0.0,0.0,0,0.0,2,0,0.0,Ferro,sem_dado,0.05,tiktok_seller_center,0,0,0,0,,,0.0,0.0,0,0.0,3,0,0.0,2,2026-02,2026-03
ACHADOS_E_TENDENCIAS,2026-03,2026-03-01,2026-03-31,0.0,0.0,0.0,0.0,0,0.0,1,0,0.0,Ferro,sem_dado,0.05,tiktok_seller_center,0,0,0,0,,,0.0,0.0,0,0.0,1,0,0.0,1,2026-03,2026-03
ACHADOS_SELECTS_DA_FA,2026-03,2026-03-01,2026-03-31,0.0,0.0,0.0,0.0,0,0.0,1,0,0.0,Ferro,sem_dado,0.05,tiktok_seller_center,0,0,0,0,,,0.0,0.0,0,0.0,1,0,0.0,1,2026-03,2026-03
ACHADOS_VIPP,2026-04,2026-04-01,2026-04-30,0.0,0.0,0.0,0.0,0,0.0,1,0,0.0,Ferro,sem_dado,0.05,tiktok_seller_center,0,0,0,0,,,0.0,0.0,0,0.0,1,0,0.0,1,2026-04,2026-04
ACHEIAQUIMESMO,2026-04,2026-04-01,2026-04-30,0.0,0.0,0.0,0.0,0,0.0,1,0,0.0,Ferro,sem_dado,0.05,tiktok_seller_center,0,0,0,0,,,0.0,0.0,0,0.0,1,0,0.0,1,2026-04,2026-04
ACHEICOMAANA,2026-04,2026-04-01,2026-04-30,0.0,0.0,0.0,0.0,0,0.0,1,0,0.0,Ferro,sem_dado,0.05,tiktok_seller_center,0,0,0,0,,,0.0,0.0,0,0.0,1,0,0.0,1,2026-04,2026-04
ACHEICOMPREI.26,2026-03,2026-03-01,2026-03-31,0.0,0.0,0.0,0.0,0,0.0,1,0,0.0,Ferro,sem_dado,0.05,tiktok_seller_center,0,0,0,0,,,0.0,0.0,0,0.0,1,0,0.0,1,2026-03,2026-03
ACHEIEAMEI2026,2026-05,2026-05-01,2026-05-23,0.0,0.0,0.0,0.0,0,0.0,0,1,0.0,Ferro,sem_dado,0.05,tiktok_seller_center,,0,0,0,,0,0.0,0.0,0,0.0,0,1,0.0,1,2026-05,2026-05
ACHEIEI,2026-01,2026-01-06,2026-01-31,0.0,0.0,0.0,0.0,0,0.0,2,0,0.0,Ferro,sem_dado,0.05,tiktok_seller_center,0,0,0,0,,,0.0,0.0,0,0.0,2,0,0.0,1,2026-01,2026-01
ACHEINALUH,2026-02,2026-02-01,2026-02-28,0.0,0.0,0.0,0.0,0,0.0,1,0,0.0,Ferro,sem_dado,0.05,tiktok_seller_center,0,0,0,0,,,0.0,0.0,0,0.0,1,0,0.0,1,2026-02,2026-02
ACHEINOTIKTOKSHOPBR,2026-02,2026-02-01,2026-02-28,0.0,0.0,0.0,0.0,0,0.0,1,0,0.0,Ferro,sem_dado,0.05,tiktok_seller_center,0,0,0,0,,,0.0,0.0,0,0.0,1,0,0.0,1,2026-02,2026-02
ACHEIPROVEIEINDIQUEI,2026-03,2026-03-01,2026-03-31,0.0,0.0,0.0,0.0,0,0.0,4,1,0.0,Ferro,sem_dado,0.05,tiktok_seller_center,0,0,0,0,,,65.11,65.11,1,0.0,4,1,3.26,2,2026-02,2026-03
ACHEI_E_RECOMENDO_,2026-02,2026-02-01,2026-02-28,0.0,0.0,0.0,0.0,0,0.0,1,0,0.0,Ferro,sem_dado,0.05,tiktok_seller_center,0,0,0,0,,,0.0,0.0,0,0.0,1,0,0.0,1,2026-02,2026-02
ACHEI_PRA_VOCE_1,2026-02,2026-02-01,2026-02-28,0.0,0.0,0.0,0.0,0,0.0,1,0,0.0,Ferro,sem_dado,0.05,tiktok_seller_center,0,0,0,0,,,0.0,0.0,0,0.0,1,0,0.0,1,2026-02,2026-02
ACHOUCOMDEISI,2026-05,2026-05-01,2026-05-23,0.0,0.0,0.0,0.0,0,0.0,4,1,0.0,Ferro,sem_dado,0.05,tiktok_seller_center,,0,0,0,,0,0.0,0.0,0,0.0,4,1,0.0,1,2026-05,2026-05
ACHOUCOMPROUDJ.26,2026-03,2026-03-01,2026-03-31,83.62,83.62,0.0,0.0,1,83.62,1,0,7.99,Ferro,sem_dado,0.05,tiktok_seller_center,1,0,1,0,,,150.34,150.34,2,0.0,1,0,7.52,2,2026-02,2026-03
ACHOUEAMOU2,2026-05,2026-05-01,2026-05-23,0.0,0.0,0.0,0.0,0,0.0,3,0,0.0,Ferro,sem_dado,0.05,tiktok_seller_center,,0,0,0,,0,0.0,0.0,0,0.0,3,0,0.0,1,2026-05,2026-05
ACLARIVIDENTE,2026-03,2026-03-01,2026-03-31,0.0,0.0,0.0,0.0,0,0.0,1,0,0.0,Ferro,sem_dado,0.05,tiktok_seller_center,0,0,0,0,,,0.0,0.0,0,0.0,1,0,0.0,1,2026-03,2026-03
ADAMOFICIAL5,2026-01,2026-01-06,2026-01-31,0.0,0.0,0.0,0.0,0,0.0,1,0,0.0,Ferro,sem_dado,0.05,tiktok_seller_center,0,0,0,0,,,0.0,0.0,0,0.0,1,0,0.0,1,2026-01,2026-01
ADANIBRITO__,2026-04,2026-04-01,2026-04-30,0.0,0.0,0.0,0.0,0,0.0,0,7,0.0,Ferro,sem_dado,0.05,tiktok_seller_center,0,0,0,0,,,0.0,0.0,0,0.0,0,11,0.0,2,2026-03,2026-04
ADANICARDOSO,2026-04,2026-04-01,2026-04-30,156.8,0.0,156.8,100.0,1,156.8,3,0,12.78,Ferro,sem_dado,0.05,tiktok_seller_center,2,2,1,0,,,156.8,0.0,1,156.8,3,0,0.0,1,2026-04,2026-04
ADAYCOELHO,2026-04,2026-04-01,2026-04-30,0.0,0.0,0.0,0.0,0,0.0,0,2,0.0,Ferro,sem_dado,0.05,tiktok_seller_center,0,0,0,0,,,0.0,0.0,0,0.0,0,2,0.0,1,2026-04,2026-04
ADEBORAESTRELA,2026-05,2026-05-01,2026-05-23,0.0,0.0,0.0,0.0,0,0.0,0,1,0.0,Ferro,sem_dado,0.05,tiktok_seller_center,0,0,0,0,,0,0.0,0.0,0,0.0,5,33,0.0,3,2026-02,2026-05
ADEMILTO71,2026-03,2026-03-01,2026-03-31,0.0,0.0,0.0,0.0,0,0.0,1,0,0.0,Ferro,sem_dado,0.05,tiktok_seller_center,0,0,0,0,,,0.0,0.0,0,0.0,1,0,0.0,1,2026-03,2026-03
ADENYINDICA,2026-03,2026-03-01,2026-03-31,0.0,0.0,0.0,0.0,0,0.0,3,0,0.0,Ferro,sem_dado,0.05,tiktok_seller_center,0,0,0,0,,,0.0,0.0,0,0.0,3,0,0.0,1,2026-03,2026-03
ADITE182,2026-04,2026-04-01,2026-04-30,0.0,0.0,0.0,0.0,0,0.0,2,0,0.0,Ferro,sem_dado,0.05,tiktok_seller_center,0,0,0,0,,,0.0,0.0,0,0.0,2,0,0.0,1,2026-04,2026-04
ADLAFERNANDESREAL,2026-05,2026-05-01,2026-05-23,0.0,0.0,0.0,0.0,0,0.0,0,10,0.0,Ferro,sem_dado,0.05,tiktok_seller_center,0,0,0,0,,0,0.0,0.0,0,0.0,0,16,0.0,2,2026-04,2026-05
ADNYCASTELO,2026-04,2026-04-01,2026-04-30,0.0,0.0,0.0,0.0,0,0.0,1,5,0.0,Ferro,sem_dado,0.05,tiktok_seller_center,0,0,0,0,,,91.53,91.53,1,0.0,1,7,4.58,2,2026-03,2026-04
ADONA3.0,2026-05,2026-05-01,2026-05-23,0.0,0.0,0.0,0.0,0,0.0,3,0,0.0,Ferro,sem_dado,0.05,tiktok_seller_center,0,0,0,0,,0,0.0,0.0,0,0.0,5,0,0.0,2,2026-04,2026-05
ADORADAADICA,2026-05,2026-05-01,2026-05-23,0.0,0.0,0.0,0.0,0,0.0,1,0,0.0,Ferro,sem_dado,0.05,tiktok_seller_center,,0,0,0,,0,0.0,0.0,0,0.0,1,0,0.0,1,2026-05,2026-05
ADOROLOUVOR,2026-02,2026-02-01,2026-02-28,0.0,0.0,0.0,0.0,0,0.0,2,0,0.0,Ferro,sem_dado,0.05,tiktok_seller_center,0,0,0,0,,,0.0,0.0,0,0.0,2,0,0.0,1,2026-02,2026-02
ADRIANA.SHOP.OFICIAL,2026-02,2026-02-01,2026-02-28,0.0,0.0,0.0,0.0,0,0.0,0,2,0.0,Ferro,sem_dado,0.05,tiktok_seller_center,0,0,0,0,,,0.0,0.0,0,0.0,0,2,0.0,1,2026-02,2026-02
ADRIANAAGUIAR206,2026-03,2026-03-01,2026-03-31,0.0,0.0,0.0,0.0,0,0.0,0,2,0.0,Ferro,sem_dado,0.05,tiktok_seller_center,0,0,0,0,,,0.0,0.0,0,0.0,0,2,0.0,1,2026-03,2026-03
ADRIANACARVALHO.LISLE,2026-04,2026-04-01,2026-04-30,79.9,79.9,0.0,0.0,1,79.9,0,0,6.39,Ferro,sem_dado,0.05,tiktok_seller_center,1,0,1,0,,,79.9,79.9,1,0.0,0,0,4.0,1,2026-04,2026-04
ADRIANACREATORTIKTOKSHOP,2026-03,2026-03-01,2026-03-31,0.0,0.0,0.0,0.0,0,0.0,2,3,0.0,Ferro,sem_dado,0.05,tiktok_seller_center,0,0,0,0,,,0.0,0.0,0,0.0,3,4,0.0,2,2026-02,2026-03
ADRIANAELIEZER3,2026-05,2026-05-01,2026-05-23,0.0,0.0,0.0,0.0,0,0.0,0,1,0.0,Ferro,sem_dado,0.05,tiktok_seller_center,0,0,0,0,,0,0.0,0.0,0,0.0,0,3,0.0,2,2026-04,2026-05
ADRIANALLVEES,2026-02,2026-02-01,2026-02-28,79.9,79.9,0.0,0.0,1,79.9,0,0,6.39,Ferro,sem_dado,0.05,tiktok_seller_center,1,0,1,0,,,79.9,79.9,1,0.0,0,0,4.0,1,2026-02,2026-02
ADRIANANADAES5,2026-05,2026-05-01,2026-05-23,0.0,0.0,0.0,0.0,0,0.0,2,0,0.0,Ferro,sem_dado,0.05,tiktok_seller_center,,0,0,0,,0,0.0,0.0,0,0.0,2,0,0.0,1,2026-05,2026-05
ADRIANAPORTOO,2026-01,2026-01-06,2026-01-31,0.0,0.0,0.0,0.0,0,0.0,1,0,0.0,Ferro,sem_dado,0.05,tiktok_seller_center,0,0,0,0,,,0.0,0.0,0,0.0,1,0,0.0,1,2026-01,2026-01
ADRIANAQFRANCA40,2026-04,2026-04-01,2026-04-30,80.7,80.7,0.0,0.0,1,80.7,1,3,7.19,Ferro,sem_dado,0.05,tiktok_seller_center,1,0,1,0,,,80.7,80.7,1,0.0,1,3,4.04,1,2026-04,2026-04
ADRIANASHOPLIVE,2026-05,2026-05-01,2026-05-23,0.0,0.0,0.0,0.0,0,0.0,0,1,0.0,Ferro,sem_dado,0.05,tiktok_seller_center,0,0,0,0,,0,0.0,0.0,0,0.0,0,30,0.0,3,2026-03,2026-05
ADRIANA_RUIZ11,2026-04,2026-04-01,2026-04-30,162.16,162.16,0.0,0.0,1,162.16,0,0,12.78,Ferro,sem_dado,0.05,tiktok_seller_center,2,0,1,0,,,162.16,162.16,1,0.0,0,0,8.11,1,2026-04,2026-04
ADRIANESCASSIANO,2026-01,2026-01-06,2026-01-31,0.0,0.0,0.0,0.0,0,0.0,0,1,0.0,Ferro,sem_dado,0.05,tiktok_seller_center,0,0,0,0,,,0.0,0.0,0,0.0,0,1,0.0,1,2026-01,2026-01
ADRIELECATELLI,2026-02,2026-02-01,2026-02-28,0.0,0.0,0.0,0.0,0,0.0,0,2,0.0,Ferro,sem_dado,0.05,tiktok_seller_center,0,0,0,0,,,0.0,0.0,0,0.0,1,2,0.0,2,2026-01,2026-02
ADRIELEFERREIRADOMI,2026-03,2026-03-01,2026-03-31,0.0,0.0,0.0,0.0,0,0.0,1,0,0.0,Ferro,sem_dado,0.05,tiktok_seller_center,0,0,0,0,,,78.3,78.3,1,0.0,3,0,3.92,2,2026-02,2026-03
ADRIELLYINDICA,2026-01,2026-01-06,2026-01-31,0.0,0.0,0.0,0.0,0,0.0,1,0,0.0,Ferro,sem_dado,0.05,tiktok_seller_center,0,0,0,0,,,0.0,0.0,0,0.0,1,0,0.0,1,2026-01,2026-01
ADRIENEINDICA,2026-03,2026-03-01,2026-03-31,0.0,0.0,0.0,0.0,0,0.0,1,0,0.0,Ferro,sem_dado,0.05,tiktok_seller_center,0,0,0,0,,,0.0,0.0,0,0.0,1,0,0.0,1,2026-03,2026-03
ADRILEFKO,2026-02,2026-02-01,2026-02-28,0.0,0.0,0.0,0.0,0,0.0,0,1,0.0,Ferro,sem_dado,0.05,tiktok_seller_center,0,0,0,0,,,0.0,0.0,0,0.0,0,1,0.0,1,2026-02,2026-02
ADRISHOP001,2026-03,2026-03-01,2026-03-31,0.0,0.0,0.0,0.0,0,0.0,0,2,0.0,Ferro,sem_dado,0.05,tiktok_seller_center,0,0,0,0,,,0.0,0.0,0,0.0,0,7,0.0,2,2026-02,2026-03
ADRISHOPP2,2026-03,2026-03-01,2026-03-31,83.15,83.15,0.0,0.0,1,83.15,0,0,8.24,Ferro,sem_dado,0.05,tiktok_seller_center,1,0,1,0,,,83.15,83.15,1,0.0,0,0,4.16,1,2026-03,2026-03
ADV.DAYANE,2026-05,2026-05-01,2026-05-23,54789.76,47916.67,6873.09,12.54,613,89.38,37,49,5827.38,Diamante,sem_dado,0.13,tiktok_seller_center,337,89,5,0,,695,132420.51,114058.84999999999,1563,18361.66,117,167,11896.52,4,2026-02,2026-05
AELENBRITO,2026-02,2026-02-01,2026-02-28,0.0,0.0,0.0,0.0,0,0.0,1,0,0.0,Ferro,sem_dado,0.05,tiktok_seller_center,0,0,0,0,,,0.0,0.0,0,0.0,1,0,0.0,1,2026-02,2026-02
AELIZAGOULART,2026-03,2026-03-01,2026-03-31,79.85,79.85,0.0,0.0,1,79.85,3,0,7.91,Ferro,sem_dado,0.05,tiktok_seller_center,1,0,1,0,,,980.95,817.4300000000001,11,163.52,5,0,40.870000000000005,3,2026-01,2026-03
AELLENSHOP,2026-04,2026-04-01,2026-04-30,0.0,0.0,0.0,0.0,0,0.0,1,0,0.0,Ferro,sem_dado,0.05,tiktok_seller_center,0,0,0,0,,,0.0,0.0,0,0.0,1,0,0.0,1,2026-04,2026-04
AERIKAINDICA1,2026-05,2026-05-01,2026-05-23,0.0,0.0,0.0,0.0,0,0.0,2,0,0.0,Ferro,sem_dado,0.05,tiktok_seller_center,,0,0,0,,0,0.0,0.0,0,0.0,2,0,0.0,1,2026-05,2026-05
AEVELINCRISTINA,2026-03,2026-03-01,2026-03-31,0.0,0.0,0.0,0.0,0,0.0,1,0,0.0,Ferro,sem_dado,0.05,tiktok_seller_center,0,0,0,0,,,0.0,0.0,0,0.0,1,0,0.0,1,2026-03,2026-03
AEVELINVIEIRA,2026-03,2026-03-01,2026-03-31,90.7,90.7,0.0,0.0,1,90.7,1,0,7.99,Ferro,sem_dado,0.05,tiktok_seller_center,1,0,1,0,,,90.7,90.7,1,0.0,1,0,4.54,1,2026-03,2026-03
AFABINM,2026-04,2026-04-01,2026-04-30,0.0,0.0,0.0,0.0,0,0.0,0,1,0.0,Ferro,sem_dado,0.05,tiktok_seller_center,0,0,0,0,,,0.0,0.0,0,0.0,0,1,0.0,1,2026-04,2026-04
AFAMILIALEMOS,2026-05,2026-05-01,2026-05-23,0.0,0.0,0.0,0.0,0,0.0,0,1,0.0,Ferro,sem_dado,0.05,tiktok_seller_center,0,0,0,0,,0,0.0,0.0,0,0.0,1,7,0.0,3,2026-02,2026-05
AFAMILINHA,2026-03,2026-03-01,2026-03-31,79.9,0.0,79.9,100.0,1,79.9,0,0,7.99,Ferro,sem_dado,0.05,tiktok_seller_center,1,1,1,0,,,79.9,0.0,1,79.9,0,0,0.0,1,2026-03,2026-03
AFILIADA.COM.FE.3,2026-03,2026-03-01,2026-03-31,0.0,0.0,0.0,0.0,0,0.0,2,0,0.0,Ferro,sem_dado,0.05,tiktok_seller_center,0,0,0,0,,,0.0,0.0,0,0.0,2,0,0.0,1,2026-03,2026-03
AGATHA.TIK,2026-04,2026-04-01,2026-04-30,0.0,0.0,0.0,0.0,0,0.0,2,0,0.0,Ferro,sem_dado,0.05,tiktok_seller_center,0,0,0,0,,,0.0,0.0,0,0.0,2,0,0.0,1,2026-04,2026-04
AGATHARHOFMANN,2026-04,2026-04-01,2026-04-30,0.0,0.0,0.0,0.0,0,0.0,3,0,0.0,Ferro,sem_dado,0.05,tiktok_seller_center,0,0,0,0,,,239.95,239.95,2,0.0,6,0,12.0,3,2026-01,2026-04
AGATHA__EVELLYN,2026-05,2026-05-01,2026-05-23,104.99,104.99,0.0,0.0,1,104.99,0,4,10.89,Ferro,sem_dado,0.05,tiktok_seller_center,0,0,1,7,,1,104.99,104.99,1,0.0,0,11,5.25,3,2026-03,2026-05
AGHATAAA95,2026-05,2026-05-01,2026-05-23,0.0,0.0,0.0,0.0,0,0.0,0,1,0.0,Ferro,sem_dado,0.05,tiktok_seller_center,0,0,0,0,,0,0.0,0.0,0,0.0,0,2,0.0,2,2026-04,2026-05
AGLAUGARCIA,2026-04,2026-04-01,2026-04-30,0.0,0.0,0.0,0.0,0,0.0,2,1,0.0,Ferro,sem_dado,0.05,tiktok_seller_center,0,0,0,0,,,80.7,80.7,1,0.0,41,8,4.04,3,2026-02,2026-04
AGNES_NAVARRO,2026-03,2026-03-01,2026-03-31,0.0,0.0,0.0,0.0,0,0.0,2,0,0.0,Ferro,sem_dado,0.05,tiktok_seller_center,0,0,0,0,,,0.0,0.0,0,0.0,2,0,0.0,1,2026-03,2026-03
AGORA.TOP.TV,2026-04,2026-04-01,2026-04-30,0.0,0.0,0.0,0.0,0,0.0,0,2,0.0,Ferro,sem_dado,0.05,tiktok_seller_center,0,0,0,0,,,0.0,0.0,0,0.0,0,2,0.0,1,2026-04,2026-04
AGRANDE_REVELACAOFICIAL,2026-02,2026-02-01,2026-02-28,0.0,0.0,0.0,0.0,0,0.0,0,3,0.0,Ferro,sem_dado,0.05,tiktok_seller_center,0,0,0,0,,,0.0,0.0,0,0.0,0,5,0.0,2,2026-01,2026-02
AGRO_LISBOA,2026-02,2026-02-01,2026-02-28,64.34,64.34,0.0,0.0,1,64.34,0,0,7.22,Ferro,sem_dado,0.05,tiktok_seller_center,1,0,1,0,,,64.34,64.34,1,0.0,0,0,3.22,1,2026-02,2026-02
AGSCOSMETICOS,2026-04,2026-04-01,2026-04-30,0.0,0.0,0.0,0.0,0,0.0,1,0,0.0,Ferro,sem_dado,0.05,tiktok_seller_center,0,0,0,0,,,0.0,0.0,0,0.0,1,0,0.0,1,2026-04,2026-04
AGUIAR_ANDRIELI,2026-05,2026-05-01,2026-05-23,0.0,0.0,0.0,0.0,0,0.0,1,0,0.0,Ferro,sem_dado,0.05,tiktok_seller_center,,0,0,0,,0,0.0,0.0,0,0.0,1,0,0.0,1,2026-05,2026-05
AH.BARBRA,2026-05,2026-05-01,2026-05-23,0.0,0.0,0.0,0.0,0,0.0,0,4,0.0,Ferro,sem_dado,0.05,tiktok_seller_center,0,0,0,0,,0,79.9,79.9,1,0.0,10,12,4.0,3,2026-03,2026-05
AHAHAZOU,2026-05,2026-05-01,2026-05-23,0.0,-74.9,74.9,0.0,0,0.0,0,0,0.0,Ferro,sem_dado,0.05,tiktok_seller_center,1,1,0,0,,0,74.9,0.0,1,74.9,0,0,0.0,2,2026-04,2026-05
AHELENSANTANA,2026-05,2026-05-01,2026-05-23,0.0,0.0,0.0,0.0,0,0.0,3,3,0.0,Ferro,sem_dado,0.05,tiktok_seller_center,0,0,0,0,,0,0.0,0.0,0,0.0,15,7,0.0,2,2026-04,2026-05
AHELOISASTAINBACH,2026-03,2026-03-01,2026-03-31,85.12,85.12,0.0,0.0,1,85.12,0,0,7.99,Ferro,sem_dado,0.05,tiktok_seller_center,1,0,1,0,,,85.12,85.12,1,0.0,0,0,4.26,1,2026-03,2026-03
AHGTHEONE7,2026-02,2026-02-01,2026-02-28,0.0,0.0,0.0,0.0,0,0.0,1,0,0.0,Ferro,sem_dado,0.05,tiktok_seller_center,0,0,0,0,,,0.0,0.0,0,0.0,1,0,0.0,1,2026-02,2026-02
AHKQJPFK,2026-04,2026-04-01,2026-04-30,0.0,0.0,0.0,0.0,0,0.0,1,0,0.0,Ferro,sem_dado,0.05,tiktok_seller_center,0,0,0,0,,,0.0,0.0,0,0.0,1,0,0.0,1,2026-04,2026-04
AICHADOSPRO,2026-02,2026-02-01,2026-02-28,0.0,0.0,0.0,0.0,0,0.0,1,0,0.0,Ferro,sem_dado,0.05,tiktok_seller_center,0,0,0,0,,,0.0,0.0,0,0.0,1,0,0.0,1,2026-02,2026-02
AILLASHOP,2026-02,2026-02-01,2026-02-28,0.0,0.0,0.0,0.0,0,0.0,2,0,0.0,Ferro,sem_dado,0.05,tiktok_seller_center,0,0,0,0,,,0.0,0.0,0,0.0,2,0,0.0,1,2026-02,2026-02
AINATAROSSETTO,2026-04,2026-04-01,2026-04-30,0.0,0.0,0.0,0.0,0,0.0,1,2,0.0,Ferro,sem_dado,0.05,tiktok_seller_center,0,0,0,0,,,0.0,0.0,0,0.0,1,2,0.0,1,2026-04,2026-04
AINGRIDOLIVEIRAS,2026-04,2026-04-01,2026-04-30,0.0,0.0,0.0,0.0,0,0.0,5,1,0.0,Ferro,sem_dado,0.05,tiktok_seller_center,0,0,0,0,,,0.0,0.0,0,0.0,5,1,0.0,1,2026-04,2026-04
AIOT9ZQMM6,2026-04,2026-04-01,2026-04-30,0.0,0.0,0.0,0.0,0,0.0,1,0,0.0,Ferro,sem_dado,0.05,tiktok_seller_center,0,0,0,0,,,0.0,0.0,0,0.0,1,0,0.0,1,2026-04,2026-04
AIPROMOS5,2026-02,2026-02-01,2026-02-28,0.0,0.0,0.0,0.0,0,0.0,1,0,0.0,Ferro,sem_dado,0.05,tiktok_seller_center,0,0,0,0,,,0.0,0.0,0,0.0,1,0,0.0,1,2026-02,2026-02
AIRABRANCO,2026-03,2026-03-01,2026-03-31,82.45,82.45,0.0,0.0,1,82.45,0,0,7.99,Ferro,sem_dado,0.05,tiktok_seller_center,1,0,1,0,,,82.45,82.45,1,0.0,0,0,4.12,1,2026-03,2026-03
AISHAALMENDRA,2026-04,2026-04-01,2026-04-30,0.0,0.0,0.0,0.0,0,0.0,2,0,0.0,Ferro,sem_dado,0.05,tiktok_seller_center,0,0,0,0,,,0.0,0.0,0,0.0,2,0,0.0,1,2026-04,2026-04
AJACQUELINEFRANCA,2026-04,2026-04-01,2026-04-30,0.0,0.0,0.0,0.0,0,0.0,0,1,0.0,Ferro,sem_dado,0.05,tiktok_seller_center,0,0,0,0,,,0.0,0.0,0,0.0,0,1,0.0,1,2026-04,2026-04
AJENIFERMILAGRES,2026-05,2026-05-01,2026-05-23,0.0,-76.85,76.85,0.0,0,0.0,0,0,0.0,Ferro,sem_dado,0.05,tiktok_seller_center,2,1,0,0,,0,159.95,83.1,2,76.85,0,0,4.16,2,2026-04,2026-05
AJENNYINDICA,2026-03,2026-03-01,2026-03-31,0.0,0.0,0.0,0.0,0,0.0,0,7,0.0,Ferro,sem_dado,0.05,tiktok_seller_center,0,0,0,0,,,0.0,0.0,0,0.0,0,7,0.0,1,2026-03,2026-03
AJESSYCAFREITAS,2026-02,2026-02-01,2026-02-28,0.0,0.0,0.0,0.0,0,0.0,1,0,0.0,Ferro,sem_dado,0.05,tiktok_seller_center,0,0,0,0,,,0.0,0.0,0,0.0,1,0,0.0,1,2026-02,2026-02
AJOICYEMANUELLY,2026-05,2026-05-01,2026-05-23,0.0,0.0,0.0,0.0,0,0.0,1,0,0.0,Ferro,sem_dado,0.05,tiktok_seller_center,2,0,0,0,,0,160.6,80.69999999999999,2,79.9,7,1,4.03,3,2026-03,2026-05
AJOYCELINS,2026-03,2026-03-01,2026-03-31,0.0,0.0,0.0,0.0,0,0.0,1,0,0.0,Ferro,sem_dado,0.05,tiktok_seller_center,0,0,0,0,,,0.0,0.0,0,0.0,1,0,0.0,1,2026-03,2026-03
AJUJU_MELLO,2026-02,2026-02-01,2026-02-28,0.0,0.0,0.0,0.0,0,0.0,3,0,0.0,Ferro,sem_dado,0.05,tiktok_seller_center,0,0,0,0,,,0.0,0.0,0,0.0,3,0,0.0,1,2026-02,2026-02
AJULIA_RIBEIRO,2026-02,2026-02-01,2026-02-28,0.0,0.0,0.0,0.0,0,0.0,2,0,0.0,Ferro,sem_dado,0.05,tiktok_seller_center,0,0,0,0,,,0.0,0.0,0,0.0,2,0,0.0,1,2026-02,2026-02
AKELLO.NUNES,2026-05,2026-05-01,2026-05-23,92.51,-79.89999999999999,172.41,186.37,1,92.51,0,39,7.91,Ferro,sem_dado,0.05,tiktok_seller_center,7,2,1,0,,1,730.1500000000001,392.2300000000001,8,337.92,0,129,19.619999999999997,5,2026-01,2026-05
AKEZYA.SHOPCREATOR,2026-04,2026-04-01,2026-04-30,0.0,0.0,0.0,0.0,0,0.0,0,4,0.0,Ferro,sem_dado,0.05,tiktok_seller_center,0,0,0,0,,,0.0,0.0,0,0.0,0,16,0.0,4,2026-01,2026-04
ALAIZRIBEIRO,2026-05,2026-05-01,2026-05-23,0.0,0.0,0.0,0.0,0,0.0,2,2,0.0,Ferro,sem_dado,0.05,tiktok_seller_center,0,0,0,0,,0,0.0,0.0,0,0.0,8,2,0.0,3,2026-03,2026-05
ALANA.VILLAR1,2026-05,2026-05-01,2026-05-23,0.0,0.0,0.0,0.0,0,0.0,1,0,0.0,Ferro,sem_dado,0.05,tiktok_seller_center,,0,0,0,,0,0.0,0.0,0,0.0,1,0,0.0,1,2026-05,2026-05
ALANADOTIKTOK26,2026-05,2026-05-01,2026-05-23,0.0,0.0,0.0,0.0,0,0.0,0,2,0.0,Ferro,sem_dado,0.05,tiktok_seller_center,0,0,0,0,,0,0.0,0.0,0,0.0,0,16,0.0,2,2026-04,2026-05
ALANAINDICA,2026-03,2026-03-01,2026-03-31,0.0,0.0,0.0,0.0,0,0.0,1,0,0.0,Ferro,sem_dado,0.05,tiktok_seller_center,0,0,0,0,,,0.0,0.0,0,0.0,2,0,0.0,2,2026-02,2026-03
ALANCAMARGO67,2026-02,2026-02-01,2026-02-28,0.0,0.0,0.0,0.0,0,0.0,1,0,0.0,Ferro,sem_dado,0.05,tiktok_seller_center,0,0,0,0,,,0.0,0.0,0,0.0,1,0,0.0,1,2026-02,2026-02
ALANNALAVINIA.XAVIER,2026-05,2026-05-01,2026-05-23,0.0,0.0,0.0,0.0,0,0.0,0,1,0.0,Ferro,sem_dado,0.05,tiktok_seller_center,2,0,0,0,,0,158.2,158.2,2,0.0,3,7,7.91,2,2026-04,2026-05
ALANY.021,2026-03,2026-03-01,2026-03-31,0.0,0.0,0.0,0.0,0,0.0,3,0,0.0,Ferro,sem_dado,0.05,tiktok_seller_center,0,0,0,0,,,0.0,0.0,0,0.0,3,0,0.0,1,2026-03,2026-03
ALARIVIDAL,2026-03,2026-03-01,2026-03-31,90.87,90.87,0.0,0.0,1,90.87,0,0,7.65,Ferro,sem_dado,0.05,tiktok_seller_center,1,0,1,0,,,90.87,90.87,1,0.0,0,0,4.54,1,2026-03,2026-03
ALBANIZEGOMES1,2026-04,2026-04-01,2026-04-30,0.0,0.0,0.0,0.0,0,0.0,0,2,0.0,Ferro,sem_dado,0.05,tiktok_seller_center,0,0,0,0,,,0.0,0.0,0,0.0,0,2,0.0,1,2026-04,2026-04
ALDEANAFREIRE,2026-05,2026-05-01,2026-05-23,0.0,0.0,0.0,0.0,0,0.0,0,5,0.0,Ferro,sem_dado,0.05,tiktok_seller_center,0,0,0,0,,0,0.0,0.0,0,0.0,0,26,0.0,5,2026-01,2026-05
ALDENIRCF,2026-04,2026-04-01,2026-04-30,0.0,0.0,0.0,0.0,0,0.0,0,1,0.0,Ferro,sem_dado,0.05,tiktok_seller_center,0,0,0,0,,,0.0,0.0,0,0.0,0,8,0.0,3,2026-02,2026-04
ALE.ACHADOS,2026-03,2026-03-01,2026-03-31,0.0,0.0,0.0,0.0,0,0.0,1,0,0.0,Ferro,sem_dado,0.05,tiktok_seller_center,0,0,0,0,,,0.0,0.0,0,0.0,1,0,0.0,1,2026-03,2026-03
ALE.INDICA.SHOP,2026-05,2026-05-01,2026-05-23,90.1,90.1,0.0,0.0,1,90.1,0,1,7.59,Ferro,sem_dado,0.05,tiktok_seller_center,,0,1,0,,1,90.1,90.1,1,0.0,0,1,4.5,1,2026-05,2026-05
ALECIOSUPERSHOP,2026-05,2026-05-01,2026-05-23,0.0,0.0,0.0,0.0,0,0.0,1,0,0.0,Ferro,sem_dado,0.05,tiktok_seller_center,,0,0,0,,0,0.0,0.0,0,0.0,1,0,0.0,1,2026-05,2026-05
ALECRIMREGINA.27,2026-01,2026-01-06,2026-01-31,0.0,0.0,0.0,0.0,0,0.0,0,1,0.0,Ferro,sem_dado,0.05,tiktok_seller_center,0,0,0,0,,,0.0,0.0,0,0.0,0,1,0.0,1,2026-01,2026-01
ALEFERREIRASANTO,2026-05,2026-05-01,2026-05-23,0.0,0.0,0.0,0.0,0,0.0,0,13,0.0,Ferro,sem_dado,0.05,tiktok_seller_center,,0,0,0,,0,0.0,0.0,0,0.0,0,13,0.0,1,2026-05,2026-05
ALEGRIALUZ,2026-02,2026-02-01,2026-02-28,0.0,0.0,0.0,0.0,0,0.0,0,6,0.0,Ferro,sem_dado,0.05,tiktok_seller_center,0,0,0,0,,,0.0,0.0,0,0.0,0,9,0.0,2,2026-01,2026-02
ALELAJEADO,2026-05,2026-05-01,2026-05-23,0.0,0.0,0.0,0.0,0,0.0,0,2,0.0,Ferro,sem_dado,0.05,tiktok_seller_center,0,0,0,0,,0,0.0,0.0,0,0.0,0,3,0.0,2,2026-04,2026-05
ALEMARABELLO,2026-05,2026-05-01,2026-05-23,0.0,0.0,0.0,0.0,0,0.0,0,1,0.0,Ferro,sem_dado,0.05,tiktok_seller_center,0,0,0,0,,0,0.0,0.0,0,0.0,0,14,0.0,3,2026-03,2026-05
ALERODRIGUES.SHOP,2026-05,2026-05-01,2026-05-23,0.0,0.0,0.0,0.0,0,0.0,0,3,0.0,Ferro,sem_dado,0.05,tiktok_seller_center,1,0,0,0,,0,83.78,83.78,1,0.0,6,13,4.19,3,2026-03,2026-05
ALERTACELEBSBR,2026-02,2026-02-01,2026-02-28,0.0,0.0,0.0,0.0,0,0.0,1,0,0.0,Ferro,sem_dado,0.05,tiktok_seller_center,0,0,0,0,,,0.0,0.0,0,0.0,1,0,0.0,1,2026-02,2026-02
ALESANTTOS76,2026-03,2026-03-01,2026-03-31,0.0,0.0,0.0,0.0,0,0.0,0,2,0.0,Ferro,sem_dado,0.05,tiktok_seller_center,0,0,0,0,,,0.0,0.0,0,0.0,0,2,0.0,1,2026-03,2026-03
ALESSANDRAANDRAD938,2026-05,2026-05-01,2026-05-23,0.0,-85.41,85.41,0.0,0,0.0,0,9,0.0,Ferro,sem_dado,0.05,tiktok_seller_center,1,1,0,0,,0,85.41,0.0,1,85.41,0,34,0.0,3,2026-03,2026-05
ALESSANDRAELEVY,2026-05,2026-05-01,2026-05-23,0.0,0.0,0.0,0.0,0,0.0,0,1,0.0,Ferro,sem_dado,0.05,tiktok_seller_center,0,0,0,0,,0,0.0,0.0,0,0.0,0,12,0.0,3,2026-03,2026-05
ALESSANDRAGUEDES27,2026-04,2026-04-01,2026-04-30,0.0,0.0,0.0,0.0,0,0.0,0,1,0.0,Ferro,sem_dado,0.05,tiktok_seller_center,0,0,0,0,,,0.0,0.0,0,0.0,0,1,0.0,1,2026-04,2026-04
ALESSANDRAMOURADO1,2026-03,2026-03-01,2026-03-31,0.0,0.0,0.0,0.0,0,0.0,1,0,0.0,Ferro,sem_dado,0.05,tiktok_seller_center,0,0,0,0,,,94.9,94.9,1,0.0,2,0,4.75,2,2026-02,2026-03
ALESSANDRANEVESDESOUZA,2026-03,2026-03-01,2026-03-31,0.0,0.0,0.0,0.0,0,0.0,0,2,0.0,Ferro,sem_dado,0.05,tiktok_seller_center,0,0,0,0,,,0.0,0.0,0,0.0,0,9,0.0,2,2026-02,2026-03
ALESSANDRASHOP3,2026-01,2026-01-06,2026-01-31,0.0,0.0,0.0,0.0,0,0.0,0,6,0.0,Ferro,sem_dado,0.05,tiktok_seller_center,0,0,0,0,,,0.0,0.0,0,0.0,0,6,0.0,1,2026-01,2026-01
ALESSANDRASOUZA022,2026-02,2026-02-01,2026-02-28,0.0,0.0,0.0,0.0,0,0.0,0,1,0.0,Ferro,sem_dado,0.05,tiktok_seller_center,0,0,0,0,,,0.0,0.0,0,0.0,0,1,0.0,1,2026-02,2026-02
ALESSMARABELO,2026-04,2026-04-01,2026-04-30,0.0,0.0,0.0,0.0,0,0.0,0,2,0.0,Ferro,sem_dado,0.05,tiktok_seller_center,0,0,0,0,,,0.0,0.0,0,0.0,0,2,0.0,1,2026-04,2026-04
ALEXANDRAMIRANDA72,2026-03,2026-03-01,2026-03-31,0.0,0.0,0.0,0.0,0,0.0,0,9,0.0,Ferro,sem_dado,0.05,tiktok_seller_center,0,0,0,0,,,0.0,0.0,0,0.0,0,19,0.0,3,2026-01,2026-03
ALEXANDRENASCIMENTOOOOO,2026-03,2026-03-01,2026-03-31,71.94,71.94,0.0,0.0,1,71.94,0,0,7.22,Ferro,sem_dado,0.05,tiktok_seller_center,1,0,1,0,,,155.04,155.04,2,0.0,1,0,7.76,3,2026-01,2026-03
ALEXIAAHUMANAINDICA,2026-05,2026-05-01,2026-05-23,0.0,0.0,0.0,0.0,0,0.0,0,1,0.0,Ferro,sem_dado,0.05,tiktok_seller_center,,0,0,0,,0,0.0,0.0,0,0.0,0,1,0.0,1,2026-05,2026-05
ALEXNOVIDADES40,2026-05,2026-05-01,2026-05-23,0.0,-77.5,77.5,0.0,0,0.0,0,0,0.0,Ferro,sem_dado,0.05,tiktok_seller_center,1,1,0,0,,0,77.5,0.0,1,77.5,0,0,0.0,2,2026-04,2026-05
ALIANA.CARVALHO,2026-05,2026-05-01,2026-05-23,107.5,107.5,0.0,0.0,1,107.5,3,0,8.79,Ferro,sem_dado,0.05,tiktok_seller_center,0,0,1,0,,1,107.5,107.5,1,0.0,5,0,5.38,2,2026-04,2026-05
ALICEABDELNUR,2026-03,2026-03-01,2026-03-31,0.0,0.0,0.0,0.0,0,0.0,0,1,0.0,Ferro,sem_dado,0.05,tiktok_seller_center,0,0,0,0,,,0.0,0.0,0,0.0,0,3,0.0,2,2026-02,2026-03
ALICEECCEL02,2026-03,2026-03-01,2026-03-31,0.0,0.0,0.0,0.0,0,0.0,2,0,0.0,Ferro,sem_dado,0.05,tiktok_seller_center,0,0,0,0,,,0.0,0.0,0,0.0,2,0,0.0,1,2026-03,2026-03
ALICEEFERP_,2026-03,2026-03-01,2026-03-31,0.0,0.0,0.0,0.0,0,0.0,1,8,0.0,Ferro,sem_dado,0.05,tiktok_seller_center,0,0,0,0,,,159.8,79.9,2,79.9,1,13,4.0,3,2026-01,2026-03
ALICEMARIAH41,2026-01,2026-01-06,2026-01-31,0.0,0.0,0.0,0.0,0,0.0,1,0,0.0,Ferro,sem_dado,0.05,tiktok_seller_center,0,0,0,0,,,0.0,0.0,0,0.0,1,0,0.0,1,2026-01,2026-01
ALICE_FEMME,2026-02,2026-02-01,2026-02-28,0.0,0.0,0.0,0.0,0,0.0,1,0,0.0,Ferro,sem_dado,0.05,tiktok_seller_center,0,0,0,0,,,0.0,0.0,0,0.0,1,0,0.0,1,2026-02,2026-02
ALICIA.FERREIRA755,2026-04,2026-04-01,2026-04-30,0.0,0.0,0.0,0.0,0,0.0,0,1,0.0,Ferro,sem_dado,0.05,tiktok_seller_center,0,0,0,0,,,0.0,0.0,0,0.0,0,4,0.0,2,2026-03,2026-04
ALICIAMAXIMO_,2026-05,2026-05-01,2026-05-23,0.0,0.0,0.0,0.0,0,0.0,20,0,0.0,Ferro,sem_dado,0.05,tiktok_seller_center,,0,0,0,,0,0.0,0.0,0,0.0,20,0,0.0,1,2026-05,2026-05
ALICIIASHOP,2026-04,2026-04-01,2026-04-30,0.0,0.0,0.0,0.0,0,0.0,1,0,0.0,Ferro,sem_dado,0.05,tiktok_seller_center,0,0,0,0,,,0.0,0.0,0,0.0,1,0,0.0,1,2026-04,2026-04
ALIMACMGLHS,2026-04,2026-04-01,2026-04-30,0.0,0.0,0.0,0.0,0,0.0,1,0,0.0,Ferro,sem_dado,0.05,tiktok_seller_center,0,0,0,0,,,0.0,0.0,0,0.0,1,0,0.0,1,2026-04,2026-04
ALINE.BUENO852,2026-01,2026-01-06,2026-01-31,0.0,0.0,0.0,0.0,0,0.0,1,0,0.0,Ferro,sem_dado,0.05,tiktok_seller_center,0,0,0,0,,,0.0,0.0,0,0.0,1,0,0.0,1,2026-01,2026-01
ALINE.DVALE,2026-03,2026-03-01,2026-03-31,0.0,0.0,0.0,0.0,0,0.0,2,0,0.0,Ferro,sem_dado,0.05,tiktok_seller_center,0,0,0,0,,,0.0,0.0,0,0.0,2,0,0.0,1,2026-03,2026-03
ALINE.RUDNICK,2026-05,2026-05-01,2026-05-23,187.2,187.2,0.0,0.0,2,93.6,0,48,15.98,Ferro,sem_dado,0.05,tiktok_seller_center,,0,1,0,,2,187.2,187.2,2,0.0,0,48,9.36,1,2026-05,2026-05
ALINE.SALGADO038,2026-05,2026-05-01,2026-05-23,0.0,0.0,0.0,0.0,0,0.0,1,0,0.0,Ferro,sem_dado,0.05,tiktok_seller_center,0,0,0,0,,0,89.5,89.5,1,0.0,1,2,4.48,3,2026-01,2026-05
ALINE.SHOP.CREATO,2026-05,2026-05-01,2026-05-23,0.0,0.0,0.0,0.0,0,0.0,0,1,0.0,Ferro,sem_dado,0.05,tiktok_seller_center,0,0,0,0,,0,0.0,0.0,0,0.0,0,2,0.0,2,2026-04,2026-05
ALINEBARTHH,2026-04,2026-04-01,2026-04-30,0.0,0.0,0.0,0.0,0,0.0,0,16,0.0,Ferro,sem_dado,0.05,tiktok_seller_center,0,0,0,0,,,0.0,0.0,0,0.0,0,16,0.0,1,2026-04,2026-04
ALINEBOATOFRAGA,2026-04,2026-04-01,2026-04-30,0.0,0.0,0.0,0.0,0,0.0,0,1,0.0,Ferro,sem_dado,0.05,tiktok_seller_center,0,0,0,0,,,0.0,0.0,0,0.0,0,1,0.0,1,2026-04,2026-04
ALINECAVANELLAS,2026-05,2026-05-01,2026-05-23,18911.5,17524.01,1387.49,7.34,169,111.9,17,0,1724.58,Diamante,sem_dado,0.13,tiktok_seller_center,242,14,4,3,,178,162535.95,149961.14,1829,12574.81,44,0,16573.45,5,2026-01,2026-05
ALINEDEALMEIDA949,2026-05,2026-05-01,2026-05-23,0.0,0.0,0.0,0.0,0,0.0,0,1,0.0,Ferro,sem_dado,0.05,tiktok_seller_center,0,0,0,0,,0,0.0,0.0,0,0.0,0,10,0.0,2,2026-04,2026-05
ALINEESANCHES,2026-02,2026-02-01,2026-02-28,0.0,0.0,0.0,0.0,0,0.0,1,0,0.0,Ferro,sem_dado,0.05,tiktok_seller_center,0,0,0,0,,,0.0,0.0,0,0.0,1,0,0.0,1,2026-02,2026-02
ALINEMAIA.CS,2026-03,2026-03-01,2026-03-31,0.0,0.0,0.0,0.0,0,0.0,4,2,0.0,Ferro,sem_dado,0.05,tiktok_seller_center,0,0,0,0,,,0.0,0.0,0,0.0,4,2,0.0,1,2026-03,2026-03
ALINEMENDESPSI,2026-05,2026-05-01,2026-05-23,120.7,120.7,0.0,0.0,1,120.7,0,29,8.79,Ferro,sem_dado,0.05,tiktok_seller_center,1,0,1,0,,1,214.60000000000002,214.60000000000002,2,0.0,0,88,10.74,5,2026-01,2026-05
ALINEMORAES7129,2026-04,2026-04-01,2026-04-30,0.0,0.0,0.0,0.0,0,0.0,0,1,0.0,Ferro,sem_dado,0.05,tiktok_seller_center,0,0,0,0,,,0.0,0.0,0,0.0,0,1,0.0,1,2026-04,2026-04
ALINERAMOS_SHOP,2026-04,2026-04-01,2026-04-30,0.0,0.0,0.0,0.0,0,0.0,0,1,0.0,Ferro,sem_dado,0.05,tiktok_seller_center,0,0,0,0,,,0.0,0.0,0,0.0,0,8,0.0,3,2026-02,2026-04
ALINERECOMENDAA,2026-04,2026-04-01,2026-04-30,0.0,0.0,0.0,0.0,0,0.0,2,0,0.0,Ferro,sem_dado,0.05,tiktok_seller_center,0,0,0,0,,,79.9,79.9,1,0.0,7,0,4.0,3,2026-02,2026-04
ALINESANTOS7040,2026-05,2026-05-01,2026-05-23,0.0,0.0,0.0,0.0,0,0.0,0,8,0.0,Ferro,sem_dado,0.05,tiktok_seller_center,0,0,0,0,,0,79.9,79.9,1,0.0,0,31,4.0,3,2026-02,2026-05
ALINESIQUEIRA266,2026-04,2026-04-01,2026-04-30,0.0,0.0,0.0,0.0,0,0.0,1,0,0.0,Ferro,sem_dado,0.05,tiktok_seller_center,0,0,0,0,,,0.0,0.0,0,0.0,1,0,0.0,1,2026-04,2026-04
ALINESTELATIKTOKSHOP,2026-05,2026-05-01,2026-05-23,0.0,0.0,0.0,0.0,0,0.0,0,2,0.0,Ferro,sem_dado,0.05,tiktok_seller_center,,0,0,0,,0,0.0,0.0,0,0.0,0,2,0.0,1,2026-05,2026-05
ALINEVARIEDADESBRASIL,2026-03,2026-03-01,2026-03-31,0.0,0.0,0.0,0.0,0,0.0,1,0,0.0,Ferro,sem_dado,0.05,tiktok_seller_center,0,0,0,0,,,0.0,0.0,0,0.0,3,0,0.0,2,2026-02,2026-03
ALINEVITORIA092,2026-02,2026-02-01,2026-02-28,0.0,0.0,0.0,0.0,0,0.0,1,0,0.0,Ferro,sem_dado,0.05,tiktok_seller_center,0,0,0,0,,,0.0,0.0,0,0.0,1,0,0.0,1,2026-02,2026-02
ALINE_TOSTES,2026-05,2026-05-01,2026-05-23,0.0,0.0,0.0,0.0,0,0.0,0,1,0.0,Ferro,sem_dado,0.05,tiktok_seller_center,0,0,0,0,,0,0.0,0.0,0,0.0,0,2,0.0,2,2026-04,2026-05
ALL.PRIME,2026-02,2026-02-01,2026-02-28,0.0,0.0,0.0,0.0,0,0.0,1,0,0.0,Ferro,sem_dado,0.05,tiktok_seller_center,0,0,0,0,,,0.0,0.0,0,0.0,1,0,0.0,1,2026-02,2026-02
ALLANAQSOARES,2026-01,2026-01-06,2026-01-31,79.9,79.9,0.0,0.0,1,79.9,0,0,7.99,Ferro,sem_dado,0.05,tiktok_seller_center,1,0,1,0,,,79.9,79.9,1,0.0,0,0,4.0,1,2026-01,2026-01
ALLINE.VIANA0,2026-04,2026-04-01,2026-04-30,0.0,0.0,0.0,0.0,0,0.0,1,0,0.0,Ferro,sem_dado,0.05,tiktok_seller_center,0,0,0,0,,,0.0,0.0,0,0.0,1,0,0.0,1,2026-04,2026-04
ALLINEECRIS,2026-01,2026-01-06,2026-01-31,0.0,0.0,0.0,0.0,0,0.0,0,1,0.0,Ferro,sem_dado,0.05,tiktok_seller_center,0,0,0,0,,,0.0,0.0,0,0.0,0,1,0.0,1,2026-01,2026-01
ALLYNECOSTAOFICIAL,2026-03,2026-03-01,2026-03-31,0.0,0.0,0.0,0.0,0,0.0,0,1,0.0,Ferro,sem_dado,0.05,tiktok_seller_center,0,0,0,0,,,0.0,0.0,0,0.0,0,1,0.0,1,2026-03,2026-03
ALLYNEGOMES.DICAS,2026-05,2026-05-01,2026-05-23,145.2,145.2,0.0,0.0,2,72.6,0,1,15.98,Ferro,sem_dado,0.05,tiktok_seller_center,1,0,1,0,,2,245.29999999999998,245.29999999999998,3,0.0,10,10,12.26,3,2026-03,2026-05
ALLYNNELANGER,2026-03,2026-03-01,2026-03-31,79.9,0.0,79.9,100.0,1,79.9,3,0,7.99,Ferro,sem_dado,0.05,tiktok_seller_center,1,1,1,0,,,79.9,0.0,1,79.9,3,0,0.0,1,2026-03,2026-03
ALMIRFERREIRA_OF,2026-03,2026-03-01,2026-03-31,0.0,0.0,0.0,0.0,0,0.0,0,3,0.0,Ferro,sem_dado,0.05,tiktok_seller_center,0,0,0,0,,,0.0,0.0,0,0.0,0,3,0.0,1,2026-03,2026-03
ALTAIRCANDRADE,2026-04,2026-04-01,2026-04-30,0.0,0.0,0.0,0.0,0,0.0,1,0,0.0,Ferro,sem_dado,0.05,tiktok_seller_center,0,0,0,0,,,0.0,0.0,0,0.0,1,0,0.0,1,2026-04,2026-04
ALTINORECOMENDA,2026-03,2026-03-01,2026-03-31,0.0,0.0,0.0,0.0,0,0.0,1,0,0.0,Ferro,sem_dado,0.05,tiktok_seller_center,0,0,0,0,,,0.0,0.0,0,0.0,1,0,0.0,1,2026-03,2026-03
ALUCIANAMESQUITA,2026-05,2026-05-01,2026-05-23,0.0,0.0,0.0,0.0,0,0.0,0,1,0.0,Ferro,sem_dado,0.05,tiktok_seller_center,,0,0,0,,0,0.0,0.0,0,0.0,0,1,0.0,1,2026-05,2026-05
ALVANI.SHOP,2026-04,2026-04-01,2026-04-30,0.0,0.0,0.0,0.0,0,0.0,0,2,0.0,Ferro,sem_dado,0.05,tiktok_seller_center,0,0,0,0,,,0.0,0.0,0,0.0,0,2,0.0,1,2026-04,2026-04
ALZIINDICA.ACHADINHOS,2026-05,2026-05-01,2026-05-23,0.0,0.0,0.0,0.0,0,0.0,0,1,0.0,Ferro,sem_dado,0.05,tiktok_seller_center,0,0,0,0,,0,0.0,0.0,0,0.0,0,4,0.0,2,2026-04,2026-05
AMAANDAMAFRA,2026-03,2026-03-01,2026-03-31,0.0,0.0,0.0,0.0,0,0.0,0,3,0.0,Ferro,sem_dado,0.05,tiktok_seller_center,0,0,0,0,,,0.0,0.0,0,0.0,0,3,0.0,1,2026-03,2026-03
AMADACOMPROPOSITO,2026-03,2026-03-01,2026-03-31,0.0,0.0,0.0,0.0,0,0.0,0,3,0.0,Ferro,sem_dado,0.05,tiktok_seller_center,0,0,0,0,,,0.0,0.0,0,0.0,0,3,0.0,1,2026-03,2026-03
AMADARODRIGUES_,2026-02,2026-02-01,2026-02-28,93.1,93.1,0.0,0.0,1,93.1,0,0,7.99,Ferro,sem_dado,0.05,tiktok_seller_center,1,0,1,0,,,93.1,93.1,1,0.0,0,5,4.66,2,2026-01,2026-02
AMAEATIPICACREATOR,2026-05,2026-05-01,2026-05-23,0.0,0.0,0.0,0.0,0,0.0,0,1,0.0,Ferro,sem_dado,0.05,tiktok_seller_center,,0,0,0,,0,0.0,0.0,0,0.0,0,1,0.0,1,2026-05,2026-05
AMALU.OFERTAS,2026-03,2026-03-01,2026-03-31,76.73,76.73,0.0,0.0,1,76.73,1,5,7.99,Ferro,sem_dado,0.05,tiktok_seller_center,1,0,1,0,,,76.73,76.73,1,0.0,1,5,3.84,1,2026-03,2026-03
AMANDA.RAUJO89,2026-04,2026-04-01,2026-04-30,0.0,0.0,0.0,0.0,0,0.0,3,0,0.0,Ferro,sem_dado,0.05,tiktok_seller_center,0,0,0,0,,,78.55,78.55,1,0.0,7,0,3.93,2,2026-03,2026-04
AMANDA.SHOPCREATOR,2026-01,2026-01-06,2026-01-31,0.0,0.0,0.0,0.0,0,0.0,1,0,0.0,Ferro,sem_dado,0.05,tiktok_seller_center,0,0,0,0,,,0.0,0.0,0,0.0,1,0,0.0,1,2026-01,2026-01
AMANDA.SOUZA.RODR45,2026-03,2026-03-01,2026-03-31,0.0,0.0,0.0,0.0,0,0.0,1,0,0.0,Ferro,sem_dado,0.05,tiktok_seller_center,0,0,0,0,,,0.0,0.0,0,0.0,1,0,0.0,1,2026-03,2026-03
AMANDA.SPARREMBERG,2026-03,2026-03-01,2026-03-31,0.0,0.0,0.0,0.0,0,0.0,0,1,0.0,Ferro,sem_dado,0.05,tiktok_seller_center,0,0,0,0,,,0.0,0.0,0,0.0,0,1,0.0,1,2026-03,2026-03
AMANDAACHOUU,2026-04,2026-04-01,2026-04-30,77.37,77.37,0.0,0.0,1,77.37,0,0,7.99,Ferro,sem_dado,0.05,tiktok_seller_center,1,0,1,0,,,77.37,77.37,1,0.0,2,0,3.87,3,2026-02,2026-04
AMANDAAGUILAR034,2026-04,2026-04-01,2026-04-30,0.0,0.0,0.0,0.0,0,0.0,2,0,0.0,Ferro,sem_dado,0.05,tiktok_seller_center,0,0,0,0,,,0.0,0.0,0,0.0,2,0,0.0,1,2026-04,2026-04
AMANDAALMEEE,2026-03,2026-03-01,2026-03-31,0.0,0.0,0.0,0.0,0,0.0,0,2,0.0,Ferro,sem_dado,0.05,tiktok_seller_center,0,0,0,0,,,0.0,0.0,0,0.0,0,2,0.0,1,2026-03,2026-03
AMANDAALMEST,2026-04,2026-04-01,2026-04-30,0.0,0.0,0.0,0.0,0,0.0,0,2,0.0,Ferro,sem_dado,0.05,tiktok_seller_center,0,0,0,0,,,0.0,0.0,0,0.0,0,2,0.0,1,2026-04,2026-04
AMANDAAMACHADOH,2026-05,2026-05-01,2026-05-23,0.0,0.0,0.0,0.0,0,0.0,0,2,0.0,Ferro,sem_dado,0.05,tiktok_seller_center,0,0,0,0,,0,0.0,0.0,0,0.0,0,25,0.0,2,2026-04,2026-05
AMANDAAROQUE,2026-03,2026-03-01,2026-03-31,0.0,0.0,0.0,0.0,0,0.0,2,0,0.0,Ferro,sem_dado,0.05,tiktok_seller_center,0,0,0,0,,,0.0,0.0,0,0.0,2,0,0.0,1,2026-03,2026-03
AMANDAASILLVA10,2026-04,2026-04-01,2026-04-30,0.0,0.0,0.0,0.0,0,0.0,1,0,0.0,Ferro,sem_dado,0.05,tiktok_seller_center,0,0,0,0,,,0.0,0.0,0,0.0,1,0,0.0,1,2026-04,2026-04
AMANDAAZANELLA2,2026-05,2026-05-01,2026-05-23,117.88,117.88,0.0,0.0,1,117.88,6,0,8.79,Ferro,sem_dado,0.05,tiktok_seller_center,0,0,1,0,,1,117.88,117.88,1,0.0,10,0,5.89,2,2026-04,2026-05
AMANDABL02,2026-05,2026-05-01,2026-05-23,0.0,0.0,0.0,0.0,0,0.0,5,0,0.0,Ferro,sem_dado,0.05,tiktok_seller_center,,0,0,0,,0,0.0,0.0,0,0.0,5,0,0.0,1,2026-05,2026-05
AMANDABREEU_,2026-05,2026-05-01,2026-05-23,266.55,266.55,0.0,0.0,3,88.85,30,7,26.07,Ferro,sem_dado,0.05,tiktok_seller_center,,0,1,2,,3,266.55,266.55,3,0.0,30,7,13.33,1,2026-05,2026-05
AMANDACOIMBRANUTRI,2026-03,2026-03-01,2026-03-31,0.0,0.0,0.0,0.0,0,0.0,1,0,0.0,Ferro,sem_dado,0.05,tiktok_seller_center,0,0,0,0,,,0.0,0.0,0,0.0,1,0,0.0,1,2026-03,2026-03
AMANDACORLIS,2026-04,2026-04-01,2026-04-30,0.0,0.0,0.0,0.0,0,0.0,2,0,0.0,Ferro,sem_dado,0.05,tiktok_seller_center,0,0,0,0,,,0.0,0.0,0,0.0,4,0,0.0,2,2026-03,2026-04
AMANDADICASSS,2026-02,2026-02-01,2026-02-28,0.0,0.0,0.0,0.0,0,0.0,0,2,0.0,Ferro,sem_dado,0.05,tiktok_seller_center,0,0,0,0,,,0.0,0.0,0,0.0,0,2,0.0,1,2026-02,2026-02
AMANDAH.TIKTOKSHOP,2026-03,2026-03-01,2026-03-31,0.0,0.0,0.0,0.0,0,0.0,1,0,0.0,Ferro,sem_dado,0.05,tiktok_seller_center,0,0,0,0,,,0.0,0.0,0,0.0,1,0,0.0,1,2026-03,2026-03
AMANDAINDICA00,2026-03,2026-03-01,2026-03-31,80.66,80.66,0.0,0.0,1,80.66,2,1,8.32,Ferro,sem_dado,0.05,tiktok_seller_center,1,0,1,0,,,80.66,80.66,1,0.0,2,1,4.03,1,2026-03,2026-03
AMANDAINDICAOFICIALSHOP,2026-04,2026-04-01,2026-04-30,0.0,0.0,0.0,0.0,0,0.0,1,0,0.0,Ferro,sem_dado,0.05,tiktok_seller_center,0,0,0,0,,,0.0,0.0,0,0.0,1,0,0.0,1,2026-04,2026-04
AMANDAJESSICA.SHOP,2026-05,2026-05-01,2026-05-23,0.0,0.0,0.0,0.0,0,0.0,0,1,0.0,Ferro,sem_dado,0.05,tiktok_seller_center,0,0,0,0,,0,0.0,0.0,0,0.0,0,3,0.0,2,2026-04,2026-05
AMANDALIIMAR,2026-03,2026-03-01,2026-03-31,79.9,0.0,79.9,100.0,1,79.9,5,0,7.99,Ferro,sem_dado,0.05,tiktok_seller_center,1,1,1,0,,,79.9,0.0,1,79.9,5,0,0.0,1,2026-03,2026-03
AMANDALIMASHOP,2026-05,2026-05-01,2026-05-23,290.63,290.63,0.0,0.0,3,96.88,15,7,23.19,Ferro,sem_dado,0.05,tiktok_seller_center,0,0,1,0,,3,290.63,290.63,3,0.0,16,7,14.53,2,2026-04,2026-05
AMANDAMARIANETIKTK,2026-04,2026-04-01,2026-04-30,0.0,0.0,0.0,0.0,0,0.0,1,0,0.0,Ferro,sem_dado,0.05,tiktok_seller_center,0,0,0,0,,,0.0,0.0,0,0.0,1,0,0.0,1,2026-04,2026-04
AMANDAORBITE,2026-05,2026-05-01,2026-05-23,0.0,0.0,0.0,0.0,0,0.0,3,1,0.0,Ferro,sem_dado,0.05,tiktok_seller_center,2,0,0,0,,0,478.26,393.98,5,84.28,12,27,19.700000000000003,5,2026-01,2026-05
AMANDAROQUE0,2026-03,2026-03-01,2026-03-31,0.0,0.0,0.0,0.0,0,0.0,2,1,0.0,Ferro,sem_dado,0.05,tiktok_seller_center,0,0,0,0,,,0.0,0.0,0,0.0,2,1,0.0,1,2026-03,2026-03
AMANDASHOPTV,2026-03,2026-03-01,2026-03-31,0.0,0.0,0.0,0.0,0,0.0,0,1,0.0,Ferro,sem_dado,0.05,tiktok_seller_center,0,0,0,0,,,0.0,0.0,0,0.0,0,1,0.0,1,2026-03,2026-03
AMANDASILVA2857,2026-02,2026-02-01,2026-02-28,0.0,0.0,0.0,0.0,0,0.0,2,0,0.0,Ferro,sem_dado,0.05,tiktok_seller_center,0,0,0,0,,,0.0,0.0,0,0.0,2,0,0.0,1,2026-02,2026-02
AMANDASIMOESS0,2026-05,2026-05-01,2026-05-23,0.0,0.0,0.0,0.0,0,0.0,0,4,0.0,Ferro,sem_dado,0.05,tiktok_seller_center,0,0,0,0,,0,163.52,-160.07,2,323.59000000000003,2,55,-8.0,5,2026-01,2026-05
AMANDASOUSAASHOP,2026-05,2026-05-01,2026-05-23,0.0,0.0,0.0,0.0,0,0.0,0,8,0.0,Ferro,sem_dado,0.05,tiktok_seller_center,0,0,0,0,,0,0.0,0.0,0,0.0,0,78,0.0,5,2026-01,2026-05
AMANDAVIRGINIOO,2026-04,2026-04-01,2026-04-30,0.0,0.0,0.0,0.0,0,0.0,1,9,0.0,Ferro,sem_dado,0.05,tiktok_seller_center,0,0,0,0,,,0.0,0.0,0,0.0,1,9,0.0,1,2026-04,2026-04
AMANDAWENZEL_,2026-04,2026-04-01,2026-04-30,81.9,81.9,0.0,0.0,1,81.9,1,0,7.99,Ferro,sem_dado,0.05,tiktok_seller_center,1,0,1,0,,,81.9,81.9,1,0.0,1,0,4.1,1,2026-04,2026-04
AMANDA_E6,2026-03,2026-03-01,2026-03-31,0.0,0.0,0.0,0.0,0,0.0,1,0,0.0,Ferro,sem_dado,0.05,tiktok_seller_center,0,0,0,0,,,0.0,0.0,0,0.0,1,0,0.0,1,2026-03,2026-03
AMANDGOMEES_,2026-05,2026-05-01,2026-05-23,0.0,0.0,0.0,0.0,0,0.0,2,0,0.0,Ferro,sem_dado,0.05,tiktok_seller_center,1,0,0,0,,0,79.9,79.9,1,0.0,6,0,4.0,2,2026-04,2026-05
AMANDIACAMILO,2026-03,2026-03-01,2026-03-31,0.0,0.0,0.0,0.0,0,0.0,1,0,0.0,Ferro,sem_dado,0.05,tiktok_seller_center,0,0,0,0,,,0.0,0.0,0,0.0,2,0,0.0,2,2026-02,2026-03
AMANDICES.CREATOR,2026-05,2026-05-01,2026-05-23,0.0,0.0,0.0,0.0,0,0.0,0,1,0.0,Ferro,sem_dado,0.05,tiktok_seller_center,0,0,0,0,,0,0.0,0.0,0,0.0,0,6,0.0,2,2026-04,2026-05
AMANDINHAINDICA,2026-01,2026-01-06,2026-01-31,0.0,0.0,0.0,0.0,0,0.0,0,2,0.0,Ferro,sem_dado,0.05,tiktok_seller_center,0,0,0,0,,,0.0,0.0,0,0.0,0,2,0.0,1,2026-01,2026-01
AMANDINHAPORTO023,2026-05,2026-05-01,2026-05-23,0.0,0.0,0.0,0.0,0,0.0,0,1,0.0,Ferro,sem_dado,0.05,tiktok_seller_center,0,0,0,0,,0,0.0,0.0,0,0.0,0,13,0.0,2,2026-04,2026-05
AMANDINHATELLES1,2026-02,2026-02-01,2026-02-28,0.0,0.0,0.0,0.0,0,0.0,7,0,0.0,Ferro,sem_dado,0.05,tiktok_seller_center,0,0,0,0,,,0.0,0.0,0,0.0,7,0,0.0,1,2026-02,2026-02
AMANDUHMARTINS_,2026-04,2026-04-01,2026-04-30,0.0,0.0,0.0,0.0,0,0.0,4,0,0.0,Ferro,sem_dado,0.05,tiktok_seller_center,0,0,0,0,,,0.0,0.0,0,0.0,4,0,0.0,1,2026-04,2026-04
AMAR.NUNES918,2026-03,2026-03-01,2026-03-31,0.0,0.0,0.0,0.0,0,0.0,0,8,0.0,Ferro,sem_dado,0.05,tiktok_seller_center,0,0,0,0,,,0.0,0.0,0,0.0,0,10,0.0,2,2026-02,2026-03
AMARANTE.J,2026-03,2026-03-01,2026-03-31,95.6,0.0,95.6,100.0,1,95.6,0,0,7.91,Ferro,sem_dado,0.05,tiktok_seller_center,1,1,1,0,,,95.6,0.0,1,95.6,0,0,0.0,1,2026-03,2026-03
AMARIANASANTINI,2026-03,2026-03-01,2026-03-31,0.0,0.0,0.0,0.0,0,0.0,1,0,0.0,Ferro,sem_dado,0.05,tiktok_seller_center,0,0,0,0,,,0.0,0.0,0,0.0,1,0,0.0,1,2026-03,2026-03
AMARIINDICAAA,2026-04,2026-04-01,2026-04-30,0.0,0.0,0.0,0.0,0,0.0,2,0,0.0,Ferro,sem_dado,0.05,tiktok_seller_center,0,0,0,0,,,0.0,0.0,0,0.0,2,0,0.0,1,2026-04,2026-04
AMARIMAMEDE,2026-04,2026-04-01,2026-04-30,0.0,0.0,0.0,0.0,0,0.0,0,1,0.0,Ferro,sem_dado,0.05,tiktok_seller_center,0,0,0,0,,,0.0,0.0,0,0.0,0,3,0.0,3,2026-01,2026-04
AMARISHOPCREATOR,2026-04,2026-04-01,2026-04-30,79.9,-3.1999999999999886,83.1,104.01,1,79.9,0,0,7.99,Ferro,sem_dado,0.05,tiktok_seller_center,1,1,1,0,,,1519.47,1359.52,19,159.95,0,0,67.98,4,2026-01,2026-04
AMIGAS_SHOP_,2026-03,2026-03-01,2026-03-31,0.0,0.0,0.0,0.0,0,0.0,0,2,0.0,Ferro,sem_dado,0.05,tiktok_seller_center,0,0,0,0,,,0.0,0.0,0,0.0,2,5,0.0,3,2026-01,2026-03
AMNEEANNE,2026-02,2026-02-01,2026-02-28,0.0,0.0,0.0,0.0,0,0.0,2,0,0.0,Ferro,sem_dado,0.05,tiktok_seller_center,0,0,0,0,,,0.0,0.0,0,0.0,2,0,0.0,1,2026-02,2026-02
AMOACHADINHOS7,2026-02,2026-02-01,2026-02-28,0.0,0.0,0.0,0.0,0,0.0,0,3,0.0,Ferro,sem_dado,0.05,tiktok_seller_center,0,0,0,0,,,0.0,0.0,0,0.0,0,4,0.0,2,2026-01,2026-02
AMORA.LIRA2,2026-05,2026-05-01,2026-05-23,0.0,0.0,0.0,0.0,0,0.0,1,0,0.0,Ferro,sem_dado,0.05,tiktok_seller_center,,0,0,0,,0,0.0,0.0,0,0.0,1,0,0.0,1,2026-05,2026-05
AMORPORVIAGEMM,2026-03,2026-03-01,2026-03-31,0.0,0.0,0.0,0.0,0,0.0,0,14,0.0,Ferro,sem_dado,0.05,tiktok_seller_center,0,0,0,0,,,77.53,77.53,1,0.0,0,36,3.88,3,2026-01,2026-03
AMORPROPRIODIARIO2,2026-04,2026-04-01,2026-04-30,0.0,0.0,0.0,0.0,0,0.0,0,5,0.0,Ferro,sem_dado,0.05,tiktok_seller_center,0,0,0,0,,,0.0,0.0,0,0.0,0,13,0.0,2,2026-03,2026-04
AMORSENHORAAPARECIDA,2026-03,2026-03-01,2026-03-31,0.0,0.0,0.0,0.0,0,0.0,1,0,0.0,Ferro,sem_dado,0.05,tiktok_seller_center,0,0,0,0,,,0.0,0.0,0,0.0,1,0,0.0,1,2026-03,2026-03
AMORZINHO9694,2026-03,2026-03-01,2026-03-31,0.0,0.0,0.0,0.0,0,0.0,2,0,0.0,Ferro,sem_dado,0.05,tiktok_seller_center,0,0,0,0,,,0.0,0.0,0,0.0,2,0,0.0,1,2026-03,2026-03
ANA.ALBERTINICREATOR,2026-01,2026-01-06,2026-01-31,0.0,0.0,0.0,0.0,0,0.0,2,0,0.0,Ferro,sem_dado,0.05,tiktok_seller_center,0,0,0,0,,,0.0,0.0,0,0.0,2,0,0.0,1,2026-01,2026-01
ANA.BARROS289,2026-03,2026-03-01,2026-03-31,0.0,0.0,0.0,0.0,0,0.0,1,0,0.0,Ferro,sem_dado,0.05,tiktok_seller_center,0,0,0,0,,,0.0,0.0,0,0.0,3,0,0.0,2,2026-02,2026-03
ANA.CRISTINA.DE.A26,2026-04,2026-04-01,2026-04-30,0.0,0.0,0.0,0.0,0,0.0,0,5,0.0,Ferro,sem_dado,0.05,tiktok_seller_center,0,0,0,0,,,0.0,0.0,0,0.0,0,5,0.0,1,2026-04,2026-04
ANA.FERNNANDES,2026-04,2026-04-01,2026-04-30,181.68,90.98,90.7,49.92,2,90.84,4,0,12.34,Ferro,sem_dado,0.05,tiktok_seller_center,2,1,1,0,,,790.81,700.11,9,90.7,15,0,35.01,3,2026-02,2026-04
ANA.FLAVIA.SILVA705,2026-04,2026-04-01,2026-04-30,0.0,0.0,0.0,0.0,0,0.0,0,1,0.0,Ferro,sem_dado,0.05,tiktok_seller_center,0,0,0,0,,,0.0,0.0,0,0.0,0,1,0.0,1,2026-04,2026-04
ANA.FRANA229,2026-05,2026-05-01,2026-05-23,0.0,0.0,0.0,0.0,0,0.0,1,3,0.0,Ferro,sem_dado,0.05,tiktok_seller_center,1,0,0,0,,0,101.9,101.9,1,0.0,1,4,5.1,2,2026-04,2026-05
ANA.JULIA9352,2026-01,2026-01-06,2026-01-31,0.0,0.0,0.0,0.0,0,0.0,2,0,0.0,Ferro,sem_dado,0.05,tiktok_seller_center,0,0,0,0,,,0.0,0.0,0,0.0,2,0,0.0,1,2026-01,2026-01
ANA.MAIA7842,2026-03,2026-03-01,2026-03-31,0.0,0.0,0.0,0.0,0,0.0,1,0,0.0,Ferro,sem_dado,0.05,tiktok_seller_center,0,0,0,0,,,0.0,0.0,0,0.0,1,1,0.0,2,2026-01,2026-03
ANA.PRADO5954,2026-05,2026-05-01,2026-05-23,0.0,0.0,0.0,0.0,0,0.0,3,0,0.0,Ferro,sem_dado,0.05,tiktok_seller_center,,0,0,0,,0,0.0,0.0,0,0.0,3,0,0.0,1,2026-05,2026-05
ANA.QUIRINO4,2026-01,2026-01-06,2026-01-31,0.0,0.0,0.0,0.0,0,0.0,2,6,0.0,Ferro,sem_dado,0.05,tiktok_seller_center,0,0,0,0,,,0.0,0.0,0,0.0,2,6,0.0,1,2026-01,2026-01
ANA.SILV10,2026-02,2026-02-01,2026-02-28,0.0,0.0,0.0,0.0,0,0.0,19,0,0.0,Ferro,sem_dado,0.05,tiktok_seller_center,0,0,0,0,,,0.0,0.0,0,0.0,19,0,0.0,1,2026-02,2026-02
ANA.SOUZAOL,2026-04,2026-04-01,2026-04-30,0.0,0.0,0.0,0.0,0,0.0,0,3,0.0,Ferro,sem_dado,0.05,tiktok_seller_center,0,0,0,0,,,0.0,0.0,0,0.0,0,5,0.0,2,2026-03,2026-04
ANA.VALDA.BATISTA,2026-03,2026-03-01,2026-03-31,0.0,0.0,0.0,0.0,0,0.0,1,0,0.0,Ferro,sem_dado,0.05,tiktok_seller_center,0,0,0,0,,,0.0,0.0,0,0.0,1,0,0.0,1,2026-03,2026-03
ANAAJULIAANIKA,2026-04,2026-04-01,2026-04-30,0.0,0.0,0.0,0.0,0,0.0,0,1,0.0,Ferro,sem_dado,0.05,tiktok_seller_center,0,0,0,0,,,0.0,0.0,0,0.0,5,42,0.0,3,2026-02,2026-04
ANAAOLY,2026-04,2026-04-01,2026-04-30,0.0,0.0,0.0,0.0,0,0.0,0,2,0.0,Ferro,sem_dado,0.05,tiktok_seller_center,0,0,0,0,,,0.0,0.0,0,0.0,0,4,0.0,2,2026-02,2026-04
ANAAPSOUZA_,2026-04,2026-04-01,2026-04-30,0.0,0.0,0.0,0.0,0,0.0,2,0,0.0,Ferro,sem_dado,0.05,tiktok_seller_center,0,0,0,0,,,390.31,315.2,5,75.11,4,3,15.77,4,2026-01,2026-04
ANAAYRESOFERTAS,2026-02,2026-02-01,2026-02-28,0.0,0.0,0.0,0.0,0,0.0,0,13,0.0,Ferro,sem_dado,0.05,tiktok_seller_center,0,0,0,0,,,81.9,81.9,1,0.0,1,37,4.1,2,2026-01,2026-02
ANABEATRIZ_01_,2026-05,2026-05-01,2026-05-23,0.0,0.0,0.0,0.0,0,0.0,1,0,0.0,Ferro,sem_dado,0.05,tiktok_seller_center,,0,0,0,,0,0.0,0.0,0,0.0,1,0,0.0,1,2026-05,2026-05
ANAC.COUTINHO,2026-05,2026-05-01,2026-05-23,203.5,203.5,0.0,0.0,2,101.75,0,0,15.98,Ferro,sem_dado,0.05,tiktok_seller_center,5,0,1,0,,2,679.56,578.5,7,101.06,3,0,28.93,2,2026-04,2026-05
ANAC.COUTINHO2,2026-04,2026-04-01,2026-04-30,0.0,0.0,0.0,0.0,0,0.0,1,0,0.0,Ferro,sem_dado,0.05,tiktok_seller_center,0,0,0,0,,,0.0,0.0,0,0.0,1,0,0.0,1,2026-04,2026-04
ANACARLAMASS1,2026-01,2026-01-06,2026-01-31,0.0,0.0,0.0,0.0,0,0.0,0,3,0.0,Ferro,sem_dado,0.05,tiktok_seller_center,0,0,0,0,,,0.0,0.0,0,0.0,0,3,0.0,1,2026-01,2026-01
ANACAROLINA.BRIGIDO,2026-03,2026-03-01,2026-03-31,0.0,0.0,0.0,0.0,0,0.0,1,0,0.0,Ferro,sem_dado,0.05,tiktok_seller_center,0,0,0,0,,,0.0,0.0,0,0.0,1,0,0.0,1,2026-03,2026-03
ANACAROLINAMORETTI,2026-03,2026-03-01,2026-03-31,79.99,0.0,79.99,100.0,1,79.99,0,0,8.0,Ferro,sem_dado,0.05,tiktok_seller_center,1,1,1,0,,,79.99,0.0,1,79.99,0,0,0.0,1,2026-03,2026-03
ANACCCECILIA_,2026-05,2026-05-01,2026-05-23,0.0,0.0,0.0,0.0,0,0.0,0,3,0.0,Ferro,sem_dado,0.05,tiktok_seller_center,0,0,0,0,,0,0.0,0.0,0,0.0,0,7,0.0,2,2026-04,2026-05
ANACELIADICAS,2026-04,2026-04-01,2026-04-30,0.0,0.0,0.0,0.0,0,0.0,0,1,0.0,Ferro,sem_dado,0.05,tiktok_seller_center,0,0,0,0,,,0.0,0.0,0,0.0,0,1,0.0,1,2026-04,2026-04
ANACELIAOG25,2026-01,2026-01-06,2026-01-31,0.0,0.0,0.0,0.0,0,0.0,1,0,0.0,Ferro,sem_dado,0.05,tiktok_seller_center,0,0,0,0,,,0.0,0.0,0,0.0,1,0,0.0,1,2026-01,2026-01
ANACLA1189,2026-01,2026-01-06,2026-01-31,0.0,0.0,0.0,0.0,0,0.0,0,1,0.0,Ferro,sem_dado,0.05,tiktok_seller_center,0,0,0,0,,,0.0,0.0,0,0.0,0,1,0.0,1,2026-01,2026-01
ANACLAUDIAPESSOA48,2026-02,2026-02-01,2026-02-28,0.0,0.0,0.0,0.0,0,0.0,2,0,0.0,Ferro,sem_dado,0.05,tiktok_seller_center,0,0,0,0,,,0.0,0.0,0,0.0,2,0,0.0,1,2026-02,2026-02
ANACLEALL,2026-05,2026-05-01,2026-05-23,0.0,0.0,0.0,0.0,0,0.0,0,1,0.0,Ferro,sem_dado,0.05,tiktok_seller_center,,0,0,0,,0,0.0,0.0,0,0.0,0,1,0.0,1,2026-05,2026-05
ANACREATORMODA,2026-04,2026-04-01,2026-04-30,0.0,0.0,0.0,0.0,0,0.0,1,0,0.0,Ferro,sem_dado,0.05,tiktok_seller_center,0,0,0,0,,,0.0,0.0,0,0.0,1,0,0.0,1,2026-04,2026-04
ANADICAS520,2026-02,2026-02-01,2026-02-28,0.0,0.0,0.0,0.0,0,0.0,0,1,0.0,Ferro,sem_dado,0.05,tiktok_seller_center,0,0,0,0,,,0.0,0.0,0,0.0,0,1,0.0,1,2026-02,2026-02
ANAESTERBRAZ,2026-04,2026-04-01,2026-04-30,0.0,0.0,0.0,0.0,0,0.0,0,12,0.0,Ferro,sem_dado,0.05,tiktok_seller_center,0,0,0,0,,,0.0,0.0,0,0.0,0,12,0.0,1,2026-04,2026-04
ANAFLAVIAAGUIARR,2026-04,2026-04-01,2026-04-30,0.0,0.0,0.0,0.0,0,0.0,1,0,0.0,Ferro,sem_dado,0.05,tiktok_seller_center,0,0,0,0,,,77.7,77.7,1,0.0,1,0,3.89,2,2026-03,2026-04
ANAHIAPROVA,2026-05,2026-05-01,2026-05-23,0.0,0.0,0.0,0.0,0,0.0,0,4,0.0,Ferro,sem_dado,0.05,tiktok_seller_center,,0,0,0,,0,0.0,0.0,0,0.0,0,4,0.0,1,2026-05,2026-05
ANAHNALIRO,2026-05,2026-05-01,2026-05-23,0.0,0.0,0.0,0.0,0,0.0,0,4,0.0,Ferro,sem_dado,0.05,tiktok_seller_center,0,0,0,0,,0,0.0,0.0,0,0.0,0,21,0.0,3,2026-02,2026-05
ANAIA.AI,2026-02,2026-02-01,2026-02-28,0.0,0.0,0.0,0.0,0,0.0,1,0,0.0,Ferro,sem_dado,0.05,tiktok_seller_center,0,0,0,0,,,0.0,0.0,0,0.0,1,0,0.0,1,2026-02,2026-02
ANAINDICA03,2026-05,2026-05-01,2026-05-23,0.0,0.0,0.0,0.0,0,0.0,2,0,0.0,Ferro,sem_dado,0.05,tiktok_seller_center,,0,0,0,,0,0.0,0.0,0,0.0,2,0,0.0,1,2026-05,2026-05
ANAJUVILCHESS,2026-04,2026-04-01,2026-04-30,0.0,0.0,0.0,0.0,0,0.0,0,6,0.0,Ferro,sem_dado,0.05,tiktok_seller_center,0,0,0,0,,,0.0,0.0,0,0.0,0,6,0.0,1,2026-04,2026-04
ANAKIDS,2026-05,2026-05-01,2026-05-23,0.0,0.0,0.0,0.0,0,0.0,0,2,0.0,Ferro,sem_dado,0.05,tiktok_seller_center,,0,0,0,,0,0.0,0.0,0,0.0,0,2,0.0,1,2026-05,2026-05
ANALAURASHOP1983,2026-03,2026-03-01,2026-03-31,0.0,0.0,0.0,0.0,0,0.0,1,0,0.0,Ferro,sem_dado,0.05,tiktok_seller_center,0,0,0,0,,,0.0,0.0,0,0.0,1,0,0.0,1,2026-03,2026-03
ANALI3404,2026-03,2026-03-01,2026-03-31,0.0,0.0,0.0,0.0,0,0.0,0,1,0.0,Ferro,sem_dado,0.05,tiktok_seller_center,0,0,0,0,,,0.0,0.0,0,0.0,0,1,0.0,1,2026-03,2026-03
ANALU.AGC,2026-04,2026-04-01,2026-04-30,0.0,0.0,0.0,0.0,0,0.0,1,0,0.0,Ferro,sem_dado,0.05,tiktok_seller_center,0,0,0,0,,,0.0,0.0,0,0.0,4,0,0.0,3,2026-01,2026-04
ANALUABDUCH,2026-04,2026-04-01,2026-04-30,0.0,0.0,0.0,0.0,0,0.0,0,1,0.0,Ferro,sem_dado,0.05,tiktok_seller_center,0,0,0,0,,,0.0,0.0,0,0.0,0,12,0.0,2,2026-03,2026-04
ANALU_LOOKS,2026-03,2026-03-01,2026-03-31,0.0,0.0,0.0,0.0,0,0.0,0,3,0.0,Ferro,sem_dado,0.05,tiktok_seller_center,0,0,0,0,,,0.0,0.0,0,0.0,0,3,0.0,1,2026-03,2026-03
ANAMARIAGIRO,2026-04,2026-04-01,2026-04-30,90.7,90.7,0.0,0.0,1,90.7,0,0,6.39,Ferro,sem_dado,0.05,tiktok_seller_center,1,0,1,0,,,90.7,90.7,1,0.0,0,0,4.54,1,2026-04,2026-04
ANAMOURAVV,2026-04,2026-04-01,2026-04-30,0.0,0.0,0.0,0.0,0,0.0,0,8,0.0,Ferro,sem_dado,0.05,tiktok_seller_center,0,0,0,0,,,0.0,0.0,0,0.0,0,16,0.0,3,2026-02,2026-04
ANANDATIKSHOP,2026-04,2026-04-01,2026-04-30,0.0,0.0,0.0,0.0,0,0.0,0,1,0.0,Ferro,sem_dado,0.05,tiktok_seller_center,0,0,0,0,,,0.0,0.0,0,0.0,0,1,0.0,1,2026-04,2026-04
ANAPAULA.FERREIRAOFICIAL,2026-02,2026-02-01,2026-02-28,0.0,0.0,0.0,0.0,0,0.0,0,1,0.0,Ferro,sem_dado,0.05,tiktok_seller_center,0,0,0,0,,,0.0,0.0,0,0.0,0,1,0.0,1,2026-02,2026-02
ANAPAULAARRAISBATISTA,2026-03,2026-03-01,2026-03-31,0.0,0.0,0.0,0.0,0,0.0,0,1,0.0,Ferro,sem_dado,0.05,tiktok_seller_center,0,0,0,0,,,0.0,0.0,0,0.0,0,2,0.0,2,2026-02,2026-03
ANAPAULAFERREIR068,2026-05,2026-05-01,2026-05-23,0.0,0.0,0.0,0.0,0,0.0,0,6,0.0,Ferro,sem_dado,0.05,tiktok_seller_center,10,0,0,0,,0,814.54,739.64,10,74.9,0,20,36.98,3,2026-03,2026-05
ANAPAULAJESUS955,2026-02,2026-02-01,2026-02-28,0.0,0.0,0.0,0.0,0,0.0,0,1,0.0,Ferro,sem_dado,0.05,tiktok_seller_center,0,0,0,0,,,0.0,0.0,0,0.0,0,1,0.0,1,2026-02,2026-02
ANAPAULAMARIANOPE6,2026-04,2026-04-01,2026-04-30,0.0,0.0,0.0,0.0,0,0.0,0,1,0.0,Ferro,sem_dado,0.05,tiktok_seller_center,0,0,0,0,,,0.0,0.0,0,0.0,0,1,0.0,1,2026-04,2026-04
ANAPAULAMIZAEL_,2026-03,2026-03-01,2026-03-31,0.0,0.0,0.0,0.0,0,0.0,0,7,0.0,Ferro,sem_dado,0.05,tiktok_seller_center,0,0,0,0,,,0.0,0.0,0,0.0,0,7,0.0,1,2026-03,2026-03
ANAPAULAMUNCHEN,2026-05,2026-05-01,2026-05-23,0.0,0.0,0.0,0.0,0,0.0,0,1,0.0,Ferro,sem_dado,0.05,tiktok_seller_center,0,0,0,0,,0,235.39,155.48999999999998,3,79.9,10,26,7.77,5,2026-01,2026-05
ANAPAULAPESSOA06,2026-05,2026-05-01,2026-05-23,0.0,0.0,0.0,0.0,0,0.0,1,3,0.0,Ferro,sem_dado,0.05,tiktok_seller_center,,0,0,0,,0,0.0,0.0,0,0.0,1,3,0.0,1,2026-05,2026-05
ANAPAULAPMARTINS,2026-02,2026-02-01,2026-02-28,0.0,0.0,0.0,0.0,0,0.0,1,0,0.0,Ferro,sem_dado,0.05,tiktok_seller_center,0,0,0,0,,,0.0,0.0,0,0.0,1,0,0.0,1,2026-02,2026-02
ANAPAULASHOP222,2026-04,2026-04-01,2026-04-30,0.0,0.0,0.0,0.0,0,0.0,3,0,0.0,Ferro,sem_dado,0.05,tiktok_seller_center,0,0,0,0,,,79.99,79.99,1,0.0,9,0,4.0,3,2026-02,2026-04
ANAPAULLASILLLVA,2026-04,2026-04-01,2026-04-30,0.0,0.0,0.0,0.0,0,0.0,0,1,0.0,Ferro,sem_dado,0.05,tiktok_seller_center,0,0,0,0,,,0.0,0.0,0,0.0,0,1,0.0,1,2026-04,2026-04
ANAPAULLLASIMOES,2026-04,2026-04-01,2026-04-30,0.0,0.0,0.0,0.0,0,0.0,0,21,0.0,Ferro,sem_dado,0.05,tiktok_seller_center,0,0,0,0,,,0.0,0.0,0,0.0,0,21,0.0,1,2026-04,2026-04
ANAPEREIRA60041,2026-04,2026-04-01,2026-04-30,0.0,0.0,0.0,0.0,0,0.0,0,5,0.0,Ferro,sem_dado,0.05,tiktok_seller_center,0,0,0,0,,,0.0,0.0,0,0.0,0,6,0.0,2,2026-01,2026-04
ANAPINHEIIRO__,2026-02,2026-02-01,2026-02-28,0.0,0.0,0.0,0.0,0,0.0,0,1,0.0,Ferro,sem_dado,0.05,tiktok_seller_center,0,0,0,0,,,0.0,0.0,0,0.0,0,2,0.0,2,2026-01,2026-02
ANARBML,2026-05,2026-05-01,2026-05-23,0.0,0.0,0.0,0.0,0,0.0,0,1,0.0,Ferro,sem_dado,0.05,tiktok_seller_center,,0,0,0,,0,0.0,0.0,0,0.0,0,1,0.0,1,2026-05,2026-05
ANAREISCARVALHO,2026-03,2026-03-01,2026-03-31,0.0,0.0,0.0,0.0,0,0.0,0,2,0.0,Ferro,sem_dado,0.05,tiktok_seller_center,0,0,0,0,,,0.0,0.0,0,0.0,0,4,0.0,2,2026-02,2026-03
ANAROSAADAILY,2026-03,2026-03-01,2026-03-31,0.0,0.0,0.0,0.0,0,0.0,2,0,0.0,Ferro,sem_dado,0.05,tiktok_seller_center,0,0,0,0,,,0.0,0.0,0,0.0,2,0,0.0,1,2026-03,2026-03
ANARSANTOSZ,2026-04,2026-04-01,2026-04-30,0.0,0.0,0.0,0.0,0,0.0,3,0,0.0,Ferro,sem_dado,0.05,tiktok_seller_center,0,0,0,0,,,0.0,0.0,0,0.0,3,0,0.0,1,2026-04,2026-04
ANASANTANA.PIRES,2026-05,2026-05-01,2026-05-23,0.0,0.0,0.0,0.0,0,0.0,2,0,0.0,Ferro,sem_dado,0.05,tiktok_seller_center,1,0,0,0,,0,78.3,78.3,1,0.0,15,0,3.92,2,2026-04,2026-05
ANASHOP032,2026-02,2026-02-01,2026-02-28,0.0,0.0,0.0,0.0,0,0.0,0,2,0.0,Ferro,sem_dado,0.05,tiktok_seller_center,0,0,0,0,,,0.0,0.0,0,0.0,0,3,0.0,2,2026-01,2026-02
ANASHOP40,2026-05,2026-05-01,2026-05-23,0.0,0.0,0.0,0.0,0,0.0,0,4,0.0,Ferro,sem_dado,0.05,tiktok_seller_center,0,0,0,0,,0,0.0,0.0,0,0.0,6,34,0.0,5,2026-01,2026-05
ANASHOP82,2026-02,2026-02-01,2026-02-28,0.0,0.0,0.0,0.0,0,0.0,1,0,0.0,Ferro,sem_dado,0.05,tiktok_seller_center,0,0,0,0,,,0.0,0.0,0,0.0,1,0,0.0,1,2026-02,2026-02
ANASHOPCREATOR0,2026-03,2026-03-01,2026-03-31,0.0,0.0,0.0,0.0,0,0.0,0,1,0.0,Ferro,sem_dado,0.05,tiktok_seller_center,0,0,0,0,,,0.0,0.0,0,0.0,0,2,0.0,2,2026-02,2026-03
ANASHOPVENDAS,2026-01,2026-01-06,2026-01-31,0.0,0.0,0.0,0.0,0,0.0,0,1,0.0,Ferro,sem_dado,0.05,tiktok_seller_center,0,0,0,0,,,0.0,0.0,0,0.0,0,1,0.0,1,2026-01,2026-01
ANASHOP_BR,2026-02,2026-02-01,2026-02-28,79.9,79.9,0.0,0.0,1,79.9,0,0,7.99,Ferro,sem_dado,0.05,tiktok_seller_center,1,0,1,0,,,79.9,79.9,1,0.0,1,0,4.0,2,2026-01,2026-02
ANASIMOESCREATOR,2026-05,2026-05-01,2026-05-23,0.0,0.0,0.0,0.0,0,0.0,0,9,0.0,Ferro,sem_dado,0.05,tiktok_seller_center,0,0,0,0,,0,0.0,0.0,0,0.0,0,55,0.0,4,2026-02,2026-05
ANASTORYS,2026-05,2026-05-01,2026-05-23,0.0,0.0,0.0,0.0,0,0.0,1,0,0.0,Ferro,sem_dado,0.05,tiktok_seller_center,,0,0,0,,0,0.0,0.0,0,0.0,1,0,0.0,1,2026-05,2026-05
ANATIKTOKSHOP20266,2026-03,2026-03-01,2026-03-31,0.0,0.0,0.0,0.0,0,0.0,2,0,0.0,Ferro,sem_dado,0.05,tiktok_seller_center,0,0,0,0,,,0.0,0.0,0,0.0,2,0,0.0,1,2026-03,2026-03
ANATORRES.SHOP,2026-03,2026-03-01,2026-03-31,0.0,0.0,0.0,0.0,0,0.0,1,0,0.0,Ferro,sem_dado,0.05,tiktok_seller_center,0,0,0,0,,,0.0,0.0,0,0.0,1,0,0.0,1,2026-03,2026-03
ANAVIBESSHOP,2026-05,2026-05-01,2026-05-23,0.0,0.0,0.0,0.0,0,0.0,1,0,0.0,Ferro,sem_dado,0.05,tiktok_seller_center,0,0,0,0,,0,0.0,0.0,0,0.0,2,0,0.0,2,2026-03,2026-05
ANAWEST27,2026-04,2026-04-01,2026-04-30,0.0,0.0,0.0,0.0,0,0.0,0,2,0.0,Ferro,sem_dado,0.05,tiktok_seller_center,0,0,0,0,,,0.0,0.0,0,0.0,0,2,0.0,1,2026-04,2026-04
ANAZIRMANN,2026-02,2026-02-01,2026-02-28,0.0,0.0,0.0,0.0,0,0.0,0,4,0.0,Ferro,sem_dado,0.05,tiktok_seller_center,0,0,0,0,,,260.45,260.45,3,0.0,0,11,13.02,2,2026-01,2026-02
ANA_46553,2026-04,2026-04-01,2026-04-30,0.0,0.0,0.0,0.0,0,0.0,0,1,0.0,Ferro,sem_dado,0.05,tiktok_seller_center,0,0,0,0,,,0.0,0.0,0,0.0,0,1,0.0,1,2026-04,2026-04
ANA_ABADIE,2026-05,2026-05-01,2026-05-23,0.0,0.0,0.0,0.0,0,0.0,2,0,0.0,Ferro,sem_dado,0.05,tiktok_seller_center,1,0,0,0,,0,94.9,94.9,1,0.0,11,0,4.75,3,2026-03,2026-05
ANA_GORGATTI,2026-04,2026-04-01,2026-04-30,64.94,64.94,0.0,0.0,1,64.94,0,0,5.78,Ferro,sem_dado,0.05,tiktok_seller_center,1,0,1,0,,,64.94,64.94,1,0.0,0,0,3.25,1,2026-04,2026-04
ANA_PROGRESSIVAS,2026-05,2026-05-01,2026-05-23,0.0,0.0,0.0,0.0,0,0.0,0,1,0.0,Ferro,sem_dado,0.05,tiktok_seller_center,,0,0,0,,0,0.0,0.0,0,0.0,0,1,0.0,1,2026-05,2026-05
ANA_SC.28,2026-03,2026-03-01,2026-03-31,0.0,0.0,0.0,0.0,0,0.0,0,2,0.0,Ferro,sem_dado,0.05,tiktok_seller_center,0,0,0,0,,,0.0,0.0,0,0.0,0,2,0.0,1,2026-03,2026-03
ANA_SOFIA463,2026-03,2026-03-01,2026-03-31,0.0,0.0,0.0,0.0,0,0.0,2,0,0.0,Ferro,sem_dado,0.05,tiktok_seller_center,0,0,0,0,,,0.0,0.0,0,0.0,2,0,0.0,1,2026-03,2026-03
ANDERLIVIANA26,2026-05,2026-05-01,2026-05-23,0.0,0.0,0.0,0.0,0,0.0,0,2,0.0,Ferro,sem_dado,0.05,tiktok_seller_center,0,0,0,0,,0,0.0,0.0,0,0.0,2,21,0.0,3,2026-03,2026-05
ANDERPSILVA01,2026-03,2026-03-01,2026-03-31,0.0,0.0,0.0,0.0,0,0.0,1,0,0.0,Ferro,sem_dado,0.05,tiktok_seller_center,0,0,0,0,,,0.0,0.0,0,0.0,1,0,0.0,1,2026-03,2026-03
ANDERSON.MATA19,2026-02,2026-02-01,2026-02-28,0.0,0.0,0.0,0.0,0,0.0,1,0,0.0,Ferro,sem_dado,0.05,tiktok_seller_center,0,0,0,0,,,0.0,0.0,0,0.0,1,0,0.0,1,2026-02,2026-02
ANDERSONVICENTERECOMENDA,2026-03,2026-03-01,2026-03-31,0.0,0.0,0.0,0.0,0,0.0,1,0,0.0,Ferro,sem_dado,0.05,tiktok_seller_center,0,0,0,0,,,0.0,0.0,0,0.0,1,0,0.0,1,2026-03,2026-03
ANDRADE_EMME,2026-02,2026-02-01,2026-02-28,0.0,0.0,0.0,0.0,0,0.0,0,2,0.0,Ferro,sem_dado,0.05,tiktok_seller_center,0,0,0,0,,,0.0,0.0,0,0.0,0,2,0.0,1,2026-02,2026-02
ANDRANASCI,2026-03,2026-03-01,2026-03-31,0.0,0.0,0.0,0.0,0,0.0,0,1,0.0,Ferro,sem_dado,0.05,tiktok_seller_center,0,0,0,0,,,0.0,0.0,0,0.0,0,1,0.0,1,2026-03,2026-03
ANDREA.EXUBERANCE,2026-05,2026-05-01,2026-05-23,0.0,0.0,0.0,0.0,0,0.0,1,14,0.0,Ferro,sem_dado,0.05,tiktok_seller_center,0,0,0,0,,0,485.35,403.6,5,81.75,4,42,20.18,4,2026-01,2026-05
ANDREACOMETASHOP,2026-04,2026-04-01,2026-04-30,0.0,0.0,0.0,0.0,0,0.0,0,1,0.0,Ferro,sem_dado,0.05,tiktok_seller_center,0,0,0,0,,,0.0,0.0,0,0.0,0,1,0.0,1,2026-04,2026-04
ANDREACREATORSHOP,2026-04,2026-04-01,2026-04-30,0.0,0.0,0.0,0.0,0,0.0,0,4,0.0,Ferro,sem_dado,0.05,tiktok_seller_center,0,0,0,0,,,0.0,0.0,0,0.0,0,4,0.0,1,2026-04,2026-04
ANDREADECARVALHOINDICA,2026-02,2026-02-01,2026-02-28,0.0,0.0,0.0,0.0,0,0.0,0,1,0.0,Ferro,sem_dado,0.05,tiktok_seller_center,0,0,0,0,,,0.0,0.0,0,0.0,0,1,0.0,1,2026-02,2026-02
ANDREASCHAD1,2026-01,2026-01-06,2026-01-31,0.0,0.0,0.0,0.0,0,0.0,1,1,0.0,Ferro,sem_dado,0.05,tiktok_seller_center,0,0,0,0,,,0.0,0.0,0,0.0,1,1,0.0,1,2026-01,2026-01
ANDREASERRAO2022,2026-01,2026-01-06,2026-01-31,0.0,0.0,0.0,0.0,0,0.0,0,1,0.0,Ferro,sem_dado,0.05,tiktok_seller_center,0,0,0,0,,,0.0,0.0,0,0.0,0,1,0.0,1,2026-01,2026-01
ANDREASHOP20,2026-02,2026-02-01,2026-02-28,0.0,0.0,0.0,0.0,0,0.0,1,0,0.0,Ferro,sem_dado,0.05,tiktok_seller_center,0,0,0,0,,,0.0,0.0,0,0.0,1,0,0.0,1,2026-02,2026-02
ANDREIA.MDO,2026-05,2026-05-01,2026-05-23,0.0,0.0,0.0,0.0,0,0.0,0,1,0.0,Ferro,sem_dado,0.05,tiktok_seller_center,,0,0,0,,0,0.0,0.0,0,0.0,0,1,0.0,1,2026-05,2026-05
ANDREIA.VIVIANE.EC,2026-04,2026-04-01,2026-04-30,0.0,0.0,0.0,0.0,0,0.0,1,0,0.0,Ferro,sem_dado,0.05,tiktok_seller_center,0,0,0,0,,,0.0,0.0,0,0.0,1,0,0.0,1,2026-04,2026-04
ANDREIAMELLOM,2026-02,2026-02-01,2026-02-28,0.0,0.0,0.0,0.0,0,0.0,0,2,0.0,Ferro,sem_dado,0.05,tiktok_seller_center,0,0,0,0,,,0.0,0.0,0,0.0,0,2,0.0,1,2026-02,2026-02
ANDREIAREALIZA,2026-04,2026-04-01,2026-04-30,0.0,0.0,0.0,0.0,0,0.0,3,0,0.0,Ferro,sem_dado,0.05,tiktok_seller_center,0,0,0,0,,,0.0,0.0,0,0.0,3,0,0.0,1,2026-04,2026-04
ANDRESAVICTOR,2026-05,2026-05-01,2026-05-23,0.0,0.0,0.0,0.0,0,0.0,0,4,0.0,Ferro,sem_dado,0.05,tiktok_seller_center,,0,0,0,,0,0.0,0.0,0,0.0,0,4,0.0,1,2026-05,2026-05
ANDRESSA.CARVALHO5580,2026-03,2026-03-01,2026-03-31,0.0,0.0,0.0,0.0,0,0.0,2,0,0.0,Ferro,sem_dado,0.05,tiktok_seller_center,0,0,0,0,,,0.0,0.0,0,0.0,5,0,0.0,2,2026-02,2026-03
ANDRESSA.SHOPCREATOR,2026-02,2026-02-01,2026-02-28,0.0,0.0,0.0,0.0,0,0.0,0,1,0.0,Ferro,sem_dado,0.05,tiktok_seller_center,0,0,0,0,,,0.0,0.0,0,0.0,0,1,0.0,1,2026-02,2026-02
ANDRESSA.SILVAX,2026-05,2026-05-01,2026-05-23,0.0,0.0,0.0,0.0,0,0.0,0,23,0.0,Ferro,sem_dado,0.05,tiktok_seller_center,0,0,0,0,,0,0.0,0.0,0,0.0,0,25,0.0,2,2026-04,2026-05
ANDRESSA.VASZ,2026-03,2026-03-01,2026-03-31,151.38,151.38,0.0,0.0,1,151.38,4,0,14.44,Ferro,sem_dado,0.05,tiktok_seller_center,2,0,1,0,,,151.38,151.38,1,0.0,4,2,7.57,2,2026-02,2026-03
ANDRESSAALMEIDATKS,2026-04,2026-04-01,2026-04-30,0.0,0.0,0.0,0.0,0,0.0,0,1,0.0,Ferro,sem_dado,0.05,tiktok_seller_center,0,0,0,0,,,0.0,0.0,0,0.0,0,13,0.0,3,2026-02,2026-04
ANDRESSAARBR,2026-05,2026-05-01,2026-05-23,0.0,0.0,0.0,0.0,0,0.0,0,1,0.0,Ferro,sem_dado,0.05,tiktok_seller_center,,0,0,0,,0,0.0,0.0,0,0.0,0,1,0.0,1,2026-05,2026-05
ANDRESSABORCATH,2026-02,2026-02-01,2026-02-28,79.9,79.9,0.0,0.0,1,79.9,0,4,7.99,Ferro,sem_dado,0.05,tiktok_seller_center,1,0,1,0,,,79.9,79.9,1,0.0,0,4,4.0,1,2026-02,2026-02
ANDRESSACARITA,2026-01,2026-01-06,2026-01-31,0.0,0.0,0.0,0.0,0,0.0,1,0,0.0,Ferro,sem_dado,0.05,tiktok_seller_center,0,0,0,0,,,0.0,0.0,0,0.0,1,0,0.0,1,2026-01,2026-01
ANDRESSAESSENCIAFEMININA,2026-04,2026-04-01,2026-04-30,0.0,0.0,0.0,0.0,0,0.0,0,3,0.0,Ferro,sem_dado,0.05,tiktok_seller_center,0,0,0,0,,,0.0,0.0,0,0.0,0,3,0.0,1,2026-04,2026-04
ANDRESSAREISK,2026-05,2026-05-01,2026-05-23,0.0,0.0,0.0,0.0,0,0.0,0,3,0.0,Ferro,sem_dado,0.05,tiktok_seller_center,,0,0,0,,0,0.0,0.0,0,0.0,0,3,0.0,1,2026-05,2026-05
ANDRESSATIKTOKSHOP13,2026-05,2026-05-01,2026-05-23,0.0,0.0,0.0,0.0,0,0.0,0,2,0.0,Ferro,sem_dado,0.05,tiktok_seller_center,0,0,0,0,,0,0.0,0.0,0,0.0,0,5,0.0,2,2026-04,2026-05
ANDREWSCIH,2026-01,2026-01-06,2026-01-31,0.0,0.0,0.0,0.0,0,0.0,0,2,0.0,Ferro,sem_dado,0.05,tiktok_seller_center,0,0,0,0,,,0.0,0.0,0,0.0,0,2,0.0,1,2026-01,2026-01
ANDREYAFREITAS_,2026-03,2026-03-01,2026-03-31,0.0,0.0,0.0,0.0,0,0.0,3,9,0.0,Ferro,sem_dado,0.05,tiktok_seller_center,0,0,0,0,,,0.0,0.0,0,0.0,3,26,0.0,2,2026-02,2026-03
ANDREZA.KENIIA,2026-05,2026-05-01,2026-05-23,0.0,0.0,0.0,0.0,0,0.0,0,5,0.0,Ferro,sem_dado,0.05,tiktok_seller_center,0,0,0,0,,0,0.0,0.0,0,0.0,0,9,0.0,3,2026-02,2026-05
ANDREZAGOMES50,2026-05,2026-05-01,2026-05-23,0.0,0.0,0.0,0.0,0,0.0,0,4,0.0,Ferro,sem_dado,0.05,tiktok_seller_center,0,0,0,0,,0,0.0,0.0,0,0.0,0,5,0.0,2,2026-04,2026-05
ANDREZASILVA282,2026-02,2026-02-01,2026-02-28,0.0,0.0,0.0,0.0,0,0.0,0,1,0.0,Ferro,sem_dado,0.05,tiktok_seller_center,0,0,0,0,,,0.0,0.0,0,0.0,0,1,0.0,1,2026-02,2026-02
ANDRIELELR,2026-04,2026-04-01,2026-04-30,0.0,0.0,0.0,0.0,0,0.0,0,12,0.0,Ferro,sem_dado,0.05,tiktok_seller_center,0,0,0,0,,,0.0,0.0,0,0.0,0,20,0.0,2,2026-03,2026-04
ANDRIELESILVA13,2026-03,2026-03-01,2026-03-31,0.0,0.0,0.0,0.0,0,0.0,3,0,0.0,Ferro,sem_dado,0.05,tiktok_seller_center,0,0,0,0,,,0.0,0.0,0,0.0,3,0,0.0,1,2026-03,2026-03
ANDRIELLE.CREATOR,2026-04,2026-04-01,2026-04-30,0.0,0.0,0.0,0.0,0,0.0,2,2,0.0,Ferro,sem_dado,0.05,tiktok_seller_center,0,0,0,0,,,0.0,0.0,0,0.0,2,2,0.0,1,2026-04,2026-04
ANE.OLIVER97,2026-02,2026-02-01,2026-02-28,0.0,0.0,0.0,0.0,0,0.0,0,1,0.0,Ferro,sem_dado,0.05,tiktok_seller_center,0,0,0,0,,,0.0,0.0,0,0.0,0,1,0.0,1,2026-02,2026-02
ANECUNHA.OFICIAL,2026-03,2026-03-01,2026-03-31,0.0,0.0,0.0,0.0,0,0.0,0,1,0.0,Ferro,sem_dado,0.05,tiktok_seller_center,0,0,0,0,,,0.0,0.0,0,0.0,0,1,0.0,1,2026-03,2026-03
ANEPCSS,2026-05,2026-05-01,2026-05-23,0.0,0.0,0.0,0.0,0,0.0,0,8,0.0,Ferro,sem_dado,0.05,tiktok_seller_center,0,0,0,0,,0,89.52,89.52,1,0.0,0,58,4.48,3,2026-03,2026-05
ANGEL.COM2023,2026-01,2026-01-06,2026-01-31,0.0,0.0,0.0,0.0,0,0.0,0,1,0.0,Ferro,sem_dado,0.05,tiktok_seller_center,0,0,0,0,,,0.0,0.0,0,0.0,0,1,0.0,1,2026-01,2026-01
ANGELA.OLIVEIRA04,2026-01,2026-01-06,2026-01-31,0.0,0.0,0.0,0.0,0,0.0,0,1,0.0,Ferro,sem_dado,0.05,tiktok_seller_center,0,0,0,0,,,0.0,0.0,0,0.0,0,1,0.0,1,2026-01,2026-01
ANGELA100EU2,2026-03,2026-03-01,2026-03-31,0.0,0.0,0.0,0.0,0,0.0,0,2,0.0,Ferro,sem_dado,0.05,tiktok_seller_center,0,0,0,0,,,0.0,0.0,0,0.0,0,2,0.0,1,2026-03,2026-03
ANGELAANDRADESOARESMARQ4,2026-01,2026-01-06,2026-01-31,0.0,0.0,0.0,0.0,0,0.0,0,2,0.0,Ferro,sem_dado,0.05,tiktok_seller_center,0,0,0,0,,,0.0,0.0,0,0.0,0,2,0.0,1,2026-01,2026-01
ANGELABORGESSONHAR,2026-04,2026-04-01,2026-04-30,0.0,0.0,0.0,0.0,0,0.0,0,2,0.0,Ferro,sem_dado,0.05,tiktok_seller_center,0,0,0,0,,,0.0,0.0,0,0.0,0,5,0.0,2,2026-03,2026-04
ANGELACPGOMES_,2026-05,2026-05-01,2026-05-23,0.0,0.0,0.0,0.0,0,0.0,3,1,0.0,Ferro,sem_dado,0.05,tiktok_seller_center,0,0,0,0,,0,158.38,77.67999999999999,2,80.7,13,3,3.88,3,2026-03,2026-05
ANGELAPUNTEL,2026-05,2026-05-01,2026-05-23,0.0,0.0,0.0,0.0,0,0.0,0,2,0.0,Ferro,sem_dado,0.05,tiktok_seller_center,,0,0,0,,0,0.0,0.0,0,0.0,0,2,0.0,1,2026-05,2026-05
ANGELATIMBURI,2026-05,2026-05-01,2026-05-23,0.0,0.0,0.0,0.0,0,0.0,0,4,0.0,Ferro,sem_dado,0.05,tiktok_seller_center,2,0,0,0,,0,164.32,164.32,2,0.0,3,7,8.22,2,2026-04,2026-05
ANGELBRSHOP,2026-05,2026-05-01,2026-05-23,0.0,0.0,0.0,0.0,0,0.0,0,1,0.0,Ferro,sem_dado,0.05,tiktok_seller_center,0,0,0,0,,0,0.0,0.0,0,0.0,0,4,0.0,2,2026-04,2026-05
ANGELICA.BOSSONARO,2026-05,2026-05-01,2026-05-23,0.0,0.0,0.0,0.0,0,0.0,0,15,0.0,Ferro,sem_dado,0.05,tiktok_seller_center,0,0,0,0,,0,0.0,0.0,0,0.0,0,29,0.0,2,2026-04,2026-05
ANGELICAANTOS5,2026-05,2026-05-01,2026-05-23,0.0,0.0,0.0,0.0,0,0.0,9,2,0.0,Ferro,sem_dado,0.05,tiktok_seller_center,0,0,0,0,,0,0.0,0.0,0,0.0,9,54,0.0,5,2026-01,2026-05
ANGELICASANTANANAILDESIN,2026-05,2026-05-01,2026-05-23,0.0,0.0,0.0,0.0,0,0.0,4,0,0.0,Ferro,sem_dado,0.05,tiktok_seller_center,,0,0,0,,0,0.0,0.0,0,0.0,4,0,0.0,1,2026-05,2026-05
ANGELICA_INDICA,2026-04,2026-04-01,2026-04-30,0.0,0.0,0.0,0.0,0,0.0,2,0,0.0,Ferro,sem_dado,0.05,tiktok_seller_center,0,0,0,0,,,0.0,0.0,0,0.0,5,0,0.0,2,2026-03,2026-04
ANGELMODAEACHADINHOS,2026-05,2026-05-01,2026-05-23,0.0,0.0,0.0,0.0,0,0.0,3,1,0.0,Ferro,sem_dado,0.05,tiktok_seller_center,0,0,0,0,,0,0.0,0.0,0,0.0,7,1,0.0,2,2026-04,2026-05
ANGELRAMOSS.OFICIAL,2026-05,2026-05-01,2026-05-23,0.0,0.0,0.0,0.0,0,0.0,0,9,0.0,Ferro,sem_dado,0.05,tiktok_seller_center,3,0,0,0,,0,219.26,219.26,3,0.0,0,20,10.96,3,2026-03,2026-05
ANGEL_USER_777,2026-04,2026-04-01,2026-04-30,0.0,0.0,0.0,0.0,0,0.0,1,0,0.0,Ferro,sem_dado,0.05,tiktok_seller_center,0,0,0,0,,,0.0,0.0,0,0.0,2,0,0.0,2,2026-03,2026-04
ANGIEDFANTE,2026-02,2026-02-01,2026-02-28,0.0,0.0,0.0,0.0,0,0.0,0,4,0.0,Ferro,sem_dado,0.05,tiktok_seller_center,0,0,0,0,,,0.0,0.0,0,0.0,0,4,0.0,1,2026-02,2026-02
ANGIELLYCDEFANTE,2026-04,2026-04-01,2026-04-30,0.0,0.0,0.0,0.0,0,0.0,0,1,0.0,Ferro,sem_dado,0.05,tiktok_seller_center,0,0,0,0,,,0.0,0.0,0,0.0,0,1,0.0,1,2026-04,2026-04
ANIGERBAST0,2026-03,2026-03-01,2026-03-31,0.0,0.0,0.0,0.0,0,0.0,0,2,0.0,Ferro,sem_dado,0.05,tiktok_seller_center,0,0,0,0,,,0.0,0.0,0,0.0,0,10,0.0,2,2026-02,2026-03
ANINHA.PINHEIRO89,2026-05,2026-05-01,2026-05-23,0.0,0.0,0.0,0.0,0,0.0,1,0,0.0,Ferro,sem_dado,0.05,tiktok_seller_center,,0,0,0,,0,0.0,0.0,0,0.0,1,0,0.0,1,2026-05,2026-05
ANINHA.SHOP.CREATOR,2026-04,2026-04-01,2026-04-30,0.0,0.0,0.0,0.0,0,0.0,1,0,0.0,Ferro,sem_dado,0.05,tiktok_seller_center,0,0,0,0,,,0.0,0.0,0,0.0,1,0,0.0,1,2026-04,2026-04
ANINHA7556,2026-03,2026-03-01,2026-03-31,0.0,0.0,0.0,0.0,0,0.0,0,1,0.0,Ferro,sem_dado,0.05,tiktok_seller_center,0,0,0,0,,,0.0,0.0,0,0.0,0,1,0.0,1,2026-03,2026-03
ANINHADICAS,2026-04,2026-04-01,2026-04-30,0.0,0.0,0.0,0.0,0,0.0,1,0,0.0,Ferro,sem_dado,0.05,tiktok_seller_center,0,0,0,0,,,0.0,0.0,0,0.0,1,0,0.0,1,2026-04,2026-04
ANINHAINDICOU1,2026-04,2026-04-01,2026-04-30,0.0,0.0,0.0,0.0,0,0.0,2,0,0.0,Ferro,sem_dado,0.05,tiktok_seller_center,0,0,0,0,,,0.0,0.0,0,0.0,2,0,0.0,1,2026-04,2026-04
ANINHALPSSRJ,2026-04,2026-04-01,2026-04-30,0.0,0.0,0.0,0.0,0,0.0,0,1,0.0,Ferro,sem_dado,0.05,tiktok_seller_center,0,0,0,0,,,0.0,0.0,0,0.0,0,19,0.0,3,2026-02,2026-04
ANINHA_INDICAA,2026-03,2026-03-01,2026-03-31,0.0,0.0,0.0,0.0,0,0.0,3,0,0.0,Ferro,sem_dado,0.05,tiktok_seller_center,0,0,0,0,,,0.0,0.0,0,0.0,3,0,0.0,1,2026-03,2026-03
ANNA.FREITAS55,2026-03,2026-03-01,2026-03-31,0.0,0.0,0.0,0.0,0,0.0,0,1,0.0,Ferro,sem_dado,0.05,tiktok_seller_center,0,0,0,0,,,0.0,0.0,0,0.0,0,1,0.0,1,2026-03,2026-03
ANNA.KARLARODRIGUES,2026-04,2026-04-01,2026-04-30,0.0,0.0,0.0,0.0,0,0.0,0,1,0.0,Ferro,sem_dado,0.05,tiktok_seller_center,0,0,0,0,,,0.0,0.0,0,0.0,2,1,0.0,2,2026-02,2026-04
ANNA.MLZB,2026-04,2026-04-01,2026-04-30,0.0,0.0,0.0,0.0,0,0.0,1,0,0.0,Ferro,sem_dado,0.05,tiktok_seller_center,0,0,0,0,,,335.02,335.02,5,0.0,1,5,16.75,3,2026-01,2026-04
ANNAFLLAVIAH,2026-03,2026-03-01,2026-03-31,0.0,0.0,0.0,0.0,0,0.0,0,10,0.0,Ferro,sem_dado,0.05,tiktok_seller_center,0,0,0,0,,,0.0,0.0,0,0.0,0,10,0.0,1,2026-03,2026-03
ANNAGLORIADAILY,2026-05,2026-05-01,2026-05-23,0.0,0.0,0.0,0.0,0,0.0,0,2,0.0,Ferro,sem_dado,0.05,tiktok_seller_center,0,0,0,0,,0,0.0,0.0,0,0.0,0,3,0.0,2,2026-04,2026-05
ANNALIMA_041,2026-05,2026-05-01,2026-05-23,0.0,0.0,0.0,0.0,0,0.0,0,17,0.0,Ferro,sem_dado,0.05,tiktok_seller_center,0,0,0,0,,0,0.0,0.0,0,0.0,1,17,0.0,2,2026-04,2026-05
ANNALUIZA.SHOP,2026-03,2026-03-01,2026-03-31,143.24,62.540000000000006,80.7,56.34,2,71.62,6,0,15.21,Ferro,sem_dado,0.05,tiktok_seller_center,2,1,1,0,,,507.72,427.02000000000004,7,80.7,6,7,21.35,3,2026-01,2026-03
ANNALUMODA,2026-04,2026-04-01,2026-04-30,0.0,0.0,0.0,0.0,0,0.0,0,1,0.0,Ferro,sem_dado,0.05,tiktok_seller_center,0,0,0,0,,,0.0,0.0,0,0.0,1,2,0.0,2,2026-03,2026-04
ANNAMOTA.OFICIAL,2026-04,2026-04-01,2026-04-30,0.0,0.0,0.0,0.0,0,0.0,0,1,0.0,Ferro,sem_dado,0.05,tiktok_seller_center,0,0,0,0,,,0.0,0.0,0,0.0,0,1,0.0,1,2026-04,2026-04
ANNASILVA_AC1,2026-04,2026-04-01,2026-04-30,0.0,0.0,0.0,0.0,0,0.0,1,0,0.0,Ferro,sem_dado,0.05,tiktok_seller_center,0,0,0,0,,,79.9,79.9,1,0.0,1,0,4.0,2,2026-03,2026-04
ANNASOUZA885,2026-05,2026-05-01,2026-05-23,0.0,0.0,0.0,0.0,0,0.0,0,2,0.0,Ferro,sem_dado,0.05,tiktok_seller_center,,0,0,0,,0,0.0,0.0,0,0.0,0,2,0.0,1,2026-05,2026-05
ANNECREATOR,2026-05,2026-05-01,2026-05-23,0.0,0.0,0.0,0.0,0,0.0,0,6,0.0,Ferro,sem_dado,0.05,tiktok_seller_center,,0,0,0,,0,0.0,0.0,0,0.0,0,6,0.0,1,2026-05,2026-05
ANNEEAMNE1,2026-02,2026-02-01,2026-02-28,0.0,0.0,0.0,0.0,0,0.0,2,0,0.0,Ferro,sem_dado,0.05,tiktok_seller_center,0,0,0,0,,,0.0,0.0,0,0.0,2,0,0.0,1,2026-02,2026-02
ANNY.INSPIRASP,2026-05,2026-05-01,2026-05-23,0.0,0.0,0.0,0.0,0,0.0,3,0,0.0,Ferro,sem_dado,0.05,tiktok_seller_center,,0,0,0,,0,0.0,0.0,0,0.0,3,0,0.0,1,2026-05,2026-05
ANNYBRAND_,2026-03,2026-03-01,2026-03-31,0.0,0.0,0.0,0.0,0,0.0,1,0,0.0,Ferro,sem_dado,0.05,tiktok_seller_center,0,0,0,0,,,0.0,0.0,0,0.0,1,0,0.0,1,2026-03,2026-03
ANNYSC2026,2026-05,2026-05-01,2026-05-23,0.0,0.0,0.0,0.0,0,0.0,0,1,0.0,Ferro,sem_dado,0.05,tiktok_seller_center,,0,0,0,,0,0.0,0.0,0,0.0,0,1,0.0,1,2026-05,2026-05
ANTONI.DIAS98,2026-04,2026-04-01,2026-04-30,0.0,0.0,0.0,0.0,0,0.0,0,29,0.0,Ferro,sem_dado,0.05,tiktok_seller_center,0,0,0,0,,,0.0,0.0,0,0.0,0,51,0.0,3,2026-02,2026-04
ANTONIATEIXEIRARI,2026-05,2026-05-01,2026-05-23,0.0,0.0,0.0,0.0,0,0.0,0,1,0.0,Ferro,sem_dado,0.05,tiktok_seller_center,,0,0,0,,0,0.0,0.0,0,0.0,0,1,0.0,1,2026-05,2026-05
ANTONIOLUIZDIAS0,2026-05,2026-05-01,2026-05-23,0.0,0.0,0.0,0.0,0,0.0,0,1,0.0,Ferro,sem_dado,0.05,tiktok_seller_center,0,0,0,0,,0,0.0,0.0,0,0.0,0,22,0.0,2,2026-04,2026-05
ANTONYAINDICA.OFC,2026-02,2026-02-01,2026-02-28,0.0,0.0,0.0,0.0,0,0.0,1,0,0.0,Ferro,sem_dado,0.05,tiktok_seller_center,0,0,0,0,,,0.0,0.0,0,0.0,1,0,0.0,1,2026-02,2026-02
ANYDOMINGUES,2026-03,2026-03-01,2026-03-31,0.0,0.0,0.0,0.0,0,0.0,0,5,0.0,Ferro,sem_dado,0.05,tiktok_seller_center,0,0,0,0,,,0.0,0.0,0,0.0,0,5,0.0,1,2026-03,2026-03
ANYINFLUENCER,2026-03,2026-03-01,2026-03-31,0.0,0.0,0.0,0.0,0,0.0,1,0,0.0,Ferro,sem_dado,0.05,tiktok_seller_center,0,0,0,0,,,0.0,0.0,0,0.0,1,0,0.0,1,2026-03,2026-03
ANY_SHOOP,2026-03,2026-03-01,2026-03-31,0.0,0.0,0.0,0.0,0,0.0,3,0,0.0,Ferro,sem_dado,0.05,tiktok_seller_center,0,0,0,0,,,0.0,0.0,0,0.0,3,0,0.0,1,2026-03,2026-03
APARECIDA.VENTURA8,2026-05,2026-05-01,2026-05-23,0.0,0.0,0.0,0.0,0,0.0,0,1,0.0,Ferro,sem_dado,0.05,tiktok_seller_center,0,0,0,0,,0,0.0,0.0,0,0.0,0,2,0.0,2,2026-04,2026-05
APEGARDEN,2026-02,2026-02-01,2026-02-28,0.0,0.0,0.0,0.0,0,0.0,0,2,0.0,Ferro,sem_dado,0.05,tiktok_seller_center,0,0,0,0,,,0.0,0.0,0,0.0,0,2,0.0,1,2026-02,2026-02
APENASCLIQUE1,2026-01,2026-01-06,2026-01-31,0.0,0.0,0.0,0.0,0,0.0,1,0,0.0,Ferro,sem_dado,0.05,tiktok_seller_center,0,0,0,0,,,0.0,0.0,0,0.0,1,0,0.0,1,2026-01,2026-01
APROVADOSSHOP,2026-03,2026-03-01,2026-03-31,0.0,0.0,0.0,0.0,0,0.0,1,0,0.0,Ferro,sem_dado,0.05,tiktok_seller_center,0,0,0,0,,,0.0,0.0,0,0.0,2,0,0.0,2,2026-01,2026-03
AQUIASUAVIDAFICAMELHOR,2026-02,2026-02-01,2026-02-28,0.0,0.0,0.0,0.0,0,0.0,0,3,0.0,Ferro,sem_dado,0.05,tiktok_seller_center,0,0,0,0,,,0.0,0.0,0,0.0,0,3,0.0,1,2026-02,2026-02
AQUILALEMOS2,2026-04,2026-04-01,2026-04-30,78.3,78.3,0.0,0.0,1,78.3,0,2,7.99,Ferro,sem_dado,0.05,tiktok_seller_center,1,0,1,0,,,78.3,78.3,1,0.0,0,3,3.92,2,2026-03,2026-04
ARAUJOGAMESHOP,2026-02,2026-02-01,2026-02-28,0.0,0.0,0.0,0.0,0,0.0,0,1,0.0,Ferro,sem_dado,0.05,tiktok_seller_center,0,0,0,0,,,0.0,0.0,0,0.0,0,1,0.0,1,2026-02,2026-02
ARENATAJARDIM,2026-05,2026-05-01,2026-05-23,798.53,223.31999999999994,575.21,72.03,8,99.82,21,0,66.92,Bronze,sem_dado,0.07,tiktok_seller_center,59,7,1,0,,8,8371.48,7032.530000000001,99,1338.95,89,0,428.53000000000003,4,2026-02,2026-05
ARENATALOPES,2026-03,2026-03-01,2026-03-31,0.0,0.0,0.0,0.0,0,0.0,16,0,0.0,Ferro,sem_dado,0.05,tiktok_seller_center,0,0,0,0,,,0.0,0.0,0,0.0,17,0,0.0,2,2026-02,2026-03
ARIA.VALMONT,2026-02,2026-02-01,2026-02-28,0.0,0.0,0.0,0.0,0,0.0,3,0,0.0,Ferro,sem_dado,0.05,tiktok_seller_center,0,0,0,0,,,0.0,0.0,0,0.0,3,0,0.0,1,2026-02,2026-02
ARIADINISHOP,2026-03,2026-03-01,2026-03-31,0.0,0.0,0.0,0.0,0,0.0,0,3,0.0,Ferro,sem_dado,0.05,tiktok_seller_center,0,0,0,0,,,0.0,0.0,0,0.0,0,3,0.0,1,2026-03,2026-03
ARIANE.FERREIRA15,2026-05,2026-05-01,2026-05-23,0.0,0.0,0.0,0.0,0,0.0,0,1,0.0,Ferro,sem_dado,0.05,tiktok_seller_center,1,0,0,0,,0,64.94,64.94,1,0.0,0,1,3.25,2,2026-03,2026-05
ARIANECRETORSHOP,2026-03,2026-03-01,2026-03-31,0.0,0.0,0.0,0.0,0,0.0,1,0,0.0,Ferro,sem_dado,0.05,tiktok_seller_center,0,0,0,0,,,0.0,0.0,0,0.0,1,0,0.0,1,2026-03,2026-03
ARIANELIC,2026-04,2026-04-01,2026-04-30,0.0,0.0,0.0,0.0,0,0.0,5,0,0.0,Ferro,sem_dado,0.05,tiktok_seller_center,0,0,0,0,,,0.0,0.0,0,0.0,5,0,0.0,1,2026-04,2026-04
ARIANEMACHADO807,2026-05,2026-05-01,2026-05-23,0.0,0.0,0.0,0.0,0,0.0,0,1,0.0,Ferro,sem_dado,0.05,tiktok_seller_center,0,0,0,0,,0,0.0,0.0,0,0.0,0,3,0.0,2,2026-04,2026-05
ARIELLE.CARLA,2026-05,2026-05-01,2026-05-23,0.0,0.0,0.0,0.0,0,0.0,0,1,0.0,Ferro,sem_dado,0.05,tiktok_seller_center,,0,0,0,,0,0.0,0.0,0,0.0,0,1,0.0,1,2026-05,2026-05
ARII80101,2026-04,2026-04-01,2026-04-30,0.0,0.0,0.0,0.0,0,0.0,4,1,0.0,Ferro,sem_dado,0.05,tiktok_seller_center,0,0,0,0,,,0.0,0.0,0,0.0,4,1,0.0,1,2026-04,2026-04
ARIIANECOSTACONT,2026-04,2026-04-01,2026-04-30,90.79,90.79,0.0,0.0,1,90.79,0,3,9.0,Ferro,sem_dado,0.05,tiktok_seller_center,1,0,1,0,,,90.79,90.79,1,0.0,1,3,4.54,2,2026-03,2026-04
ARIIIANE.VIEIRA,2026-04,2026-04-01,2026-04-30,0.0,0.0,0.0,0.0,0,0.0,0,1,0.0,Ferro,sem_dado,0.05,tiktok_seller_center,0,0,0,0,,,0.0,0.0,0,0.0,0,1,0.0,1,2026-04,2026-04
ARIZAMOTA13,2026-03,2026-03-01,2026-03-31,0.0,0.0,0.0,0.0,0,0.0,1,3,0.0,Ferro,sem_dado,0.05,tiktok_seller_center,0,0,0,0,,,0.0,0.0,0,0.0,1,3,0.0,1,2026-03,2026-03
ARLETEBORGES511,2026-05,2026-05-01,2026-05-23,0.0,0.0,0.0,0.0,0,0.0,0,10,0.0,Ferro,sem_dado,0.05,tiktok_seller_center,0,0,0,0,,0,0.0,0.0,0,0.0,0,21,0.0,2,2026-04,2026-05
ARNALDO_INDICA,2026-02,2026-02-01,2026-02-28,0.0,0.0,0.0,0.0,0,0.0,0,1,0.0,Ferro,sem_dado,0.05,tiktok_seller_center,0,0,0,0,,,0.0,0.0,0,0.0,0,1,0.0,1,2026-02,2026-02
ARTHURSHOPPCREATOR,2026-02,2026-02-01,2026-02-28,83.1,0.0,83.1,100.0,1,83.1,0,0,7.99,Ferro,sem_dado,0.05,tiktok_seller_center,1,1,1,0,,,83.1,0.0,1,83.1,0,0,0.0,1,2026-02,2026-02
ARTSDREAMS183,2026-02,2026-02-01,2026-02-28,0.0,0.0,0.0,0.0,0,0.0,0,8,0.0,Ferro,sem_dado,0.05,tiktok_seller_center,0,0,0,0,,,252.48,252.48,3,0.0,0,27,12.62,2,2026-01,2026-02
ARY.FITOFICIAL,2026-03,2026-03-01,2026-03-31,0.0,0.0,0.0,0.0,0,0.0,0,1,0.0,Ferro,sem_dado,0.05,tiktok_seller_center,0,0,0,0,,,0.0,0.0,0,0.0,0,2,0.0,2,2026-02,2026-03
ASCOMPRINHASDAMERI,2026-04,2026-04-01,2026-04-30,0.0,0.0,0.0,0.0,0,0.0,0,9,0.0,Ferro,sem_dado,0.05,tiktok_seller_center,0,0,0,0,,,0.0,0.0,0,0.0,0,11,0.0,2,2026-03,2026-04
ASOLALMEIDA,2026-04,2026-04-01,2026-04-30,0.0,0.0,0.0,0.0,0,0.0,1,0,0.0,Ferro,sem_dado,0.05,tiktok_seller_center,0,0,0,0,,,0.0,0.0,0,0.0,1,0,0.0,1,2026-04,2026-04
ASSUCENAPASSARI,2026-02,2026-02-01,2026-02-28,0.0,0.0,0.0,0.0,0,0.0,4,2,0.0,Ferro,sem_dado,0.05,tiktok_seller_center,0,0,0,0,,,0.0,0.0,0,0.0,4,3,0.0,2,2026-01,2026-02
ASTEPHANIEARCANJO,2026-04,2026-04-01,2026-04-30,0.0,0.0,0.0,0.0,0,0.0,0,5,0.0,Ferro,sem_dado,0.05,tiktok_seller_center,0,0,0,0,,,0.0,0.0,0,0.0,0,9,0.0,2,2026-03,2026-04
ASUELEN18,2026-05,2026-05-01,2026-05-23,0.0,0.0,0.0,0.0,0,0.0,0,1,0.0,Ferro,sem_dado,0.05,tiktok_seller_center,,0,0,0,,0,0.0,0.0,0,0.0,0,1,0.0,1,2026-05,2026-05
ATAICARVALHO_,2026-03,2026-03-01,2026-03-31,95.67,95.67,0.0,0.0,1,95.67,0,0,7.99,Ferro,sem_dado,0.05,tiktok_seller_center,1,0,1,0,,,95.67,95.67,1,0.0,0,0,4.78,1,2026-03,2026-03
ATALDABIADOCONSORCIOO,2026-05,2026-05-01,2026-05-23,0.0,0.0,0.0,0.0,0,0.0,0,1,0.0,Ferro,sem_dado,0.05,tiktok_seller_center,,0,0,0,,0,0.0,0.0,0,0.0,0,1,0.0,1,2026-05,2026-05
ATALDETHAY2,2026-05,2026-05-01,2026-05-23,0.0,0.0,0.0,0.0,0,0.0,0,2,0.0,Ferro,sem_dado,0.05,tiktok_seller_center,0,0,0,0,,0,0.0,0.0,0,0.0,0,4,0.0,2,2026-04,2026-05
ATANIACARNEIRO,2026-01,2026-01-06,2026-01-31,63.3,63.3,0.0,0.0,1,63.3,0,0,7.6,Ferro,sem_dado,0.05,tiktok_seller_center,1,0,1,0,,,63.3,63.3,1,0.0,0,0,3.17,1,2026-01,2026-01
ATELIERDAYRCA,2026-02,2026-02-01,2026-02-28,0.0,0.0,0.0,0.0,0,0.0,1,0,0.0,Ferro,sem_dado,0.05,tiktok_seller_center,0,0,0,0,,,0.0,0.0,0,0.0,1,0,0.0,1,2026-02,2026-02
ATELIERROSE.BR,2026-05,2026-05-01,2026-05-23,0.0,0.0,0.0,0.0,0,0.0,1,0,0.0,Ferro,sem_dado,0.05,tiktok_seller_center,,0,0,0,,0,0.0,0.0,0,0.0,1,0,0.0,1,2026-05,2026-05
ATESTADORA,2026-05,2026-05-01,2026-05-23,0.0,0.0,0.0,0.0,0,0.0,0,1,0.0,Ferro,sem_dado,0.05,tiktok_seller_center,,0,0,0,,0,0.0,0.0,0,0.0,0,1,0.0,1,2026-05,2026-05
ATHAISFAVERO,2026-04,2026-04-01,2026-04-30,146.84,146.84,0.0,0.0,2,73.42,0,0,15.21,Ferro,sem_dado,0.05,tiktok_seller_center,2,0,1,0,,,1086.92,941.2800000000001,14,145.64,7,0,47.06,3,2026-02,2026-04
ATILEYFERNANDES,2026-04,2026-04-01,2026-04-30,0.0,0.0,0.0,0.0,0,0.0,0,9,0.0,Ferro,sem_dado,0.05,tiktok_seller_center,0,0,0,0,,,0.0,0.0,0,0.0,5,11,0.0,3,2026-02,2026-04
ATLMDT2,2026-04,2026-04-01,2026-04-30,0.0,0.0,0.0,0.0,0,0.0,1,0,0.0,Ferro,sem_dado,0.05,tiktok_seller_center,0,0,0,0,,,0.0,0.0,0,0.0,1,0,0.0,1,2026-04,2026-04
ATREVIDASISTERSPINK,2026-05,2026-05-01,2026-05-23,0.0,0.0,0.0,0.0,0,0.0,2,0,0.0,Ferro,sem_dado,0.05,tiktok_seller_center,,0,0,0,,0,0.0,0.0,0,0.0,2,0,0.0,1,2026-05,2026-05
AUGUSTOCREVI,2026-03,2026-03-01,2026-03-31,0.0,0.0,0.0,0.0,0,0.0,0,1,0.0,Ferro,sem_dado,0.05,tiktok_seller_center,0,0,0,0,,,0.0,0.0,0,0.0,0,3,0.0,2,2026-02,2026-03
AURA.GOLDLINE,2026-03,2026-03-01,2026-03-31,0.0,0.0,0.0,0.0,0,0.0,3,0,0.0,Ferro,sem_dado,0.05,tiktok_seller_center,0,0,0,0,,,0.0,0.0,0,0.0,3,0,0.0,1,2026-03,2026-03
AURELIO_SANTOS27,2026-05,2026-05-01,2026-05-23,0.0,0.0,0.0,0.0,0,0.0,0,1,0.0,Ferro,sem_dado,0.05,tiktok_seller_center,,0,0,0,,0,0.0,0.0,0,0.0,0,1,0.0,1,2026-05,2026-05
AUROORAAA011,2026-02,2026-02-01,2026-02-28,0.0,0.0,0.0,0.0,0,0.0,1,0,0.0,Ferro,sem_dado,0.05,tiktok_seller_center,0,0,0,0,,,0.0,0.0,0,0.0,1,0,0.0,1,2026-02,2026-02
AURORAFITSHOP,2026-03,2026-03-01,2026-03-31,0.0,0.0,0.0,0.0,0,0.0,2,0,0.0,Ferro,sem_dado,0.05,tiktok_seller_center,0,0,0,0,,,0.0,0.0,0,0.0,2,0,0.0,1,2026-03,2026-03
AURORAINDICA_TKS,2026-04,2026-04-01,2026-04-30,0.0,0.0,0.0,0.0,0,0.0,1,0,0.0,Ferro,sem_dado,0.05,tiktok_seller_center,0,0,0,0,,,0.0,0.0,0,0.0,1,0,0.0,1,2026-04,2026-04
AURORAMIX01,2026-03,2026-03-01,2026-03-31,0.0,0.0,0.0,0.0,0,0.0,1,2,0.0,Ferro,sem_dado,0.05,tiktok_seller_center,0,0,0,0,,,0.0,0.0,0,0.0,1,2,0.0,1,2026-03,2026-03
AURORANEWERA,2026-02,2026-02-01,2026-02-28,0.0,0.0,0.0,0.0,0,0.0,0,3,0.0,Ferro,sem_dado,0.05,tiktok_seller_center,0,0,0,0,,,0.0,0.0,0,0.0,0,4,0.0,2,2026-01,2026-02
AURORASHOP75,2026-04,2026-04-01,2026-04-30,0.0,0.0,0.0,0.0,0,0.0,1,1,0.0,Ferro,sem_dado,0.05,tiktok_seller_center,0,0,0,0,,,0.0,0.0,0,0.0,1,1,0.0,1,2026-04,2026-04
AURORASHOP_OFC,2026-04,2026-04-01,2026-04-30,0.0,0.0,0.0,0.0,0,0.0,2,0,0.0,Ferro,sem_dado,0.05,tiktok_seller_center,0,0,0,0,,,0.0,0.0,0,0.0,2,0,0.0,1,2026-04,2026-04
AVELINASANTOS10,2026-03,2026-03-01,2026-03-31,0.0,0.0,0.0,0.0,0,0.0,0,6,0.0,Ferro,sem_dado,0.05,tiktok_seller_center,0,0,0,0,,,0.0,0.0,0,0.0,0,10,0.0,2,2026-02,2026-03
AVELINOGIOVANA,2026-02,2026-02-01,2026-02-28,0.0,0.0,0.0,0.0,0,0.0,1,0,0.0,Ferro,sem_dado,0.05,tiktok_seller_center,0,0,0,0,,,0.0,0.0,0,0.0,1,0,0.0,1,2026-02,2026-02
AVITRINE77,2026-04,2026-04-01,2026-04-30,0.0,0.0,0.0,0.0,0,0.0,0,2,0.0,Ferro,sem_dado,0.05,tiktok_seller_center,0,0,0,0,,,0.0,0.0,0,0.0,0,2,0.0,1,2026-04,2026-04
AVIVIMONTEIRO,2026-02,2026-02-01,2026-02-28,0.0,0.0,0.0,0.0,0,0.0,1,0,0.0,Ferro,sem_dado,0.05,tiktok_seller_center,0,0,0,0,,,0.0,0.0,0,0.0,1,0,0.0,1,2026-02,2026-02
AXBARBARA,2026-02,2026-02-01,2026-02-28,0.0,0.0,0.0,0.0,0,0.0,1,0,0.0,Ferro,sem_dado,0.05,tiktok_seller_center,0,0,0,0,,,0.0,0.0,0,0.0,1,0,0.0,1,2026-02,2026-02
AYASMINGONZALEZ,2026-05,2026-05-01,2026-05-23,0.0,0.0,0.0,0.0,0,0.0,3,1,0.0,Ferro,sem_dado,0.05,tiktok_seller_center,,0,0,0,,0,0.0,0.0,0,0.0,3,1,0.0,1,2026-05,2026-05
AYASMINOLIVEIRA1,2026-05,2026-05-01,2026-05-23,0.0,0.0,0.0,0.0,0,0.0,0,2,0.0,Ferro,sem_dado,0.05,tiktok_seller_center,0,0,0,0,,0,0.0,0.0,0,0.0,0,4,0.0,2,2026-04,2026-05
AYLA.AYLLA3,2026-03,2026-03-01,2026-03-31,0.0,0.0,0.0,0.0,0,0.0,1,0,0.0,Ferro,sem_dado,0.05,tiktok_seller_center,0,0,0,0,,,0.0,0.0,0,0.0,1,0,0.0,1,2026-03,2026-03
AYLAINDICABR,2026-03,2026-03-01,2026-03-31,0.0,0.0,0.0,0.0,0,0.0,1,0,0.0,Ferro,sem_dado,0.05,tiktok_seller_center,0,0,0,0,,,0.0,0.0,0,0.0,1,0,0.0,1,2026-03,2026-03
AYLANAVARRO_,2026-03,2026-03-01,2026-03-31,0.0,0.0,0.0,0.0,0,0.0,0,2,0.0,Ferro,sem_dado,0.05,tiktok_seller_center,0,0,0,0,,,0.0,0.0,0,0.0,2,2,0.0,2,2026-02,2026-03
AYLASILVACLOSET,2026-05,2026-05-01,2026-05-23,0.0,0.0,0.0,0.0,0,0.0,2,0,0.0,Ferro,sem_dado,0.05,tiktok_seller_center,,0,0,0,,0,0.0,0.0,0,0.0,2,0,0.0,1,2026-05,2026-05
AYLASOUZACREATOR,2026-05,2026-05-01,2026-05-23,0.0,0.0,0.0,0.0,0,0.0,0,1,0.0,Ferro,sem_dado,0.05,tiktok_seller_center,,0,0,0,,0,0.0,0.0,0,0.0,0,1,0.0,1,2026-05,2026-05
AYLA_SHOP26,2026-05,2026-05-01,2026-05-23,103.3,103.3,0.0,0.0,1,103.3,0,0,8.79,Ferro,sem_dado,0.05,tiktok_seller_center,,0,1,0,,1,103.3,103.3,1,0.0,0,0,5.17,1,2026-05,2026-05
AYLLA_MORGANA,2026-05,2026-05-01,2026-05-23,0.0,0.0,0.0,0.0,0,0.0,1,0,0.0,Ferro,sem_dado,0.05,tiktok_seller_center,,0,0,0,,0,0.0,0.0,0,0.0,1,0,0.0,1,2026-05,2026-05
AYUME18,2026-01,2026-01-06,2026-01-31,0.0,0.0,0.0,0.0,0,0.0,1,0,0.0,Ferro,sem_dado,0.05,tiktok_seller_center,0,0,0,0,,,0.0,0.0,0,0.0,1,0,0.0,1,2026-01,2026-01
AZEVEDO.ELIANE,2026-04,2026-04-01,2026-04-30,0.0,0.0,0.0,0.0,0,0.0,0,1,0.0,Ferro,sem_dado,0.05,tiktok_seller_center,0,0,0,0,,,0.0,0.0,0,0.0,0,1,0.0,1,2026-04,2026-04
B0HVYCEAQ4,2026-01,2026-01-06,2026-01-31,0.0,0.0,0.0,0.0,0,0.0,1,0,0.0,Ferro,sem_dado,0.05,tiktok_seller_center,0,0,0,0,,,0.0,0.0,0,0.0,1,0,0.0,1,2026-01,2026-01
BABI.MARTINS.2026,2026-04,2026-04-01,2026-04-30,0.0,0.0,0.0,0.0,0,0.0,0,14,0.0,Ferro,sem_dado,0.05,tiktok_seller_center,0,0,0,0,,,0.0,0.0,0,0.0,2,24,0.0,2,2026-03,2026-04
BABIMONTENARIO,2026-05,2026-05-01,2026-05-23,0.0,0.0,0.0,0.0,0,0.0,0,14,0.0,Ferro,sem_dado,0.05,tiktok_seller_center,0,0,0,0,,0,0.0,0.0,0,0.0,0,17,0.0,2,2026-04,2026-05
BABIRECOMENDAMODA,2026-03,2026-03-01,2026-03-31,0.0,0.0,0.0,0.0,0,0.0,1,0,0.0,Ferro,sem_dado,0.05,tiktok_seller_center,0,0,0,0,,,0.0,0.0,0,0.0,1,0,0.0,1,2026-03,2026-03
BARARDI1,2026-02,2026-02-01,2026-02-28,0.0,0.0,0.0,0.0,0,0.0,0,3,0.0,Ferro,sem_dado,0.05,tiktok_seller_center,0,0,0,0,,,0.0,0.0,0,0.0,0,4,0.0,2,2026-01,2026-02
BARBARA.DAILY8,2026-02,2026-02-01,2026-02-28,0.0,0.0,0.0,0.0,0,0.0,0,2,0.0,Ferro,sem_dado,0.05,tiktok_seller_center,0,0,0,0,,,0.0,0.0,0,0.0,0,2,0.0,1,2026-02,2026-02
BARBARAMIRANDASHOP,2026-04,2026-04-01,2026-04-30,644.82,485.32000000000005,159.5,24.74,8,80.6,2,0,62.38,Ferro,sem_dado,0.05,tiktok_seller_center,8,2,1,0,,,1369.25,1129.85,17,239.4,47,0,56.5,3,2026-02,2026-04
BARBERINHONEVOU,2026-03,2026-03-01,2026-03-31,0.0,0.0,0.0,0.0,0,0.0,0,2,0.0,Ferro,sem_dado,0.05,tiktok_seller_center,0,0,0,0,,,0.0,0.0,0,0.0,0,2,0.0,1,2026-03,2026-03
BARBIEALQUIMISTA,2026-02,2026-02-01,2026-02-28,0.0,0.0,0.0,0.0,0,0.0,0,3,0.0,Ferro,sem_dado,0.05,tiktok_seller_center,0,0,0,0,,,0.0,0.0,0,0.0,0,3,0.0,1,2026-02,2026-02
BARIMALIFE,2026-05,2026-05-01,2026-05-23,0.0,0.0,0.0,0.0,0,0.0,0,1,0.0,Ferro,sem_dado,0.05,tiktok_seller_center,,0,0,0,,0,0.0,0.0,0,0.0,0,1,0.0,1,2026-05,2026-05
BARRETOBELLA,2026-05,2026-05-01,2026-05-23,0.0,0.0,0.0,0.0,0,0.0,0,1,0.0,Ferro,sem_dado,0.05,tiktok_seller_center,,0,0,0,,0,0.0,0.0,0,0.0,0,1,0.0,1,2026-05,2026-05
BASTOSSANNA,2026-03,2026-03-01,2026-03-31,0.0,-63.22,63.22,0.0,0,0.0,0,2,0.0,Ferro,sem_dado,0.05,tiktok_seller_center,0,1,0,0,,,210.48,73.53,3,136.95,0,9,3.6799999999999997,3,2026-01,2026-03
BATIVERSO,2026-04,2026-04-01,2026-04-30,0.0,0.0,0.0,0.0,0,0.0,1,0,0.0,Ferro,sem_dado,0.05,tiktok_seller_center,0,0,0,0,,,0.0,0.0,0,0.0,1,0,0.0,1,2026-04,2026-04
BAZARDOTIKTOK1,2026-04,2026-04-01,2026-04-30,0.0,0.0,0.0,0.0,0,0.0,0,23,0.0,Ferro,sem_dado,0.05,tiktok_seller_center,0,0,0,0,,,0.0,0.0,0,0.0,0,60,0.0,3,2026-02,2026-04
BBD36293,2026-05,2026-05-01,2026-05-23,94.9,94.9,0.0,0.0,1,94.9,1,0,7.99,Ferro,sem_dado,0.05,tiktok_seller_center,,0,1,0,,1,94.9,94.9,1,0.0,1,0,4.75,1,2026-05,2026-05
BBRUALVESS,2026-04,2026-04-01,2026-04-30,165.11,165.11,0.0,0.0,2,82.56,1,0,15.82,Bronze,sem_dado,0.07,tiktok_seller_center,2,0,1,0,,,2780.17,2310.9100000000003,34,469.26,6,0,115.53999999999999,4,2026-01,2026-04
BBWSANTOSS,2026-03,2026-03-01,2026-03-31,0.0,0.0,0.0,0.0,0,0.0,0,1,0.0,Ferro,sem_dado,0.05,tiktok_seller_center,0,0,0,0,,,0.0,0.0,0,0.0,0,3,0.0,2,2026-02,2026-03
BEAASHOP,2026-03,2026-03-01,2026-03-31,0.0,0.0,0.0,0.0,0,0.0,3,0,0.0,Ferro,sem_dado,0.05,tiktok_seller_center,0,0,0,0,,,0.0,0.0,0,0.0,9,1,0.0,2,2026-02,2026-03
BEAMEIRAHSHOP,2026-01,2026-01-06,2026-01-31,67.88,-0.04000000000000625,67.92,100.06,1,67.88,0,15,6.39,Ferro,sem_dado,0.05,tiktok_seller_center,1,1,1,0,,,67.88,-0.04000000000000625,1,67.92,0,15,0.0,1,2026-01,2026-01
BEATRIZ.FERNANDES151,2026-04,2026-04-01,2026-04-30,0.0,0.0,0.0,0.0,0,0.0,0,1,0.0,Ferro,sem_dado,0.05,tiktok_seller_center,0,0,0,0,,,0.0,0.0,0,0.0,0,1,0.0,1,2026-04,2026-04
BEATRIZ.GOSS,2026-02,2026-02-01,2026-02-28,0.0,0.0,0.0,0.0,0,0.0,2,0,0.0,Ferro,sem_dado,0.05,tiktok_seller_center,0,0,0,0,,,0.0,0.0,0,0.0,2,0,0.0,1,2026-02,2026-02
BEATRIZ62215,2026-03,2026-03-01,2026-03-31,0.0,0.0,0.0,0.0,0,0.0,1,0,0.0,Ferro,sem_dado,0.05,tiktok_seller_center,0,0,0,0,,,0.0,0.0,0,0.0,1,0,0.0,1,2026-03,2026-03
BEATRIZ94577,2026-03,2026-03-01,2026-03-31,0.0,0.0,0.0,0.0,0,0.0,0,1,0.0,Ferro,sem_dado,0.05,tiktok_seller_center,0,0,0,0,,,0.0,0.0,0,0.0,0,1,0.0,1,2026-03,2026-03
BEATRIZALVES.04,2026-05,2026-05-01,2026-05-23,0.0,0.0,0.0,0.0,0,0.0,1,0,0.0,Ferro,sem_dado,0.05,tiktok_seller_center,,0,0,0,,0,0.0,0.0,0,0.0,1,0,0.0,1,2026-05,2026-05
BEATRIZBONILHALIMA,2026-04,2026-04-01,2026-04-30,0.0,0.0,0.0,0.0,0,0.0,0,4,0.0,Ferro,sem_dado,0.05,tiktok_seller_center,0,0,0,0,,,90.7,90.7,1,0.0,0,6,4.54,2,2026-03,2026-04
BEATRIZCORR46,2026-04,2026-04-01,2026-04-30,0.0,0.0,0.0,0.0,0,0.0,0,2,0.0,Ferro,sem_dado,0.05,tiktok_seller_center,0,0,0,0,,,0.0,0.0,0,0.0,0,18,0.0,3,2026-02,2026-04
BEATRIZIGLESIAS150,2026-05,2026-05-01,2026-05-23,0.0,0.0,0.0,0.0,0,0.0,0,1,0.0,Ferro,sem_dado,0.05,tiktok_seller_center,0,0,0,0,,0,0.0,0.0,0,0.0,0,2,0.0,2,2026-04,2026-05
BEATRIZMCAVALCANTE,2026-04,2026-04-01,2026-04-30,80.15,80.15,0.0,0.0,1,80.15,0,0,6.39,Ferro,sem_dado,0.05,tiktok_seller_center,1,0,1,0,,,80.15,80.15,1,0.0,0,0,4.01,1,2026-04,2026-04
BEATRIZNUNES_23,2026-04,2026-04-01,2026-04-30,0.0,0.0,0.0,0.0,0,0.0,3,0,0.0,Ferro,sem_dado,0.05,tiktok_seller_center,0,0,0,0,,,0.0,0.0,0,0.0,3,0,0.0,1,2026-04,2026-04
BEATRIZ_CAMPOS09,2026-02,2026-02-01,2026-02-28,0.0,0.0,0.0,0.0,0,0.0,1,0,0.0,Ferro,sem_dado,0.05,tiktok_seller_center,0,0,0,0,,,0.0,0.0,0,0.0,1,0,0.0,1,2026-02,2026-02
BEATRIZ_CREATOR_UGC,2026-02,2026-02-01,2026-02-28,0.0,0.0,0.0,0.0,0,0.0,6,0,0.0,Ferro,sem_dado,0.05,tiktok_seller_center,0,0,0,0,,,0.0,0.0,0,0.0,6,0,0.0,1,2026-02,2026-02
BEATTRIZTOSSAN,2026-04,2026-04-01,2026-04-30,0.0,0.0,0.0,0.0,0,0.0,3,0,0.0,Ferro,sem_dado,0.05,tiktok_seller_center,0,0,0,0,,,0.0,0.0,0,0.0,4,0,0.0,2,2026-03,2026-04
BEAUTYBYJEN1,2026-02,2026-02-01,2026-02-28,0.0,0.0,0.0,0.0,0,0.0,4,0,0.0,Ferro,sem_dado,0.05,tiktok_seller_center,0,0,0,0,,,0.0,0.0,0,0.0,5,0,0.0,2,2026-01,2026-02
BEAUTYGIRLS.SHOPS,2026-02,2026-02-01,2026-02-28,0.0,0.0,0.0,0.0,0,0.0,2,0,0.0,Ferro,sem_dado,0.05,tiktok_seller_center,0,0,0,0,,,0.0,0.0,0,0.0,2,0,0.0,1,2026-02,2026-02
BECAEMCASA,2026-03,2026-03-01,2026-03-31,0.0,0.0,0.0,0.0,0,0.0,0,1,0.0,Ferro,sem_dado,0.05,tiktok_seller_center,0,0,0,0,,,0.0,0.0,0,0.0,0,2,0.0,2,2026-02,2026-03
BECASHOPINDICA,2026-03,2026-03-01,2026-03-31,0.0,0.0,0.0,0.0,0,0.0,0,1,0.0,Ferro,sem_dado,0.05,tiktok_seller_center,0,0,0,0,,,79.9,79.9,1,0.0,3,1,4.0,2,2026-01,2026-03
BECCAJUMP,2026-04,2026-04-01,2026-04-30,0.0,0.0,0.0,0.0,0,0.0,0,13,0.0,Ferro,sem_dado,0.05,tiktok_seller_center,0,0,0,0,,,0.0,0.0,0,0.0,0,19,0.0,2,2026-01,2026-04
BEELLMOUR,2026-02,2026-02-01,2026-02-28,79.9,79.9,0.0,0.0,1,79.9,0,0,7.99,Ferro,sem_dado,0.05,tiktok_seller_center,1,0,1,0,,,79.9,79.9,1,0.0,0,0,4.0,1,2026-02,2026-02
BEKASOUSA4,2026-03,2026-03-01,2026-03-31,0.0,0.0,0.0,0.0,0,0.0,2,0,0.0,Ferro,sem_dado,0.05,tiktok_seller_center,0,0,0,0,,,0.0,0.0,0,0.0,2,0,0.0,1,2026-03,2026-03
BELA.ESSENCIASTORE,2026-05,2026-05-01,2026-05-23,0.0,0.0,0.0,0.0,0,0.0,0,1,0.0,Ferro,sem_dado,0.05,tiktok_seller_center,0,0,0,0,,0,0.0,0.0,0,0.0,0,82,0.0,4,2026-02,2026-05
BELA.FRATTINI,2026-02,2026-02-01,2026-02-28,0.0,0.0,0.0,0.0,0,0.0,1,0,0.0,Ferro,sem_dado,0.05,tiktok_seller_center,0,0,0,0,,,0.0,0.0,0,0.0,1,0,0.0,1,2026-02,2026-02
BELADICASVITRINE,2026-03,2026-03-01,2026-03-31,0.0,0.0,0.0,0.0,0,0.0,2,0,0.0,Ferro,sem_dado,0.05,tiktok_seller_center,0,0,0,0,,,0.0,0.0,0,0.0,3,0,0.0,2,2026-02,2026-03
BELAMODASHOPP,2026-04,2026-04-01,2026-04-30,0.0,0.0,0.0,0.0,0,0.0,6,0,0.0,Ferro,sem_dado,0.05,tiktok_seller_center,0,0,0,0,,,0.0,0.0,0,0.0,7,0,0.0,2,2026-02,2026-04
BELESHOPIA,2026-03,2026-03-01,2026-03-31,0.0,0.0,0.0,0.0,0,0.0,1,0,0.0,Ferro,sem_dado,0.05,tiktok_seller_center,0,0,0,0,,,0.0,0.0,0,0.0,1,0,0.0,1,2026-03,2026-03
BELEZA.AQUI,2026-03,2026-03-01,2026-03-31,0.0,0.0,0.0,0.0,0,0.0,0,2,0.0,Ferro,sem_dado,0.05,tiktok_seller_center,0,0,0,0,,,0.0,0.0,0,0.0,0,2,0.0,1,2026-03,2026-03
BELEZINHA714,2026-03,2026-03-01,2026-03-31,0.0,0.0,0.0,0.0,0,0.0,0,2,0.0,Ferro,sem_dado,0.05,tiktok_seller_center,0,0,0,0,,,0.0,0.0,0,0.0,0,5,0.0,2,2026-02,2026-03
BELINHATIKSHOP,2026-04,2026-04-01,2026-04-30,97.75,97.75,0.0,0.0,1,97.75,0,0,9.49,Ferro,sem_dado,0.05,tiktok_seller_center,1,0,1,0,,,97.75,97.75,1,0.0,2,0,4.89,2,2026-02,2026-04
BELLA.CRISTALDO,2026-04,2026-04-01,2026-04-30,0.0,0.0,0.0,0.0,0,0.0,1,0,0.0,Ferro,sem_dado,0.05,tiktok_seller_center,0,0,0,0,,,0.0,0.0,0,0.0,1,0,0.0,1,2026-04,2026-04
BELLA.URBANAAA,2026-04,2026-04-01,2026-04-30,0.0,0.0,0.0,0.0,0,0.0,0,2,0.0,Ferro,sem_dado,0.05,tiktok_seller_center,0,0,0,0,,,0.0,0.0,0,0.0,0,2,0.0,1,2026-04,2026-04
BELLABELLINI_BR,2026-02,2026-02-01,2026-02-28,0.0,0.0,0.0,0.0,0,0.0,1,0,0.0,Ferro,sem_dado,0.05,tiktok_seller_center,0,0,0,0,,,0.0,0.0,0,0.0,1,0,0.0,1,2026-02,2026-02
BELLACHIC025,2026-04,2026-04-01,2026-04-30,0.0,0.0,0.0,0.0,0,0.0,1,1,0.0,Ferro,sem_dado,0.05,tiktok_seller_center,0,0,0,0,,,0.0,0.0,0,0.0,1,1,0.0,1,2026-04,2026-04
BELLAFONSE,2026-05,2026-05-01,2026-05-23,670.35,560.45,109.9,16.39,6,111.73,13,0,30.78,Ferro,sem_dado,0.05,tiktok_seller_center,0,1,1,0,,6,670.35,560.45,6,109.9,35,0,28.02,3,2026-03,2026-05
BELLAINDICA007,2026-03,2026-03-01,2026-03-31,0.0,0.0,0.0,0.0,0,0.0,0,4,0.0,Ferro,sem_dado,0.05,tiktok_seller_center,0,0,0,0,,,0.0,0.0,0,0.0,0,4,0.0,1,2026-03,2026-03
BELLAJEANS,2026-03,2026-03-01,2026-03-31,0.0,0.0,0.0,0.0,0,0.0,4,0,0.0,Ferro,sem_dado,0.05,tiktok_seller_center,0,0,0,0,,,0.0,0.0,0,0.0,4,0,0.0,1,2026-03,2026-03
BELLALOOKSCLOSET,2026-04,2026-04-01,2026-04-30,0.0,0.0,0.0,0.0,0,0.0,1,0,0.0,Ferro,sem_dado,0.05,tiktok_seller_center,0,0,0,0,,,0.0,0.0,0,0.0,1,0,0.0,1,2026-04,2026-04
BELLAMODAINFANTILL,2026-05,2026-05-01,2026-05-23,0.0,0.0,0.0,0.0,0,0.0,1,0,0.0,Ferro,sem_dado,0.05,tiktok_seller_center,,0,0,0,,0,0.0,0.0,0,0.0,1,0,0.0,1,2026-05,2026-05
BELLAMONTEIRO777,2026-04,2026-04-01,2026-04-30,0.0,0.0,0.0,0.0,0,0.0,0,8,0.0,Ferro,sem_dado,0.05,tiktok_seller_center,0,0,0,0,,,0.0,0.0,0,0.0,0,8,0.0,1,2026-04,2026-04
BELLAMONTEIROOF,2026-05,2026-05-01,2026-05-23,0.0,0.0,0.0,0.0,0,0.0,3,0,0.0,Ferro,sem_dado,0.05,tiktok_seller_center,,0,0,0,,0,0.0,0.0,0,0.0,3,0,0.0,1,2026-05,2026-05
BELLASHO.P,2026-03,2026-03-01,2026-03-31,0.0,0.0,0.0,0.0,0,0.0,1,0,0.0,Ferro,sem_dado,0.05,tiktok_seller_center,0,0,0,0,,,0.0,0.0,0,0.0,1,0,0.0,1,2026-03,2026-03
BELLASHOP.BR,2026-02,2026-02-01,2026-02-28,0.0,0.0,0.0,0.0,0,0.0,1,0,0.0,Ferro,sem_dado,0.05,tiktok_seller_center,0,0,0,0,,,0.0,0.0,0,0.0,1,0,0.0,1,2026-02,2026-02
BELLASHOP750,2026-02,2026-02-01,2026-02-28,0.0,0.0,0.0,0.0,0,0.0,1,0,0.0,Ferro,sem_dado,0.05,tiktok_seller_center,0,0,0,0,,,0.0,0.0,0,0.0,1,0,0.0,1,2026-02,2026-02
BELLASHOPCREATO,2026-02,2026-02-01,2026-02-28,0.0,0.0,0.0,0.0,0,0.0,1,0,0.0,Ferro,sem_dado,0.05,tiktok_seller_center,0,0,0,0,,,0.0,0.0,0,0.0,1,0,0.0,1,2026-02,2026-02
BELLASHOPCREATOR41,2026-02,2026-02-01,2026-02-28,0.0,0.0,0.0,0.0,0,0.0,1,0,0.0,Ferro,sem_dado,0.05,tiktok_seller_center,0,0,0,0,,,0.0,0.0,0,0.0,1,0,0.0,1,2026-02,2026-02
BELLASHOPOFICIAL1,2026-05,2026-05-01,2026-05-23,0.0,0.0,0.0,0.0,0,0.0,3,0,0.0,Ferro,sem_dado,0.05,tiktok_seller_center,,0,0,0,,0,0.0,0.0,0,0.0,3,0,0.0,1,2026-05,2026-05
BELLASHOPPOFICIAL,2026-01,2026-01-06,2026-01-31,0.0,0.0,0.0,0.0,0,0.0,3,0,0.0,Ferro,sem_dado,0.05,tiktok_seller_center,0,0,0,0,,,0.0,0.0,0,0.0,3,0,0.0,1,2026-01,2026-01
BELLASHOP_IA,2026-05,2026-05-01,2026-05-23,0.0,0.0,0.0,0.0,0,0.0,1,0,0.0,Ferro,sem_dado,0.05,tiktok_seller_center,,0,0,0,,0,0.0,0.0,0,0.0,1,0,0.0,1,2026-05,2026-05
BELLASTORE086,2026-03,2026-03-01,2026-03-31,0.0,0.0,0.0,0.0,0,0.0,1,0,0.0,Ferro,sem_dado,0.05,tiktok_seller_center,0,0,0,0,,,0.0,0.0,0,0.0,6,0,0.0,3,2026-01,2026-03
BELLATRENDSHOP1,2026-03,2026-03-01,2026-03-31,0.0,0.0,0.0,0.0,0,0.0,1,0,0.0,Ferro,sem_dado,0.05,tiktok_seller_center,0,0,0,0,,,0.0,0.0,0,0.0,1,0,0.0,1,2026-03,2026-03
BELLA_PONTES,2026-03,2026-03-01,2026-03-31,93.27,93.27,0.0,0.0,1,93.27,0,0,8.5,Ferro,sem_dado,0.05,tiktok_seller_center,1,0,1,0,,,93.27,93.27,1,0.0,0,0,4.66,1,2026-03,2026-03
BELLCRISRIBEIROO,2026-03,2026-03-01,2026-03-31,0.0,0.0,0.0,0.0,0,0.0,1,0,0.0,Ferro,sem_dado,0.05,tiktok_seller_center,0,0,0,0,,,0.0,0.0,0,0.0,4,0,0.0,2,2026-02,2026-03
BELLEESSENCEE,2026-02,2026-02-01,2026-02-28,0.0,0.0,0.0,0.0,0,0.0,1,0,0.0,Ferro,sem_dado,0.05,tiktok_seller_center,0,0,0,0,,,0.0,0.0,0,0.0,1,0,0.0,1,2026-02,2026-02
BELLEZARONI,2026-05,2026-05-01,2026-05-23,0.0,0.0,0.0,0.0,0,0.0,0,3,0.0,Ferro,sem_dado,0.05,tiktok_seller_center,0,0,0,0,,0,0.0,0.0,0,0.0,0,5,0.0,3,2026-03,2026-05
BELLVORASHOPBR,2026-02,2026-02-01,2026-02-28,0.0,0.0,0.0,0.0,0,0.0,6,0,0.0,Ferro,sem_dado,0.05,tiktok_seller_center,0,0,0,0,,,0.0,0.0,0,0.0,6,0,0.0,1,2026-02,2026-02
BEMESTAR.OFC1,2026-04,2026-04-01,2026-04-30,0.0,0.0,0.0,0.0,0,0.0,2,0,0.0,Ferro,sem_dado,0.05,tiktok_seller_center,0,0,0,0,,,0.0,0.0,0,0.0,2,0,0.0,1,2026-04,2026-04
BEMYARA,2026-01,2026-01-06,2026-01-31,0.0,0.0,0.0,0.0,0,0.0,1,0,0.0,Ferro,sem_dado,0.05,tiktok_seller_center,0,0,0,0,,,0.0,0.0,0,0.0,1,0,0.0,1,2026-01,2026-01
BENABOTELHO,2026-02,2026-02-01,2026-02-28,0.0,0.0,0.0,0.0,0,0.0,0,1,0.0,Ferro,sem_dado,0.05,tiktok_seller_center,0,0,0,0,,,0.0,0.0,0,0.0,0,1,0.0,1,2026-02,2026-02
BENJU047,2026-04,2026-04-01,2026-04-30,0.0,0.0,0.0,0.0,0,0.0,1,0,0.0,Ferro,sem_dado,0.05,tiktok_seller_center,0,0,0,0,,,0.0,0.0,0,0.0,5,0,0.0,2,2026-01,2026-04
BENTOSHOP,2026-04,2026-04-01,2026-04-30,79.9,79.9,0.0,0.0,1,79.9,0,0,7.99,Ferro,sem_dado,0.05,tiktok_seller_center,1,0,1,0,,,379.68,379.68,4,0.0,13,0,18.990000000000002,3,2026-01,2026-04
BERTTINACREATOR,2026-05,2026-05-01,2026-05-23,0.0,0.0,0.0,0.0,0,0.0,8,5,0.0,Ferro,sem_dado,0.05,tiktok_seller_center,1,0,0,0,,0,74.73,74.73,1,0.0,10,5,3.74,2,2026-04,2026-05
BESTCORTES19,2026-02,2026-02-01,2026-02-28,0.0,0.0,0.0,0.0,0,0.0,0,1,0.0,Ferro,sem_dado,0.05,tiktok_seller_center,0,0,0,0,,,0.0,0.0,0,0.0,0,1,0.0,1,2026-02,2026-02
BETANIA_ALVES,2026-02,2026-02-01,2026-02-28,0.0,0.0,0.0,0.0,0,0.0,0,1,0.0,Ferro,sem_dado,0.05,tiktok_seller_center,0,0,0,0,,,0.0,0.0,0,0.0,0,1,0.0,1,2026-02,2026-02
BETEDAMASOFICIAL,2026-04,2026-04-01,2026-04-30,0.0,0.0,0.0,0.0,0,0.0,0,1,0.0,Ferro,sem_dado,0.05,tiktok_seller_center,0,0,0,0,,,0.0,0.0,0,0.0,0,2,0.0,2,2026-03,2026-04
BETHYRIBASAUDEEBELEZA,2026-03,2026-03-01,2026-03-31,0.0,0.0,0.0,0.0,0,0.0,0,36,0.0,Ferro,sem_dado,0.05,tiktok_seller_center,0,0,0,0,,,0.0,0.0,0,0.0,0,36,0.0,1,2026-03,2026-03
BETINHORECOMENDA2,2026-05,2026-05-01,2026-05-23,0.0,0.0,0.0,0.0,0,0.0,2,0,0.0,Ferro,sem_dado,0.05,tiktok_seller_center,,0,0,0,,0,0.0,0.0,0,0.0,2,0,0.0,1,2026-05,2026-05
BEVILACQUAXXN,2026-02,2026-02-01,2026-02-28,0.0,0.0,0.0,0.0,0,0.0,2,0,0.0,Ferro,sem_dado,0.05,tiktok_seller_center,0,0,0,0,,,0.0,0.0,0,0.0,2,0,0.0,1,2026-02,2026-02
BIA..SHOP,2026-02,2026-02-01,2026-02-28,0.0,0.0,0.0,0.0,0,0.0,3,0,0.0,Ferro,sem_dado,0.05,tiktok_seller_center,0,0,0,0,,,0.0,0.0,0,0.0,3,0,0.0,1,2026-02,2026-02
BIA.BEATRIZBS,2026-03,2026-03-01,2026-03-31,0.0,0.0,0.0,0.0,0,0.0,2,0,0.0,Ferro,sem_dado,0.05,tiktok_seller_center,0,0,0,0,,,0.0,0.0,0,0.0,3,0,0.0,2,2026-02,2026-03
BIA.CAMPOSOFICIAL,2026-02,2026-02-01,2026-02-28,0.0,0.0,0.0,0.0,0,0.0,1,0,0.0,Ferro,sem_dado,0.05,tiktok_seller_center,0,0,0,0,,,0.0,0.0,0,0.0,1,0,0.0,1,2026-02,2026-02
BIA.MEIRELES01,2026-02,2026-02-01,2026-02-28,0.0,0.0,0.0,0.0,0,0.0,0,1,0.0,Ferro,sem_dado,0.05,tiktok_seller_center,0,0,0,0,,,0.0,0.0,0,0.0,0,1,0.0,1,2026-02,2026-02
BIA07859,2026-04,2026-04-01,2026-04-30,0.0,0.0,0.0,0.0,0,0.0,1,1,0.0,Ferro,sem_dado,0.05,tiktok_seller_center,0,0,0,0,,,0.0,0.0,0,0.0,1,1,0.0,1,2026-04,2026-04
BIAALCANTARAOFICIAL,2026-04,2026-04-01,2026-04-30,0.0,0.0,0.0,0.0,0,0.0,0,1,0.0,Ferro,sem_dado,0.05,tiktok_seller_center,0,0,0,0,,,0.0,0.0,0,0.0,0,1,0.0,1,2026-04,2026-04
BIAFIGUEIREDOFAV,2026-04,2026-04-01,2026-04-30,85.66,85.66,0.0,0.0,1,85.66,0,0,7.99,Ferro,sem_dado,0.05,tiktok_seller_center,1,0,1,0,,,85.66,85.66,1,0.0,0,0,4.28,1,2026-04,2026-04
BIALUZZMODAS,2026-05,2026-05-01,2026-05-23,194.8,194.8,0.0,0.0,2,97.4,0,0,15.98,Prata,sem_dado,0.09,tiktok_seller_center,26,0,1,0,,2,18749.58,14779.590000000002,223,3969.9900000000002,2,0,996.01,5,2026-01,2026-05
BIAMAGALHS0,2026-04,2026-04-01,2026-04-30,0.0,0.0,0.0,0.0,0,0.0,0,1,0.0,Ferro,sem_dado,0.05,tiktok_seller_center,0,0,0,0,,,0.0,0.0,0,0.0,0,1,0.0,1,2026-04,2026-04
BIAMALDONADO_SHOP15,2026-03,2026-03-01,2026-03-31,0.0,0.0,0.0,0.0,0,0.0,1,0,0.0,Ferro,sem_dado,0.05,tiktok_seller_center,0,0,0,0,,,0.0,0.0,0,0.0,1,0,0.0,1,2026-03,2026-03
BIAMFRANCA,2026-02,2026-02-01,2026-02-28,0.0,0.0,0.0,0.0,0,0.0,0,1,0.0,Ferro,sem_dado,0.05,tiktok_seller_center,0,0,0,0,,,0.0,0.0,0,0.0,0,1,0.0,1,2026-02,2026-02
BIAMTTCREATOR,2026-05,2026-05-01,2026-05-23,0.0,0.0,0.0,0.0,0,0.0,0,7,0.0,Ferro,sem_dado,0.05,tiktok_seller_center,0,0,0,0,,0,0.0,0.0,0,0.0,0,39,0.0,3,2026-03,2026-05
BIANCA.GTZ92,2026-05,2026-05-01,2026-05-23,94.9,94.9,0.0,0.0,1,94.9,0,6,7.99,Ferro,sem_dado,0.05,tiktok_seller_center,0,0,1,0,,1,94.9,94.9,1,0.0,0,9,4.75,4,2026-01,2026-05
BIANCA.HASSS,2026-05,2026-05-01,2026-05-23,0.0,0.0,0.0,0.0,0,0.0,2,0,0.0,Ferro,sem_dado,0.05,tiktok_seller_center,0,0,0,0,,0,0.0,0.0,0,0.0,5,1,0.0,2,2026-04,2026-05
BIANCA.INDICAA,2026-05,2026-05-01,2026-05-23,0.0,0.0,0.0,0.0,0,0.0,0,1,0.0,Ferro,sem_dado,0.05,tiktok_seller_center,,0,0,0,,0,0.0,0.0,0,0.0,0,1,0.0,1,2026-05,2026-05
BIANCA.NEGRINE3,2026-05,2026-05-01,2026-05-23,63.61,63.61,0.0,0.0,1,63.61,15,0,5.59,Ferro,sem_dado,0.05,tiktok_seller_center,,0,1,0,,1,63.61,63.61,1,0.0,15,0,3.18,1,2026-05,2026-05
BIANCACASTELLY0,2026-01,2026-01-06,2026-01-31,0.0,0.0,0.0,0.0,0,0.0,1,0,0.0,Ferro,sem_dado,0.05,tiktok_seller_center,0,0,0,0,,,0.0,0.0,0,0.0,1,0,0.0,1,2026-01,2026-01
BIANCAHSOU,2026-05,2026-05-01,2026-05-23,0.0,0.0,0.0,0.0,0,0.0,0,1,0.0,Ferro,sem_dado,0.05,tiktok_seller_center,,0,0,0,,0,0.0,0.0,0,0.0,0,1,0.0,1,2026-05,2026-05
BIANCALAGARES87,2026-02,2026-02-01,2026-02-28,0.0,0.0,0.0,0.0,0,0.0,0,1,0.0,Ferro,sem_dado,0.05,tiktok_seller_center,0,0,0,0,,,0.0,0.0,0,0.0,0,1,0.0,1,2026-02,2026-02
BIANCAMOTA686,2026-03,2026-03-01,2026-03-31,0.0,0.0,0.0,0.0,0,0.0,2,0,0.0,Ferro,sem_dado,0.05,tiktok_seller_center,0,0,0,0,,,0.0,0.0,0,0.0,2,0,0.0,1,2026-03,2026-03
BIANCAOFI33,2026-02,2026-02-01,2026-02-28,0.0,0.0,0.0,0.0,0,0.0,0,1,0.0,Ferro,sem_dado,0.05,tiktok_seller_center,0,0,0,0,,,0.0,0.0,0,0.0,0,2,0.0,2,2026-01,2026-02
BIANCASANTOSS16,2026-05,2026-05-01,2026-05-23,0.0,0.0,0.0,0.0,0,0.0,0,8,0.0,Ferro,sem_dado,0.05,tiktok_seller_center,0,0,0,0,,0,0.0,0.0,0,0.0,0,18,0.0,2,2026-04,2026-05
BIAQUEACHADO,2026-03,2026-03-01,2026-03-31,0.0,0.0,0.0,0.0,0,0.0,0,1,0.0,Ferro,sem_dado,0.05,tiktok_seller_center,0,0,0,0,,,0.0,0.0,0,0.0,0,4,0.0,2,2026-02,2026-03
BIARIBEIRO258,2026-05,2026-05-01,2026-05-23,0.0,0.0,0.0,0.0,0,0.0,0,7,0.0,Ferro,sem_dado,0.05,tiktok_seller_center,0,0,0,0,,0,0.0,0.0,0,0.0,1,9,0.0,2,2026-04,2026-05
BIARITHIELE,2026-03,2026-03-01,2026-03-31,0.0,0.0,0.0,0.0,0,0.0,0,1,0.0,Ferro,sem_dado,0.05,tiktok_seller_center,0,0,0,0,,,0.0,0.0,0,0.0,0,1,0.0,1,2026-03,2026-03
BIASOUZA.SANT,2026-05,2026-05-01,2026-05-23,0.0,0.0,0.0,0.0,0,0.0,0,34,0.0,Ferro,sem_dado,0.05,tiktok_seller_center,0,0,0,0,,0,0.0,0.0,0,0.0,0,84,0.0,2,2026-04,2026-05
BIATAVARES98,2026-05,2026-05-01,2026-05-23,0.0,0.0,0.0,0.0,0,0.0,0,3,0.0,Ferro,sem_dado,0.05,tiktok_seller_center,0,0,0,0,,0,0.0,0.0,0,0.0,0,6,0.0,2,2026-04,2026-05
BIATEIXAS23,2026-01,2026-01-06,2026-01-31,0.0,0.0,0.0,0.0,0,0.0,0,2,0.0,Ferro,sem_dado,0.05,tiktok_seller_center,0,0,0,0,,,0.0,0.0,0,0.0,0,2,0.0,1,2026-01,2026-01
BIAVALEN_,2026-05,2026-05-01,2026-05-23,0.0,0.0,0.0,0.0,0,0.0,0,1,0.0,Ferro,sem_dado,0.05,tiktok_seller_center,,0,0,0,,0,0.0,0.0,0,0.0,0,1,0.0,1,2026-05,2026-05
BIAVERSAODAILY,2026-05,2026-05-01,2026-05-23,0.0,0.0,0.0,0.0,0,0.0,1,0,0.0,Ferro,sem_dado,0.05,tiktok_seller_center,0,0,0,0,,0,380.28999999999996,380.28999999999996,5,0.0,18,0,19.02,5,2026-01,2026-05
BIAVITA.SHOP,2026-03,2026-03-01,2026-03-31,0.0,0.0,0.0,0.0,0,0.0,0,2,0.0,Ferro,sem_dado,0.05,tiktok_seller_center,0,0,0,0,,,0.0,0.0,0,0.0,0,2,0.0,1,2026-03,2026-03
BICHINHOSIA3,2026-01,2026-01-06,2026-01-31,0.0,0.0,0.0,0.0,0,0.0,1,0,0.0,Ferro,sem_dado,0.05,tiktok_seller_center,0,0,0,0,,,0.0,0.0,0,0.0,1,0,0.0,1,2026-01,2026-01
BIIAA.SHOOP,2026-03,2026-03-01,2026-03-31,0.0,0.0,0.0,0.0,0,0.0,1,0,0.0,Ferro,sem_dado,0.05,tiktok_seller_center,0,0,0,0,,,0.0,0.0,0,0.0,1,0,0.0,1,2026-03,2026-03
BILA.BREVE,2026-05,2026-05-01,2026-05-23,0.0,0.0,0.0,0.0,0,0.0,1,0,0.0,Ferro,sem_dado,0.05,tiktok_seller_center,2,0,0,0,,0,156.69,156.69,1,0.0,5,0,7.83,2,2026-04,2026-05
BILLY10137,2026-01,2026-01-06,2026-01-31,0.0,0.0,0.0,0.0,0,0.0,1,0,0.0,Ferro,sem_dado,0.05,tiktok_seller_center,0,0,0,0,,,0.0,0.0,0,0.0,1,0,0.0,1,2026-01,2026-01
BINASOD,2026-05,2026-05-01,2026-05-23,0.0,0.0,0.0,0.0,0,0.0,2,0,0.0,Ferro,sem_dado,0.05,tiktok_seller_center,0,0,0,0,,0,0.0,0.0,0,0.0,3,0,0.0,2,2026-03,2026-05
BINHAASANTOS30,2026-05,2026-05-01,2026-05-23,0.0,0.0,0.0,0.0,0,0.0,2,0,0.0,Ferro,sem_dado,0.05,tiktok_seller_center,,0,0,0,,0,0.0,0.0,0,0.0,2,0,0.0,1,2026-05,2026-05
BISCUIT.DA.EDI,2026-05,2026-05-01,2026-05-23,0.0,-254.61,254.61,0.0,0,0.0,0,2,0.0,Ferro,sem_dado,0.05,tiktok_seller_center,25,3,0,0,,0,2070.27,1220.65,25,849.62,2,39,61.03,3,2026-03,2026-05
BISPAMMAHAYANA,2026-03,2026-03-01,2026-03-31,0.0,0.0,0.0,0.0,0,0.0,1,0,0.0,Ferro,sem_dado,0.05,tiktok_seller_center,0,0,0,0,,,0.0,0.0,0,0.0,1,0,0.0,1,2026-03,2026-03
BJ.LAAVI,2026-05,2026-05-01,2026-05-23,0.0,0.0,0.0,0.0,0,0.0,0,5,0.0,Ferro,sem_dado,0.05,tiktok_seller_center,,0,0,0,,0,0.0,0.0,0,0.0,0,5,0.0,1,2026-05,2026-05
BJ.LAVIA,2026-04,2026-04-01,2026-04-30,0.0,0.0,0.0,0.0,0,0.0,0,7,0.0,Ferro,sem_dado,0.05,tiktok_seller_center,0,0,0,0,,,0.0,0.0,0,0.0,0,7,0.0,1,2026-04,2026-04
BKOSZ776,2026-04,2026-04-01,2026-04-30,0.0,0.0,0.0,0.0,0,0.0,1,0,0.0,Ferro,sem_dado,0.05,tiktok_seller_center,0,0,0,0,,,0.0,0.0,0,0.0,1,0,0.0,1,2026-04,2026-04
BLACKLIONTIKTOKSHOP,2026-01,2026-01-06,2026-01-31,0.0,0.0,0.0,0.0,0,0.0,3,0,0.0,Ferro,sem_dado,0.05,tiktok_seller_center,0,0,0,0,,,0.0,0.0,0,0.0,3,0,0.0,1,2026-01,2026-01
BLOGUEIRATOK,2026-03,2026-03-01,2026-03-31,0.0,0.0,0.0,0.0,0,0.0,1,0,0.0,Ferro,sem_dado,0.05,tiktok_seller_center,0,0,0,0,,,0.0,0.0,0,0.0,1,0,0.0,1,2026-03,2026-03
BLUEBIRD_C3,2026-01,2026-01-06,2026-01-31,0.0,0.0,0.0,0.0,0,0.0,1,0,0.0,Ferro,sem_dado,0.05,tiktok_seller_center,0,0,0,0,,,0.0,0.0,0,0.0,1,0,0.0,1,2026-01,2026-01
BLUEBIRD_C4,2026-02,2026-02-01,2026-02-28,0.0,0.0,0.0,0.0,0,0.0,1,0,0.0,Ferro,sem_dado,0.05,tiktok_seller_center,0,0,0,0,,,0.0,0.0,0,0.0,1,0,0.0,1,2026-02,2026-02
BNNRANKINHA,2026-03,2026-03-01,2026-03-31,0.0,0.0,0.0,0.0,0,0.0,1,0,0.0,Ferro,sem_dado,0.05,tiktok_seller_center,0,0,0,0,,,0.0,0.0,0,0.0,1,0,0.0,1,2026-03,2026-03
BNOVAES.SHOP,2026-02,2026-02-01,2026-02-28,0.0,0.0,0.0,0.0,0,0.0,2,0,0.0,Ferro,sem_dado,0.05,tiktok_seller_center,0,0,0,0,,,0.0,0.0,0,0.0,2,0,0.0,1,2026-02,2026-02
BOASCOMPRAS.BR,2026-01,2026-01-06,2026-01-31,0.0,0.0,0.0,0.0,0,0.0,1,0,0.0,Ferro,sem_dado,0.05,tiktok_seller_center,0,0,0,0,,,0.0,0.0,0,0.0,1,0,0.0,1,2026-01,2026-01
BOLDBLESSEDSHOP,2026-03,2026-03-01,2026-03-31,0.0,0.0,0.0,0.0,0,0.0,1,0,0.0,Ferro,sem_dado,0.05,tiktok_seller_center,0,0,0,0,,,0.0,0.0,0,0.0,1,0,0.0,1,2026-03,2026-03
BOLLSONAROXLULLA,2026-03,2026-03-01,2026-03-31,0.0,0.0,0.0,0.0,0,0.0,1,0,0.0,Ferro,sem_dado,0.05,tiktok_seller_center,0,0,0,0,,,0.0,0.0,0,0.0,2,0,0.0,2,2026-02,2026-03
BOLSONAROBRASIL_2026,2026-03,2026-03-01,2026-03-31,0.0,0.0,0.0,0.0,0,0.0,0,1,0.0,Ferro,sem_dado,0.05,tiktok_seller_center,0,0,0,0,,,0.0,0.0,0,0.0,0,1,0.0,1,2026-03,2026-03
BOMEBARATOSHOP0,2026-04,2026-04-01,2026-04-30,0.0,0.0,0.0,0.0,0,0.0,2,0,0.0,Ferro,sem_dado,0.05,tiktok_seller_center,0,0,0,0,,,0.0,0.0,0,0.0,2,0,0.0,1,2026-04,2026-04
BOMVIDEOFYP,2026-02,2026-02-01,2026-02-28,0.0,0.0,0.0,0.0,0,0.0,1,0,0.0,Ferro,sem_dado,0.05,tiktok_seller_center,0,0,0,0,,,0.0,0.0,0,0.0,1,0,0.0,1,2026-02,2026-02
BOOINDICA,2026-03,2026-03-01,2026-03-31,0.0,0.0,0.0,0.0,0,0.0,0,7,0.0,Ferro,sem_dado,0.05,tiktok_seller_center,0,0,0,0,,,0.0,0.0,0,0.0,0,24,0.0,3,2026-01,2026-03
BORRIELLOSLOJAS,2026-02,2026-02-01,2026-02-28,0.0,0.0,0.0,0.0,0,0.0,1,0,0.0,Ferro,sem_dado,0.05,tiktok_seller_center,0,0,0,0,,,0.0,0.0,0,0.0,1,0,0.0,1,2026-02,2026-02
BOSSCODE.OFICIAL,2026-05,2026-05-01,2026-05-23,0.0,0.0,0.0,0.0,0,0.0,0,1,0.0,Ferro,sem_dado,0.05,tiktok_seller_center,,0,0,0,,0,0.0,0.0,0,0.0,0,1,0.0,1,2026-05,2026-05
BOTASEESTILO,2026-01,2026-01-06,2026-01-31,0.0,0.0,0.0,0.0,0,0.0,4,0,0.0,Ferro,sem_dado,0.05,tiktok_seller_center,0,0,0,0,,,0.0,0.0,0,0.0,4,0,0.0,1,2026-01,2026-01
BOUTIQUEDABRU,2026-02,2026-02-01,2026-02-28,0.0,0.0,0.0,0.0,0,0.0,1,0,0.0,Ferro,sem_dado,0.05,tiktok_seller_center,0,0,0,0,,,0.0,0.0,0,0.0,1,0,0.0,1,2026-02,2026-02
BR.CORTES785,2026-02,2026-02-01,2026-02-28,0.0,0.0,0.0,0.0,0,0.0,2,0,0.0,Ferro,sem_dado,0.05,tiktok_seller_center,0,0,0,0,,,0.0,0.0,0,0.0,2,0,0.0,1,2026-02,2026-02
BRANCAREIS339,2026-03,2026-03-01,2026-03-31,0.0,0.0,0.0,0.0,0,0.0,0,2,0.0,Ferro,sem_dado,0.05,tiktok_seller_center,0,0,0,0,,,0.0,0.0,0,0.0,0,2,0.0,1,2026-03,2026-03
BRASIL.BRAZA,2026-04,2026-04-01,2026-04-30,0.0,0.0,0.0,0.0,0,0.0,3,0,0.0,Ferro,sem_dado,0.05,tiktok_seller_center,0,0,0,0,,,0.0,0.0,0,0.0,3,0,0.0,1,2026-04,2026-04
BRASIL.SHOP4,2026-02,2026-02-01,2026-02-28,0.0,0.0,0.0,0.0,0,0.0,2,0,0.0,Ferro,sem_dado,0.05,tiktok_seller_center,0,0,0,0,,,0.0,0.0,0,0.0,2,0,0.0,1,2026-02,2026-02
BRASILACHADOS_,2026-02,2026-02-01,2026-02-28,0.0,0.0,0.0,0.0,0,0.0,1,0,0.0,Ferro,sem_dado,0.05,tiktok_seller_center,0,0,0,0,,,0.0,0.0,0,0.0,2,0,0.0,2,2026-01,2026-02
BRASILEIRA.NINGUEM,2026-05,2026-05-01,2026-05-23,0.0,0.0,0.0,0.0,0,0.0,1,0,0.0,Ferro,sem_dado,0.05,tiktok_seller_center,,0,0,0,,0,0.0,0.0,0,0.0,1,0,0.0,1,2026-05,2026-05
BRASILPROIBIDO,2026-03,2026-03-01,2026-03-31,0.0,0.0,0.0,0.0,0,0.0,0,1,0.0,Ferro,sem_dado,0.05,tiktok_seller_center,0,0,0,0,,,0.0,0.0,0,0.0,0,2,0.0,2,2026-02,2026-03
BRAW.MODAS,2026-03,2026-03-01,2026-03-31,0.0,0.0,0.0,0.0,0,0.0,2,0,0.0,Ferro,sem_dado,0.05,tiktok_seller_center,0,0,0,0,,,0.0,0.0,0,0.0,2,0,0.0,1,2026-03,2026-03
BRENDA.LUIZA5,2026-04,2026-04-01,2026-04-30,274.7,274.7,0.0,0.0,2,137.35,12,0,28.47,Ferro,sem_dado,0.05,tiktok_seller_center,3,0,1,0,,,274.7,274.7,2,0.0,24,0,13.73,2,2026-03,2026-04
BRENDA.RODRIIGUEEZ,2026-05,2026-05-01,2026-05-23,0.0,0.0,0.0,0.0,0,0.0,3,0,0.0,Ferro,sem_dado,0.05,tiktok_seller_center,,0,0,0,,0,0.0,0.0,0,0.0,3,0,0.0,1,2026-05,2026-05
BRENDA.SHOP01,2026-05,2026-05-01,2026-05-23,0.0,0.0,0.0,0.0,0,0.0,0,1,0.0,Ferro,sem_dado,0.05,tiktok_seller_center,0,0,0,0,,0,0.0,0.0,0,0.0,0,10,0.0,3,2026-03,2026-05
BRENDA.THEBLUSHLAB,2026-04,2026-04-01,2026-04-30,186.87,186.87,0.0,0.0,2,93.44,7,0,15.42,Ferro,sem_dado,0.05,tiktok_seller_center,2,0,1,0,,,766.95,693.76,9,73.19,26,0,34.69,3,2026-02,2026-04
BRENDAANDRADEE.R,2026-04,2026-04-01,2026-04-30,0.0,0.0,0.0,0.0,0,0.0,0,1,0.0,Ferro,sem_dado,0.05,tiktok_seller_center,0,0,0,0,,,0.0,0.0,0,0.0,0,8,0.0,2,2026-03,2026-04
BRENDAELOI18,2026-04,2026-04-01,2026-04-30,0.0,0.0,0.0,0.0,0,0.0,1,0,0.0,Ferro,sem_dado,0.05,tiktok_seller_center,0,0,0,0,,,0.0,0.0,0,0.0,1,0,0.0,1,2026-04,2026-04
BRENDAFONTES27,2026-02,2026-02-01,2026-02-28,0.0,0.0,0.0,0.0,0,0.0,4,0,0.0,Ferro,sem_dado,0.05,tiktok_seller_center,0,0,0,0,,,0.0,0.0,0,0.0,4,0,0.0,1,2026-02,2026-02
BRENDASHOP10,2026-03,2026-03-01,2026-03-31,0.0,0.0,0.0,0.0,0,0.0,0,3,0.0,Ferro,sem_dado,0.05,tiktok_seller_center,0,0,0,0,,,0.0,0.0,0,0.0,0,4,0.0,2,2026-02,2026-03
BRENOLOPESOFICIAL,2026-03,2026-03-01,2026-03-31,0.0,0.0,0.0,0.0,0,0.0,0,14,0.0,Ferro,sem_dado,0.05,tiktok_seller_center,0,0,0,0,,,0.0,0.0,0,0.0,0,14,0.0,1,2026-03,2026-03
BREOLIVIERI,2026-01,2026-01-06,2026-01-31,0.0,0.0,0.0,0.0,0,0.0,0,2,0.0,Ferro,sem_dado,0.05,tiktok_seller_center,0,0,0,0,,,0.0,0.0,0,0.0,0,2,0.0,1,2026-01,2026-01
BRETASDANIELLE,2026-02,2026-02-01,2026-02-28,0.0,0.0,0.0,0.0,0,0.0,0,3,0.0,Ferro,sem_dado,0.05,tiktok_seller_center,0,0,0,0,,,0.0,0.0,0,0.0,0,5,0.0,2,2026-01,2026-02
BRIELLAFONTONELLE,2026-04,2026-04-01,2026-04-30,0.0,0.0,0.0,0.0,0,0.0,0,2,0.0,Ferro,sem_dado,0.05,tiktok_seller_center,0,0,0,0,,,0.0,0.0,0,0.0,2,2,0.0,2,2026-03,2026-04
BRISALIMA06,2026-05,2026-05-01,2026-05-23,0.0,0.0,0.0,0.0,0,0.0,0,12,0.0,Ferro,sem_dado,0.05,tiktok_seller_center,0,0,0,0,,0,0.0,0.0,0,0.0,0,18,0.0,2,2026-04,2026-05
BRN.OCANHA,2026-03,2026-03-01,2026-03-31,0.0,0.0,0.0,0.0,0,0.0,0,1,0.0,Ferro,sem_dado,0.05,tiktok_seller_center,0,0,0,0,,,0.0,0.0,0,0.0,0,1,0.0,1,2026-03,2026-03
BRSAANTOS_,2026-05,2026-05-01,2026-05-23,0.0,0.0,0.0,0.0,0,0.0,1,4,0.0,Ferro,sem_dado,0.05,tiktok_seller_center,1,0,0,0,,0,86.39,86.39,1,0.0,1,20,4.32,3,2026-02,2026-05
BRTITOKSHOP,2026-01,2026-01-06,2026-01-31,0.0,0.0,0.0,0.0,0,0.0,0,2,0.0,Ferro,sem_dado,0.05,tiktok_seller_center,0,0,0,0,,,0.0,0.0,0,0.0,0,2,0.0,1,2026-01,2026-01
BRUCARV0,2026-05,2026-05-01,2026-05-23,0.0,0.0,0.0,0.0,0,0.0,0,3,0.0,Ferro,sem_dado,0.05,tiktok_seller_center,,0,0,0,,0,0.0,0.0,0,0.0,0,3,0.0,1,2026-05,2026-05
BRUDUARTECREATOR,2026-04,2026-04-01,2026-04-30,0.0,0.0,0.0,0.0,0,0.0,5,2,0.0,Ferro,sem_dado,0.05,tiktok_seller_center,0,0,0,0,,,0.0,0.0,0,0.0,5,2,0.0,1,2026-04,2026-04
BRUHLAMBERTIAFILIADA,2026-03,2026-03-01,2026-03-31,0.0,0.0,0.0,0.0,0,0.0,0,1,0.0,Ferro,sem_dado,0.05,tiktok_seller_center,0,0,0,0,,,0.0,0.0,0,0.0,0,1,0.0,1,2026-03,2026-03
BRUMORAES77,2026-01,2026-01-06,2026-01-31,0.0,0.0,0.0,0.0,0,0.0,0,3,0.0,Ferro,sem_dado,0.05,tiktok_seller_center,0,0,0,0,,,0.0,0.0,0,0.0,0,3,0.0,1,2026-01,2026-01
BRUNA.BARON,2026-03,2026-03-01,2026-03-31,0.0,0.0,0.0,0.0,0,0.0,2,0,0.0,Ferro,sem_dado,0.05,tiktok_seller_center,0,0,0,0,,,0.0,0.0,0,0.0,2,0,0.0,1,2026-03,2026-03
BRUNA.COMPARTILHA,2026-05,2026-05-01,2026-05-23,0.0,0.0,0.0,0.0,0,0.0,0,4,0.0,Ferro,sem_dado,0.05,tiktok_seller_center,1,0,0,0,,0,88.49,88.49,1,0.0,1,14,4.42,2,2026-04,2026-05
BRUNA.SHOP27,2026-03,2026-03-01,2026-03-31,0.0,0.0,0.0,0.0,0,0.0,3,0,0.0,Ferro,sem_dado,0.05,tiktok_seller_center,0,0,0,0,,,0.0,0.0,0,0.0,3,0,0.0,1,2026-03,2026-03
BRUNA.SHOPCREATOR,2026-02,2026-02-01,2026-02-28,0.0,0.0,0.0,0.0,0,0.0,0,1,0.0,Ferro,sem_dado,0.05,tiktok_seller_center,0,0,0,0,,,0.0,0.0,0,0.0,0,2,0.0,2,2026-01,2026-02
BRUNAAPIRESS_,2026-03,2026-03-01,2026-03-31,79.9,0.0,79.9,100.0,1,79.9,0,0,7.99,Ferro,sem_dado,0.05,tiktok_seller_center,1,1,1,0,,,79.9,0.0,1,79.9,0,0,0.0,1,2026-03,2026-03
BRUNAARAUJO_26,2026-04,2026-04-01,2026-04-30,0.0,0.0,0.0,0.0,0,0.0,0,3,0.0,Ferro,sem_dado,0.05,tiktok_seller_center,0,0,0,0,,,0.0,0.0,0,0.0,1,13,0.0,2,2026-03,2026-04
BRUNACALDEIRA10,2026-05,2026-05-01,2026-05-23,92.75,92.75,0.0,0.0,1,92.75,5,1,7.59,Ferro,sem_dado,0.05,tiktok_seller_center,1,0,1,0,,1,182.65,182.65,2,0.0,5,3,9.14,2,2026-04,2026-05
BRUNACORREATIKTOKSHOP,2026-04,2026-04-01,2026-04-30,0.0,0.0,0.0,0.0,0,0.0,0,3,0.0,Ferro,sem_dado,0.05,tiktok_seller_center,0,0,0,0,,,0.0,0.0,0,0.0,0,9,0.0,2,2026-03,2026-04
BRUNACREATORSHOP,2026-05,2026-05-01,2026-05-23,108.03,108.03,0.0,0.0,1,108.03,0,0,7.99,Ferro,sem_dado,0.05,tiktok_seller_center,,0,1,0,,1,108.03,108.03,1,0.0,0,0,5.4,1,2026-05,2026-05
BRUNAEGRAMOS,2026-03,2026-03-01,2026-03-31,0.0,0.0,0.0,0.0,0,0.0,0,1,0.0,Ferro,sem_dado,0.05,tiktok_seller_center,0,0,0,0,,,0.0,0.0,0,0.0,0,1,0.0,1,2026-03,2026-03
BRUNAEKAUEINDICA,2026-04,2026-04-01,2026-04-30,0.0,0.0,0.0,0.0,0,0.0,0,3,0.0,Ferro,sem_dado,0.05,tiktok_seller_center,0,0,0,0,,,0.0,0.0,0,0.0,0,3,0.0,1,2026-04,2026-04
BRUNAELIANEPERAL,2026-04,2026-04-01,2026-04-30,0.0,0.0,0.0,0.0,0,0.0,2,0,0.0,Ferro,sem_dado,0.05,tiktok_seller_center,0,0,0,0,,,0.0,0.0,0,0.0,2,0,0.0,1,2026-04,2026-04
BRUNAFERRACIIOLI,2026-03,2026-03-01,2026-03-31,0.0,0.0,0.0,0.0,0,0.0,0,1,0.0,Ferro,sem_dado,0.05,tiktok_seller_center,0,0,0,0,,,0.0,0.0,0,0.0,0,1,0.0,1,2026-03,2026-03
BRUNAFERREIRA,2026-03,2026-03-01,2026-03-31,0.0,0.0,0.0,0.0,0,0.0,0,1,0.0,Ferro,sem_dado,0.05,tiktok_seller_center,0,0,0,0,,,0.0,0.0,0,0.0,0,1,0.0,1,2026-03,2026-03
BRUNAINDICA.SHOP,2026-05,2026-05-01,2026-05-23,0.0,0.0,0.0,0.0,0,0.0,0,1,0.0,Ferro,sem_dado,0.05,tiktok_seller_center,,0,0,0,,0,0.0,0.0,0,0.0,0,1,0.0,1,2026-05,2026-05
BRUNAMACEDOO20,2026-03,2026-03-01,2026-03-31,0.0,0.0,0.0,0.0,0,0.0,1,2,0.0,Ferro,sem_dado,0.05,tiktok_seller_center,0,0,0,0,,,0.0,0.0,0,0.0,1,2,0.0,1,2026-03,2026-03
BRUNANATHIELLE27,2026-03,2026-03-01,2026-03-31,0.0,0.0,0.0,0.0,0,0.0,0,11,0.0,Ferro,sem_dado,0.05,tiktok_seller_center,0,0,0,0,,,0.0,0.0,0,0.0,0,23,0.0,2,2026-02,2026-03
BRUNAOLIV.DAILY,2026-05,2026-05-01,2026-05-23,0.0,0.0,0.0,0.0,0,0.0,0,1,0.0,Ferro,sem_dado,0.05,tiktok_seller_center,,0,0,0,,0,0.0,0.0,0,0.0,0,1,0.0,1,2026-05,2026-05
BRUNARAMOS752,2026-05,2026-05-01,2026-05-23,0.0,0.0,0.0,0.0,0,0.0,1,0,0.0,Ferro,sem_dado,0.05,tiktok_seller_center,,0,0,0,,0,0.0,0.0,0,0.0,1,0,0.0,1,2026-05,2026-05
BRUNARECHE5,2026-03,2026-03-01,2026-03-31,261.85,96.35000000000002,165.5,63.2,2,130.92,0,0,24.71,Ferro,sem_dado,0.05,tiktok_seller_center,3,2,1,0,,,2283.44,1901.67,27,381.77,0,3,95.09,3,2026-01,2026-03
BRUNASHOP034,2026-02,2026-02-01,2026-02-28,0.0,0.0,0.0,0.0,0,0.0,1,0,0.0,Ferro,sem_dado,0.05,tiktok_seller_center,0,0,0,0,,,0.0,0.0,0,0.0,1,0,0.0,1,2026-02,2026-02
BRUNASHOPTIKTOK10,2026-01,2026-01-06,2026-01-31,0.0,0.0,0.0,0.0,0,0.0,1,0,0.0,Ferro,sem_dado,0.05,tiktok_seller_center,0,0,0,0,,,0.0,0.0,0,0.0,1,0,0.0,1,2026-01,2026-01
BRUNASILVAINDICA,2026-05,2026-05-01,2026-05-23,0.0,-227.69,227.69,0.0,0,0.0,0,2,0.0,Bronze,sem_dado,0.07,tiktok_seller_center,35,3,0,0,,0,7071.16,5873.750000000001,89,1197.4099999999999,4,66,415.71999999999997,3,2026-03,2026-05
BRUNASILVESTRE94,2026-04,2026-04-01,2026-04-30,0.0,0.0,0.0,0.0,0,0.0,1,0,0.0,Ferro,sem_dado,0.05,tiktok_seller_center,0,0,0,0,,,77.26,77.26,1,0.0,1,0,3.86,2,2026-03,2026-04
BRUNASKAWINSKI,2026-03,2026-03-01,2026-03-31,154.8,154.8,0.0,0.0,1,154.8,11,0,15.98,Ferro,sem_dado,0.05,tiktok_seller_center,2,0,1,0,,,299.12,299.12,3,0.0,15,0,14.96,2,2026-02,2026-03
BRUNATOZY,2026-05,2026-05-01,2026-05-23,0.0,0.0,0.0,0.0,0,0.0,0,20,0.0,Ferro,sem_dado,0.05,tiktok_seller_center,0,0,0,0,,0,0.0,0.0,0,0.0,1,46,0.0,2,2026-04,2026-05
BRUNA_DIVULGA,2026-03,2026-03-01,2026-03-31,0.0,0.0,0.0,0.0,0,0.0,3,0,0.0,Ferro,sem_dado,0.05,tiktok_seller_center,0,0,0,0,,,0.0,0.0,0,0.0,3,0,0.0,1,2026-03,2026-03
BRUNA_SHOP01,2026-02,2026-02-01,2026-02-28,0.0,0.0,0.0,0.0,0,0.0,3,0,0.0,Ferro,sem_dado,0.05,tiktok_seller_center,0,0,0,0,,,0.0,0.0,0,0.0,3,0,0.0,1,2026-02,2026-02
BRUNA_VALENTE_OFICIAL,2026-05,2026-05-01,2026-05-23,0.0,0.0,0.0,0.0,0,0.0,2,0,0.0,Ferro,sem_dado,0.05,tiktok_seller_center,,0,0,0,,0,0.0,0.0,0,0.0,2,0,0.0,1,2026-05,2026-05
BRUNNADUARTEC,2026-05,2026-05-01,2026-05-23,0.0,0.0,0.0,0.0,0,0.0,6,0,0.0,Ferro,sem_dado,0.05,tiktok_seller_center,,0,0,0,,0,0.0,0.0,0,0.0,6,0,0.0,1,2026-05,2026-05
BRUNNAMILANI,2026-03,2026-03-01,2026-03-31,0.0,0.0,0.0,0.0,0,0.0,2,0,0.0,Ferro,sem_dado,0.05,tiktok_seller_center,0,0,0,0,,,0.0,0.0,0,0.0,2,0,0.0,1,2026-03,2026-03
BRUNOALVES8901,2026-02,2026-02-01,2026-02-28,0.0,0.0,0.0,0.0,0,0.0,0,1,0.0,Ferro,sem_dado,0.05,tiktok_seller_center,0,0,0,0,,,0.0,0.0,0,0.0,0,1,0.0,1,2026-02,2026-02
BRUNOMEZENGATIKTOKSHOP,2026-04,2026-04-01,2026-04-30,0.0,0.0,0.0,0.0,0,0.0,0,1,0.0,Ferro,sem_dado,0.05,tiktok_seller_center,0,0,0,0,,,0.0,0.0,0,0.0,1,1,0.0,2,2026-02,2026-04
BRUOLIVEIRAPAIVA,2026-04,2026-04-01,2026-04-30,0.0,0.0,0.0,0.0,0,0.0,0,5,0.0,Ferro,sem_dado,0.05,tiktok_seller_center,0,0,0,0,,,0.0,0.0,0,0.0,0,9,0.0,2,2026-03,2026-04
BRUUNOMELLO,2026-05,2026-05-01,2026-05-23,0.0,0.0,0.0,0.0,0,0.0,1,0,0.0,Ferro,sem_dado,0.05,tiktok_seller_center,,0,0,0,,0,0.0,0.0,0,0.0,1,0,0.0,1,2026-05,2026-05
BRU_ALMEIDAP,2026-03,2026-03-01,2026-03-31,0.0,0.0,0.0,0.0,0,0.0,1,0,0.0,Ferro,sem_dado,0.05,tiktok_seller_center,0,0,0,0,,,0.0,0.0,0,0.0,1,0,0.0,1,2026-03,2026-03
BS53485,2026-02,2026-02-01,2026-02-28,0.0,0.0,0.0,0.0,0,0.0,0,1,0.0,Ferro,sem_dado,0.05,tiktok_seller_center,0,0,0,0,,,0.0,0.0,0,0.0,0,1,0.0,1,2026-02,2026-02
BSZINDICA,2026-04,2026-04-01,2026-04-30,84.28,84.28,0.0,0.0,1,84.28,1,0,6.39,Ferro,sem_dado,0.05,tiktok_seller_center,1,0,1,0,,,84.28,84.28,1,0.0,1,0,4.21,1,2026-04,2026-04
BURDETTERO,2026-05,2026-05-01,2026-05-23,0.0,0.0,0.0,0.0,0,0.0,1,0,0.0,Ferro,sem_dado,0.05,tiktok_seller_center,,0,0,0,,0,0.0,0.0,0,0.0,1,0,0.0,1,2026-05,2026-05
BUY_BUY_SHOP,2026-04,2026-04-01,2026-04-30,0.0,0.0,0.0,0.0,0,0.0,0,2,0.0,Ferro,sem_dado,0.05,tiktok_seller_center,0,0,0,0,,,0.0,0.0,0,0.0,0,2,0.0,1,2026-04,2026-04
BY.JOELMALIMA,2026-04,2026-04-01,2026-04-30,0.0,0.0,0.0,0.0,0,0.0,1,0,0.0,Ferro,sem_dado,0.05,tiktok_seller_center,0,0,0,0,,,0.0,0.0,0,0.0,1,0,0.0,1,2026-04,2026-04
BY.SOFIA.DANTAS,2026-02,2026-02-01,2026-02-28,0.0,0.0,0.0,0.0,0,0.0,1,0,0.0,Ferro,sem_dado,0.05,tiktok_seller_center,0,0,0,0,,,0.0,0.0,0,0.0,1,0,0.0,1,2026-02,2026-02
BYALANESHOP,2026-04,2026-04-01,2026-04-30,0.0,0.0,0.0,0.0,0,0.0,1,0,0.0,Ferro,sem_dado,0.05,tiktok_seller_center,0,0,0,0,,,0.0,0.0,0,0.0,2,0,0.0,2,2026-03,2026-04
BYAQUEIROZ01,2026-03,2026-03-01,2026-03-31,0.0,0.0,0.0,0.0,0,0.0,1,0,0.0,Ferro,sem_dado,0.05,tiktok_seller_center,0,0,0,0,,,83.1,83.1,1,0.0,7,0,4.16,2,2026-02,2026-03
BYBELLASHOP2,2026-01,2026-01-06,2026-01-31,0.0,0.0,0.0,0.0,0,0.0,1,0,0.0,Ferro,sem_dado,0.05,tiktok_seller_center,0,0,0,0,,,0.0,0.0,0,0.0,1,0,0.0,1,2026-01,2026-01
BYBIA.SHOP,2026-02,2026-02-01,2026-02-28,0.0,0.0,0.0,0.0,0,0.0,1,0,0.0,Ferro,sem_dado,0.05,tiktok_seller_center,0,0,0,0,,,0.0,0.0,0,0.0,1,0,0.0,1,2026-02,2026-02
BYBRUNAA,2026-02,2026-02-01,2026-02-28,0.0,0.0,0.0,0.0,0,0.0,0,2,0.0,Ferro,sem_dado,0.05,tiktok_seller_center,0,0,0,0,,,0.0,0.0,0,0.0,0,2,0.0,1,2026-02,2026-02
BYBRUNASTYLE,2026-02,2026-02-01,2026-02-28,0.0,0.0,0.0,0.0,0,0.0,3,0,0.0,Ferro,sem_dado,0.05,tiktok_seller_center,0,0,0,0,,,0.0,0.0,0,0.0,3,0,0.0,1,2026-02,2026-02
BYCAROLGOUVEA,2026-04,2026-04-01,2026-04-30,74.9,74.9,0.0,0.0,1,74.9,0,0,7.91,Ferro,sem_dado,0.05,tiktok_seller_center,1,0,1,0,,,74.9,74.9,1,0.0,2,2,3.75,2,2026-03,2026-04
BYDIOVANA_LEAL,2026-02,2026-02-01,2026-02-28,0.0,0.0,0.0,0.0,0,0.0,1,2,0.0,Ferro,sem_dado,0.05,tiktok_seller_center,0,0,0,0,,,0.0,0.0,0,0.0,1,14,0.0,2,2026-01,2026-02
BYDUDAIA,2026-05,2026-05-01,2026-05-23,0.0,0.0,0.0,0.0,0,0.0,2,0,0.0,Ferro,sem_dado,0.05,tiktok_seller_center,,0,0,0,,0,0.0,0.0,0,0.0,2,0,0.0,1,2026-05,2026-05
BYELENSANTOSS,2026-04,2026-04-01,2026-04-30,0.0,0.0,0.0,0.0,0,0.0,0,3,0.0,Ferro,sem_dado,0.05,tiktok_seller_center,0,0,0,0,,,0.0,0.0,0,0.0,0,10,0.0,2,2026-03,2026-04
BYGABIVIANNA,2026-05,2026-05-01,2026-05-23,0.0,0.0,0.0,0.0,0,0.0,4,0,0.0,Ferro,sem_dado,0.05,tiktok_seller_center,2,0,0,0,,0,518.04,518.04,5,0.0,16,2,25.910000000000004,4,2026-02,2026-05
BYHANNAHALB,2026-05,2026-05-01,2026-05-23,0.0,0.0,0.0,0.0,0,0.0,2,10,0.0,Ferro,sem_dado,0.05,tiktok_seller_center,,0,0,0,,0,0.0,0.0,0,0.0,2,10,0.0,1,2026-05,2026-05
BYHELENZINHAINDICA,2026-04,2026-04-01,2026-04-30,0.0,0.0,0.0,0.0,0,0.0,0,3,0.0,Ferro,sem_dado,0.05,tiktok_seller_center,0,0,0,0,,,0.0,0.0,0,0.0,0,3,0.0,1,2026-04,2026-04
BYJESSICANASCIMENTO,2026-04,2026-04-01,2026-04-30,0.0,0.0,0.0,0.0,0,0.0,0,2,0.0,Ferro,sem_dado,0.05,tiktok_seller_center,0,0,0,0,,,0.0,0.0,0,0.0,0,2,0.0,1,2026-04,2026-04
BYJOANAFIT,2026-05,2026-05-01,2026-05-23,0.0,-62.78,62.78,0.0,0,0.0,2,0,0.0,Ferro,sem_dado,0.05,tiktok_seller_center,,1,0,0,,0,0.0,-62.78,0,62.78,2,0,-3.14,1,2026-05,2026-05
BYJOYME,2026-02,2026-02-01,2026-02-28,0.0,0.0,0.0,0.0,0,0.0,0,3,0.0,Ferro,sem_dado,0.05,tiktok_seller_center,0,0,0,0,,,0.0,0.0,0,0.0,0,3,0.0,1,2026-02,2026-02
BYMAYELE,2026-01,2026-01-06,2026-01-31,0.0,0.0,0.0,0.0,0,0.0,1,0,0.0,Ferro,sem_dado,0.05,tiktok_seller_center,0,0,0,0,,,0.0,0.0,0,0.0,1,0,0.0,1,2026-01,2026-01
BYMERCEDESGABRIELA,2026-05,2026-05-01,2026-05-23,0.0,0.0,0.0,0.0,0,0.0,1,0,0.0,Ferro,sem_dado,0.05,tiktok_seller_center,,0,0,0,,0,0.0,0.0,0,0.0,1,0,0.0,1,2026-05,2026-05
BYRENATAPACHECO,2026-02,2026-02-01,2026-02-28,0.0,0.0,0.0,0.0,0,0.0,0,3,0.0,Ferro,sem_dado,0.05,tiktok_seller_center,0,0,0,0,,,0.0,0.0,0,0.0,0,3,0.0,1,2026-02,2026-02
BYTAMIRESPASSOS,2026-03,2026-03-01,2026-03-31,0.0,0.0,0.0,0.0,0,0.0,0,1,0.0,Ferro,sem_dado,0.05,tiktok_seller_center,0,0,0,0,,,0.0,0.0,0,0.0,0,1,0.0,1,2026-03,2026-03
BY_ELOMENDES,2026-05,2026-05-01,2026-05-23,0.0,0.0,0.0,0.0,0,0.0,0,1,0.0,Ferro,sem_dado,0.05,tiktok_seller_center,0,0,0,0,,0,0.0,0.0,0,0.0,0,2,0.0,2,2026-04,2026-05
BY_MANUSHOP,2026-02,2026-02-01,2026-02-28,0.0,0.0,0.0,0.0,0,0.0,1,0,0.0,Ferro,sem_dado,0.05,tiktok_seller_center,0,0,0,0,,,0.0,0.0,0,0.0,1,0,0.0,1,2026-02,2026-02
BY_X01,2026-05,2026-05-01,2026-05-23,103.3,103.3,0.0,0.0,1,103.3,0,0,7.99,Ferro,sem_dado,0.05,tiktok_seller_center,,0,1,0,,1,103.3,103.3,1,0.0,0,0,5.17,1,2026-05,2026-05
BZOAYD8,2026-04,2026-04-01,2026-04-30,0.0,0.0,0.0,0.0,0,0.0,1,0,0.0,Ferro,sem_dado,0.05,tiktok_seller_center,0,0,0,0,,,0.0,0.0,0,0.0,1,0,0.0,1,2026-04,2026-04
BZ_SHOP1,2026-02,2026-02-01,2026-02-28,0.0,0.0,0.0,0.0,0,0.0,3,0,0.0,Ferro,sem_dado,0.05,tiktok_seller_center,0,0,0,0,,,0.0,0.0,0,0.0,3,0,0.0,1,2026-02,2026-02
C.HENRIKI.CREATOR,2026-02,2026-02-01,2026-02-28,0.0,0.0,0.0,0.0,0,0.0,0,1,0.0,Ferro,sem_dado,0.05,tiktok_seller_center,0,0,0,0,,,0.0,0.0,0,0.0,0,1,0.0,1,2026-02,2026-02
C2FINDSTIKSHOP,2026-02,2026-02-01,2026-02-28,0.0,0.0,0.0,0.0,0,0.0,1,0,0.0,Ferro,sem_dado,0.05,tiktok_seller_center,0,0,0,0,,,0.0,0.0,0,0.0,1,0,0.0,1,2026-02,2026-02
C2J8K9,2026-04,2026-04-01,2026-04-30,0.0,0.0,0.0,0.0,0,0.0,1,0,0.0,Ferro,sem_dado,0.05,tiktok_seller_center,0,0,0,0,,,0.0,0.0,0,0.0,1,0,0.0,1,2026-04,2026-04
C30592288HE,2026-03,2026-03-01,2026-03-31,0.0,0.0,0.0,0.0,0,0.0,5,0,0.0,Ferro,sem_dado,0.05,tiktok_seller_center,0,0,0,0,,,0.0,0.0,0,0.0,5,0,0.0,1,2026-03,2026-03
C3HXVI4TN6,2026-04,2026-04-01,2026-04-30,0.0,0.0,0.0,0.0,0,0.0,1,0,0.0,Ferro,sem_dado,0.05,tiktok_seller_center,0,0,0,0,,,0.0,0.0,0,0.0,2,0,0.0,2,2026-03,2026-04
CAA.VAZAMENTO.DF,2026-02,2026-02-01,2026-02-28,0.0,0.0,0.0,0.0,0,0.0,0,2,0.0,Ferro,sem_dado,0.05,tiktok_seller_center,0,0,0,0,,,0.0,0.0,0,0.0,0,2,0.0,1,2026-02,2026-02
CAAHINDICA,2026-02,2026-02-01,2026-02-28,0.0,0.0,0.0,0.0,0,0.0,0,1,0.0,Ferro,sem_dado,0.05,tiktok_seller_center,0,0,0,0,,,0.0,0.0,0,0.0,0,1,0.0,1,2026-02,2026-02
CACAAU30,2026-05,2026-05-01,2026-05-23,0.0,0.0,0.0,0.0,0,0.0,1,0,0.0,Ferro,sem_dado,0.05,tiktok_seller_center,,0,0,0,,0,0.0,0.0,0,0.0,1,0,0.0,1,2026-05,2026-05
CACARMORAES,2026-02,2026-02-01,2026-02-28,0.0,0.0,0.0,0.0,0,0.0,0,3,0.0,Ferro,sem_dado,0.05,tiktok_seller_center,0,0,0,0,,,0.0,0.0,0,0.0,0,3,0.0,1,2026-02,2026-02
CACAU2107,2026-02,2026-02-01,2026-02-28,0.0,0.0,0.0,0.0,0,0.0,1,0,0.0,Ferro,sem_dado,0.05,tiktok_seller_center,0,0,0,0,,,0.0,0.0,0,0.0,1,0,0.0,1,2026-02,2026-02
CACAUABRAAO,2026-04,2026-04-01,2026-04-30,0.0,0.0,0.0,0.0,0,0.0,0,1,0.0,Ferro,sem_dado,0.05,tiktok_seller_center,0,0,0,0,,,397.71,317.81,5,79.9,1,1,15.9,3,2026-02,2026-04
CADAOSABORIA,2026-05,2026-05-01,2026-05-23,0.0,0.0,0.0,0.0,0,0.0,1,0,0.0,Ferro,sem_dado,0.05,tiktok_seller_center,,0,0,0,,0,0.0,0.0,0,0.0,1,0,0.0,1,2026-05,2026-05
CADOVLOGS,2026-05,2026-05-01,2026-05-23,0.0,0.0,0.0,0.0,0,0.0,0,3,0.0,Ferro,sem_dado,0.05,tiktok_seller_center,,0,0,0,,0,0.0,0.0,0,0.0,0,3,0.0,1,2026-05,2026-05
CADURESEND3,2026-04,2026-04-01,2026-04-30,0.0,0.0,0.0,0.0,0,0.0,0,1,0.0,Ferro,sem_dado,0.05,tiktok_seller_center,0,0,0,0,,,0.0,0.0,0,0.0,0,1,0.0,1,2026-04,2026-04
CAFAUSTINO,2026-02,2026-02-01,2026-02-28,0.0,0.0,0.0,0.0,0,0.0,0,1,0.0,Ferro,sem_dado,0.05,tiktok_seller_center,0,0,0,0,,,0.0,0.0,0,0.0,0,1,0.0,1,2026-02,2026-02
CAH.VALENT,2026-04,2026-04-01,2026-04-30,0.0,0.0,0.0,0.0,0,0.0,3,0,0.0,Ferro,sem_dado,0.05,tiktok_seller_center,0,0,0,0,,,0.0,0.0,0,0.0,3,0,0.0,1,2026-04,2026-04
CAIXADELEMBRANCAS,2026-05,2026-05-01,2026-05-23,0.0,0.0,0.0,0.0,0,0.0,0,3,0.0,Ferro,sem_dado,0.05,tiktok_seller_center,0,0,0,0,,0,0.0,0.0,0,0.0,0,4,0.0,2,2026-01,2026-05
CALINE_SHOP,2026-01,2026-01-06,2026-01-31,0.0,0.0,0.0,0.0,0,0.0,1,0,0.0,Ferro,sem_dado,0.05,tiktok_seller_center,0,0,0,0,,,0.0,0.0,0,0.0,1,0,0.0,1,2026-01,2026-01
CAMICAJE,2026-05,2026-05-01,2026-05-23,0.0,0.0,0.0,0.0,0,0.0,0,9,0.0,Ferro,sem_dado,0.05,tiktok_seller_center,0,0,0,0,,0,0.0,0.0,0,0.0,0,11,0.0,2,2026-04,2026-05
CAMILA.GOMES267,2026-04,2026-04-01,2026-04-30,0.0,0.0,0.0,0.0,0,0.0,0,2,0.0,Ferro,sem_dado,0.05,tiktok_seller_center,0,0,0,0,,,0.0,0.0,0,0.0,0,2,0.0,1,2026-04,2026-04
CAMILA.GOUVEIALOPES,2026-03,2026-03-01,2026-03-31,83.15,83.15,0.0,0.0,1,83.15,0,0,8.32,Ferro,sem_dado,0.05,tiktok_seller_center,1,0,1,0,,,83.15,83.15,1,0.0,0,0,4.16,1,2026-03,2026-03
CAMILA.INDICA09,2026-04,2026-04-01,2026-04-30,0.0,0.0,0.0,0.0,0,0.0,4,0,0.0,Ferro,sem_dado,0.05,tiktok_seller_center,0,0,0,0,,,0.0,0.0,0,0.0,9,2,0.0,3,2026-02,2026-04
CAMILAALVESMENTORAA,2026-05,2026-05-01,2026-05-23,0.0,0.0,0.0,0.0,0,0.0,0,9,0.0,Ferro,sem_dado,0.05,tiktok_seller_center,,0,0,0,,0,0.0,0.0,0,0.0,0,9,0.0,1,2026-05,2026-05
CAMILABGONC,2026-05,2026-05-01,2026-05-23,0.0,0.0,0.0,0.0,0,0.0,0,1,0.0,Ferro,sem_dado,0.05,tiktok_seller_center,,0,0,0,,0,0.0,0.0,0,0.0,0,1,0.0,1,2026-05,2026-05
CAMILABRANGEL.M,2026-05,2026-05-01,2026-05-23,0.0,0.0,0.0,0.0,0,0.0,0,1,0.0,Ferro,sem_dado,0.05,tiktok_seller_center,,0,0,0,,0,0.0,0.0,0,0.0,0,1,0.0,1,2026-05,2026-05
CAMILACHRISTINE,2026-04,2026-04-01,2026-04-30,0.0,0.0,0.0,0.0,0,0.0,0,2,0.0,Ferro,sem_dado,0.05,tiktok_seller_center,0,0,0,0,,,0.0,0.0,0,0.0,0,2,0.0,1,2026-04,2026-04
CAMILACOELHOMORAES,2026-05,2026-05-01,2026-05-23,0.0,0.0,0.0,0.0,0,0.0,7,0,0.0,Ferro,sem_dado,0.05,tiktok_seller_center,0,0,0,0,,0,0.0,0.0,0,0.0,8,0,0.0,2,2026-03,2026-05
CAMILACOELHOTIKTOK,2026-02,2026-02-01,2026-02-28,0.0,0.0,0.0,0.0,0,0.0,2,0,0.0,Ferro,sem_dado,0.05,tiktok_seller_center,0,0,0,0,,,0.0,0.0,0,0.0,2,0,0.0,1,2026-02,2026-02
CAMILADAIARA1,2026-05,2026-05-01,2026-05-23,0.0,0.0,0.0,0.0,0,0.0,1,0,0.0,Ferro,sem_dado,0.05,tiktok_seller_center,0,0,0,0,,0,0.0,0.0,0,0.0,3,0,0.0,2,2026-04,2026-05
CAMILAF08,2026-05,2026-05-01,2026-05-23,0.0,0.0,0.0,0.0,0,0.0,1,0,0.0,Ferro,sem_dado,0.05,tiktok_seller_center,,0,0,0,,0,0.0,0.0,0,0.0,1,0,0.0,1,2026-05,2026-05
CAMILAINDICA_,2026-02,2026-02-01,2026-02-28,0.0,0.0,0.0,0.0,0,0.0,1,0,0.0,Ferro,sem_dado,0.05,tiktok_seller_center,0,0,0,0,,,0.0,0.0,0,0.0,1,0,0.0,1,2026-02,2026-02
CAMILALESSAIZIDRO,2026-05,2026-05-01,2026-05-23,110.7,110.7,0.0,0.0,1,110.7,3,0,7.99,Ferro,sem_dado,0.05,tiktok_seller_center,,0,1,0,,1,110.7,110.7,1,0.0,3,0,5.54,1,2026-05,2026-05
CAMILALPS01,2026-03,2026-03-01,2026-03-31,0.0,0.0,0.0,0.0,0,0.0,1,0,0.0,Ferro,sem_dado,0.05,tiktok_seller_center,0,0,0,0,,,0.0,0.0,0,0.0,1,0,0.0,1,2026-03,2026-03
CAMILAMAGALDI,2026-05,2026-05-01,2026-05-23,0.0,0.0,0.0,0.0,0,0.0,0,9,0.0,Ferro,sem_dado,0.05,tiktok_seller_center,0,0,0,0,,0,0.0,0.0,0,0.0,0,12,0.0,2,2026-04,2026-05
CAMILAMATOS021,2026-05,2026-05-01,2026-05-23,0.0,0.0,0.0,0.0,0,0.0,0,1,0.0,Ferro,sem_dado,0.05,tiktok_seller_center,,0,0,0,,0,0.0,0.0,0,0.0,0,1,0.0,1,2026-05,2026-05
CAMILARECOMENDAA,2026-03,2026-03-01,2026-03-31,0.0,0.0,0.0,0.0,0,0.0,1,14,0.0,Ferro,sem_dado,0.05,tiktok_seller_center,0,0,0,0,,,0.0,0.0,0,0.0,1,14,0.0,1,2026-03,2026-03
CAMILAREISAF,2026-05,2026-05-01,2026-05-23,0.0,-80.7,80.7,0.0,0,0.0,0,1,0.0,Ferro,sem_dado,0.05,tiktok_seller_center,1,1,0,0,,0,161.4,80.7,2,80.7,4,8,4.04,4,2026-02,2026-05
CAMILAROCHA.1,2026-02,2026-02-01,2026-02-28,0.0,0.0,0.0,0.0,0,0.0,1,0,0.0,Ferro,sem_dado,0.05,tiktok_seller_center,0,0,0,0,,,0.0,0.0,0,0.0,1,0,0.0,1,2026-02,2026-02
CAMILARODRIGUESCREATO,2026-05,2026-05-01,2026-05-23,0.0,0.0,0.0,0.0,0,0.0,0,1,0.0,Ferro,sem_dado,0.05,tiktok_seller_center,,0,0,0,,0,0.0,0.0,0,0.0,0,1,0.0,1,2026-05,2026-05
CAMILASALIS1,2026-05,2026-05-01,2026-05-23,0.0,0.0,0.0,0.0,0,0.0,1,0,0.0,Ferro,sem_dado,0.05,tiktok_seller_center,0,0,0,0,,0,0.0,0.0,0,0.0,2,0,0.0,2,2026-03,2026-05
CAMILASANTOS._,2026-04,2026-04-01,2026-04-30,79.6,79.6,0.0,0.0,1,79.6,0,0,7.99,Ferro,sem_dado,0.05,tiktok_seller_center,1,0,1,0,,,315.73,236.07999999999998,4,79.65,2,0,11.8,3,2026-01,2026-04
CAMILASHOPOFERTAS,2026-02,2026-02-01,2026-02-28,0.0,0.0,0.0,0.0,0,0.0,0,1,0.0,Ferro,sem_dado,0.05,tiktok_seller_center,0,0,0,0,,,0.0,0.0,0,0.0,0,1,0.0,1,2026-02,2026-02
CAMILASOUZAOF,2026-05,2026-05-01,2026-05-23,0.0,0.0,0.0,0.0,0,0.0,0,1,0.0,Ferro,sem_dado,0.05,tiktok_seller_center,0,0,0,0,,0,0.0,0.0,0,0.0,0,2,0.0,2,2026-04,2026-05
CAMILAVALEBIO,2026-05,2026-05-01,2026-05-23,0.0,0.0,0.0,0.0,0,0.0,0,5,0.0,Ferro,sem_dado,0.05,tiktok_seller_center,0,0,0,0,,0,0.0,0.0,0,0.0,0,8,0.0,2,2026-04,2026-05
CAMILA_IZABEL,2026-05,2026-05-01,2026-05-23,0.0,0.0,0.0,0.0,0,0.0,2,0,0.0,Ferro,sem_dado,0.05,tiktok_seller_center,,0,0,0,,0,0.0,0.0,0,0.0,2,0,0.0,1,2026-05,2026-05
CAMILLA.MACEDO,2026-03,2026-03-01,2026-03-31,0.0,0.0,0.0,0.0,0,0.0,0,4,0.0,Ferro,sem_dado,0.05,tiktok_seller_center,0,0,0,0,,,0.0,0.0,0,0.0,0,5,0.0,2,2026-01,2026-03
CAMILLABAIA,2026-02,2026-02-01,2026-02-28,83.1,83.1,0.0,0.0,1,83.1,0,0,7.99,Ferro,sem_dado,0.05,tiktok_seller_center,1,0,1,0,,,83.1,83.1,1,0.0,0,0,4.16,1,2026-02,2026-02
CAMILLADICASVALIOSAS,2026-03,2026-03-01,2026-03-31,0.0,0.0,0.0,0.0,0,0.0,1,0,0.0,Ferro,sem_dado,0.05,tiktok_seller_center,0,0,0,0,,,0.0,0.0,0,0.0,1,0,0.0,1,2026-03,2026-03
CAMILLAMONTEIROOO,2026-03,2026-03-01,2026-03-31,83.03,83.03,0.0,0.0,1,83.03,0,4,7.99,Ferro,sem_dado,0.05,tiktok_seller_center,1,0,1,0,,,83.03,83.03,1,0.0,0,4,4.15,1,2026-03,2026-03
CAMINHO.JURIDICO,2026-03,2026-03-01,2026-03-31,0.0,0.0,0.0,0.0,0,0.0,1,0,0.0,Ferro,sem_dado,0.05,tiktok_seller_center,0,0,0,0,,,0.0,0.0,0,0.0,1,0,0.0,1,2026-03,2026-03
CAMINHOCOMJESUS08,2026-02,2026-02-01,2026-02-28,0.0,0.0,0.0,0.0,0,0.0,1,0,0.0,Ferro,sem_dado,0.05,tiktok_seller_center,0,0,0,0,,,0.0,0.0,0,0.0,1,0,0.0,1,2026-02,2026-02
CAMIS79HK,2026-03,2026-03-01,2026-03-31,0.0,0.0,0.0,0.0,0,0.0,1,0,0.0,Ferro,sem_dado,0.05,tiktok_seller_center,0,0,0,0,,,0.0,0.0,0,0.0,1,0,0.0,1,2026-03,2026-03
CAMPEO.DOS.LOOKS,2026-03,2026-03-01,2026-03-31,0.0,0.0,0.0,0.0,0,0.0,1,0,0.0,Ferro,sem_dado,0.05,tiktok_seller_center,0,0,0,0,,,0.0,0.0,0,0.0,1,0,0.0,1,2026-03,2026-03
CAMYFONTEES,2026-05,2026-05-01,2026-05-23,0.0,0.0,0.0,0.0,0,0.0,2,0,0.0,Ferro,sem_dado,0.05,tiktok_seller_center,,0,0,0,,0,0.0,0.0,0,0.0,2,0,0.0,1,2026-05,2026-05
CANALORACAO2,2026-03,2026-03-01,2026-03-31,0.0,0.0,0.0,0.0,0,0.0,0,1,0.0,Ferro,sem_dado,0.05,tiktok_seller_center,0,0,0,0,,,0.0,0.0,0,0.0,0,1,0.0,1,2026-03,2026-03
CANDINI.INDICA,2026-03,2026-03-01,2026-03-31,0.0,0.0,0.0,0.0,0,0.0,0,1,0.0,Ferro,sem_dado,0.05,tiktok_seller_center,0,0,0,0,,,0.0,0.0,0,0.0,0,1,0.0,1,2026-03,2026-03
CANT..VALMAGALHAES____1,2026-05,2026-05-01,2026-05-23,0.0,0.0,0.0,0.0,0,0.0,0,1,0.0,Ferro,sem_dado,0.05,tiktok_seller_center,,0,0,0,,0,0.0,0.0,0,0.0,0,1,0.0,1,2026-05,2026-05
CANTINHO.DAS.IDEIAS,2026-05,2026-05-01,2026-05-23,0.0,0.0,0.0,0.0,0,0.0,0,2,0.0,Ferro,sem_dado,0.05,tiktok_seller_center,0,0,0,0,,0,0.0,0.0,0,0.0,0,5,0.0,2,2026-04,2026-05
CANTINHO1010,2026-02,2026-02-01,2026-02-28,0.0,0.0,0.0,0.0,0,0.0,1,0,0.0,Ferro,sem_dado,0.05,tiktok_seller_center,0,0,0,0,,,0.0,0.0,0,0.0,1,0,0.0,1,2026-02,2026-02
CANTINHODACASA21,2026-04,2026-04-01,2026-04-30,0.0,0.0,0.0,0.0,0,0.0,0,1,0.0,Ferro,sem_dado,0.05,tiktok_seller_center,0,0,0,0,,,0.0,0.0,0,0.0,0,1,0.0,1,2026-04,2026-04
CANTINHODASDIVASBR,2026-02,2026-02-01,2026-02-28,79.9,0.0,79.9,100.0,1,79.9,0,0,7.99,Ferro,sem_dado,0.05,tiktok_seller_center,1,1,1,0,,,79.9,0.0,1,79.9,0,0,0.0,1,2026-02,2026-02
CANTINHODAVARIEDADE1,2026-03,2026-03-01,2026-03-31,0.0,0.0,0.0,0.0,0,0.0,0,1,0.0,Ferro,sem_dado,0.05,tiktok_seller_center,0,0,0,0,,,0.0,0.0,0,0.0,0,1,0.0,1,2026-03,2026-03
CANTORA.CALITA.RIBEIRO,2026-03,2026-03-01,2026-03-31,0.0,0.0,0.0,0.0,0,0.0,0,1,0.0,Ferro,sem_dado,0.05,tiktok_seller_center,0,0,0,0,,,0.0,0.0,0,0.0,0,1,0.0,1,2026-03,2026-03
CAPITAOBR2026,2026-05,2026-05-01,2026-05-23,0.0,0.0,0.0,0.0,0,0.0,2,0,0.0,Ferro,sem_dado,0.05,tiktok_seller_center,,0,0,0,,0,0.0,0.0,0,0.0,2,0,0.0,1,2026-05,2026-05
CAPUCIOJ,2026-05,2026-05-01,2026-05-23,0.0,0.0,0.0,0.0,0,0.0,0,4,0.0,Ferro,sem_dado,0.05,tiktok_seller_center,,0,0,0,,0,0.0,0.0,0,0.0,0,4,0.0,1,2026-05,2026-05
CARADOAGRO85,2026-03,2026-03-01,2026-03-31,0.0,0.0,0.0,0.0,0,0.0,1,0,0.0,Ferro,sem_dado,0.05,tiktok_seller_center,0,0,0,0,,,0.0,0.0,0,0.0,1,0,0.0,1,2026-03,2026-03
CARDOSO.CAMPOS95,2026-03,2026-03-01,2026-03-31,0.0,0.0,0.0,0.0,0,0.0,1,0,0.0,Ferro,sem_dado,0.05,tiktok_seller_center,0,0,0,0,,,0.0,0.0,0,0.0,1,0,0.0,1,2026-03,2026-03
CARDOSOXISADORA,2026-02,2026-02-01,2026-02-28,0.0,0.0,0.0,0.0,0,0.0,2,0,0.0,Ferro,sem_dado,0.05,tiktok_seller_center,0,0,0,0,,,0.0,0.0,0,0.0,2,0,0.0,1,2026-02,2026-02
CARDOSO_LARA2,2026-03,2026-03-01,2026-03-31,0.0,0.0,0.0,0.0,0,0.0,0,1,0.0,Ferro,sem_dado,0.05,tiktok_seller_center,0,0,0,0,,,0.0,0.0,0,0.0,0,1,0.0,1,2026-03,2026-03
CARDYPARIS,2026-05,2026-05-01,2026-05-23,0.0,0.0,0.0,0.0,0,0.0,1,0,0.0,Ferro,sem_dado,0.05,tiktok_seller_center,,0,0,0,,0,0.0,0.0,0,0.0,1,0,0.0,1,2026-05,2026-05
CARINA4151,2026-05,2026-05-01,2026-05-23,0.0,0.0,0.0,0.0,0,0.0,0,4,0.0,Ferro,sem_dado,0.05,tiktok_seller_center,0,0,0,0,,0,0.0,0.0,0,0.0,0,25,0.0,3,2026-03,2026-05
CARINABA89,2026-04,2026-04-01,2026-04-30,107.4,2.010000000000005,105.39,98.13,1,107.4,0,4,7.59,Ferro,sem_dado,0.05,tiktok_seller_center,1,1,1,0,,,212.79000000000002,107.4,2,105.39,0,6,5.369999999999999,2,2026-03,2026-04
CARINECMV,2026-05,2026-05-01,2026-05-23,0.0,0.0,0.0,0.0,0,0.0,0,3,0.0,Ferro,sem_dado,0.05,tiktok_seller_center,0,0,0,0,,0,0.0,0.0,0,0.0,5,30,0.0,3,2026-03,2026-05
CARINECMV2,2026-04,2026-04-01,2026-04-30,0.0,0.0,0.0,0.0,0,0.0,2,6,0.0,Ferro,sem_dado,0.05,tiktok_seller_center,0,0,0,0,,,0.0,0.0,0,0.0,5,8,0.0,2,2026-03,2026-04
CARINEVGARCIA,2026-05,2026-05-01,2026-05-23,0.0,-84.48,84.48,0.0,0,0.0,1,0,0.0,Ferro,sem_dado,0.05,tiktok_seller_center,1,1,0,0,,0,84.48,0.0,1,84.48,3,0,0.0,2,2026-04,2026-05
CARIOCADAGEMA_RJ,2026-02,2026-02-01,2026-02-28,0.0,0.0,0.0,0.0,0,0.0,0,9,0.0,Ferro,sem_dado,0.05,tiktok_seller_center,0,0,0,0,,,0.0,0.0,0,0.0,0,9,0.0,1,2026-02,2026-02
CARLA.FERNANDINHA1,2026-04,2026-04-01,2026-04-30,0.0,0.0,0.0,0.0,0,0.0,0,4,0.0,Ferro,sem_dado,0.05,tiktok_seller_center,0,0,0,0,,,0.0,0.0,0,0.0,0,4,0.0,1,2026-04,2026-04
CARLABAIA405,2026-02,2026-02-01,2026-02-28,0.0,0.0,0.0,0.0,0,0.0,0,2,0.0,Ferro,sem_dado,0.05,tiktok_seller_center,0,0,0,0,,,0.0,0.0,0,0.0,0,2,0.0,1,2026-02,2026-02
CARLABIA37,2026-03,2026-03-01,2026-03-31,0.0,0.0,0.0,0.0,0,0.0,1,0,0.0,Ferro,sem_dado,0.05,tiktok_seller_center,0,0,0,0,,,0.0,0.0,0,0.0,1,0,0.0,1,2026-03,2026-03
CARLACREATORR,2026-02,2026-02-01,2026-02-28,0.0,0.0,0.0,0.0,0,0.0,0,8,0.0,Ferro,sem_dado,0.05,tiktok_seller_center,0,0,0,0,,,159.8,159.8,2,0.0,11,11,7.99,2,2026-01,2026-02
CARLACRIISTINAA__,2026-05,2026-05-01,2026-05-23,0.0,0.0,0.0,0.0,0,0.0,0,1,0.0,Ferro,sem_dado,0.05,tiktok_seller_center,,0,0,0,,0,0.0,0.0,0,0.0,0,1,0.0,1,2026-05,2026-05
CARLAF.BITENCOURT,2026-05,2026-05-01,2026-05-23,87.87,0.0,87.87,100.0,1,87.87,0,60,7.19,Ferro,sem_dado,0.05,tiktok_seller_center,0,1,1,0,,1,167.77,79.9,2,87.87,0,192,4.0,3,2026-03,2026-05
CARLAINSPIRE,2026-05,2026-05-01,2026-05-23,108.1,108.1,0.0,0.0,1,108.1,0,0,7.99,Ferro,sem_dado,0.05,tiktok_seller_center,,0,1,0,,1,108.1,108.1,1,0.0,0,0,5.41,1,2026-05,2026-05
CARLARIBEIRO.7,2026-03,2026-03-01,2026-03-31,0.0,0.0,0.0,0.0,0,0.0,0,2,0.0,Ferro,sem_dado,0.05,tiktok_seller_center,0,0,0,0,,,0.0,0.0,0,0.0,0,2,0.0,1,2026-03,2026-03
CARLAROCCO13,2026-04,2026-04-01,2026-04-30,90.7,90.7,0.0,0.0,1,90.7,0,0,7.99,Ferro,sem_dado,0.05,tiktok_seller_center,1,0,1,0,,,90.7,90.7,1,0.0,0,3,4.54,2,2026-02,2026-04
CARLAROCHA.DICAS,2026-02,2026-02-01,2026-02-28,0.0,0.0,0.0,0.0,0,0.0,0,1,0.0,Ferro,sem_dado,0.05,tiktok_seller_center,0,0,0,0,,,0.0,0.0,0,0.0,0,1,0.0,1,2026-02,2026-02
CARLASALESPROMO,2026-03,2026-03-01,2026-03-31,0.0,0.0,0.0,0.0,0,0.0,0,1,0.0,Ferro,sem_dado,0.05,tiktok_seller_center,0,0,0,0,,,0.0,0.0,0,0.0,0,1,0.0,1,2026-03,2026-03
CARLASALESTIKSHOP,2026-04,2026-04-01,2026-04-30,0.0,0.0,0.0,0.0,0,0.0,0,1,0.0,Ferro,sem_dado,0.05,tiktok_seller_center,0,0,0,0,,,0.0,0.0,0,0.0,0,1,0.0,1,2026-04,2026-04
CARLASHOPCREATOR,2026-03,2026-03-01,2026-03-31,0.0,0.0,0.0,0.0,0,0.0,0,2,0.0,Ferro,sem_dado,0.05,tiktok_seller_center,0,0,0,0,,,0.0,0.0,0,0.0,0,2,0.0,1,2026-03,2026-03
CARLASHOPS,2026-02,2026-02-01,2026-02-28,0.0,0.0,0.0,0.0,0,0.0,0,4,0.0,Ferro,sem_dado,0.05,tiktok_seller_center,0,0,0,0,,,0.0,0.0,0,0.0,0,4,0.0,1,2026-02,2026-02
CARLASTEFAANY,2026-05,2026-05-01,2026-05-23,0.0,0.0,0.0,0.0,0,0.0,0,2,0.0,Ferro,sem_dado,0.05,tiktok_seller_center,0,0,0,0,,0,0.0,0.0,0,0.0,0,3,0.0,2,2026-04,2026-05
CARLAVIANAINDICA,2026-04,2026-04-01,2026-04-30,0.0,0.0,0.0,0.0,0,0.0,0,20,0.0,Ferro,sem_dado,0.05,tiktok_seller_center,0,0,0,0,,,0.0,0.0,0,0.0,0,28,0.0,2,2026-03,2026-04
CARLAVIRGINIA,2026-02,2026-02-01,2026-02-28,0.0,0.0,0.0,0.0,0,0.0,0,2,0.0,Ferro,sem_dado,0.05,tiktok_seller_center,0,0,0,0,,,0.0,0.0,0,0.0,0,2,0.0,1,2026-02,2026-02
CARLA_DOS_SANTOS94,2026-04,2026-04-01,2026-04-30,0.0,0.0,0.0,0.0,0,0.0,1,0,0.0,Ferro,sem_dado,0.05,tiktok_seller_center,0,0,0,0,,,0.0,0.0,0,0.0,2,1,0.0,2,2026-03,2026-04
CARLA_HERINGER,2026-05,2026-05-01,2026-05-23,0.0,0.0,0.0,0.0,0,0.0,0,1,0.0,Ferro,sem_dado,0.05,tiktok_seller_center,,0,0,0,,0,0.0,0.0,0,0.0,0,1,0.0,1,2026-05,2026-05
CARLINEMATOSOFICIAL,2026-04,2026-04-01,2026-04-30,0.0,0.0,0.0,0.0,0,0.0,1,0,0.0,Ferro,sem_dado,0.05,tiktok_seller_center,0,0,0,0,,,0.0,0.0,0,0.0,1,0,0.0,1,2026-04,2026-04
CARLINHOSVENDASSHOP,2026-02,2026-02-01,2026-02-28,0.0,0.0,0.0,0.0,0,0.0,0,1,0.0,Ferro,sem_dado,0.05,tiktok_seller_center,0,0,0,0,,,0.0,0.0,0,0.0,0,3,0.0,2,2026-01,2026-02
CARLLAEVANGELISTA,2026-04,2026-04-01,2026-04-30,0.0,0.0,0.0,0.0,0,0.0,0,9,0.0,Ferro,sem_dado,0.05,tiktok_seller_center,0,0,0,0,,,0.0,0.0,0,0.0,3,16,0.0,2,2026-03,2026-04
CARLOS_EDUARDO_AGRO,2026-02,2026-02-01,2026-02-28,0.0,0.0,0.0,0.0,0,0.0,0,1,0.0,Ferro,sem_dado,0.05,tiktok_seller_center,0,0,0,0,,,0.0,0.0,0,0.0,0,1,0.0,1,2026-02,2026-02
CAROL.DICAS55,2026-04,2026-04-01,2026-04-30,93.09,93.09,0.0,0.0,1,93.09,0,0,7.59,Ferro,sem_dado,0.05,tiktok_seller_center,1,0,1,0,,,93.09,93.09,1,0.0,0,0,4.65,1,2026-04,2026-04
CAROL.INDICA.VC,2026-03,2026-03-01,2026-03-31,0.0,0.0,0.0,0.0,0,0.0,2,1,0.0,Ferro,sem_dado,0.05,tiktok_seller_center,0,0,0,0,,,0.0,0.0,0,0.0,2,1,0.0,1,2026-03,2026-03
CAROLAYNERANGEL1,2026-03,2026-03-01,2026-03-31,0.0,0.0,0.0,0.0,0,0.0,0,1,0.0,Ferro,sem_dado,0.05,tiktok_seller_center,0,0,0,0,,,0.0,0.0,0,0.0,0,1,0.0,1,2026-03,2026-03
CAROLCARDOSOCG,2026-02,2026-02-01,2026-02-28,0.0,0.0,0.0,0.0,0,0.0,1,0,0.0,Ferro,sem_dado,0.05,tiktok_seller_center,0,0,0,0,,,0.0,0.0,0,0.0,1,0,0.0,1,2026-02,2026-02
CAROLCATOIABROGGIO,2026-05,2026-05-01,2026-05-23,0.0,0.0,0.0,0.0,0,0.0,1,0,0.0,Ferro,sem_dado,0.05,tiktok_seller_center,0,0,0,0,,0,0.0,0.0,0,0.0,2,0,0.0,2,2026-04,2026-05
CAROLESTEVAM5,2026-03,2026-03-01,2026-03-31,0.0,0.0,0.0,0.0,0,0.0,0,2,0.0,Ferro,sem_dado,0.05,tiktok_seller_center,0,0,0,0,,,0.0,0.0,0,0.0,0,2,0.0,1,2026-03,2026-03
CAROLFORNARIBEHM,2026-04,2026-04-01,2026-04-30,0.0,0.0,0.0,0.0,0,0.0,0,1,0.0,Ferro,sem_dado,0.05,tiktok_seller_center,0,0,0,0,,,0.0,0.0,0,0.0,0,1,0.0,1,2026-04,2026-04
CAROLINA.APP,2026-03,2026-03-01,2026-03-31,0.0,0.0,0.0,0.0,0,0.0,0,1,0.0,Ferro,sem_dado,0.05,tiktok_seller_center,0,0,0,0,,,0.0,0.0,0,0.0,0,1,0.0,1,2026-03,2026-03
CAROLINAARAUJOCALEMBE,2026-05,2026-05-01,2026-05-23,0.0,0.0,0.0,0.0,0,0.0,0,4,0.0,Ferro,sem_dado,0.05,tiktok_seller_center,0,0,0,0,,0,0.0,0.0,0,0.0,0,16,0.0,3,2026-03,2026-05
CAROLINAASHOP,2026-02,2026-02-01,2026-02-28,0.0,0.0,0.0,0.0,0,0.0,0,3,0.0,Ferro,sem_dado,0.05,tiktok_seller_center,0,0,0,0,,,0.0,0.0,0,0.0,0,5,0.0,2,2026-01,2026-02
CAROLINALOOKS,2026-02,2026-02-01,2026-02-28,0.0,0.0,0.0,0.0,0,0.0,0,1,0.0,Ferro,sem_dado,0.05,tiktok_seller_center,0,0,0,0,,,0.0,0.0,0,0.0,0,1,0.0,1,2026-02,2026-02
CAROLINAMAROSTEGA_,2026-04,2026-04-01,2026-04-30,0.0,0.0,0.0,0.0,0,0.0,2,0,0.0,Ferro,sem_dado,0.05,tiktok_seller_center,0,0,0,0,,,0.0,0.0,0,0.0,3,0,0.0,2,2026-03,2026-04
CAROLINAMENDICINO,2026-05,2026-05-01,2026-05-23,0.0,0.0,0.0,0.0,0,0.0,1,0,0.0,Ferro,sem_dado,0.05,tiktok_seller_center,,0,0,0,,0,0.0,0.0,0,0.0,1,0,0.0,1,2026-05,2026-05
CAROLINAMUNOZ.VS,2026-01,2026-01-06,2026-01-31,70.02,70.02,0.0,0.0,1,70.02,0,0,7.15,Ferro,sem_dado,0.05,tiktok_seller_center,1,0,1,0,,,70.02,70.02,1,0.0,0,0,3.5,1,2026-01,2026-01
CAROLINANOGUEIRABARCELOS,2026-05,2026-05-01,2026-05-23,69.75,69.75,0.0,0.0,1,69.75,0,20,6.33,Ferro,sem_dado,0.05,tiktok_seller_center,1,0,1,0,,1,160.63,69.75,2,90.88,1,39,3.49,2,2026-04,2026-05
CAROLINAVIANAAA,2026-05,2026-05-01,2026-05-23,0.0,0.0,0.0,0.0,0,0.0,0,2,0.0,Ferro,sem_dado,0.05,tiktok_seller_center,0,0,0,0,,0,0.0,0.0,0,0.0,0,13,0.0,3,2026-03,2026-05
CAROLINE.DE.BRITO7,2026-03,2026-03-01,2026-03-31,0.0,0.0,0.0,0.0,0,0.0,0,1,0.0,Ferro,sem_dado,0.05,tiktok_seller_center,0,0,0,0,,,0.0,0.0,0,0.0,0,1,0.0,1,2026-03,2026-03
CAROLINEASSIS72,2026-03,2026-03-01,2026-03-31,0.0,0.0,0.0,0.0,0,0.0,0,3,0.0,Ferro,sem_dado,0.05,tiktok_seller_center,0,0,0,0,,,0.0,0.0,0,0.0,0,3,0.0,1,2026-03,2026-03
CAROLINECASONE,2026-04,2026-04-01,2026-04-30,0.0,0.0,0.0,0.0,0,0.0,0,3,0.0,Ferro,sem_dado,0.05,tiktok_seller_center,0,0,0,0,,,0.0,0.0,0,0.0,2,4,0.0,3,2026-02,2026-04
CAROLINEDESA_,2026-05,2026-05-01,2026-05-23,0.0,0.0,0.0,0.0,0,0.0,0,1,0.0,Ferro,sem_dado,0.05,tiktok_seller_center,,0,0,0,,0,0.0,0.0,0,0.0,0,1,0.0,1,2026-05,2026-05
CAROLINEH.DICAS,2026-04,2026-04-01,2026-04-30,0.0,0.0,0.0,0.0,0,0.0,1,0,0.0,Ferro,sem_dado,0.05,tiktok_seller_center,0,0,0,0,,,129.29,129.29,2,0.0,6,0,6.47,3,2026-02,2026-04
CAROLINEMENESESOFICIAL,2026-04,2026-04-01,2026-04-30,0.0,0.0,0.0,0.0,0,0.0,0,5,0.0,Ferro,sem_dado,0.05,tiktok_seller_center,0,0,0,0,,,0.0,0.0,0,0.0,0,12,0.0,2,2026-03,2026-04
CAROLINEXAVIERP,2026-02,2026-02-01,2026-02-28,77.84,77.84,0.0,0.0,1,77.84,1,0,7.91,Ferro,sem_dado,0.05,tiktok_seller_center,1,0,1,0,,,157.74,157.74,2,0.0,5,0,7.890000000000001,2,2026-01,2026-02
CAROLINE_DICAS,2026-04,2026-04-01,2026-04-30,0.0,0.0,0.0,0.0,0,0.0,3,0,0.0,Ferro,sem_dado,0.05,tiktok_seller_center,0,0,0,0,,,0.0,0.0,0,0.0,7,0,0.0,2,2026-02,2026-04
CAROLINE_VALIM,2026-05,2026-05-01,2026-05-23,0.0,0.0,0.0,0.0,0,0.0,0,3,0.0,Ferro,sem_dado,0.05,tiktok_seller_center,0,0,0,0,,0,0.0,0.0,0,0.0,0,7,0.0,2,2026-04,2026-05
CAROLIZESE,2026-05,2026-05-01,2026-05-23,0.0,0.0,0.0,0.0,0,0.0,0,2,0.0,Ferro,sem_dado,0.05,tiktok_seller_center,0,0,0,0,,0,78.3,78.3,1,0.0,3,7,3.92,3,2026-03,2026-05
CAROLLE.ACHADINHOS,2026-04,2026-04-01,2026-04-30,0.0,0.0,0.0,0.0,0,0.0,0,1,0.0,Ferro,sem_dado,0.05,tiktok_seller_center,0,0,0,0,,,0.0,0.0,0,0.0,0,1,0.0,1,2026-04,2026-04
CAROLLFREYRE,2026-01,2026-01-06,2026-01-31,0.0,0.0,0.0,0.0,0,0.0,0,3,0.0,Ferro,sem_dado,0.05,tiktok_seller_center,0,0,0,0,,,0.0,0.0,0,0.0,0,3,0.0,1,2026-01,2026-01
CAROLLSILVA_OFICIALL,2026-03,2026-03-01,2026-03-31,0.0,0.0,0.0,0.0,0,0.0,0,2,0.0,Ferro,sem_dado,0.05,tiktok_seller_center,0,0,0,0,,,0.0,0.0,0,0.0,0,2,0.0,1,2026-03,2026-03
CAROLMORAES.SHOP,2026-05,2026-05-01,2026-05-23,291.74,208.12,83.62,28.66,3,97.25,0,0,24.52,Ferro,sem_dado,0.05,tiktok_seller_center,6,1,1,0,,3,1701.8000000000002,1376.5,18,325.3,6,0,68.83,3,2026-02,2026-05
CAROLMOTAAC,2026-04,2026-04-01,2026-04-30,0.0,0.0,0.0,0.0,0,0.0,1,0,0.0,Ferro,sem_dado,0.05,tiktok_seller_center,0,0,0,0,,,0.0,0.0,0,0.0,1,0,0.0,1,2026-04,2026-04
CAROLMOURAA00,2026-05,2026-05-01,2026-05-23,0.0,0.0,0.0,0.0,0,0.0,0,1,0.0,Ferro,sem_dado,0.05,tiktok_seller_center,0,0,0,0,,0,0.0,0.0,0,0.0,0,2,0.0,2,2026-02,2026-05
CAROLMSW6,2026-04,2026-04-01,2026-04-30,0.0,0.0,0.0,0.0,0,0.0,0,1,0.0,Ferro,sem_dado,0.05,tiktok_seller_center,0,0,0,0,,,0.0,0.0,0,0.0,0,1,0.0,1,2026-04,2026-04
CAROLNARIZINHO,2026-04,2026-04-01,2026-04-30,83.62,83.62,0.0,0.0,1,83.62,3,0,6.39,Ferro,sem_dado,0.05,tiktok_seller_center,1,0,1,0,,,83.62,83.62,1,0.0,5,1,4.18,2,2026-02,2026-04
CAROLOLIIVEIIRA2,2026-04,2026-04-01,2026-04-30,81.1,81.1,0.0,0.0,1,81.1,0,1,7.99,Ferro,sem_dado,0.05,tiktok_seller_center,1,0,1,0,,,81.1,81.1,1,0.0,0,1,4.05,1,2026-04,2026-04
CAROLPAVIN17,2026-05,2026-05-01,2026-05-23,0.0,0.0,0.0,0.0,0,0.0,0,1,0.0,Ferro,sem_dado,0.05,tiktok_seller_center,0,0,0,0,,0,0.0,0.0,0,0.0,0,9,0.0,4,2026-01,2026-05
CAROLRACER,2026-03,2026-03-01,2026-03-31,0.0,0.0,0.0,0.0,0,0.0,0,2,0.0,Ferro,sem_dado,0.05,tiktok_seller_center,0,0,0,0,,,0.0,0.0,0,0.0,0,2,0.0,1,2026-03,2026-03
CAROLROSSONI,2026-04,2026-04-01,2026-04-30,480.2,320.4,159.8,33.28,6,80.03,10,0,47.94,Ferro,sem_dado,0.05,tiktok_seller_center,6,2,1,0,,,480.2,320.4,6,159.8,15,0,16.02,2,2026-03,2026-04
CAROLSORRAH,2026-05,2026-05-01,2026-05-23,0.0,0.0,0.0,0.0,0,0.0,1,0,0.0,Ferro,sem_dado,0.05,tiktok_seller_center,,0,0,0,,0,0.0,0.0,0,0.0,1,0,0.0,1,2026-05,2026-05
CAROLTARDELLI.INDICA,2026-03,2026-03-01,2026-03-31,0.0,0.0,0.0,0.0,0,0.0,0,12,0.0,Ferro,sem_dado,0.05,tiktok_seller_center,0,0,0,0,,,0.0,0.0,0,0.0,3,23,0.0,3,2026-01,2026-03
CAROLTIKTOK455,2026-04,2026-04-01,2026-04-30,0.0,0.0,0.0,0.0,0,0.0,0,1,0.0,Ferro,sem_dado,0.05,tiktok_seller_center,0,0,0,0,,,0.0,0.0,0,0.0,0,1,0.0,1,2026-04,2026-04
CAROLTRENDS.TTK,2026-01,2026-01-06,2026-01-31,0.0,0.0,0.0,0.0,0,0.0,1,0,0.0,Ferro,sem_dado,0.05,tiktok_seller_center,0,0,0,0,,,0.0,0.0,0,0.0,1,0,0.0,1,2026-01,2026-01
CAROLVMF,2026-05,2026-05-01,2026-05-23,0.0,0.0,0.0,0.0,0,0.0,1,0,0.0,Ferro,sem_dado,0.05,tiktok_seller_center,,0,0,0,,0,0.0,0.0,0,0.0,1,0,0.0,1,2026-05,2026-05
CAROLXCREATORSHOP,2026-04,2026-04-01,2026-04-30,177.56,177.56,0.0,0.0,1,177.56,0,0,15.82,Ferro,sem_dado,0.05,tiktok_seller_center,2,0,1,0,,,2244.22,1917.04,26,327.18,2,0,95.86,4,2026-01,2026-04
CAROL_BETA_OFICIAL,2026-05,2026-05-01,2026-05-23,0.0,0.0,0.0,0.0,0,0.0,2,0,0.0,Ferro,sem_dado,0.05,tiktok_seller_center,,0,0,0,,0,0.0,0.0,0,0.0,2,0,0.0,1,2026-05,2026-05
CAROL_INDICACLOSET_,2026-03,2026-03-01,2026-03-31,0.0,0.0,0.0,0.0,0,0.0,0,1,0.0,Ferro,sem_dado,0.05,tiktok_seller_center,0,0,0,0,,,0.0,0.0,0,0.0,0,1,0.0,1,2026-03,2026-03
CAROL_SHOP.BRASIL,2026-05,2026-05-01,2026-05-23,0.0,0.0,0.0,0.0,0,0.0,1,0,0.0,Ferro,sem_dado,0.05,tiktok_seller_center,0,0,0,0,,0,0.0,0.0,0,0.0,3,0,0.0,2,2026-04,2026-05
CAROL__AMARALL,2026-05,2026-05-01,2026-05-23,0.0,0.0,0.0,0.0,0,0.0,0,3,0.0,Ferro,sem_dado,0.05,tiktok_seller_center,0,0,0,0,,0,80.7,80.7,1,0.0,5,19,4.04,4,2026-02,2026-05
CARY_BARBS,2026-05,2026-05-01,2026-05-23,0.0,0.0,0.0,0.0,0,0.0,1,0,0.0,Ferro,sem_dado,0.05,tiktok_seller_center,0,0,0,0,,0,241.29999999999998,160.6,3,80.7,5,1,8.030000000000001,4,2026-02,2026-05
CASA.COM.ALINE,2026-05,2026-05-01,2026-05-23,0.0,0.0,0.0,0.0,0,0.0,0,1,0.0,Ferro,sem_dado,0.05,tiktok_seller_center,,0,0,0,,0,0.0,0.0,0,0.0,0,1,0.0,1,2026-05,2026-05
CASACOMPROPOSITO95,2026-04,2026-04-01,2026-04-30,0.0,0.0,0.0,0.0,0,0.0,0,4,0.0,Ferro,sem_dado,0.05,tiktok_seller_center,0,0,0,0,,,0.0,0.0,0,0.0,0,15,0.0,2,2026-03,2026-04
CASAL.GAMER.RETR,2026-04,2026-04-01,2026-04-30,0.0,0.0,0.0,0.0,0,0.0,0,3,0.0,Ferro,sem_dado,0.05,tiktok_seller_center,0,0,0,0,,,0.0,0.0,0,0.0,0,3,0.0,1,2026-04,2026-04
CASAL.IANAEALEX,2026-05,2026-05-01,2026-05-23,0.0,0.0,0.0,0.0,0,0.0,1,0,0.0,Ferro,sem_dado,0.05,tiktok_seller_center,,0,0,0,,0,0.0,0.0,0,0.0,1,0,0.0,1,2026-05,2026-05
CASALAZEVEDO_SHOP,2026-03,2026-03-01,2026-03-31,0.0,0.0,0.0,0.0,0,0.0,0,4,0.0,Ferro,sem_dado,0.05,tiktok_seller_center,0,0,0,0,,,74.49,74.49,1,0.0,0,4,3.72,2,2026-01,2026-03
CASALDASOFERTAS,2026-04,2026-04-01,2026-04-30,0.0,0.0,0.0,0.0,0,0.0,1,1,0.0,Ferro,sem_dado,0.05,tiktok_seller_center,0,0,0,0,,,0.0,0.0,0,0.0,1,1,0.0,1,2026-04,2026-04
CASALFERMANU,2026-05,2026-05-01,2026-05-23,0.0,0.0,0.0,0.0,0,0.0,0,3,0.0,Ferro,sem_dado,0.05,tiktok_seller_center,0,0,0,0,,0,0.0,0.0,0,0.0,0,31,0.0,2,2026-04,2026-05
CASALMR.SHOP,2026-05,2026-05-01,2026-05-23,0.0,0.0,0.0,0.0,0,0.0,0,3,0.0,Ferro,sem_dado,0.05,tiktok_seller_center,1,0,0,0,,0,110.8,110.8,1,0.0,12,118,5.54,4,2026-02,2026-05
CASALNOSHOP,2026-03,2026-03-01,2026-03-31,0.0,0.0,0.0,0.0,0,0.0,0,1,0.0,Ferro,sem_dado,0.05,tiktok_seller_center,0,0,0,0,,,0.0,0.0,0,0.0,3,1,0.0,3,2026-01,2026-03
CASALQUERECOMENDA,2026-05,2026-05-01,2026-05-23,0.0,0.0,0.0,0.0,0,0.0,0,1,0.0,Ferro,sem_dado,0.05,tiktok_seller_center,,0,0,0,,0,0.0,0.0,0,0.0,0,1,0.0,1,2026-05,2026-05
CASALRICCITSEMFILTRO,2026-04,2026-04-01,2026-04-30,0.0,0.0,0.0,0.0,0,0.0,0,1,0.0,Ferro,sem_dado,0.05,tiktok_seller_center,0,0,0,0,,,0.0,0.0,0,0.0,0,4,0.0,2,2026-01,2026-04
CASALTAMIRESEDENIS,2026-04,2026-04-01,2026-04-30,0.0,0.0,0.0,0.0,0,0.0,0,4,0.0,Ferro,sem_dado,0.05,tiktok_seller_center,0,0,0,0,,,0.0,0.0,0,0.0,0,4,0.0,1,2026-04,2026-04
CASALTIKTOKSHOP01,2026-04,2026-04-01,2026-04-30,0.0,0.0,0.0,0.0,0,0.0,0,2,0.0,Ferro,sem_dado,0.05,tiktok_seller_center,0,0,0,0,,,0.0,0.0,0,0.0,0,2,0.0,1,2026-04,2026-04
CASALUNBOXING,2026-05,2026-05-01,2026-05-23,0.0,0.0,0.0,0.0,0,0.0,1,0,0.0,Ferro,sem_dado,0.05,tiktok_seller_center,,0,0,0,,0,0.0,0.0,0,0.0,1,0,0.0,1,2026-05,2026-05
CASALVENDE,2026-02,2026-02-01,2026-02-28,0.0,0.0,0.0,0.0,0,0.0,3,0,0.0,Ferro,sem_dado,0.05,tiktok_seller_center,0,0,0,0,,,0.0,0.0,0,0.0,3,0,0.0,1,2026-02,2026-02
CASALVIDAREALBR,2026-01,2026-01-06,2026-01-31,70.72,70.72,0.0,0.0,1,70.72,0,0,7.91,Ferro,sem_dado,0.05,tiktok_seller_center,1,0,1,0,,,70.72,70.72,1,0.0,0,0,3.54,1,2026-01,2026-01
CASALZANON,2026-03,2026-03-01,2026-03-31,0.0,0.0,0.0,0.0,0,0.0,0,16,0.0,Ferro,sem_dado,0.05,tiktok_seller_center,0,0,0,0,,,0.0,0.0,0,0.0,0,17,0.0,2,2026-02,2026-03
CASALZENITT,2026-02,2026-02-01,2026-02-28,0.0,0.0,0.0,0.0,0,0.0,0,1,0.0,Ferro,sem_dado,0.05,tiktok_seller_center,0,0,0,0,,,0.0,0.0,0,0.0,0,1,0.0,1,2026-02,2026-02
CASAL_INDICA1,2026-05,2026-05-01,2026-05-23,0.0,0.0,0.0,0.0,0,0.0,2,0,0.0,Ferro,sem_dado,0.05,tiktok_seller_center,0,0,0,0,,0,0.0,0.0,0,0.0,3,0,0.0,2,2026-01,2026-05
CASAL_MARQUES2025,2026-02,2026-02-01,2026-02-28,0.0,0.0,0.0,0.0,0,0.0,0,1,0.0,Ferro,sem_dado,0.05,tiktok_seller_center,0,0,0,0,,,0.0,0.0,0,0.0,0,1,0.0,1,2026-02,2026-02
CASAMAMAESPERTA,2026-05,2026-05-01,2026-05-23,0.0,0.0,0.0,0.0,0,0.0,0,1,0.0,Ferro,sem_dado,0.05,tiktok_seller_center,,0,0,0,,0,0.0,0.0,0,0.0,0,1,0.0,1,2026-05,2026-05
CASANTOSOFICIALL,2026-04,2026-04-01,2026-04-30,0.0,0.0,0.0,0.0,0,0.0,0,1,0.0,Ferro,sem_dado,0.05,tiktok_seller_center,0,0,0,0,,,0.0,0.0,0,0.0,0,1,0.0,1,2026-04,2026-04
CASA_057,2026-04,2026-04-01,2026-04-30,0.0,0.0,0.0,0.0,0,0.0,0,9,0.0,Ferro,sem_dado,0.05,tiktok_seller_center,0,0,0,0,,,0.0,0.0,0,0.0,0,9,0.0,1,2026-04,2026-04
CASLANNA,2026-03,2026-03-01,2026-03-31,0.0,0.0,0.0,0.0,0,0.0,0,3,0.0,Ferro,sem_dado,0.05,tiktok_seller_center,0,0,0,0,,,0.0,0.0,0,0.0,0,3,0.0,1,2026-03,2026-03
CASSINHA.CD,2026-02,2026-02-01,2026-02-28,0.0,0.0,0.0,0.0,0,0.0,0,2,0.0,Ferro,sem_dado,0.05,tiktok_seller_center,0,0,0,0,,,0.0,0.0,0,0.0,0,2,0.0,1,2026-02,2026-02
CASSIRECOMENDA,2026-03,2026-03-01,2026-03-31,0.0,0.0,0.0,0.0,0,0.0,0,1,0.0,Ferro,sem_dado,0.05,tiktok_seller_center,0,0,0,0,,,0.0,0.0,0,0.0,0,1,0.0,1,2026-03,2026-03
CASTROLUH6,2026-03,2026-03-01,2026-03-31,0.0,0.0,0.0,0.0,0,0.0,0,1,0.0,Ferro,sem_dado,0.05,tiktok_seller_center,0,0,0,0,,,0.0,0.0,0,0.0,0,1,0.0,1,2026-03,2026-03
CATARINASORIANO,2026-03,2026-03-01,2026-03-31,0.0,0.0,0.0,0.0,0,0.0,0,4,0.0,Ferro,sem_dado,0.05,tiktok_seller_center,0,0,0,0,,,0.0,0.0,0,0.0,0,4,0.0,1,2026-03,2026-03
CATIANANITZ0,2026-04,2026-04-01,2026-04-30,0.0,0.0,0.0,0.0,0,0.0,0,3,0.0,Ferro,sem_dado,0.05,tiktok_seller_center,0,0,0,0,,,0.0,0.0,0,0.0,0,4,0.0,2,2026-03,2026-04
CATIANEFETTBACK,2026-05,2026-05-01,2026-05-23,0.0,0.0,0.0,0.0,0,0.0,0,1,0.0,Ferro,sem_dado,0.05,tiktok_seller_center,0,0,0,0,,0,0.0,-79.26,0,79.26,0,3,-3.96,3,2026-01,2026-05
CATIARPCCARVALHO,2026-03,2026-03-01,2026-03-31,0.0,0.0,0.0,0.0,0,0.0,3,0,0.0,Ferro,sem_dado,0.05,tiktok_seller_center,0,0,0,0,,,0.0,0.0,0,0.0,3,0,0.0,1,2026-03,2026-03
CAUSANDOCHARME_NB,2026-04,2026-04-01,2026-04-30,85.86,85.86,0.0,0.0,1,85.86,0,0,7.99,Ferro,sem_dado,0.05,tiktok_seller_center,1,0,1,0,,,85.86,85.86,1,0.0,0,0,4.29,1,2026-04,2026-04
CAVALCANTTIBEA,2026-02,2026-02-01,2026-02-28,0.0,0.0,0.0,0.0,0,0.0,4,0,0.0,Ferro,sem_dado,0.05,tiktok_seller_center,0,0,0,0,,,0.0,0.0,0,0.0,4,0,0.0,1,2026-02,2026-02
CDOMINLHBLT,2026-03,2026-03-01,2026-03-31,0.0,0.0,0.0,0.0,0,0.0,1,0,0.0,Ferro,sem_dado,0.05,tiktok_seller_center,0,0,0,0,,,0.0,0.0,0,0.0,1,0,0.0,1,2026-03,2026-03
CECILIAMANTTOVANI,2026-04,2026-04-01,2026-04-30,166.1,79.89999999999999,86.2,51.9,2,83.05,0,0,15.98,Ferro,sem_dado,0.05,tiktok_seller_center,2,1,1,0,,,430.59999999999997,344.4,4,86.2,3,0,17.22,3,2026-02,2026-04
CECYMONTEIROC,2026-04,2026-04-01,2026-04-30,0.0,0.0,0.0,0.0,0,0.0,1,0,0.0,Ferro,sem_dado,0.05,tiktok_seller_center,0,0,0,0,,,92.08,92.08,1,0.0,1,0,4.6,2,2026-03,2026-04
CEICACREATOR,2026-04,2026-04-01,2026-04-30,0.0,0.0,0.0,0.0,0,0.0,0,8,0.0,Ferro,sem_dado,0.05,tiktok_seller_center,0,0,0,0,,,0.0,0.0,0,0.0,0,8,0.0,1,2026-04,2026-04
CELABYCELA,2026-03,2026-03-01,2026-03-31,0.0,0.0,0.0,0.0,0,0.0,1,0,0.0,Ferro,sem_dado,0.05,tiktok_seller_center,0,0,0,0,,,0.0,0.0,0,0.0,2,0,0.0,2,2026-02,2026-03
CELEBRIDADE.NEWS6,2026-03,2026-03-01,2026-03-31,0.0,0.0,0.0,0.0,0,0.0,0,1,0.0,Ferro,sem_dado,0.05,tiktok_seller_center,0,0,0,0,,,0.0,0.0,0,0.0,0,13,0.0,2,2026-02,2026-03
CELENASHOP,2026-02,2026-02-01,2026-02-28,0.0,0.0,0.0,0.0,0,0.0,1,0,0.0,Ferro,sem_dado,0.05,tiktok_seller_center,0,0,0,0,,,0.0,0.0,0,0.0,1,0,0.0,1,2026-02,2026-02
CELIO.29,2026-05,2026-05-01,2026-05-23,0.0,0.0,0.0,0.0,0,0.0,1,0,0.0,Ferro,sem_dado,0.05,tiktok_seller_center,,0,0,0,,0,0.0,0.0,0,0.0,1,0,0.0,1,2026-05,2026-05
CELITASHOP,2026-04,2026-04-01,2026-04-30,94.9,94.9,0.0,0.0,1,94.9,0,0,9.49,Ferro,sem_dado,0.05,tiktok_seller_center,1,0,1,0,,,94.9,94.9,1,0.0,2,0,4.75,2,2026-01,2026-04
CELLYCOSSTA,2026-04,2026-04-01,2026-04-30,0.0,0.0,0.0,0.0,0,0.0,1,0,0.0,Ferro,sem_dado,0.05,tiktok_seller_center,0,0,0,0,,,0.0,0.0,0,0.0,1,0,0.0,1,2026-04,2026-04
CELLYDEMELLO37,2026-04,2026-04-01,2026-04-30,66.14,66.14,0.0,0.0,1,66.14,1,1,5.78,Ferro,sem_dado,0.05,tiktok_seller_center,1,0,1,0,,,66.14,66.14,1,0.0,1,1,3.31,1,2026-04,2026-04
CELMAOSANTOS,2026-05,2026-05-01,2026-05-23,0.0,0.0,0.0,0.0,0,0.0,2,0,0.0,Ferro,sem_dado,0.05,tiktok_seller_center,,0,0,0,,0,0.0,0.0,0,0.0,2,0,0.0,1,2026-05,2026-05
CGEXCLUSIVE.PRIME,2026-03,2026-03-01,2026-03-31,0.0,0.0,0.0,0.0,0,0.0,1,0,0.0,Ferro,sem_dado,0.05,tiktok_seller_center,0,0,0,0,,,0.0,0.0,0,0.0,1,0,0.0,1,2026-03,2026-03
CHAIANEROSAPOLLNO,2026-03,2026-03-01,2026-03-31,0.0,0.0,0.0,0.0,0,0.0,1,0,0.0,Ferro,sem_dado,0.05,tiktok_seller_center,0,0,0,0,,,0.0,0.0,0,0.0,1,0,0.0,1,2026-03,2026-03
CHAJNAKA,2026-03,2026-03-01,2026-03-31,0.0,0.0,0.0,0.0,0,0.0,1,0,0.0,Ferro,sem_dado,0.05,tiktok_seller_center,0,0,0,0,,,0.0,0.0,0,0.0,1,0,0.0,1,2026-03,2026-03
CHAMA.QUE.VOA,2026-03,2026-03-01,2026-03-31,0.0,0.0,0.0,0.0,0,0.0,1,0,0.0,Ferro,sem_dado,0.05,tiktok_seller_center,0,0,0,0,,,0.0,0.0,0,0.0,1,0,0.0,1,2026-03,2026-03
CHARLES.NEGOCIA,2026-02,2026-02-01,2026-02-28,0.0,0.0,0.0,0.0,0,0.0,0,10,0.0,Ferro,sem_dado,0.05,tiktok_seller_center,0,0,0,0,,,0.0,0.0,0,0.0,0,10,0.0,1,2026-02,2026-02
CHAY.MARTNS,2026-05,2026-05-01,2026-05-23,0.0,0.0,0.0,0.0,0,0.0,4,0,0.0,Ferro,sem_dado,0.05,tiktok_seller_center,0,0,0,0,,0,0.0,0.0,0,0.0,6,1,0.0,2,2026-04,2026-05
CHAYENEOLIVEIRA16,2026-05,2026-05-01,2026-05-23,0.0,0.0,0.0,0.0,0,0.0,1,0,0.0,Ferro,sem_dado,0.05,tiktok_seller_center,0,0,0,0,,0,0.0,0.0,0,0.0,4,0,0.0,3,2026-03,2026-05
CHERRYAFILIADO,2026-04,2026-04-01,2026-04-30,0.0,0.0,0.0,0.0,0,0.0,0,1,0.0,Ferro,sem_dado,0.05,tiktok_seller_center,0,0,0,0,,,0.0,0.0,0,0.0,0,2,0.0,2,2026-03,2026-04
CHERRY_MIXXX,2026-05,2026-05-01,2026-05-23,0.0,0.0,0.0,0.0,0,0.0,0,2,0.0,Ferro,sem_dado,0.05,tiktok_seller_center,0,0,0,0,,0,160.60000000000002,160.60000000000002,2,0.0,0,61,8.04,5,2026-01,2026-05
CHICKNASHOP,2026-01,2026-01-06,2026-01-31,0.0,0.0,0.0,0.0,0,0.0,0,7,0.0,Ferro,sem_dado,0.05,tiktok_seller_center,0,0,0,0,,,0.0,0.0,0,0.0,0,7,0.0,1,2026-01,2026-01
CHIRLEYDICASDECOMPRAS,2026-02,2026-02-01,2026-02-28,0.0,0.0,0.0,0.0,0,0.0,0,2,0.0,Ferro,sem_dado,0.05,tiktok_seller_center,0,0,0,0,,,0.0,0.0,0,0.0,0,2,0.0,1,2026-02,2026-02
CHLOE_SANTORO,2026-03,2026-03-01,2026-03-31,0.0,0.0,0.0,0.0,0,0.0,1,0,0.0,Ferro,sem_dado,0.05,tiktok_seller_center,0,0,0,0,,,0.0,0.0,0,0.0,1,0,0.0,1,2026-03,2026-03
CHOSENBYKATE,2026-05,2026-05-01,2026-05-23,0.0,0.0,0.0,0.0,0,0.0,4,0,0.0,Ferro,sem_dado,0.05,tiktok_seller_center,1,0,0,0,,0,83.86,83.86,1,0.0,8,0,4.19,2,2026-03,2026-05
CHRISTYRECOMENDA,2026-03,2026-03-01,2026-03-31,0.0,0.0,0.0,0.0,0,0.0,0,33,0.0,Ferro,sem_dado,0.05,tiktok_seller_center,0,0,0,0,,,86.29,0.0,1,86.29,0,55,0.0,2,2026-02,2026-03
CHRYS_CORDEIRO2,2026-03,2026-03-01,2026-03-31,62.54,62.54,0.0,0.0,1,62.54,0,0,7.22,Ferro,sem_dado,0.05,tiktok_seller_center,1,0,1,0,,,62.54,62.54,1,0.0,0,0,3.13,1,2026-03,2026-03
CHUSTY52,2026-03,2026-03-01,2026-03-31,0.0,0.0,0.0,0.0,0,0.0,0,1,0.0,Ferro,sem_dado,0.05,tiktok_seller_center,0,0,0,0,,,0.0,0.0,0,0.0,0,1,0.0,1,2026-03,2026-03
CIBELEANACLETO,2026-04,2026-04-01,2026-04-30,0.0,0.0,0.0,0.0,0,0.0,0,1,0.0,Ferro,sem_dado,0.05,tiktok_seller_center,0,0,0,0,,,0.0,0.0,0,0.0,0,1,0.0,1,2026-04,2026-04
CICEROIRANDIROFICIAL,2026-03,2026-03-01,2026-03-31,0.0,0.0,0.0,0.0,0,0.0,0,1,0.0,Ferro,sem_dado,0.05,tiktok_seller_center,0,0,0,0,,,0.0,0.0,0,0.0,0,1,0.0,1,2026-03,2026-03
CIDABERANGER,2026-03,2026-03-01,2026-03-31,0.0,0.0,0.0,0.0,0,0.0,0,1,0.0,Ferro,sem_dado,0.05,tiktok_seller_center,0,0,0,0,,,0.0,0.0,0,0.0,0,1,0.0,1,2026-03,2026-03
CIDADELCISTIA,2026-02,2026-02-01,2026-02-28,0.0,0.0,0.0,0.0,0,0.0,0,2,0.0,Ferro,sem_dado,0.05,tiktok_seller_center,0,0,0,0,,,0.0,0.0,0,0.0,0,2,0.0,1,2026-02,2026-02
CIDAMODAS3,2026-05,2026-05-01,2026-05-23,0.0,0.0,0.0,0.0,0,0.0,0,3,0.0,Ferro,sem_dado,0.05,tiktok_seller_center,0,0,0,0,,0,176.6,176.6,2,0.0,3,21,8.83,4,2026-02,2026-05
CIDAOFICIAL1978,2026-03,2026-03-01,2026-03-31,0.0,0.0,0.0,0.0,0,0.0,0,3,0.0,Ferro,sem_dado,0.05,tiktok_seller_center,0,0,0,0,,,0.0,0.0,0,0.0,0,12,0.0,2,2026-02,2026-03
CIDARAMOSHOP,2026-02,2026-02-01,2026-02-28,0.0,0.0,0.0,0.0,0,0.0,0,1,0.0,Ferro,sem_dado,0.05,tiktok_seller_center,0,0,0,0,,,0.0,0.0,0,0.0,0,1,0.0,1,2026-02,2026-02
CIDAROUPAFERMININA,2026-05,2026-05-01,2026-05-23,0.0,0.0,0.0,0.0,0,0.0,0,2,0.0,Ferro,sem_dado,0.05,tiktok_seller_center,0,0,0,0,,0,0.0,0.0,0,0.0,2,5,0.0,3,2026-02,2026-05
CIDASANTOSSHOP,2026-03,2026-03-01,2026-03-31,0.0,0.0,0.0,0.0,0,0.0,0,2,0.0,Ferro,sem_dado,0.05,tiktok_seller_center,0,0,0,0,,,0.0,0.0,0,0.0,0,2,0.0,1,2026-03,2026-03
CIDA_RECOMENDA,2026-03,2026-03-01,2026-03-31,0.0,0.0,0.0,0.0,0,0.0,1,0,0.0,Ferro,sem_dado,0.05,tiktok_seller_center,0,0,0,0,,,0.0,0.0,0,0.0,1,0,0.0,1,2026-03,2026-03
CIDI.NHA3888,2026-05,2026-05-01,2026-05-23,0.0,0.0,0.0,0.0,0,0.0,0,1,0.0,Ferro,sem_dado,0.05,tiktok_seller_center,0,0,0,0,,0,0.0,0.0,0,0.0,0,52,0.0,4,2026-02,2026-05
CIELLECOSTAA,2026-04,2026-04-01,2026-04-30,80.7,80.7,0.0,0.0,1,80.7,0,0,6.33,Ferro,sem_dado,0.05,tiktok_seller_center,1,0,1,0,,,80.7,80.7,1,0.0,0,0,4.04,1,2026-04,2026-04
CILENEMONTEIRO12,2026-04,2026-04-01,2026-04-30,0.0,0.0,0.0,0.0,0,0.0,0,2,0.0,Ferro,sem_dado,0.05,tiktok_seller_center,0,0,0,0,,,0.0,0.0,0,0.0,0,15,0.0,2,2026-03,2026-04
CINEMULTIVERSOIA,2026-03,2026-03-01,2026-03-31,0.0,0.0,0.0,0.0,0,0.0,1,0,0.0,Ferro,sem_dado,0.05,tiktok_seller_center,0,0,0,0,,,0.0,0.0,0,0.0,1,0,0.0,1,2026-03,2026-03
CINTHIA.DICAS1,2026-05,2026-05-01,2026-05-23,0.0,0.0,0.0,0.0,0,0.0,0,3,0.0,Ferro,sem_dado,0.05,tiktok_seller_center,0,0,0,0,,0,0.0,0.0,0,0.0,0,17,0.0,4,2026-02,2026-05
CINTHIADONADO5,2026-05,2026-05-01,2026-05-23,0.0,0.0,0.0,0.0,0,0.0,0,1,0.0,Ferro,sem_dado,0.05,tiktok_seller_center,0,0,0,0,,0,0.0,0.0,0,0.0,0,9,0.0,4,2026-02,2026-05
CINTHIARENAN,2026-02,2026-02-01,2026-02-28,0.0,0.0,0.0,0.0,0,0.0,0,2,0.0,Ferro,sem_dado,0.05,tiktok_seller_center,0,0,0,0,,,0.0,0.0,0,0.0,1,6,0.0,2,2026-01,2026-02
CINTIA.THIES,2026-05,2026-05-01,2026-05-23,204.8,129.9,74.9,36.57,2,102.4,1,0,16.78,Prata,sem_dado,0.09,tiktok_seller_center,6,1,1,0,,2,9785.26,8852.18,116,933.0799999999999,24,2,592.19,5,2026-01,2026-05
CINTIWALDRIGUES,2026-01,2026-01-06,2026-01-31,0.0,0.0,0.0,0.0,0,0.0,0,1,0.0,Ferro,sem_dado,0.05,tiktok_seller_center,0,0,0,0,,,0.0,0.0,0,0.0,0,1,0.0,1,2026-01,2026-01
CITIANEUGC,2026-04,2026-04-01,2026-04-30,0.0,0.0,0.0,0.0,0,0.0,5,0,0.0,Ferro,sem_dado,0.05,tiktok_seller_center,0,0,0,0,,,0.0,0.0,0,0.0,5,0,0.0,1,2026-04,2026-04
CLAHMORAESA,2026-05,2026-05-01,2026-05-23,0.0,0.0,0.0,0.0,0,0.0,1,1,0.0,Ferro,sem_dado,0.05,tiktok_seller_center,1,0,0,0,,0,68.64,68.64,1,0.0,2,3,3.43,2,2026-04,2026-05
CLARAAAAA558,2026-01,2026-01-06,2026-01-31,0.0,0.0,0.0,0.0,0,0.0,1,0,0.0,Ferro,sem_dado,0.05,tiktok_seller_center,0,0,0,0,,,0.0,0.0,0,0.0,1,0,0.0,1,2026-01,2026-01
CLARABIRKOF,2026-02,2026-02-01,2026-02-28,77.5,77.5,0.0,0.0,1,77.5,2,0,7.99,Ferro,sem_dado,0.05,tiktok_seller_center,1,0,1,0,,,77.5,77.5,1,0.0,2,0,3.88,1,2026-02,2026-02
CLARAMONDIN,2026-05,2026-05-01,2026-05-23,0.0,0.0,0.0,0.0,0,0.0,0,1,0.0,Ferro,sem_dado,0.05,tiktok_seller_center,0,0,0,0,,0,0.0,0.0,0,0.0,0,2,0.0,2,2026-04,2026-05
CLARAVALENTIM96,2026-03,2026-03-01,2026-03-31,284.95,284.95,0.0,0.0,3,94.98,0,0,23.97,Ferro,sem_dado,0.05,tiktok_seller_center,3,0,1,0,,,284.95,284.95,3,0.0,1,0,14.25,2,2026-02,2026-03
CLARAVIBESHOP,2026-04,2026-04-01,2026-04-30,0.0,0.0,0.0,0.0,0,0.0,1,0,0.0,Ferro,sem_dado,0.05,tiktok_seller_center,0,0,0,0,,,0.0,0.0,0,0.0,1,0,0.0,1,2026-04,2026-04
CLARA_LUZ_CL,2026-04,2026-04-01,2026-04-30,62.54,62.54,0.0,0.0,1,62.54,0,0,5.78,Ferro,sem_dado,0.05,tiktok_seller_center,1,0,1,0,,,62.54,62.54,1,0.0,0,0,3.13,1,2026-04,2026-04
CLARICE_MOREIRA.SILVA,2026-02,2026-02-01,2026-02-28,0.0,0.0,0.0,0.0,0,0.0,1,0,0.0,Ferro,sem_dado,0.05,tiktok_seller_center,0,0,0,0,,,0.0,0.0,0,0.0,1,0,0.0,1,2026-02,2026-02
CLARINHASHOPCREATOR,2026-02,2026-02-01,2026-02-28,0.0,0.0,0.0,0.0,0,0.0,3,0,0.0,Ferro,sem_dado,0.05,tiktok_seller_center,0,0,0,0,,,0.0,0.0,0,0.0,3,0,0.0,1,2026-02,2026-02
CLARISSEBOTAFOGO,2026-03,2026-03-01,2026-03-31,0.0,0.0,0.0,0.0,0,0.0,0,1,0.0,Ferro,sem_dado,0.05,tiktok_seller_center,0,0,0,0,,,0.0,0.0,0,0.0,0,1,0.0,1,2026-03,2026-03
CLAUDETESOUZAPOLONIO,2026-02,2026-02-01,2026-02-28,0.0,0.0,0.0,0.0,0,0.0,0,1,0.0,Ferro,sem_dado,0.05,tiktok_seller_center,0,0,0,0,,,0.0,0.0,0,0.0,0,1,0.0,1,2026-02,2026-02
CLAUDETTECRISTIANNO,2026-03,2026-03-01,2026-03-31,0.0,0.0,0.0,0.0,0,0.0,0,2,0.0,Ferro,sem_dado,0.05,tiktok_seller_center,0,0,0,0,,,0.0,0.0,0,0.0,0,2,0.0,1,2026-03,2026-03
CLAUDIAALBERTI25,2026-04,2026-04-01,2026-04-30,0.0,0.0,0.0,0.0,0,0.0,0,6,0.0,Ferro,sem_dado,0.05,tiktok_seller_center,0,0,0,0,,,0.0,0.0,0,0.0,0,7,0.0,2,2026-02,2026-04
CLAUDIAMFT_,2026-05,2026-05-01,2026-05-23,0.0,0.0,0.0,0.0,0,0.0,0,1,0.0,Ferro,sem_dado,0.05,tiktok_seller_center,,0,0,0,,0,0.0,0.0,0,0.0,0,1,0.0,1,2026-05,2026-05
CLAUDIANATERAPEUTA,2026-01,2026-01-06,2026-01-31,0.0,-79.99,79.99,0.0,0,0.0,0,0,0.0,Ferro,sem_dado,0.05,tiktok_seller_center,0,1,0,0,,,0.0,-79.99,0,79.99,0,0,-4.0,1,2026-01,2026-01
CLAUDIATOGNETT,2026-05,2026-05-01,2026-05-23,0.0,0.0,0.0,0.0,0,0.0,0,1,0.0,Ferro,sem_dado,0.05,tiktok_seller_center,0,0,0,0,,0,0.0,0.0,0,0.0,0,5,0.0,2,2026-02,2026-05
CLAUDIATRENDSS,2026-02,2026-02-01,2026-02-28,0.0,0.0,0.0,0.0,0,0.0,4,0,0.0,Ferro,sem_dado,0.05,tiktok_seller_center,0,0,0,0,,,0.0,0.0,0,0.0,4,0,0.0,1,2026-02,2026-02
CLAUDINEIAKOPSEL,2026-03,2026-03-01,2026-03-31,0.0,0.0,0.0,0.0,0,0.0,1,0,0.0,Ferro,sem_dado,0.05,tiktok_seller_center,0,0,0,0,,,0.0,0.0,0,0.0,1,0,0.0,1,2026-03,2026-03
CLAUDINEIARIBEIR785,2026-02,2026-02-01,2026-02-28,0.0,0.0,0.0,0.0,0,0.0,0,1,0.0,Ferro,sem_dado,0.05,tiktok_seller_center,0,0,0,0,,,0.0,0.0,0,0.0,0,3,0.0,2,2026-01,2026-02
CLAUDINHA_ML2,2026-05,2026-05-01,2026-05-23,0.0,0.0,0.0,0.0,0,0.0,0,1,0.0,Ferro,sem_dado,0.05,tiktok_seller_center,0,0,0,0,,0,0.0,0.0,0,0.0,0,25,0.0,3,2026-03,2026-05
CLAUDINHO.DIVERSOS,2026-02,2026-02-01,2026-02-28,0.0,0.0,0.0,0.0,0,0.0,0,2,0.0,Ferro,sem_dado,0.05,tiktok_seller_center,0,0,0,0,,,0.0,0.0,0,0.0,0,2,0.0,1,2026-02,2026-02
CLAUDIO.JOVIANO,2026-05,2026-05-01,2026-05-23,0.0,0.0,0.0,0.0,0,0.0,0,2,0.0,Ferro,sem_dado,0.05,tiktok_seller_center,0,0,0,0,,0,0.0,0.0,0,0.0,0,3,0.0,2,2026-02,2026-05
CLAUDYNEIASILVA93,2026-05,2026-05-01,2026-05-23,0.0,0.0,0.0,0.0,0,0.0,10,0,0.0,Ferro,sem_dado,0.05,tiktok_seller_center,,0,0,0,,0,0.0,0.0,0,0.0,10,0,0.0,1,2026-05,2026-05
CLAUFAMILHA,2026-04,2026-04-01,2026-04-30,0.0,0.0,0.0,0.0,0,0.0,0,1,0.0,Ferro,sem_dado,0.05,tiktok_seller_center,0,0,0,0,,,0.0,0.0,0,0.0,0,3,0.0,2,2026-03,2026-04
CLAULVM,2026-03,2026-03-01,2026-03-31,0.0,0.0,0.0,0.0,0,0.0,0,4,0.0,Ferro,sem_dado,0.05,tiktok_seller_center,0,0,0,0,,,0.0,0.0,0,0.0,0,4,0.0,1,2026-03,2026-03
CLAU_1604,2026-04,2026-04-01,2026-04-30,242.5,162.6,79.9,32.95,2,121.25,0,0,23.97,Ferro,sem_dado,0.05,tiktok_seller_center,3,1,1,0,,,242.5,162.6,2,79.9,0,0,8.13,1,2026-04,2026-04
CLEIA.MAIA.S.LEITE,2026-04,2026-04-01,2026-04-30,0.0,0.0,0.0,0.0,0,0.0,0,1,0.0,Ferro,sem_dado,0.05,tiktok_seller_center,0,0,0,0,,,0.0,0.0,0,0.0,0,1,0.0,1,2026-04,2026-04
CLEICYJC,2026-05,2026-05-01,2026-05-23,0.0,0.0,0.0,0.0,0,0.0,3,0,0.0,Ferro,sem_dado,0.05,tiktok_seller_center,,0,0,0,,0,0.0,0.0,0,0.0,3,0,0.0,1,2026-05,2026-05
CLEIDE.BEATRIZ,2026-05,2026-05-01,2026-05-23,0.0,0.0,0.0,0.0,0,0.0,0,1,0.0,Ferro,sem_dado,0.05,tiktok_seller_center,,0,0,0,,0,0.0,0.0,0,0.0,0,1,0.0,1,2026-05,2026-05
CLEIDE.TIKTOKSHOP,2026-02,2026-02-01,2026-02-28,0.0,0.0,0.0,0.0,0,0.0,0,2,0.0,Ferro,sem_dado,0.05,tiktok_seller_center,0,0,0,0,,,0.0,0.0,0,0.0,0,2,0.0,1,2026-02,2026-02
CLEIDEALMEIDABR,2026-04,2026-04-01,2026-04-30,0.0,0.0,0.0,0.0,0,0.0,0,7,0.0,Ferro,sem_dado,0.05,tiktok_seller_center,0,0,0,0,,,80.52,80.52,1,0.0,0,35,4.03,4,2026-01,2026-04
CLEIDESOUZA4500,2026-02,2026-02-01,2026-02-28,0.0,0.0,0.0,0.0,0,0.0,2,0,0.0,Ferro,sem_dado,0.05,tiktok_seller_center,0,0,0,0,,,0.0,0.0,0,0.0,2,0,0.0,1,2026-02,2026-02
CLEIDINHA0303,2026-02,2026-02-01,2026-02-28,0.0,0.0,0.0,0.0,0,0.0,0,1,0.0,Ferro,sem_dado,0.05,tiktok_seller_center,0,0,0,0,,,0.0,0.0,0,0.0,0,1,0.0,1,2026-02,2026-02
CLEISEBACKESS,2026-04,2026-04-01,2026-04-30,0.0,0.0,0.0,0.0,0,0.0,0,1,0.0,Ferro,sem_dado,0.05,tiktok_seller_center,0,0,0,0,,,0.0,0.0,0,0.0,0,1,0.0,1,2026-04,2026-04
CLEO.PROMO,2026-03,2026-03-01,2026-03-31,0.0,0.0,0.0,0.0,0,0.0,0,15,0.0,Ferro,sem_dado,0.05,tiktok_seller_center,0,0,0,0,,,0.0,0.0,0,0.0,0,15,0.0,1,2026-03,2026-03
CLEODAAILY,2026-04,2026-04-01,2026-04-30,100.5,100.5,0.0,0.0,1,100.5,0,0,9.49,Ferro,sem_dado,0.05,tiktok_seller_center,1,0,1,0,,,180.51999999999998,180.51999999999998,2,0.0,1,0,9.030000000000001,2,2026-03,2026-04
CLEONICEBURITIDOSSANTOS,2026-04,2026-04-01,2026-04-30,0.0,0.0,0.0,0.0,0,0.0,0,2,0.0,Ferro,sem_dado,0.05,tiktok_seller_center,0,0,0,0,,,0.0,0.0,0,0.0,0,4,0.0,2,2026-03,2026-04
CLEYDELAURENTINODASILVA,2026-05,2026-05-01,2026-05-23,0.0,0.0,0.0,0.0,0,0.0,0,3,0.0,Ferro,sem_dado,0.05,tiktok_seller_center,0,0,0,0,,0,0.0,0.0,0,0.0,2,10,0.0,4,2026-02,2026-05
CLICIA.SHOP,2026-02,2026-02-01,2026-02-28,0.0,0.0,0.0,0.0,0,0.0,1,0,0.0,Ferro,sem_dado,0.05,tiktok_seller_center,0,0,0,0,,,0.0,0.0,0,0.0,1,0,0.0,1,2026-02,2026-02
CLICIAMERCES25,2026-05,2026-05-01,2026-05-23,0.0,0.0,0.0,0.0,0,0.0,0,14,0.0,Ferro,sem_dado,0.05,tiktok_seller_center,0,0,0,0,,0,860.6,478.09000000000003,11,382.51,9,80,23.9,5,2026-01,2026-05
CLICK.SSHOP,2026-03,2026-03-01,2026-03-31,0.0,0.0,0.0,0.0,0,0.0,0,1,0.0,Ferro,sem_dado,0.05,tiktok_seller_center,0,0,0,0,,,0.0,0.0,0,0.0,0,1,0.0,1,2026-03,2026-03
CLICK.VRL,2026-04,2026-04-01,2026-04-30,0.0,0.0,0.0,0.0,0,0.0,0,2,0.0,Ferro,sem_dado,0.05,tiktok_seller_center,0,0,0,0,,,0.0,0.0,0,0.0,1,4,0.0,3,2026-02,2026-04
CLICKBUYSC,2026-02,2026-02-01,2026-02-28,0.0,0.0,0.0,0.0,0,0.0,2,0,0.0,Ferro,sem_dado,0.05,tiktok_seller_center,0,0,0,0,,,0.0,0.0,0,0.0,2,0,0.0,1,2026-02,2026-02
CLICKCOMPRAS123,2026-02,2026-02-01,2026-02-28,0.0,0.0,0.0,0.0,0,0.0,1,0,0.0,Ferro,sem_dado,0.05,tiktok_seller_center,0,0,0,0,,,0.0,0.0,0,0.0,1,0,0.0,1,2026-02,2026-02
CLICKDOCELAR,2026-03,2026-03-01,2026-03-31,0.0,0.0,0.0,0.0,0,0.0,1,0,0.0,Ferro,sem_dado,0.05,tiktok_seller_center,0,0,0,0,,,0.0,0.0,0,0.0,1,0,0.0,1,2026-03,2026-03
CLICKEEXPLORE,2026-01,2026-01-06,2026-01-31,0.0,0.0,0.0,0.0,0,0.0,1,0,0.0,Ferro,sem_dado,0.05,tiktok_seller_center,0,0,0,0,,,0.0,0.0,0,0.0,1,0,0.0,1,2026-01,2026-01
CLICKOFERTASX,2026-04,2026-04-01,2026-04-30,0.0,0.0,0.0,0.0,0,0.0,0,1,0.0,Ferro,sem_dado,0.05,tiktok_seller_center,0,0,0,0,,,0.0,0.0,0,0.0,0,1,0.0,1,2026-04,2026-04
CLICK_LEVASTORE,2026-02,2026-02-01,2026-02-28,0.0,0.0,0.0,0.0,0,0.0,1,0,0.0,Ferro,sem_dado,0.05,tiktok_seller_center,0,0,0,0,,,0.0,0.0,0,0.0,1,0,0.0,1,2026-02,2026-02
CLIQUEECOMPRE50,2026-04,2026-04-01,2026-04-30,0.0,0.0,0.0,0.0,0,0.0,0,4,0.0,Ferro,sem_dado,0.05,tiktok_seller_center,0,0,0,0,,,0.0,0.0,0,0.0,0,10,0.0,2,2026-03,2026-04
CLIQUEIQUERO,2026-04,2026-04-01,2026-04-30,0.0,0.0,0.0,0.0,0,0.0,0,2,0.0,Ferro,sem_dado,0.05,tiktok_seller_center,0,0,0,0,,,0.0,0.0,0,0.0,0,2,0.0,1,2026-04,2026-04
CLIQUEPROMOCOES,2026-04,2026-04-01,2026-04-30,0.0,0.0,0.0,0.0,0,0.0,0,4,0.0,Ferro,sem_dado,0.05,tiktok_seller_center,0,0,0,0,,,0.0,0.0,0,0.0,0,4,0.0,1,2026-04,2026-04
CLIQUEQUEVALEGARIMPO,2026-03,2026-03-01,2026-03-31,0.0,0.0,0.0,0.0,0,0.0,0,1,0.0,Ferro,sem_dado,0.05,tiktok_seller_center,0,0,0,0,,,0.0,0.0,0,0.0,0,1,0.0,1,2026-03,2026-03
CLIQUE_QUE_VALE,2026-02,2026-02-01,2026-02-28,0.0,0.0,0.0,0.0,0,0.0,1,0,0.0,Ferro,sem_dado,0.05,tiktok_seller_center,0,0,0,0,,,0.0,0.0,0,0.0,1,0,0.0,1,2026-02,2026-02
CLOSETDAMARCIA_,2026-04,2026-04-01,2026-04-30,0.0,0.0,0.0,0.0,0,0.0,0,1,0.0,Ferro,sem_dado,0.05,tiktok_seller_center,0,0,0,0,,,0.0,0.0,0,0.0,0,1,0.0,1,2026-04,2026-04
CLOSETDAMAYLA,2026-03,2026-03-01,2026-03-31,0.0,0.0,0.0,0.0,0,0.0,0,1,0.0,Ferro,sem_dado,0.05,tiktok_seller_center,0,0,0,0,,,0.0,0.0,0,0.0,0,1,0.0,1,2026-03,2026-03
CLOSETDATHATI,2026-04,2026-04-01,2026-04-30,0.0,0.0,0.0,0.0,0,0.0,4,2,0.0,Ferro,sem_dado,0.05,tiktok_seller_center,0,0,0,0,,,0.0,0.0,0,0.0,4,2,0.0,1,2026-04,2026-04
CLOSETLIVIA1,2026-04,2026-04-01,2026-04-30,0.0,0.0,0.0,0.0,0,0.0,1,0,0.0,Ferro,sem_dado,0.05,tiktok_seller_center,0,0,0,0,,,0.0,0.0,0,0.0,1,0,0.0,1,2026-04,2026-04
CLOUDNINEMOODOFC,2026-02,2026-02-01,2026-02-28,0.0,0.0,0.0,0.0,0,0.0,3,0,0.0,Ferro,sem_dado,0.05,tiktok_seller_center,0,0,0,0,,,0.0,0.0,0,0.0,3,0,0.0,1,2026-02,2026-02
CLUB.CHECK,2026-05,2026-05-01,2026-05-23,0.0,0.0,0.0,0.0,0,0.0,1,0,0.0,Ferro,sem_dado,0.05,tiktok_seller_center,,0,0,0,,0,0.0,0.0,0,0.0,1,0,0.0,1,2026-05,2026-05
CLUBEDAJAQUE,2026-05,2026-05-01,2026-05-23,0.0,0.0,0.0,0.0,0,0.0,0,1,0.0,Ferro,sem_dado,0.05,tiktok_seller_center,0,0,0,0,,0,0.0,0.0,0,0.0,6,4,0.0,3,2026-03,2026-05
CLUBEDAMENOPAUSA,2026-04,2026-04-01,2026-04-30,161.4,80.7,80.7,50.0,2,80.7,1,0,15.98,Ferro,sem_dado,0.05,tiktok_seller_center,2,1,1,0,,,161.4,80.7,2,80.7,1,0,4.04,1,2026-04,2026-04
CLUBEDOSACHADINHOSVIP,2026-04,2026-04-01,2026-04-30,0.0,0.0,0.0,0.0,0,0.0,1,0,0.0,Ferro,sem_dado,0.05,tiktok_seller_center,0,0,0,0,,,0.0,0.0,0,0.0,1,0,0.0,1,2026-04,2026-04
CLUBINHOFAVORITO,2026-04,2026-04-01,2026-04-30,0.0,0.0,0.0,0.0,0,0.0,0,8,0.0,Ferro,sem_dado,0.05,tiktok_seller_center,0,0,0,0,,,0.0,0.0,0,0.0,0,11,0.0,2,2026-03,2026-04
CL_VALIDACAO_E_INDICACAO,2026-04,2026-04-01,2026-04-30,0.0,0.0,0.0,0.0,0,0.0,0,1,0.0,Ferro,sem_dado,0.05,tiktok_seller_center,0,0,0,0,,,0.0,0.0,0,0.0,0,1,0.0,1,2026-04,2026-04
CODIGODAFENIX,2026-04,2026-04-01,2026-04-30,0.0,0.0,0.0,0.0,0,0.0,0,1,0.0,Ferro,sem_dado,0.05,tiktok_seller_center,0,0,0,0,,,0.0,0.0,0,0.0,0,1,0.0,1,2026-04,2026-04
COISAS.FEMININA,2026-05,2026-05-01,2026-05-23,0.0,0.0,0.0,0.0,0,0.0,0,5,0.0,Ferro,sem_dado,0.05,tiktok_seller_center,3,0,0,0,,0,230.78,230.78,1,0.0,3,14,11.54,2,2026-04,2026-05
COISASDAIZA,2026-05,2026-05-01,2026-05-23,0.0,0.0,0.0,0.0,0,0.0,1,0,0.0,Ferro,sem_dado,0.05,tiktok_seller_center,,0,0,0,,0,0.0,0.0,0,0.0,1,0,0.0,1,2026-05,2026-05
COISASDALANE,2026-04,2026-04-01,2026-04-30,0.0,0.0,0.0,0.0,0,0.0,3,0,0.0,Ferro,sem_dado,0.05,tiktok_seller_center,0,0,0,0,,,0.0,0.0,0,0.0,3,0,0.0,1,2026-04,2026-04
COISINHASDAJOCY,2026-05,2026-05-01,2026-05-23,0.0,0.0,0.0,0.0,0,0.0,1,0,0.0,Ferro,sem_dado,0.05,tiktok_seller_center,0,0,0,0,,0,0.0,0.0,0,0.0,11,0,0.0,2,2026-04,2026-05
COISINHASDAZETH,2026-05,2026-05-01,2026-05-23,0.0,0.0,0.0,0.0,0,0.0,1,0,0.0,Ferro,sem_dado,0.05,tiktok_seller_center,,0,0,0,,0,0.0,0.0,0,0.0,1,0,0.0,1,2026-05,2026-05
COISINHASQUEAMOO,2026-04,2026-04-01,2026-04-30,85.3,85.3,0.0,0.0,1,85.3,0,0,7.59,Ferro,sem_dado,0.05,tiktok_seller_center,1,0,1,0,,,85.3,85.3,1,0.0,0,0,4.26,1,2026-04,2026-04
COMPRACERTAMARINA,2026-01,2026-01-06,2026-01-31,0.0,0.0,0.0,0.0,0,0.0,2,0,0.0,Ferro,sem_dado,0.05,tiktok_seller_center,0,0,0,0,,,0.0,0.0,0,0.0,2,0,0.0,1,2026-01,2026-01
COMPRACOMIGOOFERTAS,2026-04,2026-04-01,2026-04-30,0.0,0.0,0.0,0.0,0,0.0,0,3,0.0,Ferro,sem_dado,0.05,tiktok_seller_center,0,0,0,0,,,80.7,80.7,1,0.0,0,7,4.04,2,2026-03,2026-04
COMPRACOMLINDOMAR,2026-03,2026-03-01,2026-03-31,0.0,0.0,0.0,0.0,0,0.0,1,0,0.0,Ferro,sem_dado,0.05,tiktok_seller_center,0,0,0,0,,,0.0,0.0,0,0.0,1,0,0.0,1,2026-03,2026-03
COMPRACONFRAN,2026-01,2026-01-06,2026-01-31,0.0,0.0,0.0,0.0,0,0.0,0,1,0.0,Ferro,sem_dado,0.05,tiktok_seller_center,0,0,0,0,,,0.0,0.0,0,0.0,0,1,0.0,1,2026-01,2026-01
COMPRASDAEDUARDA,2026-05,2026-05-01,2026-05-23,0.0,0.0,0.0,0.0,0,0.0,5,0,0.0,Ferro,sem_dado,0.05,tiktok_seller_center,,0,0,0,,0,0.0,0.0,0,0.0,5,0,0.0,1,2026-05,2026-05
COMPRASDEPATY_OFC,2026-03,2026-03-01,2026-03-31,0.0,0.0,0.0,0.0,0,0.0,1,0,0.0,Ferro,sem_dado,0.05,tiktok_seller_center,0,0,0,0,,,0.0,0.0,0,0.0,1,0,0.0,1,2026-03,2026-03
COMPRASNOTTKSHOPP,2026-04,2026-04-01,2026-04-30,79.99,79.99,0.0,0.0,1,79.99,0,0,6.4,Ferro,sem_dado,0.05,tiktok_seller_center,1,0,1,0,,,79.99,79.99,1,0.0,0,0,4.0,1,2026-04,2026-04
COMPREAQUINOCARRINHO,2026-04,2026-04-01,2026-04-30,0.0,0.0,0.0,0.0,0,0.0,3,0,0.0,Ferro,sem_dado,0.05,tiktok_seller_center,0,0,0,0,,,0.0,0.0,0,0.0,3,0,0.0,1,2026-04,2026-04
COMPREIA,2026-04,2026-04-01,2026-04-30,1224.88,986.7800000000001,238.1,19.44,14,87.49,2,0,118.31,Bronze,sem_dado,0.07,tiktok_seller_center,15,3,1,0,,,2275.78,2037.6800000000003,26,238.1,5,0,101.89,2,2026-03,2026-04
COMPREIEINDICO17,2026-03,2026-03-01,2026-03-31,0.0,0.0,0.0,0.0,0,0.0,2,0,0.0,Ferro,sem_dado,0.05,tiktok_seller_center,0,0,0,0,,,0.0,0.0,0,0.0,2,0,0.0,1,2026-03,2026-03
COMPREIETESTEIPRAVC,2026-02,2026-02-01,2026-02-28,0.0,0.0,0.0,0.0,0,0.0,0,2,0.0,Ferro,sem_dado,0.05,tiktok_seller_center,0,0,0,0,,,0.0,0.0,0,0.0,0,2,0.0,1,2026-02,2026-02
COMPREITESTEIEAPROVEI,2026-03,2026-03-01,2026-03-31,65.65,65.65,0.0,0.0,1,65.65,0,0,7.15,Ferro,sem_dado,0.05,tiktok_seller_center,1,0,1,0,,,475.39,475.39,6,0.0,4,0,23.77,3,2026-01,2026-03
COMPREI_ISSO,2026-01,2026-01-06,2026-01-31,0.0,0.0,0.0,0.0,0,0.0,1,0,0.0,Ferro,sem_dado,0.05,tiktok_seller_center,0,0,0,0,,,0.0,0.0,0,0.0,1,0,0.0,1,2026-01,2026-01
COMPREJA014,2026-04,2026-04-01,2026-04-30,0.0,0.0,0.0,0.0,0,0.0,1,0,0.0,Ferro,sem_dado,0.05,tiktok_seller_center,0,0,0,0,,,0.0,0.0,0,0.0,1,0,0.0,1,2026-04,2026-04
COMPRENAVANTAGEM,2026-04,2026-04-01,2026-04-30,0.0,0.0,0.0,0.0,0,0.0,0,4,0.0,Ferro,sem_dado,0.05,tiktok_seller_center,0,0,0,0,,,0.0,0.0,0,0.0,0,15,0.0,2,2026-03,2026-04
COMPREONLINE777,2026-03,2026-03-01,2026-03-31,0.0,0.0,0.0,0.0,0,0.0,2,0,0.0,Ferro,sem_dado,0.05,tiktok_seller_center,0,0,0,0,,,0.0,0.0,0,0.0,2,0,0.0,1,2026-03,2026-03
COMPRINHAS.INDICO,2026-04,2026-04-01,2026-04-30,0.0,0.0,0.0,0.0,0,0.0,1,0,0.0,Ferro,sem_dado,0.05,tiktok_seller_center,0,0,0,0,,,0.0,0.0,0,0.0,1,0,0.0,1,2026-04,2026-04
COMPRINHASCOMAJUH,2026-04,2026-04-01,2026-04-30,0.0,0.0,0.0,0.0,0,0.0,2,0,0.0,Ferro,sem_dado,0.05,tiktok_seller_center,0,0,0,0,,,0.0,0.0,0,0.0,3,0,0.0,2,2026-03,2026-04
COMPRINHASDA.MARII,2026-02,2026-02-01,2026-02-28,0.0,0.0,0.0,0.0,0,0.0,1,0,0.0,Ferro,sem_dado,0.05,tiktok_seller_center,0,0,0,0,,,0.0,0.0,0,0.0,1,0,0.0,1,2026-02,2026-02
COMPRINHASDACAA,2026-03,2026-03-01,2026-03-31,0.0,0.0,0.0,0.0,0,0.0,0,3,0.0,Ferro,sem_dado,0.05,tiktok_seller_center,0,0,0,0,,,0.0,0.0,0,0.0,0,3,0.0,1,2026-03,2026-03
COMPRINHASDADRY,2026-03,2026-03-01,2026-03-31,0.0,0.0,0.0,0.0,0,0.0,2,0,0.0,Ferro,sem_dado,0.05,tiktok_seller_center,0,0,0,0,,,0.0,0.0,0,0.0,2,0,0.0,1,2026-03,2026-03
COMPRINHASDAPHATY,2026-05,2026-05-01,2026-05-23,118.2,118.2,0.0,0.0,1,118.2,0,1,7.91,Ferro,sem_dado,0.05,tiktok_seller_center,0,0,1,0,,1,118.2,118.2,1,0.0,0,2,5.91,2,2026-03,2026-05
COMPRINHASEHAQUI,2026-03,2026-03-01,2026-03-31,0.0,0.0,0.0,0.0,0,0.0,0,1,0.0,Ferro,sem_dado,0.05,tiktok_seller_center,0,0,0,0,,,0.0,0.0,0,0.0,0,1,0.0,1,2026-03,2026-03
COMPRINHASONLINENASHOPEE,2026-03,2026-03-01,2026-03-31,0.0,0.0,0.0,0.0,0,0.0,1,0,0.0,Ferro,sem_dado,0.05,tiktok_seller_center,0,0,0,0,,,0.0,0.0,0,0.0,1,0,0.0,1,2026-03,2026-03
COMPRINHAS_DA_CA,2026-03,2026-03-01,2026-03-31,158.2,158.2,0.0,0.0,2,79.1,2,1,15.98,Ferro,sem_dado,0.05,tiktok_seller_center,2,0,1,0,,,158.2,158.2,2,0.0,2,1,7.91,1,2026-03,2026-03
COMPROU.TA.NA.ROTA,2026-05,2026-05-01,2026-05-23,0.0,0.0,0.0,0.0,0,0.0,0,2,0.0,Ferro,sem_dado,0.05,tiktok_seller_center,0,0,0,0,,0,0.0,0.0,0,0.0,1,38,0.0,5,2026-01,2026-05
CONECTESHOPPING,2026-04,2026-04-01,2026-04-30,96.06,96.06,0.0,0.0,1,96.06,1,0,6.39,Ferro,sem_dado,0.05,tiktok_seller_center,1,0,1,0,,,96.06,96.06,1,0.0,1,0,4.8,1,2026-04,2026-04
CONEXAO_DIVIINA,2026-04,2026-04-01,2026-04-30,0.0,0.0,0.0,0.0,0,0.0,0,1,0.0,Ferro,sem_dado,0.05,tiktok_seller_center,0,0,0,0,,,0.0,0.0,0,0.0,0,10,0.0,2,2026-03,2026-04
CONTA04EUSOUVENCE,2026-02,2026-02-01,2026-02-28,0.0,0.0,0.0,0.0,0,0.0,1,0,0.0,Ferro,sem_dado,0.05,tiktok_seller_center,0,0,0,0,,,0.0,0.0,0,0.0,2,0,0.0,2,2026-01,2026-02
CONTABRSHOP2,2026-05,2026-05-01,2026-05-23,0.0,0.0,0.0,0.0,0,0.0,2,0,0.0,Ferro,sem_dado,0.05,tiktok_seller_center,,0,0,0,,0,0.0,0.0,0,0.0,2,0,0.0,1,2026-05,2026-05
CONTANED04,2026-02,2026-02-01,2026-02-28,0.0,0.0,0.0,0.0,0,0.0,2,0,0.0,Ferro,sem_dado,0.05,tiktok_seller_center,0,0,0,0,,,0.0,0.0,0,0.0,2,0,0.0,1,2026-02,2026-02
CONTATONINAAFILIADA,2026-05,2026-05-01,2026-05-23,0.49,0.49,0.0,0.0,1,0.49,0,0,0.0,Ferro,sem_dado,0.05,tiktok_seller_center,,0,1,0,,1,0.49,0.49,1,0.0,0,0,0.02,1,2026-05,2026-05
CORTEES75,2026-02,2026-02-01,2026-02-28,0.0,0.0,0.0,0.0,0,0.0,3,0,0.0,Ferro,sem_dado,0.05,tiktok_seller_center,0,0,0,0,,,0.0,0.0,0,0.0,3,0,0.0,1,2026-02,2026-02
CORTIVANESSA,2026-05,2026-05-01,2026-05-23,99.9,99.9,0.0,0.0,1,99.9,6,0,7.91,Ferro,sem_dado,0.05,tiktok_seller_center,1,0,1,0,,1,189.8,189.8,2,0.0,6,0,9.5,2,2026-04,2026-05
COSTADEIA,2026-03,2026-03-01,2026-03-31,0.0,0.0,0.0,0.0,0,0.0,1,0,0.0,Ferro,sem_dado,0.05,tiktok_seller_center,0,0,0,0,,,0.0,0.0,0,0.0,1,0,0.0,1,2026-03,2026-03
COSTURACRIATIVAMARCIA,2026-02,2026-02-01,2026-02-28,0.0,0.0,0.0,0.0,0,0.0,1,0,0.0,Ferro,sem_dado,0.05,tiktok_seller_center,0,0,0,0,,,0.0,0.0,0,0.0,1,0,0.0,1,2026-02,2026-02
COTIDIANO_ANIMAL,2026-04,2026-04-01,2026-04-30,0.0,0.0,0.0,0.0,0,0.0,1,0,0.0,Ferro,sem_dado,0.05,tiktok_seller_center,0,0,0,0,,,0.0,0.0,0,0.0,1,0,0.0,1,2026-04,2026-04
COUTURE.DAMARLEI,2026-02,2026-02-01,2026-02-28,0.0,0.0,0.0,0.0,0,0.0,1,0,0.0,Ferro,sem_dado,0.05,tiktok_seller_center,0,0,0,0,,,0.0,0.0,0,0.0,1,0,0.0,1,2026-02,2026-02
COUTURECODEBR,2026-05,2026-05-01,2026-05-23,0.0,0.0,0.0,0.0,0,0.0,0,8,0.0,Ferro,sem_dado,0.05,tiktok_seller_center,0,0,0,0,,0,0.0,0.0,0,0.0,1,38,0.0,4,2026-01,2026-05
COZINHANDOCOMAMARA,2026-04,2026-04-01,2026-04-30,0.0,0.0,0.0,0.0,0,0.0,1,1,0.0,Ferro,sem_dado,0.05,tiktok_seller_center,0,0,0,0,,,0.0,0.0,0,0.0,1,1,0.0,1,2026-04,2026-04
COZINHA_FIT_EXPRESS,2026-03,2026-03-01,2026-03-31,0.0,0.0,0.0,0.0,0,0.0,1,0,0.0,Ferro,sem_dado,0.05,tiktok_seller_center,0,0,0,0,,,0.0,0.0,0,0.0,1,0,0.0,1,2026-03,2026-03
CRACKDABOLA.10,2026-03,2026-03-01,2026-03-31,0.0,0.0,0.0,0.0,0,0.0,1,0,0.0,Ferro,sem_dado,0.05,tiktok_seller_center,0,0,0,0,,,0.0,0.0,0,0.0,1,0,0.0,1,2026-03,2026-03
CREATOR.FER,2026-04,2026-04-01,2026-04-30,0.0,0.0,0.0,0.0,0,0.0,1,0,0.0,Ferro,sem_dado,0.05,tiktok_seller_center,0,0,0,0,,,0.0,0.0,0,0.0,1,0,0.0,1,2026-04,2026-04
CREATOR.SOFI,2026-05,2026-05-01,2026-05-23,0.0,0.0,0.0,0.0,0,0.0,1,0,0.0,Ferro,sem_dado,0.05,tiktok_seller_center,0,0,0,0,,0,0.0,0.0,0,0.0,2,0,0.0,2,2026-03,2026-05
CREATOR.VISIONARIO,2026-05,2026-05-01,2026-05-23,0.0,0.0,0.0,0.0,0,0.0,1,0,0.0,Ferro,sem_dado,0.05,tiktok_seller_center,0,0,0,0,,0,0.0,0.0,0,0.0,2,0,0.0,2,2026-02,2026-05
CREATOR08188,2026-05,2026-05-01,2026-05-23,0.0,0.0,0.0,0.0,0,0.0,1,0,0.0,Ferro,sem_dado,0.05,tiktok_seller_center,,0,0,0,,0,0.0,0.0,0,0.0,1,0,0.0,1,2026-05,2026-05
CREATORLEIA,2026-03,2026-03-01,2026-03-31,171.18,0.0,171.18,100.0,2,85.59,0,6,15.98,Ferro,sem_dado,0.05,tiktok_seller_center,2,2,1,0,,,251.88,80.7,3,171.18,0,8,4.04,2,2026-02,2026-03
CREATORRUBI,2026-03,2026-03-01,2026-03-31,0.0,0.0,0.0,0.0,0,0.0,1,0,0.0,Ferro,sem_dado,0.05,tiktok_seller_center,0,0,0,0,,,0.0,0.0,0,0.0,1,0,0.0,1,2026-03,2026-03
CREATORSHOPALI,2026-04,2026-04-01,2026-04-30,0.0,0.0,0.0,0.0,0,0.0,6,0,0.0,Ferro,sem_dado,0.05,tiktok_seller_center,0,0,0,0,,,163.0,163.0,1,0.0,32,4,8.15,4,2026-01,2026-04
CREATORSIMONEKTK,2026-05,2026-05-01,2026-05-23,0.0,0.0,0.0,0.0,0,0.0,0,1,0.0,Ferro,sem_dado,0.05,tiktok_seller_center,0,0,0,0,,0,0.0,0.0,0,0.0,0,3,0.0,3,2026-01,2026-05
CREATORTIKTOKVIP,2026-05,2026-05-01,2026-05-23,0.0,0.0,0.0,0.0,0,0.0,1,0,0.0,Ferro,sem_dado,0.05,tiktok_seller_center,3,0,0,0,,0,404.01,404.01,5,0.0,4,0,20.21,3,2026-02,2026-05
CREATOR_DIOVANA,2026-05,2026-05-01,2026-05-23,0.0,0.0,0.0,0.0,0,0.0,0,1,0.0,Ferro,sem_dado,0.05,tiktok_seller_center,,0,0,0,,0,0.0,0.0,0,0.0,0,1,0.0,1,2026-05,2026-05
CREATOR_MARY,2026-05,2026-05-01,2026-05-23,0.0,0.0,0.0,0.0,0,0.0,0,3,0.0,Ferro,sem_dado,0.05,tiktok_seller_center,,0,0,0,,0,0.0,0.0,0,0.0,0,3,0.0,1,2026-05,2026-05
CREDBLANCO,2026-01,2026-01-06,2026-01-31,0.0,0.0,0.0,0.0,0,0.0,1,0,0.0,Ferro,sem_dado,0.05,tiktok_seller_center,0,0,0,0,,,0.0,0.0,0,0.0,1,0,0.0,1,2026-01,2026-01
CRESCERNOTIKTOKSHOPE,2026-05,2026-05-01,2026-05-23,0.0,0.0,0.0,0.0,0,0.0,0,2,0.0,Ferro,sem_dado,0.05,tiktok_seller_center,0,0,0,0,,0,0.0,0.0,0,0.0,0,11,0.0,3,2026-01,2026-05
CRESCIMENTOCONSTANTE09,2026-02,2026-02-01,2026-02-28,0.0,0.0,0.0,0.0,0,0.0,1,0,0.0,Ferro,sem_dado,0.05,tiktok_seller_center,0,0,0,0,,,0.0,0.0,0,0.0,2,0,0.0,2,2026-01,2026-02
CRIANDOCOMEMANUELA,2026-03,2026-03-01,2026-03-31,88.78,88.78,0.0,0.0,1,88.78,0,0,7.99,Ferro,sem_dado,0.05,tiktok_seller_center,1,0,1,0,,,88.78,88.78,1,0.0,0,0,4.44,1,2026-03,2026-03
CRIS.IA.CHADINHOS,2026-03,2026-03-01,2026-03-31,0.0,0.0,0.0,0.0,0,0.0,1,0,0.0,Ferro,sem_dado,0.05,tiktok_seller_center,0,0,0,0,,,0.0,0.0,0,0.0,1,0,0.0,1,2026-03,2026-03
CRIS.INDICASHOP,2026-04,2026-04-01,2026-04-30,0.0,0.0,0.0,0.0,0,0.0,0,1,0.0,Ferro,sem_dado,0.05,tiktok_seller_center,0,0,0,0,,,0.0,0.0,0,0.0,0,1,0.0,1,2026-04,2026-04
CRIS.PIRES.MONT,2026-05,2026-05-01,2026-05-23,0.0,0.0,0.0,0.0,0,0.0,0,41,0.0,Ferro,sem_dado,0.05,tiktok_seller_center,0,0,0,0,,0,0.0,0.0,0,0.0,0,54,0.0,2,2026-04,2026-05
CRIS.SHOPCREATOR,2026-02,2026-02-01,2026-02-28,0.0,0.0,0.0,0.0,0,0.0,0,1,0.0,Ferro,sem_dado,0.05,tiktok_seller_center,0,0,0,1,,,0.0,0.0,0,0.0,0,1,0.0,1,2026-02,2026-02
CRIS38321,2026-02,2026-02-01,2026-02-28,0.0,0.0,0.0,0.0,0,0.0,0,5,0.0,Ferro,sem_dado,0.05,tiktok_seller_center,0,0,0,0,,,72.38,-1.3299999999999983,1,73.71,1,18,-0.07,2,2026-01,2026-02
CRISALMEIDA1801,2026-03,2026-03-01,2026-03-31,0.0,0.0,0.0,0.0,0,0.0,0,2,0.0,Ferro,sem_dado,0.05,tiktok_seller_center,0,0,0,0,,,0.0,0.0,0,0.0,0,3,0.0,2,2026-02,2026-03
CRISALVES.SHOP,2026-04,2026-04-01,2026-04-30,0.0,0.0,0.0,0.0,0,0.0,3,0,0.0,Ferro,sem_dado,0.05,tiktok_seller_center,0,0,0,0,,,0.0,0.0,0,0.0,3,8,0.0,3,2026-02,2026-04
CRISBELOTX,2026-02,2026-02-01,2026-02-28,79.9,79.9,0.0,0.0,1,79.9,0,31,7.99,Ferro,sem_dado,0.05,tiktok_seller_center,1,0,1,0,,,160.60000000000002,160.60000000000002,2,0.0,0,70,8.04,2,2026-01,2026-02
CRISGBJZKAD,2026-01,2026-01-06,2026-01-31,0.0,0.0,0.0,0.0,0,0.0,1,0,0.0,Ferro,sem_dado,0.05,tiktok_seller_center,0,0,0,0,,,0.0,0.0,0,0.0,1,0,0.0,1,2026-01,2026-01
CRISGLOW6,2026-05,2026-05-01,2026-05-23,0.0,0.0,0.0,0.0,0,0.0,0,6,0.0,Ferro,sem_dado,0.05,tiktok_seller_center,1,0,0,0,,0,80.7,0.0,1,80.7,1,35,0.0,3,2026-03,2026-05
CRISGUEDES.UGC,2026-05,2026-05-01,2026-05-23,0.0,0.0,0.0,0.0,0,0.0,0,1,0.0,Ferro,sem_dado,0.05,tiktok_seller_center,0,0,0,0,,0,0.0,0.0,0,0.0,0,11,0.0,3,2026-02,2026-05
CRISKELIRECOMENDA,2026-01,2026-01-06,2026-01-31,0.0,0.0,0.0,0.0,0,0.0,2,0,0.0,Ferro,sem_dado,0.05,tiktok_seller_center,0,0,0,0,,,0.0,0.0,0,0.0,2,0,0.0,1,2026-01,2026-01
CRISMATTOSOUSA,2026-05,2026-05-01,2026-05-23,0.0,0.0,0.0,0.0,0,0.0,0,2,0.0,Ferro,sem_dado,0.05,tiktok_seller_center,0,0,0,0,,0,0.0,0.0,0,0.0,0,4,0.0,2,2026-04,2026-05
CRISPRATASHOP,2026-04,2026-04-01,2026-04-30,0.0,0.0,0.0,0.0,0,0.0,0,7,0.0,Ferro,sem_dado,0.05,tiktok_seller_center,0,0,0,0,,,0.0,0.0,0,0.0,0,7,0.0,1,2026-04,2026-04
CRISRIBEIRO1981,2026-01,2026-01-06,2026-01-31,0.0,0.0,0.0,0.0,0,0.0,1,0,0.0,Ferro,sem_dado,0.05,tiktok_seller_center,0,0,0,0,,,0.0,0.0,0,0.0,1,0,0.0,1,2026-01,2026-01
CRISSHOP004,2026-04,2026-04-01,2026-04-30,0.0,0.0,0.0,0.0,0,0.0,0,5,0.0,Ferro,sem_dado,0.05,tiktok_seller_center,0,0,0,0,,,0.0,0.0,0,0.0,2,6,0.0,3,2026-02,2026-04
CRISSHOP30,2026-03,2026-03-01,2026-03-31,0.0,0.0,0.0,0.0,0,0.0,1,0,0.0,Ferro,sem_dado,0.05,tiktok_seller_center,0,0,0,0,,,0.0,0.0,0,0.0,1,0,0.0,1,2026-03,2026-03
CRISSTINASSENA,2026-03,2026-03-01,2026-03-31,0.0,0.0,0.0,0.0,0,0.0,0,1,0.0,Ferro,sem_dado,0.05,tiktok_seller_center,0,0,0,0,,,0.0,0.0,0,0.0,0,1,0.0,1,2026-03,2026-03
CRISTALSHOP7,2026-03,2026-03-01,2026-03-31,0.0,0.0,0.0,0.0,0,0.0,1,0,0.0,Ferro,sem_dado,0.05,tiktok_seller_center,0,0,0,0,,,0.0,0.0,0,0.0,1,0,0.0,1,2026-03,2026-03
CRISTIANECESARIOO,2026-05,2026-05-01,2026-05-23,0.0,0.0,0.0,0.0,0,0.0,3,0,0.0,Ferro,sem_dado,0.05,tiktok_seller_center,,0,0,2,,0,0.0,0.0,0,0.0,3,0,0.0,1,2026-05,2026-05
CRISTIANELIMA136,2026-03,2026-03-01,2026-03-31,0.0,0.0,0.0,0.0,0,0.0,0,1,0.0,Ferro,sem_dado,0.05,tiktok_seller_center,0,0,0,0,,,0.0,0.0,0,0.0,0,1,0.0,1,2026-03,2026-03
CRISTIANEMEDEIROS00,2026-05,2026-05-01,2026-05-23,0.0,0.0,0.0,0.0,0,0.0,1,0,0.0,Ferro,sem_dado,0.05,tiktok_seller_center,0,0,0,0,,0,0.0,0.0,0,0.0,3,0,0.0,2,2026-03,2026-05
CRISTIANEMORELLATO,2026-04,2026-04-01,2026-04-30,0.0,0.0,0.0,0.0,0,0.0,0,1,0.0,Ferro,sem_dado,0.05,tiktok_seller_center,0,0,0,0,,,0.0,0.0,0,0.0,0,1,0.0,1,2026-04,2026-04
CRISTIANERODRIGU781,2026-05,2026-05-01,2026-05-23,0.0,0.0,0.0,0.0,0,0.0,2,0,0.0,Ferro,sem_dado,0.05,tiktok_seller_center,0,0,0,0,,0,0.0,0.0,0,0.0,6,0,0.0,2,2026-04,2026-05
CRISTIANERODRIGUES190,2026-04,2026-04-01,2026-04-30,0.0,0.0,0.0,0.0,0,0.0,1,0,0.0,Ferro,sem_dado,0.05,tiktok_seller_center,0,0,0,0,,,89.77,89.77,1,0.0,11,0,4.49,3,2026-01,2026-04
CRISTIANESPINELLICREATOR,2026-05,2026-05-01,2026-05-23,0.0,0.0,0.0,0.0,0,0.0,0,1,0.0,Ferro,sem_dado,0.05,tiktok_seller_center,,0,0,0,,0,0.0,0.0,0,0.0,0,1,0.0,1,2026-05,2026-05
CRISTIKTOKSHOP_,2026-05,2026-05-01,2026-05-23,0.0,0.0,0.0,0.0,0,0.0,1,0,0.0,Ferro,sem_dado,0.05,tiktok_seller_center,,0,0,0,,0,0.0,0.0,0,0.0,1,0,0.0,1,2026-05,2026-05
CRISTINA.F16,2026-03,2026-03-01,2026-03-31,0.0,0.0,0.0,0.0,0,0.0,0,1,0.0,Ferro,sem_dado,0.05,tiktok_seller_center,0,0,0,0,,,0.0,0.0,0,0.0,0,4,0.0,2,2026-02,2026-03
CRISTINAFREITAS045,2026-05,2026-05-01,2026-05-23,0.0,0.0,0.0,0.0,0,0.0,0,3,0.0,Ferro,sem_dado,0.05,tiktok_seller_center,,0,0,0,,0,0.0,0.0,0,0.0,0,3,0.0,1,2026-05,2026-05
CRISTINARODRIGUES567,2026-03,2026-03-01,2026-03-31,0.0,0.0,0.0,0.0,0,0.0,0,1,0.0,Ferro,sem_dado,0.05,tiktok_seller_center,0,0,0,0,,,0.0,0.0,0,0.0,0,5,0.0,2,2026-02,2026-03
CRISTINASILVAJC,2026-05,2026-05-01,2026-05-23,0.0,0.0,0.0,0.0,0,0.0,0,1,0.0,Ferro,sem_dado,0.05,tiktok_seller_center,,0,0,0,,0,0.0,0.0,0,0.0,0,1,0.0,1,2026-05,2026-05
CRISTINA_MOREN,2026-04,2026-04-01,2026-04-30,0.0,0.0,0.0,0.0,0,0.0,0,1,0.0,Ferro,sem_dado,0.05,tiktok_seller_center,0,0,0,0,,,0.0,0.0,0,0.0,2,1,0.0,2,2026-02,2026-04
CRITSTINALOPES,2026-03,2026-03-01,2026-03-31,0.0,0.0,0.0,0.0,0,0.0,2,0,0.0,Ferro,sem_dado,0.05,tiktok_seller_center,0,0,0,0,,,0.0,0.0,0,0.0,2,0,0.0,1,2026-03,2026-03
CS300409,2026-04,2026-04-01,2026-04-30,0.0,0.0,0.0,0.0,0,0.0,0,11,0.0,Ferro,sem_dado,0.05,tiktok_seller_center,0,0,0,0,,,0.0,0.0,0,0.0,2,16,0.0,2,2026-03,2026-04
CTS18K,2026-04,2026-04-01,2026-04-30,0.0,0.0,0.0,0.0,0,0.0,0,1,0.0,Ferro,sem_dado,0.05,tiktok_seller_center,0,0,0,0,,,0.0,0.0,0,0.0,0,15,0.0,3,2026-02,2026-04
CTTCAMILASANTANA,2026-03,2026-03-01,2026-03-31,0.0,0.0,0.0,0.0,0,0.0,3,0,0.0,Ferro,sem_dado,0.05,tiktok_seller_center,0,0,0,0,,,0.0,0.0,0,0.0,3,0,0.0,1,2026-03,2026-03
CUIDADO._CERTO,2026-03,2026-03-01,2026-03-31,0.0,0.0,0.0,0.0,0,0.0,2,0,0.0,Ferro,sem_dado,0.05,tiktok_seller_center,0,0,0,0,,,0.0,0.0,0,0.0,2,0,0.0,1,2026-03,2026-03
CUNHA.FLA,2026-04,2026-04-01,2026-04-30,0.0,0.0,0.0,0.0,0,0.0,2,0,0.0,Ferro,sem_dado,0.05,tiktok_seller_center,0,0,0,0,,,0.0,0.0,0,0.0,2,0,0.0,1,2026-04,2026-04
CUPOMDESCONTO6,2026-03,2026-03-01,2026-03-31,0.0,0.0,0.0,0.0,0,0.0,1,0,0.0,Ferro,sem_dado,0.05,tiktok_seller_center,0,0,0,0,,,0.0,0.0,0,0.0,1,0,0.0,1,2026-03,2026-03
CURADAPORJESUS2026,2026-05,2026-05-01,2026-05-23,0.0,0.0,0.0,0.0,0,0.0,0,1,0.0,Ferro,sem_dado,0.05,tiktok_seller_center,,0,0,0,,0,0.0,0.0,0,0.0,0,1,0.0,1,2026-05,2026-05
CURADORIADAISA,2026-05,2026-05-01,2026-05-23,0.0,0.0,0.0,0.0,0,0.0,1,0,0.0,Ferro,sem_dado,0.05,tiktok_seller_center,,0,0,0,,0,0.0,0.0,0,0.0,1,0,0.0,1,2026-05,2026-05
CURIORNWR9A,2026-02,2026-02-01,2026-02-28,0.0,0.0,0.0,0.0,0,0.0,4,0,0.0,Ferro,sem_dado,0.05,tiktok_seller_center,0,0,0,0,,,0.0,0.0,0,0.0,4,0,0.0,1,2026-02,2026-02
CURIOSIDADES.ATUAIS2026,2026-04,2026-04-01,2026-04-30,0.0,0.0,0.0,0.0,0,0.0,0,4,0.0,Ferro,sem_dado,0.05,tiktok_seller_center,0,0,0,0,,,0.0,0.0,0,0.0,0,79,0.0,3,2026-02,2026-04
CURVYLOOK.SHOP,2026-02,2026-02-01,2026-02-28,0.0,0.0,0.0,0.0,0,0.0,1,0,0.0,Ferro,sem_dado,0.05,tiktok_seller_center,0,0,0,0,,,0.0,0.0,0,0.0,1,0,0.0,1,2026-02,2026-02
CUTIECUTIE318,2026-03,2026-03-01,2026-03-31,0.0,0.0,0.0,0.0,0,0.0,1,0,0.0,Ferro,sem_dado,0.05,tiktok_seller_center,0,0,0,0,,,0.0,0.0,0,0.0,1,0,0.0,1,2026-03,2026-03
CVS96SHOP,2026-04,2026-04-01,2026-04-30,78.1,78.1,0.0,0.0,1,78.1,0,0,7.99,Ferro,sem_dado,0.05,tiktok_seller_center,1,0,1,0,,,78.1,78.1,1,0.0,0,0,3.9,1,2026-04,2026-04
CVVBBDFG,2026-04,2026-04-01,2026-04-30,0.0,0.0,0.0,0.0,0,0.0,1,0,0.0,Ferro,sem_dado,0.05,tiktok_seller_center,0,0,0,0,,,0.0,0.0,0,0.0,1,0,0.0,1,2026-04,2026-04
CYBACOSTA,2026-05,2026-05-01,2026-05-23,0.0,0.0,0.0,0.0,0,0.0,5,0,0.0,Ferro,sem_dado,0.05,tiktok_seller_center,0,0,0,0,,0,0.0,0.0,0,0.0,6,0,0.0,2,2026-04,2026-05
CYNTIACREATOR,2026-05,2026-05-01,2026-05-23,0.0,0.0,0.0,0.0,0,0.0,3,0,0.0,Ferro,sem_dado,0.05,tiktok_seller_center,,0,0,0,,0,0.0,0.0,0,0.0,3,0,0.0,1,2026-05,2026-05
CYSMAYTIKTOKSHOP,2026-04,2026-04-01,2026-04-30,0.0,0.0,0.0,0.0,0,0.0,0,3,0.0,Ferro,sem_dado,0.05,tiktok_seller_center,0,0,0,0,,,0.0,0.0,0,0.0,0,9,0.0,4,2026-01,2026-04
D.DRTTI,2026-03,2026-03-01,2026-03-31,0.0,0.0,0.0,0.0,0,0.0,1,0,0.0,Ferro,sem_dado,0.05,tiktok_seller_center,0,0,0,0,,,0.0,0.0,0,0.0,1,0,0.0,1,2026-03,2026-03
DAAIANNYLIMA_,2026-01,2026-01-06,2026-01-31,0.0,0.0,0.0,0.0,0,0.0,0,3,0.0,Ferro,sem_dado,0.05,tiktok_seller_center,0,0,0,0,,,0.0,0.0,0,0.0,0,3,0.0,1,2026-01,2026-01
DAAYINDICA,2026-04,2026-04-01,2026-04-30,0.0,0.0,0.0,0.0,0,0.0,0,2,0.0,Ferro,sem_dado,0.05,tiktok_seller_center,0,0,0,0,,,0.0,0.0,0,0.0,0,2,0.0,1,2026-04,2026-04
DADAENICOLE,2026-03,2026-03-01,2026-03-31,77.82,0.0,77.82,100.0,1,77.82,2,0,7.99,Ferro,sem_dado,0.05,tiktok_seller_center,1,1,1,0,,,77.82,0.0,1,77.82,2,0,0.0,1,2026-03,2026-03
DADYDAMASCENO,2026-04,2026-04-01,2026-04-30,0.0,0.0,0.0,0.0,0,0.0,0,4,0.0,Ferro,sem_dado,0.05,tiktok_seller_center,0,0,0,0,,,0.0,0.0,0,0.0,0,4,0.0,1,2026-04,2026-04
DAI.ALENCAR_DICAS,2026-05,2026-05-01,2026-05-23,0.0,0.0,0.0,0.0,0,0.0,1,2,0.0,Ferro,sem_dado,0.05,tiktok_seller_center,,0,0,0,,0,0.0,0.0,0,0.0,1,2,0.0,1,2026-05,2026-05
DAI70993,2026-05,2026-05-01,2026-05-23,0.0,0.0,0.0,0.0,0,0.0,0,6,0.0,Ferro,sem_dado,0.05,tiktok_seller_center,0,0,0,0,,0,0.0,0.0,0,0.0,8,46,0.0,3,2026-03,2026-05
DAIANASANTOS731,2026-04,2026-04-01,2026-04-30,0.0,0.0,0.0,0.0,0,0.0,0,5,0.0,Ferro,sem_dado,0.05,tiktok_seller_center,0,0,0,0,,,0.0,0.0,0,0.0,0,5,0.0,1,2026-04,2026-04
DAIANE.GRACILIANO,2026-01,2026-01-06,2026-01-31,0.0,0.0,0.0,0.0,0,0.0,0,3,0.0,Ferro,sem_dado,0.05,tiktok_seller_center,0,0,0,0,,,0.0,0.0,0,0.0,0,3,0.0,1,2026-01,2026-01
DAIANEDIAS.OLIVEIRA,2026-02,2026-02-01,2026-02-28,0.0,0.0,0.0,0.0,0,0.0,1,0,0.0,Ferro,sem_dado,0.05,tiktok_seller_center,0,0,0,0,,,0.0,0.0,0,0.0,1,0,0.0,1,2026-02,2026-02
DAIANEFASHIONSTORE,2026-02,2026-02-01,2026-02-28,0.0,0.0,0.0,0.0,0,0.0,1,0,0.0,Ferro,sem_dado,0.05,tiktok_seller_center,0,0,0,0,,,0.0,0.0,0,0.0,1,0,0.0,1,2026-02,2026-02
DAIANESANTOS8420,2026-04,2026-04-01,2026-04-30,79.9,79.9,0.0,0.0,1,79.9,0,0,6.39,Ferro,sem_dado,0.05,tiktok_seller_center,1,0,1,0,,,79.9,79.9,1,0.0,0,0,4.0,1,2026-04,2026-04
DAIANESOUZA___,2026-05,2026-05-01,2026-05-23,0.0,0.0,0.0,0.0,0,0.0,0,1,0.0,Ferro,sem_dado,0.05,tiktok_seller_center,,0,0,0,,0,0.0,0.0,0,0.0,0,1,0.0,1,2026-05,2026-05
DAIANESTOLBERG,2026-05,2026-05-01,2026-05-23,0.0,0.0,0.0,0.0,0,0.0,7,2,0.0,Ferro,sem_dado,0.05,tiktok_seller_center,0,0,0,0,,0,0.0,0.0,0,0.0,12,6,0.0,3,2026-02,2026-05
DAIANE_COSTA8,2026-04,2026-04-01,2026-04-30,0.0,0.0,0.0,0.0,0,0.0,0,1,0.0,Ferro,sem_dado,0.05,tiktok_seller_center,0,0,0,0,,,0.0,0.0,0,0.0,1,2,0.0,3,2026-02,2026-04
DAIANE_COSTAA93,2026-01,2026-01-06,2026-01-31,0.0,0.0,0.0,0.0,0,0.0,0,2,0.0,Ferro,sem_dado,0.05,tiktok_seller_center,0,0,0,0,,,0.0,0.0,0,0.0,0,2,0.0,1,2026-01,2026-01
DAIANIINDICA,2026-04,2026-04-01,2026-04-30,0.0,0.0,0.0,0.0,0,0.0,0,5,0.0,Ferro,sem_dado,0.05,tiktok_seller_center,0,0,0,0,,,0.0,0.0,0,0.0,0,5,0.0,1,2026-04,2026-04
DAIANISHOP,2026-03,2026-03-01,2026-03-31,0.0,0.0,0.0,0.0,0,0.0,0,10,0.0,Ferro,sem_dado,0.05,tiktok_seller_center,0,0,0,0,,,0.0,0.0,0,0.0,2,11,0.0,2,2026-02,2026-03
DAIANYSOUSALOBEU,2026-04,2026-04-01,2026-04-30,0.0,0.0,0.0,0.0,0,0.0,0,1,0.0,Ferro,sem_dado,0.05,tiktok_seller_center,0,0,0,0,,,0.0,0.0,0,0.0,0,11,0.0,3,2026-02,2026-04
DAIASANTANA95,2026-02,2026-02-01,2026-02-28,0.0,0.0,0.0,0.0,0,0.0,0,1,0.0,Ferro,sem_dado,0.05,tiktok_seller_center,0,0,0,0,,,0.0,0.0,0,0.0,0,1,0.0,1,2026-02,2026-02
DAIIANA.VAZ,2026-02,2026-02-01,2026-02-28,0.0,0.0,0.0,0.0,0,0.0,0,1,0.0,Ferro,sem_dado,0.05,tiktok_seller_center,0,0,0,0,,,0.0,0.0,0,0.0,0,1,0.0,1,2026-02,2026-02
DAILLYDAEVE,2026-02,2026-02-01,2026-02-28,0.0,0.0,0.0,0.0,0,0.0,10,0,0.0,Ferro,sem_dado,0.05,tiktok_seller_center,0,0,0,0,,,0.0,0.0,0,0.0,10,0,0.0,1,2026-02,2026-02
DAILLYTAIS,2026-05,2026-05-01,2026-05-23,0.0,0.0,0.0,0.0,0,0.0,0,10,0.0,Ferro,sem_dado,0.05,tiktok_seller_center,0,0,0,0,,0,0.0,0.0,0,0.0,0,36,0.0,4,2026-02,2026-05
DAILY.BECA,2026-05,2026-05-01,2026-05-23,0.0,-81.3,81.3,0.0,0,0.0,0,0,0.0,Ferro,sem_dado,0.05,tiktok_seller_center,4,1,0,0,,0,327.53,246.22999999999996,4,81.3,3,0,12.309999999999999,2,2026-04,2026-05
DAILY.BYJANA,2026-03,2026-03-01,2026-03-31,79.9,0.0,79.9,100.0,1,79.9,6,0,7.99,Ferro,sem_dado,0.05,tiktok_seller_center,1,1,1,0,,,79.9,0.0,1,79.9,6,0,0.0,1,2026-03,2026-03
DAILY.JOY26,2026-05,2026-05-01,2026-05-23,0.0,0.0,0.0,0.0,0,0.0,0,1,0.0,Ferro,sem_dado,0.05,tiktok_seller_center,,0,0,0,,0,0.0,0.0,0,0.0,0,1,0.0,1,2026-05,2026-05
DAILY.KSB,2026-04,2026-04-01,2026-04-30,174.76,89.89999999999999,84.86,48.56,2,87.38,0,3,13.19,Ferro,sem_dado,0.05,tiktok_seller_center,2,1,1,0,,,174.76,89.89999999999999,2,84.86,0,3,4.5,1,2026-04,2026-04
DAILY.SAMARAA,2026-03,2026-03-01,2026-03-31,0.0,0.0,0.0,0.0,0,0.0,0,5,0.0,Ferro,sem_dado,0.05,tiktok_seller_center,0,0,0,0,,,0.0,0.0,0,0.0,0,5,0.0,1,2026-03,2026-03
DAILYBRUNAARGUELLO,2026-02,2026-02-01,2026-02-28,0.0,0.0,0.0,0.0,0,0.0,0,1,0.0,Ferro,sem_dado,0.05,tiktok_seller_center,0,0,0,0,,,0.0,0.0,0,0.0,0,1,0.0,1,2026-02,2026-02
DAILYBYJHU_,2026-04,2026-04-01,2026-04-30,0.0,0.0,0.0,0.0,0,0.0,1,0,0.0,Ferro,sem_dado,0.05,tiktok_seller_center,0,0,0,0,,,0.0,0.0,0,0.0,2,0,0.0,2,2026-03,2026-04
DAILYCAH08,2026-05,2026-05-01,2026-05-23,97.88,97.88,0.0,0.0,1,97.88,2,1,7.99,Ferro,sem_dado,0.05,tiktok_seller_center,1,0,1,0,,1,1657.07,1294.07,20,363.0,11,20,64.7,4,2026-02,2026-05
DAILYCAROLA_,2026-03,2026-03-01,2026-03-31,0.0,0.0,0.0,0.0,0,0.0,1,0,0.0,Ferro,sem_dado,0.05,tiktok_seller_center,0,0,0,0,,,0.0,0.0,0,0.0,1,0,0.0,1,2026-03,2026-03
DAILYDABARBARA,2026-05,2026-05-01,2026-05-23,0.0,0.0,0.0,0.0,0,0.0,0,3,0.0,Ferro,sem_dado,0.05,tiktok_seller_center,,0,0,0,,0,0.0,0.0,0,0.0,0,3,0.0,1,2026-05,2026-05
DAILYDADANISOARES,2026-05,2026-05-01,2026-05-23,0.0,0.0,0.0,0.0,0,0.0,0,3,0.0,Ferro,sem_dado,0.05,tiktok_seller_center,0,0,0,0,,0,0.0,0.0,0,0.0,0,4,0.0,2,2026-04,2026-05
DAILYDAFAAB,2026-05,2026-05-01,2026-05-23,0.0,0.0,0.0,0.0,0,0.0,0,24,0.0,Ferro,sem_dado,0.05,tiktok_seller_center,,0,0,0,,0,0.0,0.0,0,0.0,0,24,0.0,1,2026-05,2026-05
DAILYDAJENNI_,2026-03,2026-03-01,2026-03-31,0.0,0.0,0.0,0.0,0,0.0,1,0,0.0,Ferro,sem_dado,0.05,tiktok_seller_center,0,0,0,0,,,0.0,0.0,0,0.0,1,0,0.0,1,2026-03,2026-03
DAILYDAMARIAHSHOP,2026-04,2026-04-01,2026-04-30,0.0,0.0,0.0,0.0,0,0.0,3,0,0.0,Ferro,sem_dado,0.05,tiktok_seller_center,0,0,0,0,,,0.0,0.0,0,0.0,3,0,0.0,1,2026-04,2026-04
DAILYDAMARIINA,2026-03,2026-03-01,2026-03-31,0.0,0.0,0.0,0.0,0,0.0,1,0,0.0,Ferro,sem_dado,0.05,tiktok_seller_center,0,0,0,0,,,0.0,0.0,0,0.0,1,0,0.0,1,2026-03,2026-03
DAILYDANATY24,2026-03,2026-03-01,2026-03-31,0.0,0.0,0.0,0.0,0,0.0,0,1,0.0,Ferro,sem_dado,0.05,tiktok_seller_center,0,0,0,0,,,0.0,0.0,0,0.0,0,2,0.0,2,2026-02,2026-03
DAILYDAPATYBR,2026-03,2026-03-01,2026-03-31,0.0,0.0,0.0,0.0,0,0.0,1,0,0.0,Ferro,sem_dado,0.05,tiktok_seller_center,0,0,0,0,,,0.0,0.0,0,0.0,1,0,0.0,1,2026-03,2026-03
DAILYDAPAULAF,2026-05,2026-05-01,2026-05-23,0.0,0.0,0.0,0.0,0,0.0,5,0,0.0,Ferro,sem_dado,0.05,tiktok_seller_center,,0,0,0,,0,0.0,0.0,0,0.0,5,0,0.0,1,2026-05,2026-05
DAILYDASAS,2026-04,2026-04-01,2026-04-30,0.0,0.0,0.0,0.0,0,0.0,0,1,0.0,Ferro,sem_dado,0.05,tiktok_seller_center,0,0,0,0,,,0.0,0.0,0,0.0,0,1,0.0,1,2026-04,2026-04
DAILYGIGISSQ,2026-04,2026-04-01,2026-04-30,0.0,0.0,0.0,0.0,0,0.0,1,6,0.0,Ferro,sem_dado,0.05,tiktok_seller_center,0,0,0,0,,,0.0,0.0,0,0.0,1,6,0.0,1,2026-04,2026-04
DAILYLARAPOLLO,2026-05,2026-05-01,2026-05-23,200.82,200.82,0.0,0.0,1,200.82,0,0,15.82,Ferro,sem_dado,0.05,tiktok_seller_center,0,0,1,0,,2,577.72,577.72,6,0.0,4,9,28.89,5,2026-01,2026-05
DAILYLIAJU,2026-02,2026-02-01,2026-02-28,79.9,79.9,0.0,0.0,1,79.9,2,0,7.99,Ferro,sem_dado,0.05,tiktok_seller_center,1,0,1,0,,,79.9,79.9,1,0.0,2,0,4.0,1,2026-02,2026-02
DAILYLILIANE,2026-02,2026-02-01,2026-02-28,0.0,0.0,0.0,0.0,0,0.0,1,0,0.0,Ferro,sem_dado,0.05,tiktok_seller_center,0,0,0,0,,,0.0,0.0,0,0.0,1,0,0.0,1,2026-02,2026-02
DAILYLISS3,2026-05,2026-05-01,2026-05-23,0.0,0.0,0.0,0.0,0,0.0,1,1,0.0,Ferro,sem_dado,0.05,tiktok_seller_center,0,0,0,0,,0,0.0,0.0,0,0.0,4,1,0.0,2,2026-04,2026-05
DAILYMARIBELLA,2026-05,2026-05-01,2026-05-23,0.0,0.0,0.0,0.0,0,0.0,4,0,0.0,Ferro,sem_dado,0.05,tiktok_seller_center,0,0,0,0,,0,0.0,0.0,0,0.0,12,0,0.0,3,2026-03,2026-05
DAILYNADSSA,2026-04,2026-04-01,2026-04-30,0.0,0.0,0.0,0.0,0,0.0,1,0,0.0,Ferro,sem_dado,0.05,tiktok_seller_center,0,0,0,0,,,0.0,0.0,0,0.0,1,0,0.0,1,2026-04,2026-04
DAILYNAI__,2026-04,2026-04-01,2026-04-30,0.0,0.0,0.0,0.0,0,0.0,1,0,0.0,Ferro,sem_dado,0.05,tiktok_seller_center,0,0,0,0,,,0.0,0.0,0,0.0,1,0,0.0,1,2026-04,2026-04
DAILYPAM.WK,2026-04,2026-04-01,2026-04-30,139.52,139.52,0.0,0.0,2,69.76,2,0,15.21,Ferro,sem_dado,0.05,tiktok_seller_center,2,0,1,0,,,139.52,139.52,2,0.0,4,0,6.98,2,2026-03,2026-04
DAILYRHUSOUSA,2026-04,2026-04-01,2026-04-30,0.0,0.0,0.0,0.0,0,0.0,0,1,0.0,Ferro,sem_dado,0.05,tiktok_seller_center,0,0,0,0,,,0.0,0.0,0,0.0,0,3,0.0,2,2026-03,2026-04
DAILYSECRETZZZ,2026-04,2026-04-01,2026-04-30,174.8,174.8,0.0,0.0,2,87.4,0,0,15.88,Ferro,sem_dado,0.05,tiktok_seller_center,2,0,1,0,,,174.8,174.8,2,0.0,0,0,8.74,1,2026-04,2026-04
DAILYYDAMAE,2026-04,2026-04-01,2026-04-30,0.0,0.0,0.0,0.0,0,0.0,0,3,0.0,Ferro,sem_dado,0.05,tiktok_seller_center,0,0,0,0,,,0.0,0.0,0,0.0,0,3,0.0,1,2026-04,2026-04
DAILY_ACHADIINHOS,2026-01,2026-01-06,2026-01-31,0.0,0.0,0.0,0.0,0,0.0,1,0,0.0,Ferro,sem_dado,0.05,tiktok_seller_center,0,0,0,0,,,0.0,0.0,0,0.0,1,0,0.0,1,2026-01,2026-01
DAIMOND8820,2026-03,2026-03-01,2026-03-31,0.0,0.0,0.0,0.0,0,0.0,0,1,0.0,Ferro,sem_dado,0.05,tiktok_seller_center,0,0,0,0,,,0.0,0.0,0,0.0,0,1,0.0,1,2026-03,2026-03
DAISKIBC,2026-05,2026-05-01,2026-05-23,0.0,0.0,0.0,0.0,0,0.0,1,0,0.0,Ferro,sem_dado,0.05,tiktok_seller_center,,0,0,0,,0,0.0,0.0,0,0.0,1,0,0.0,1,2026-05,2026-05
DAISYMENDEES,2026-05,2026-05-01,2026-05-23,0.0,0.0,0.0,0.0,0,0.0,0,1,0.0,Ferro,sem_dado,0.05,tiktok_seller_center,0,0,0,0,,0,0.0,0.0,0,0.0,0,3,0.0,2,2026-04,2026-05
DALIASHOPCREATOR,2026-01,2026-01-06,2026-01-31,0.0,0.0,0.0,0.0,0,0.0,1,0,0.0,Ferro,sem_dado,0.05,tiktok_seller_center,0,0,0,0,,,0.0,0.0,0,0.0,1,0,0.0,1,2026-01,2026-01
DALIRA_INDICA,2026-05,2026-05-01,2026-05-23,0.0,0.0,0.0,0.0,0,0.0,5,17,0.0,Ferro,sem_dado,0.05,tiktok_seller_center,,0,0,0,,0,0.0,0.0,0,0.0,5,17,0.0,1,2026-05,2026-05
DALYFRUTASNIWS2,2026-05,2026-05-01,2026-05-23,0.0,0.0,0.0,0.0,0,0.0,1,0,0.0,Ferro,sem_dado,0.05,tiktok_seller_center,,0,0,0,,0,0.0,0.0,0,0.0,1,0,0.0,1,2026-05,2026-05
DAMIANAAMERICO.CREATOR,2026-03,2026-03-01,2026-03-31,0.0,0.0,0.0,0.0,0,0.0,0,1,0.0,Ferro,sem_dado,0.05,tiktok_seller_center,0,0,0,0,,,0.0,0.0,0,0.0,0,5,0.0,2,2026-02,2026-03
DAN1ELLYEUZ,2026-05,2026-05-01,2026-05-23,0.0,0.0,0.0,0.0,0,0.0,0,1,0.0,Ferro,sem_dado,0.05,tiktok_seller_center,0,0,0,0,,0,0.0,0.0,0,0.0,0,5,0.0,2,2026-04,2026-05
DANDARA.PAIVA27,2026-03,2026-03-01,2026-03-31,0.0,0.0,0.0,0.0,0,0.0,0,1,0.0,Ferro,sem_dado,0.05,tiktok_seller_center,0,0,0,0,,,0.0,0.0,0,0.0,0,4,0.0,2,2026-02,2026-03
DANI.CARIOCA_OFICIAL,2026-02,2026-02-01,2026-02-28,0.0,0.0,0.0,0.0,0,0.0,0,1,0.0,Ferro,sem_dado,0.05,tiktok_seller_center,0,0,0,0,,,0.0,0.0,0,0.0,0,3,0.0,2,2026-01,2026-02
DANIACHADINHOS8,2026-04,2026-04-01,2026-04-30,0.0,0.0,0.0,0.0,0,0.0,1,0,0.0,Ferro,sem_dado,0.05,tiktok_seller_center,0,0,0,0,,,0.0,0.0,0,0.0,1,0,0.0,1,2026-04,2026-04
DANIALENCARSHOP,2026-02,2026-02-01,2026-02-28,0.0,0.0,0.0,0.0,0,0.0,0,16,0.0,Ferro,sem_dado,0.05,tiktok_seller_center,0,0,0,0,,,0.0,0.0,0,0.0,0,16,0.0,1,2026-02,2026-02
DANICAMPOS.CREATOR,2026-03,2026-03-01,2026-03-31,0.0,0.0,0.0,0.0,0,0.0,4,0,0.0,Ferro,sem_dado,0.05,tiktok_seller_center,0,0,0,0,,,0.0,0.0,0,0.0,4,0,0.0,1,2026-03,2026-03
DANICARDOSOLIVE,2026-05,2026-05-01,2026-05-23,0.0,0.0,0.0,0.0,0,0.0,0,1,0.0,Ferro,sem_dado,0.05,tiktok_seller_center,,0,0,0,,0,0.0,0.0,0,0.0,0,1,0.0,1,2026-05,2026-05
DANICLEYDE,2026-03,2026-03-01,2026-03-31,0.0,0.0,0.0,0.0,0,0.0,0,3,0.0,Ferro,sem_dado,0.05,tiktok_seller_center,0,0,0,0,,,0.0,0.0,0,0.0,0,3,0.0,1,2026-03,2026-03
DANICONTATIKTOK,2026-03,2026-03-01,2026-03-31,80.1,80.1,0.0,0.0,1,80.1,0,0,7.99,Ferro,sem_dado,0.05,tiktok_seller_center,1,0,1,0,,,80.1,80.1,1,0.0,0,0,4.0,1,2026-03,2026-03
DANICREATORSHHOP,2026-02,2026-02-01,2026-02-28,0.0,0.0,0.0,0.0,0,0.0,2,7,0.0,Ferro,sem_dado,0.05,tiktok_seller_center,0,0,0,0,,,0.0,0.0,0,0.0,2,31,0.0,2,2026-01,2026-02
DANIELABARTHH,2026-04,2026-04-01,2026-04-30,0.0,0.0,0.0,0.0,0,0.0,0,3,0.0,Ferro,sem_dado,0.05,tiktok_seller_center,0,0,0,0,,,0.0,0.0,0,0.0,0,3,0.0,1,2026-04,2026-04
DANIELABUENOJ,2026-02,2026-02-01,2026-02-28,0.0,0.0,0.0,0.0,0,0.0,0,0,0.0,Ferro,sem_dado,0.05,tiktok_seller_center,0,0,0,1,,,0.0,0.0,0,0.0,0,0,0.0,1,2026-02,2026-02
DANIELACRISTINA719,2026-02,2026-02-01,2026-02-28,0.0,0.0,0.0,0.0,0,0.0,1,0,0.0,Ferro,sem_dado,0.05,tiktok_seller_center,0,0,0,0,,,0.0,0.0,0,0.0,1,0,0.0,1,2026-02,2026-02
DANIELANDIAS,2026-05,2026-05-01,2026-05-23,0.0,0.0,0.0,0.0,0,0.0,0,0,0.0,Ferro,sem_dado,0.05,tiktok_seller_center,,0,0,3,,0,0.0,0.0,0,0.0,0,0,0.0,1,2026-05,2026-05
DANIELEISSA,2026-04,2026-04-01,2026-04-30,0.0,0.0,0.0,0.0,0,0.0,0,1,0.0,Ferro,sem_dado,0.05,tiktok_seller_center,0,0,0,0,,,0.0,0.0,0,0.0,0,1,0.0,1,2026-04,2026-04
DANIELELOPES58,2026-02,2026-02-01,2026-02-28,0.0,0.0,0.0,0.0,0,0.0,0,1,0.0,Ferro,sem_dado,0.05,tiktok_seller_center,0,0,0,0,,,0.0,0.0,0,0.0,0,1,0.0,1,2026-02,2026-02
DANIELENOVAESOFICIAL,2026-05,2026-05-01,2026-05-23,0.0,0.0,0.0,0.0,0,0.0,0,1,0.0,Ferro,sem_dado,0.05,tiktok_seller_center,,0,0,0,,0,0.0,0.0,0,0.0,0,1,0.0,1,2026-05,2026-05
DANIELLAMACHADU20,2026-05,2026-05-01,2026-05-23,0.0,0.0,0.0,0.0,0,0.0,0,1,0.0,Ferro,sem_dado,0.05,tiktok_seller_center,,0,0,0,,0,0.0,0.0,0,0.0,0,1,0.0,1,2026-05,2026-05
DANIELLASANTOS950,2026-04,2026-04-01,2026-04-30,0.0,0.0,0.0,0.0,0,0.0,0,2,0.0,Ferro,sem_dado,0.05,tiktok_seller_center,0,0,0,0,,,0.0,0.0,0,0.0,0,2,0.0,1,2026-04,2026-04
DANIELLE.SOARESSILVA,2026-04,2026-04-01,2026-04-30,0.0,0.0,0.0,0.0,0,0.0,3,0,0.0,Ferro,sem_dado,0.05,tiktok_seller_center,0,0,0,0,,,481.92,481.92,6,0.0,6,0,24.11,4,2026-01,2026-04
DANIELLEBANDEIRAFISIO2,2026-05,2026-05-01,2026-05-23,0.0,0.0,0.0,0.0,0,0.0,0,1,0.0,Ferro,sem_dado,0.05,tiktok_seller_center,,0,0,0,,0,0.0,0.0,0,0.0,0,1,0.0,1,2026-05,2026-05
DANIELLEDORESTE,2026-04,2026-04-01,2026-04-30,0.0,0.0,0.0,0.0,0,0.0,1,0,0.0,Ferro,sem_dado,0.05,tiktok_seller_center,0,0,0,0,,,0.0,0.0,0,0.0,1,0,0.0,1,2026-04,2026-04
DANIELLE_ILARIO,2026-05,2026-05-01,2026-05-23,0.0,0.0,0.0,0.0,0,0.0,0,1,0.0,Ferro,sem_dado,0.05,tiktok_seller_center,,0,0,0,,0,0.0,0.0,0,0.0,0,1,0.0,1,2026-05,2026-05
DANIELLY.HENRIQUE,2026-03,2026-03-01,2026-03-31,0.0,0.0,0.0,0.0,0,0.0,0,4,0.0,Ferro,sem_dado,0.05,tiktok_seller_center,0,0,0,0,,,0.0,0.0,0,0.0,0,6,0.0,2,2026-02,2026-03
DANIELLYMORAIS35,2026-02,2026-02-01,2026-02-28,0.0,0.0,0.0,0.0,0,0.0,1,0,0.0,Ferro,sem_dado,0.05,tiktok_seller_center,0,0,0,0,,,0.0,0.0,0,0.0,1,0,0.0,1,2026-02,2026-02
DANIELLYMOURAOFBI,2026-05,2026-05-01,2026-05-23,0.0,0.0,0.0,0.0,0,0.0,0,4,0.0,Ferro,sem_dado,0.05,tiktok_seller_center,0,0,0,0,,0,0.0,0.0,0,0.0,0,14,0.0,3,2026-03,2026-05
DANIELLYNERISHOP,2026-05,2026-05-01,2026-05-23,0.0,0.0,0.0,0.0,0,0.0,1,2,0.0,Ferro,sem_dado,0.05,tiktok_seller_center,0,0,0,0,,0,0.0,0.0,0,0.0,2,10,0.0,3,2026-03,2026-05
DANIELSHOP4123,2026-02,2026-02-01,2026-02-28,0.0,0.0,0.0,0.0,0,0.0,1,0,0.0,Ferro,sem_dado,0.05,tiktok_seller_center,0,0,0,0,,,0.0,0.0,0,0.0,1,0,0.0,1,2026-02,2026-02
DANIESTEVES05,2026-01,2026-01-06,2026-01-31,0.0,0.0,0.0,0.0,0,0.0,0,2,0.0,Ferro,sem_dado,0.05,tiktok_seller_center,0,0,0,0,,,0.0,0.0,0,0.0,0,2,0.0,1,2026-01,2026-01
DANIFRANCA32,2026-05,2026-05-01,2026-05-23,0.0,0.0,0.0,0.0,0,0.0,0,1,0.0,Ferro,sem_dado,0.05,tiktok_seller_center,0,0,0,0,,0,0.0,0.0,0,0.0,0,5,0.0,2,2026-04,2026-05
DANIGIACOMASSI,2026-05,2026-05-01,2026-05-23,0.0,0.0,0.0,0.0,0,0.0,1,0,0.0,Ferro,sem_dado,0.05,tiktok_seller_center,0,0,0,0,,0,0.0,0.0,0,0.0,9,0,0.0,2,2026-04,2026-05
DANIIH.SHOP,2026-02,2026-02-01,2026-02-28,0.0,0.0,0.0,0.0,0,0.0,1,0,0.0,Ferro,sem_dado,0.05,tiktok_seller_center,0,0,0,0,,,0.0,0.0,0,0.0,1,0,0.0,1,2026-02,2026-02
DANIJEANS,2026-05,2026-05-01,2026-05-23,1208.0,279.03999999999996,928.96,76.9,14,86.29,0,43,97.12,Prata,sem_dado,0.09,tiktok_seller_center,141,13,1,0,,15,28224.06,23923.390000000003,359,4300.67,89,235,2017.59,5,2026-01,2026-05
DANIMADEIRA_,2026-02,2026-02-01,2026-02-28,0.0,0.0,0.0,0.0,0,0.0,1,0,0.0,Ferro,sem_dado,0.05,tiktok_seller_center,0,0,0,0,,,0.0,0.0,0,0.0,1,0,0.0,1,2026-02,2026-02
DANIMENEZZES,2026-05,2026-05-01,2026-05-23,0.0,0.0,0.0,0.0,0,0.0,0,1,0.0,Ferro,sem_dado,0.05,tiktok_seller_center,0,0,0,0,,0,0.0,0.0,0,0.0,0,7,0.0,3,2026-03,2026-05
DANIPIETA,2026-02,2026-02-01,2026-02-28,0.0,0.0,0.0,0.0,0,0.0,1,0,0.0,Ferro,sem_dado,0.05,tiktok_seller_center,0,0,0,0,,,0.0,0.0,0,0.0,1,0,0.0,1,2026-02,2026-02
DANISANTOS27683,2026-02,2026-02-01,2026-02-28,0.0,0.0,0.0,0.0,0,0.0,0,1,0.0,Ferro,sem_dado,0.05,tiktok_seller_center,0,0,0,0,,,0.0,0.0,0,0.0,0,1,0.0,1,2026-02,2026-02
DANIVIEIRA.CRUZ,2026-05,2026-05-01,2026-05-23,0.0,0.0,0.0,0.0,0,0.0,0,1,0.0,Ferro,sem_dado,0.05,tiktok_seller_center,0,0,0,0,,0,0.0,0.0,0,0.0,0,3,0.0,2,2026-04,2026-05
DANIVIEIRA88,2026-05,2026-05-01,2026-05-23,0.0,0.0,0.0,0.0,0,0.0,0,1,0.0,Ferro,sem_dado,0.05,tiktok_seller_center,0,0,0,0,,0,0.0,0.0,0,0.0,4,1,0.0,2,2026-04,2026-05
DANI_CARVALHOS,2026-04,2026-04-01,2026-04-30,0.0,0.0,0.0,0.0,0,0.0,1,0,0.0,Ferro,sem_dado,0.05,tiktok_seller_center,0,0,0,0,,,0.0,0.0,0,0.0,3,0,0.0,2,2026-03,2026-04
DANLOPES.A,2026-05,2026-05-01,2026-05-23,0.0,0.0,0.0,0.0,0,0.0,0,1,0.0,Ferro,sem_dado,0.05,tiktok_seller_center,1,0,0,0,,0,64.94,64.94,1,0.0,4,7,3.25,2,2026-04,2026-05
DANNI_SILVACREATOR,2026-01,2026-01-06,2026-01-31,0.0,0.0,0.0,0.0,0,0.0,0,1,0.0,Ferro,sem_dado,0.05,tiktok_seller_center,0,0,0,0,,,0.0,0.0,0,0.0,0,1,0.0,1,2026-01,2026-01
DANNY.STREAMER,2026-03,2026-03-01,2026-03-31,0.0,0.0,0.0,0.0,0,0.0,0,1,0.0,Ferro,sem_dado,0.05,tiktok_seller_center,0,0,0,0,,,0.0,0.0,0,0.0,0,8,0.0,2,2026-02,2026-03
DANNYA_OFICIAL,2026-02,2026-02-01,2026-02-28,0.0,0.0,0.0,0.0,0,0.0,0,5,0.0,Ferro,sem_dado,0.05,tiktok_seller_center,0,0,0,0,,,0.0,0.0,0,0.0,0,5,0.0,1,2026-02,2026-02
DANUBIA.AUGUSTAA,2026-04,2026-04-01,2026-04-30,0.0,0.0,0.0,0.0,0,0.0,0,1,0.0,Ferro,sem_dado,0.05,tiktok_seller_center,0,0,0,0,,,0.0,0.0,0,0.0,0,1,0.0,1,2026-04,2026-04
DANUZAKARLA,2026-05,2026-05-01,2026-05-23,0.0,0.0,0.0,0.0,0,0.0,1,0,0.0,Ferro,sem_dado,0.05,tiktok_seller_center,1,0,0,0,,0,87.04,87.04,1,0.0,1,0,4.35,2,2026-03,2026-05
DANYALMEIDA_3,2026-05,2026-05-01,2026-05-23,0.0,0.0,0.0,0.0,0,0.0,0,1,0.0,Ferro,sem_dado,0.05,tiktok_seller_center,0,0,0,0,,0,0.0,0.0,0,0.0,0,8,0.0,3,2026-03,2026-05
DANYFRANCA40,2026-04,2026-04-01,2026-04-30,0.0,0.0,0.0,0.0,0,0.0,0,4,0.0,Ferro,sem_dado,0.05,tiktok_seller_center,0,0,0,0,,,0.0,0.0,0,0.0,0,4,0.0,1,2026-04,2026-04
DANYINDICAA,2026-03,2026-03-01,2026-03-31,0.0,0.0,0.0,0.0,0,0.0,1,0,0.0,Ferro,sem_dado,0.05,tiktok_seller_center,0,0,0,0,,,0.0,0.0,0,0.0,2,0,0.0,2,2026-02,2026-03
DANYLOBO025,2026-05,2026-05-01,2026-05-23,0.0,0.0,0.0,0.0,0,0.0,0,2,0.0,Ferro,sem_dado,0.05,tiktok_seller_center,0,0,0,0,,0,0.0,0.0,0,0.0,0,3,0.0,2,2026-04,2026-05
DANYMOALLEM,2026-04,2026-04-01,2026-04-30,0.0,0.0,0.0,0.0,0,0.0,0,14,0.0,Ferro,sem_dado,0.05,tiktok_seller_center,0,0,0,0,,,0.0,0.0,0,0.0,0,15,0.0,2,2026-03,2026-04
DANYOLIVEIRASENSIBILITE,2026-05,2026-05-01,2026-05-23,94.9,94.9,0.0,0.0,1,94.9,0,0,7.99,Ferro,sem_dado,0.05,tiktok_seller_center,1,0,1,0,,1,174.8,174.8,2,0.0,1,0,8.75,3,2026-03,2026-05
DANY_BENTO10,2026-04,2026-04-01,2026-04-30,0.0,0.0,0.0,0.0,0,0.0,0,7,0.0,Ferro,sem_dado,0.05,tiktok_seller_center,0,0,0,0,,,0.0,0.0,0,0.0,0,12,0.0,2,2026-03,2026-04
DANY_INDIKA,2026-02,2026-02-01,2026-02-28,0.0,0.0,0.0,0.0,0,0.0,0,1,0.0,Ferro,sem_dado,0.05,tiktok_seller_center,0,0,0,0,,,0.0,0.0,0,0.0,0,1,0.0,1,2026-02,2026-02
DANY_VARIEDADES26,2026-03,2026-03-01,2026-03-31,0.0,0.0,0.0,0.0,0,0.0,0,2,0.0,Ferro,sem_dado,0.05,tiktok_seller_center,0,0,0,0,,,0.0,0.0,0,0.0,0,3,0.0,2,2026-02,2026-03
DAPHNE_TEVES,2026-04,2026-04-01,2026-04-30,0.0,0.0,0.0,0.0,0,0.0,0,2,0.0,Ferro,sem_dado,0.05,tiktok_seller_center,0,0,0,0,,,87.64,0.0,1,87.64,0,11,0.0,3,2026-02,2026-04
DARCOFERTAS,2026-02,2026-02-01,2026-02-28,0.0,0.0,0.0,0.0,0,0.0,0,3,0.0,Ferro,sem_dado,0.05,tiktok_seller_center,0,0,0,0,,,0.0,0.0,0,0.0,0,3,0.0,1,2026-02,2026-02
DARIESTECHE,2026-03,2026-03-01,2026-03-31,0.0,0.0,0.0,0.0,0,0.0,0,2,0.0,Ferro,sem_dado,0.05,tiktok_seller_center,0,0,0,0,,,0.0,0.0,0,0.0,0,4,0.0,2,2026-02,2026-03
DARUANA.ALEIXO.GONCALVES,2026-03,2026-03-01,2026-03-31,67.49,-12.41000000000001,79.9,118.39,1,67.49,0,0,7.22,Ferro,sem_dado,0.05,tiktok_seller_center,1,1,1,0,,,975.95,824.1500000000001,12,151.8,3,0,41.21,2,2026-02,2026-03
DASPRIMASACHADINHOSDACLA,2026-04,2026-04-01,2026-04-30,0.0,0.0,0.0,0.0,0,0.0,0,1,0.0,Ferro,sem_dado,0.05,tiktok_seller_center,0,0,0,0,,,0.0,0.0,0,0.0,0,1,0.0,1,2026-04,2026-04
DAVI1_F,2026-02,2026-02-01,2026-02-28,0.0,0.0,0.0,0.0,0,0.0,1,0,0.0,Ferro,sem_dado,0.05,tiktok_seller_center,0,0,0,0,,,0.0,0.0,0,0.0,1,0,0.0,1,2026-02,2026-02
DAVIFABRICIOCUSTO,2026-03,2026-03-01,2026-03-31,0.0,0.0,0.0,0.0,0,0.0,0,1,0.0,Ferro,sem_dado,0.05,tiktok_seller_center,0,0,0,0,,,0.0,0.0,0,0.0,0,18,0.0,3,2026-01,2026-03
DAVISOARES18VENDEDOR,2026-01,2026-01-06,2026-01-31,0.0,0.0,0.0,0.0,0,0.0,1,0,0.0,Ferro,sem_dado,0.05,tiktok_seller_center,0,0,0,0,,,0.0,0.0,0,0.0,1,0,0.0,1,2026-01,2026-01
DAVYLLAG,2026-05,2026-05-01,2026-05-23,0.0,-69.99,69.99,0.0,0,0.0,0,0,0.0,Bronze,sem_dado,0.07,tiktok_seller_center,1,1,0,0,,0,3613.68,2688.19,48,925.49,0,30,190.91,3,2026-03,2026-05
DAYANAFAGUNDES,2026-01,2026-01-06,2026-01-31,0.0,0.0,0.0,0.0,0,0.0,0,4,0.0,Ferro,sem_dado,0.05,tiktok_seller_center,0,0,0,0,,,0.0,0.0,0,0.0,0,4,0.0,1,2026-01,2026-01
DAYANASANTOSCARVALHO,2026-05,2026-05-01,2026-05-23,0.0,0.0,0.0,0.0,0,0.0,0,1,0.0,Ferro,sem_dado,0.05,tiktok_seller_center,,0,0,0,,0,0.0,0.0,0,0.0,0,1,0.0,1,2026-05,2026-05
DAYANEFERREIRADASILVA,2026-05,2026-05-01,2026-05-23,0.0,0.0,0.0,0.0,0,0.0,0,2,0.0,Ferro,sem_dado,0.05,tiktok_seller_center,0,0,0,0,,0,230.85000000000002,230.85000000000002,3,0.0,2,8,11.55,5,2026-01,2026-05
DAYANEFFURTADO,2026-03,2026-03-01,2026-03-31,0.0,0.0,0.0,0.0,0,0.0,1,0,0.0,Ferro,sem_dado,0.05,tiktok_seller_center,0,0,0,0,,,81.9,81.9,1,0.0,4,0,4.1,2,2026-02,2026-03
DAYANEOLI_,2026-04,2026-04-01,2026-04-30,0.0,0.0,0.0,0.0,0,0.0,0,1,0.0,Ferro,sem_dado,0.05,tiktok_seller_center,0,0,0,0,,,0.0,0.0,0,0.0,0,3,0.0,2,2026-01,2026-04
DAYANESILVA965,2026-04,2026-04-01,2026-04-30,0.0,0.0,0.0,0.0,0,0.0,1,0,0.0,Ferro,sem_dado,0.05,tiktok_seller_center,0,0,0,0,,,0.0,0.0,0,0.0,3,6,0.0,3,2026-02,2026-04
DAYANESOUZA312,2026-05,2026-05-01,2026-05-23,0.0,0.0,0.0,0.0,0,0.0,1,0,0.0,Ferro,sem_dado,0.05,tiktok_seller_center,0,0,0,0,,0,0.0,0.0,0,0.0,1,1,0.0,2,2026-04,2026-05
DAYANNAOLIVEIRA135,2026-05,2026-05-01,2026-05-23,0.0,0.0,0.0,0.0,0,0.0,0,6,0.0,Ferro,sem_dado,0.05,tiktok_seller_center,0,0,0,0,,0,0.0,0.0,0,0.0,0,14,0.0,2,2026-04,2026-05
DAYANNENASCIMENTOG,2026-02,2026-02-01,2026-02-28,0.0,0.0,0.0,0.0,0,0.0,0,5,0.0,Ferro,sem_dado,0.05,tiktok_seller_center,0,0,0,0,,,0.0,0.0,0,0.0,0,6,0.0,2,2026-01,2026-02
DAYCRISTINA99,2026-05,2026-05-01,2026-05-23,0.0,0.0,0.0,0.0,0,0.0,3,2,0.0,Ferro,sem_dado,0.05,tiktok_seller_center,0,0,0,0,,0,0.0,0.0,0,0.0,12,2,0.0,2,2026-04,2026-05
DAYENELLOPES1,2026-04,2026-04-01,2026-04-30,0.0,0.0,0.0,0.0,0,0.0,0,2,0.0,Ferro,sem_dado,0.05,tiktok_seller_center,0,0,0,0,,,0.0,0.0,0,0.0,0,9,0.0,2,2026-02,2026-04
DAYINVENTANDO,2026-05,2026-05-01,2026-05-23,0.0,-86.61,86.61,0.0,0,0.0,0,2,0.0,Ferro,sem_dado,0.05,tiktok_seller_center,0,1,0,0,,0,174.91,88.3,2,86.61,1,11,4.42,4,2026-02,2026-05
DAYLI.DA.DAI,2026-03,2026-03-01,2026-03-31,0.0,0.0,0.0,0.0,0,0.0,8,0,0.0,Ferro,sem_dado,0.05,tiktok_seller_center,0,0,0,0,,,0.0,0.0,0,0.0,8,0,0.0,1,2026-03,2026-03
DAYLI.THAMY,2026-01,2026-01-06,2026-01-31,0.0,0.0,0.0,0.0,0,0.0,0,2,0.0,Ferro,sem_dado,0.05,tiktok_seller_center,0,0,0,0,,,0.0,0.0,0,0.0,0,2,0.0,1,2026-01,2026-01
DAYLIVAN.1,2026-05,2026-05-01,2026-05-23,0.0,0.0,0.0,0.0,0,0.0,1,0,0.0,Ferro,sem_dado,0.05,tiktok_seller_center,,0,0,0,,0,0.0,0.0,0,0.0,1,0,0.0,1,2026-05,2026-05
DAYNIZCREATOR,2026-01,2026-01-06,2026-01-31,0.0,0.0,0.0,0.0,0,0.0,3,0,0.0,Ferro,sem_dado,0.05,tiktok_seller_center,0,0,0,0,,,0.0,0.0,0,0.0,3,0,0.0,1,2026-01,2026-01
DAYNOTIKTOK,2026-04,2026-04-01,2026-04-30,0.0,0.0,0.0,0.0,0,0.0,4,0,0.0,Ferro,sem_dado,0.05,tiktok_seller_center,0,0,0,0,,,0.0,0.0,0,0.0,4,0,0.0,1,2026-04,2026-04
DAY_FELINTO,2026-05,2026-05-01,2026-05-23,0.0,0.0,0.0,0.0,0,0.0,0,5,0.0,Ferro,sem_dado,0.05,tiktok_seller_center,1,0,0,0,,0,63.74,63.74,1,0.0,0,23,3.19,2,2026-04,2026-05
DBORACHADINHOS,2026-04,2026-04-01,2026-04-30,0.0,0.0,0.0,0.0,0,0.0,1,0,0.0,Ferro,sem_dado,0.05,tiktok_seller_center,0,0,0,0,,,0.0,0.0,0,0.0,1,0,0.0,1,2026-04,2026-04
DCCREATORSHOP,2026-03,2026-03-01,2026-03-31,0.0,0.0,0.0,0.0,0,0.0,0,1,0.0,Ferro,sem_dado,0.05,tiktok_seller_center,0,0,0,0,,,0.0,0.0,0,0.0,0,1,0.0,1,2026-03,2026-03
DDEBORASSANTOSS,2026-04,2026-04-01,2026-04-30,0.0,0.0,0.0,0.0,0,0.0,0,1,0.0,Ferro,sem_dado,0.05,tiktok_seller_center,0,0,0,0,,,0.0,0.0,0,0.0,0,3,0.0,2,2026-03,2026-04
DEBBORA.OLIVEIRAH,2026-02,2026-02-01,2026-02-28,0.0,0.0,0.0,0.0,0,0.0,0,2,0.0,Ferro,sem_dado,0.05,tiktok_seller_center,0,0,0,0,,,0.0,0.0,0,0.0,0,2,0.0,1,2026-02,2026-02
DEBBORA.SIQUEIRA,2026-05,2026-05-01,2026-05-23,0.0,0.0,0.0,0.0,0,0.0,0,1,0.0,Ferro,sem_dado,0.05,tiktok_seller_center,0,0,0,0,,0,0.0,0.0,0,0.0,0,6,0.0,2,2026-04,2026-05
DEBINHANUNES96,2026-05,2026-05-01,2026-05-23,0.0,0.0,0.0,0.0,0,0.0,0,3,0.0,Ferro,sem_dado,0.05,tiktok_seller_center,0,0,0,0,,0,0.0,0.0,0,0.0,0,7,0.0,2,2026-04,2026-05
DEBISOLVR,2026-03,2026-03-01,2026-03-31,0.0,0.0,0.0,0.0,0,0.0,1,0,0.0,Ferro,sem_dado,0.05,tiktok_seller_center,0,0,0,0,,,0.0,0.0,0,0.0,1,0,0.0,1,2026-03,2026-03
DEBORA.CREATOR,2026-03,2026-03-01,2026-03-31,0.0,0.0,0.0,0.0,0,0.0,1,0,0.0,Ferro,sem_dado,0.05,tiktok_seller_center,0,0,0,0,,,0.0,0.0,0,0.0,1,0,0.0,1,2026-03,2026-03
DEBORA.ELLEN23,2026-05,2026-05-01,2026-05-23,0.0,0.0,0.0,0.0,0,0.0,0,1,0.0,Ferro,sem_dado,0.05,tiktok_seller_center,0,0,0,0,,0,0.0,0.0,0,0.0,0,4,0.0,3,2026-03,2026-05
DEBORACENEREZCOUTO,2026-04,2026-04-01,2026-04-30,0.0,0.0,0.0,0.0,0,0.0,0,1,0.0,Ferro,sem_dado,0.05,tiktok_seller_center,0,0,0,0,,,0.0,0.0,0,0.0,0,25,0.0,3,2026-02,2026-04
DEBORACSUTIL,2026-05,2026-05-01,2026-05-23,0.0,0.0,0.0,0.0,0,0.0,0,1,0.0,Ferro,sem_dado,0.05,tiktok_seller_center,,0,0,0,,0,0.0,0.0,0,0.0,0,1,0.0,1,2026-05,2026-05
DEBORADAIANAPEREIRA,2026-05,2026-05-01,2026-05-23,0.0,0.0,0.0,0.0,0,0.0,0,1,0.0,Ferro,sem_dado,0.05,tiktok_seller_center,0,0,0,0,,0,0.0,0.0,0,0.0,0,2,0.0,2,2026-04,2026-05
DEBORADEOLI,2026-05,2026-05-01,2026-05-23,0.0,0.0,0.0,0.0,0,0.0,0,20,0.0,Ferro,sem_dado,0.05,tiktok_seller_center,1,0,0,0,,0,67.89,67.89,1,0.0,0,53,3.39,3,2026-03,2026-05
DEBORADMFASHION,2026-02,2026-02-01,2026-02-28,0.0,0.0,0.0,0.0,0,0.0,0,2,0.0,Ferro,sem_dado,0.05,tiktok_seller_center,0,0,0,0,,,0.0,0.0,0,0.0,1,2,0.0,2,2026-01,2026-02
DEBORAFMARTIINS,2026-04,2026-04-01,2026-04-30,0.0,0.0,0.0,0.0,0,0.0,1,3,0.0,Ferro,sem_dado,0.05,tiktok_seller_center,0,0,0,0,,,0.0,0.0,0,0.0,1,3,0.0,1,2026-04,2026-04
DEBORAHFAGUNDES_TTSHOP,2026-04,2026-04-01,2026-04-30,0.0,0.0,0.0,0.0,0,0.0,1,0,0.0,Ferro,sem_dado,0.05,tiktok_seller_center,0,0,0,0,,,0.0,0.0,0,0.0,3,0,0.0,2,2026-01,2026-04
DEBORAHSILFERSHOP,2026-03,2026-03-01,2026-03-31,0.0,0.0,0.0,0.0,0,0.0,1,0,0.0,Ferro,sem_dado,0.05,tiktok_seller_center,0,0,0,0,,,215.06,215.06,1,0.0,6,5,10.75,2,2026-02,2026-03
DEBORALACERDAG,2026-03,2026-03-01,2026-03-31,0.0,0.0,0.0,0.0,0,0.0,0,3,0.0,Ferro,sem_dado,0.05,tiktok_seller_center,0,0,0,0,,,0.0,0.0,0,0.0,0,7,0.0,2,2026-02,2026-03
DEBORAOLIVNUNES,2026-02,2026-02-01,2026-02-28,80.65,80.65,0.0,0.0,1,80.65,0,0,7.99,Ferro,sem_dado,0.05,tiktok_seller_center,1,0,1,0,,,80.65,80.65,1,0.0,0,0,4.03,1,2026-02,2026-02
DEBORASANTOS174,2026-04,2026-04-01,2026-04-30,0.0,0.0,0.0,0.0,0,0.0,0,15,0.0,Ferro,sem_dado,0.05,tiktok_seller_center,0,0,0,0,,,0.0,0.0,0,0.0,0,24,0.0,4,2026-01,2026-04
DEBORASODRE86,2026-04,2026-04-01,2026-04-30,0.0,0.0,0.0,0.0,0,0.0,1,0,0.0,Ferro,sem_dado,0.05,tiktok_seller_center,0,0,0,0,,,0.0,0.0,0,0.0,1,0,0.0,1,2026-04,2026-04
DEBORATESTEIPRAVC,2026-05,2026-05-01,2026-05-23,0.0,0.0,0.0,0.0,0,0.0,5,0,0.0,Ferro,sem_dado,0.05,tiktok_seller_center,,0,0,0,,0,0.0,0.0,0,0.0,5,0,0.0,1,2026-05,2026-05
DEBORA_CREATOR,2026-03,2026-03-01,2026-03-31,0.0,0.0,0.0,0.0,0,0.0,1,0,0.0,Ferro,sem_dado,0.05,tiktok_seller_center,0,0,0,0,,,79.9,79.9,1,0.0,8,0,4.0,2,2026-02,2026-03
DEBORA_CREATOR_UGC,2026-04,2026-04-01,2026-04-30,0.0,0.0,0.0,0.0,0,0.0,5,1,0.0,Ferro,sem_dado,0.05,tiktok_seller_center,0,0,0,0,,,0.0,0.0,0,0.0,5,1,0.0,1,2026-04,2026-04
DEBORA_SANTOS_UGC,2026-05,2026-05-01,2026-05-23,0.0,0.0,0.0,0.0,0,0.0,3,1,0.0,Ferro,sem_dado,0.05,tiktok_seller_center,,0,0,0,,0,0.0,0.0,0,0.0,3,1,0.0,1,2026-05,2026-05
DECARAUJO21,2026-05,2026-05-01,2026-05-23,0.0,0.0,0.0,0.0,0,0.0,0,2,0.0,Ferro,sem_dado,0.05,tiktok_seller_center,,0,0,0,,0,0.0,0.0,0,0.0,0,2,0.0,1,2026-05,2026-05
DECIDA.SER,2026-02,2026-02-01,2026-02-28,0.0,0.0,0.0,0.0,0,0.0,3,0,0.0,Ferro,sem_dado,0.05,tiktok_seller_center,0,0,0,0,,,0.0,0.0,0,0.0,6,0,0.0,2,2026-01,2026-02
DECORNAWEB,2026-02,2026-02-01,2026-02-28,0.0,0.0,0.0,0.0,0,0.0,1,0,0.0,Ferro,sem_dado,0.05,tiktok_seller_center,0,0,0,0,,,0.0,0.0,0,0.0,2,0,0.0,2,2026-01,2026-02
DEDA.FASHIONSHOP,2026-03,2026-03-01,2026-03-31,0.0,0.0,0.0,0.0,0,0.0,0,1,0.0,Ferro,sem_dado,0.05,tiktok_seller_center,0,0,0,0,,,0.0,0.0,0,0.0,0,1,0.0,1,2026-03,2026-03
DEEH2795,2026-02,2026-02-01,2026-02-28,64.94,64.94,0.0,0.0,1,64.94,0,0,7.22,Ferro,sem_dado,0.05,tiktok_seller_center,1,0,1,0,,,64.94,64.94,1,0.0,0,0,3.25,1,2026-02,2026-02
DEH_UGC_CREATOR,2026-02,2026-02-01,2026-02-28,0.0,0.0,0.0,0.0,0,0.0,5,0,0.0,Ferro,sem_dado,0.05,tiktok_seller_center,0,0,0,0,,,0.0,0.0,0,0.0,5,0,0.0,1,2026-02,2026-02
DEIAAINDICA,2026-05,2026-05-01,2026-05-23,0.0,0.0,0.0,0.0,0,0.0,1,0,0.0,Ferro,sem_dado,0.05,tiktok_seller_center,,0,0,0,,0,0.0,0.0,0,0.0,1,0,0.0,1,2026-05,2026-05
DEIABORGEES,2026-03,2026-03-01,2026-03-31,80.7,-79.89999999999999,160.6,199.01,1,80.7,0,0,7.99,Ferro,sem_dado,0.05,tiktok_seller_center,1,2,1,0,,,160.60000000000002,1.4210854715202004e-14,2,160.6,1,0,0.009999999999999787,2,2026-02,2026-03
DEIABOUTIQUE,2026-05,2026-05-01,2026-05-23,0.0,0.0,0.0,0.0,0,0.0,1,0,0.0,Ferro,sem_dado,0.05,tiktok_seller_center,,0,0,0,,0,0.0,0.0,0,0.0,1,0,0.0,1,2026-05,2026-05
DEIAMOTAG,2026-03,2026-03-01,2026-03-31,0.0,0.0,0.0,0.0,0,0.0,2,0,0.0,Ferro,sem_dado,0.05,tiktok_seller_center,0,0,0,0,,,0.0,0.0,0,0.0,2,0,0.0,1,2026-03,2026-03
DEIAREALIZA,2026-04,2026-04-01,2026-04-30,80.7,80.7,0.0,0.0,1,80.7,26,0,6.39,Ferro,sem_dado,0.05,tiktok_seller_center,1,0,1,0,,,80.7,80.7,1,0.0,26,0,4.04,1,2026-04,2026-04
DEIASHOPCREATOR,2026-03,2026-03-01,2026-03-31,0.0,0.0,0.0,0.0,0,0.0,1,0,0.0,Ferro,sem_dado,0.05,tiktok_seller_center,0,0,0,0,,,0.0,0.0,0,0.0,1,0,0.0,1,2026-03,2026-03
DEIA_RECOMENDA,2026-05,2026-05-01,2026-05-23,0.0,0.0,0.0,0.0,0,0.0,3,0,0.0,Ferro,sem_dado,0.05,tiktok_seller_center,1,0,0,0,,0,77.5,77.5,1,0.0,3,0,3.88,2,2026-04,2026-05
DEISIANEBORGESS,2026-02,2026-02-01,2026-02-28,0.0,0.0,0.0,0.0,0,0.0,1,0,0.0,Ferro,sem_dado,0.05,tiktok_seller_center,0,0,0,0,,,0.0,0.0,0,0.0,1,0,0.0,1,2026-02,2026-02
DEISIANESHOPP,2026-02,2026-02-01,2026-02-28,0.0,0.0,0.0,0.0,0,0.0,2,0,0.0,Ferro,sem_dado,0.05,tiktok_seller_center,0,0,0,0,,,0.0,0.0,0,0.0,2,0,0.0,1,2026-02,2026-02
DEISYPAWELSKI,2026-04,2026-04-01,2026-04-30,0.0,0.0,0.0,0.0,0,0.0,0,7,0.0,Ferro,sem_dado,0.05,tiktok_seller_center,0,0,0,0,,,67.34,67.34,1,0.0,0,17,3.37,2,2026-03,2026-04
DEIXESEUDIAFELIZACHADOS,2026-04,2026-04-01,2026-04-30,0.0,0.0,0.0,0.0,0,0.0,0,1,0.0,Ferro,sem_dado,0.05,tiktok_seller_center,0,0,0,0,,,0.0,0.0,0,0.0,0,1,0.0,1,2026-04,2026-04
DEJEANSOFICIAL,2026-04,2026-04-01,2026-04-30,0.0,0.0,0.0,0.0,0,0.0,1,0,0.0,Ferro,sem_dado,0.05,tiktok_seller_center,0,0,0,0,,,0.0,0.0,0,0.0,1,0,0.0,1,2026-04,2026-04
DELIVERYSHOPDF,2026-05,2026-05-01,2026-05-23,0.0,0.0,0.0,0.0,0,0.0,1,0,0.0,Ferro,sem_dado,0.05,tiktok_seller_center,0,0,0,0,,0,0.0,0.0,0,0.0,2,0,0.0,2,2026-04,2026-05
DELSIRENEE,2026-05,2026-05-01,2026-05-23,0.0,0.0,0.0,0.0,0,0.0,6,0,0.0,Ferro,sem_dado,0.05,tiktok_seller_center,,0,0,0,,0,0.0,0.0,0,0.0,6,0,0.0,1,2026-05,2026-05
DENA.GALLI,2026-03,2026-03-01,2026-03-31,0.0,0.0,0.0,0.0,0,0.0,0,6,0.0,Ferro,sem_dado,0.05,tiktok_seller_center,0,0,0,0,,,0.0,0.0,0,0.0,0,6,0.0,1,2026-03,2026-03
DENISEMILHIOLI,2026-05,2026-05-01,2026-05-23,0.0,0.0,0.0,0.0,0,0.0,0,4,0.0,Ferro,sem_dado,0.05,tiktok_seller_center,0,0,0,0,,0,0.0,0.0,0,0.0,0,8,0.0,3,2026-03,2026-05
DENYHEDITS,2026-04,2026-04-01,2026-04-30,0.0,0.0,0.0,0.0,0,0.0,0,1,0.0,Ferro,sem_dado,0.05,tiktok_seller_center,0,0,0,0,,,0.0,0.0,0,0.0,0,1,0.0,1,2026-04,2026-04
DESAPEGOS.DA.MAGA,2026-03,2026-03-01,2026-03-31,0.0,0.0,0.0,0.0,0,0.0,0,1,0.0,Ferro,sem_dado,0.05,tiktok_seller_center,0,0,0,0,,,0.0,0.0,0,0.0,0,1,0.0,1,2026-03,2026-03
DESCOBERTAS.TOP,2026-02,2026-02-01,2026-02-28,0.0,0.0,0.0,0.0,0,0.0,2,0,0.0,Ferro,sem_dado,0.05,tiktok_seller_center,0,0,0,0,,,0.0,0.0,0,0.0,2,0,0.0,1,2026-02,2026-02
DESCOBERTASDAPAIVA,2026-03,2026-03-01,2026-03-31,0.0,0.0,0.0,0.0,0,0.0,0,1,0.0,Ferro,sem_dado,0.05,tiktok_seller_center,0,0,0,0,,,0.0,0.0,0,0.0,0,1,0.0,1,2026-03,2026-03
DESCOBERTAS_VIRAIS,2026-03,2026-03-01,2026-03-31,0.0,0.0,0.0,0.0,0,0.0,2,0,0.0,Ferro,sem_dado,0.05,tiktok_seller_center,0,0,0,0,,,0.0,0.0,0,0.0,2,0,0.0,1,2026-03,2026-03
DESCOBRIPRAVOCE6,2026-04,2026-04-01,2026-04-30,0.0,0.0,0.0,0.0,0,0.0,0,15,0.0,Ferro,sem_dado,0.05,tiktok_seller_center,0,0,0,0,,,0.0,0.0,0,0.0,0,28,0.0,2,2026-03,2026-04
DESCONTOVIP001,2026-05,2026-05-01,2026-05-23,0.0,0.0,0.0,0.0,0,0.0,0,4,0.0,Ferro,sem_dado,0.05,tiktok_seller_center,0,0,0,0,,0,0.0,0.0,0,0.0,0,8,0.0,2,2026-04,2026-05
DESSARODRIIGUES,2026-05,2026-05-01,2026-05-23,0.0,0.0,0.0,0.0,0,0.0,0,1,0.0,Ferro,sem_dado,0.05,tiktok_seller_center,0,0,0,0,,0,0.0,0.0,0,0.0,0,62,0.0,5,2026-01,2026-05
DETUDOUMPOUCO5820,2026-04,2026-04-01,2026-04-30,0.0,0.0,0.0,0.0,0,0.0,4,0,0.0,Ferro,sem_dado,0.05,tiktok_seller_center,0,0,0,0,,,0.0,0.0,0,0.0,4,0,0.0,1,2026-04,2026-04
DETUDOUMPOUCOVIP,2026-03,2026-03-01,2026-03-31,224.89,224.89,0.0,0.0,3,74.96,0,1,23.2,Ferro,sem_dado,0.05,tiktok_seller_center,3,0,1,0,,,224.89,224.89,3,0.0,0,1,11.24,1,2026-03,2026-03
DEUS.SUEDF,2026-05,2026-05-01,2026-05-23,0.0,0.0,0.0,0.0,0,0.0,0,1,0.0,Ferro,sem_dado,0.05,tiktok_seller_center,0,0,0,0,,0,0.0,0.0,0,0.0,0,2,0.0,2,2026-02,2026-05
DEUSACIMADETUDO509,2026-02,2026-02-01,2026-02-28,0.0,0.0,0.0,0.0,0,0.0,1,0,0.0,Ferro,sem_dado,0.05,tiktok_seller_center,0,0,0,0,,,0.0,0.0,0,0.0,1,0,0.0,1,2026-02,2026-02
DEUSINHA.S2,2026-04,2026-04-01,2026-04-30,220.21,220.21,0.0,0.0,3,73.4,32,0,10.96,Ferro,sem_dado,0.05,tiktok_seller_center,3,0,1,0,,,220.21,220.21,3,0.0,32,0,11.01,1,2026-04,2026-04
DEUSINHA.SZ,2026-05,2026-05-01,2026-05-23,0.0,0.0,0.0,0.0,0,0.0,8,0,0.0,Ferro,sem_dado,0.05,tiktok_seller_center,,0,0,0,,0,0.0,0.0,0,0.0,8,0,0.0,1,2026-05,2026-05
DEUZA.CARVALHO1,2026-04,2026-04-01,2026-04-30,0.0,0.0,0.0,0.0,0,0.0,0,11,0.0,Ferro,sem_dado,0.05,tiktok_seller_center,0,0,0,0,,,0.0,0.0,0,0.0,0,11,0.0,1,2026-04,2026-04
DEUZENYFARIAS123,2026-04,2026-04-01,2026-04-30,0.0,0.0,0.0,0.0,0,0.0,0,1,0.0,Ferro,sem_dado,0.05,tiktok_seller_center,0,0,0,0,,,0.0,0.0,0,0.0,0,1,0.0,1,2026-04,2026-04
DEYSEDAM,2026-04,2026-04-01,2026-04-30,79.9,79.9,0.0,0.0,1,79.9,0,0,6.39,Ferro,sem_dado,0.05,tiktok_seller_center,1,0,1,0,,,79.9,79.9,1,0.0,0,0,4.0,1,2026-04,2026-04
DEZINHAAAAAAA,2026-02,2026-02-01,2026-02-28,0.0,0.0,0.0,0.0,0,0.0,1,0,0.0,Ferro,sem_dado,0.05,tiktok_seller_center,0,0,0,0,,,0.0,0.0,0,0.0,1,0,0.0,1,2026-02,2026-02
DFERREIRASHOP,2026-04,2026-04-01,2026-04-30,0.0,0.0,0.0,0.0,0,0.0,0,3,0.0,Ferro,sem_dado,0.05,tiktok_seller_center,0,0,0,0,,,0.0,0.0,0,0.0,0,3,0.0,1,2026-04,2026-04
DHELI__,2026-03,2026-03-01,2026-03-31,0.0,0.0,0.0,0.0,0,0.0,0,8,0.0,Ferro,sem_dado,0.05,tiktok_seller_center,0,0,0,0,,,0.0,0.0,0,0.0,0,8,0.0,1,2026-03,2026-03
DHENIAABREU,2026-05,2026-05-01,2026-05-23,0.0,0.0,0.0,0.0,0,0.0,0,1,0.0,Ferro,sem_dado,0.05,tiktok_seller_center,,0,0,0,,0,0.0,0.0,0,0.0,0,1,0.0,1,2026-05,2026-05
DIANA.VASCONCELOS30,2026-04,2026-04-01,2026-04-30,0.0,0.0,0.0,0.0,0,0.0,1,0,0.0,Ferro,sem_dado,0.05,tiktok_seller_center,0,0,0,0,,,0.0,0.0,0,0.0,1,0,0.0,1,2026-04,2026-04
DIANAMARTINS91,2026-05,2026-05-01,2026-05-23,0.0,0.0,0.0,0.0,0,0.0,0,5,0.0,Ferro,sem_dado,0.05,tiktok_seller_center,,0,0,0,,0,0.0,0.0,0,0.0,0,5,0.0,1,2026-05,2026-05
DIANDRA.SIMOES,2026-01,2026-01-06,2026-01-31,0.0,0.0,0.0,0.0,0,0.0,2,4,0.0,Ferro,sem_dado,0.05,tiktok_seller_center,0,0,0,0,,,0.0,0.0,0,0.0,2,4,0.0,1,2026-01,2026-01
DIANESAMPAIO4,2026-05,2026-05-01,2026-05-23,0.0,0.0,0.0,0.0,0,0.0,0,1,0.0,Ferro,sem_dado,0.05,tiktok_seller_center,0,0,0,0,,0,0.0,0.0,0,0.0,0,5,0.0,2,2026-04,2026-05
DIARIODALARI0,2026-02,2026-02-01,2026-02-28,0.0,0.0,0.0,0.0,0,0.0,0,2,0.0,Ferro,sem_dado,0.05,tiktok_seller_center,0,0,0,0,,,0.0,0.0,0,0.0,0,2,0.0,1,2026-02,2026-02
DIARIODARAFAELE,2026-02,2026-02-01,2026-02-28,0.0,0.0,0.0,0.0,0,0.0,1,0,0.0,Ferro,sem_dado,0.05,tiktok_seller_center,0,0,0,0,,,0.0,0.0,0,0.0,1,0,0.0,1,2026-02,2026-02
DIARIODA_JUU,2026-05,2026-05-01,2026-05-23,0.0,0.0,0.0,0.0,0,0.0,3,0,0.0,Ferro,sem_dado,0.05,tiktok_seller_center,5,0,0,0,,0,449.27,449.27,6,0.0,111,0,22.47,3,2026-03,2026-05
DIARIOGABIIA,2026-05,2026-05-01,2026-05-23,0.0,0.0,0.0,0.0,0,0.0,1,0,0.0,Ferro,sem_dado,0.05,tiktok_seller_center,,0,0,0,,0,0.0,0.0,0,0.0,1,0,0.0,1,2026-05,2026-05
DIBRAZIL.SHOP,2026-05,2026-05-01,2026-05-23,0.0,0.0,0.0,0.0,0,0.0,2,0,0.0,Ferro,sem_dado,0.05,tiktok_seller_center,,0,0,0,,0,0.0,0.0,0,0.0,2,0,0.0,1,2026-05,2026-05
DICADAALESHOP,2026-03,2026-03-01,2026-03-31,0.0,0.0,0.0,0.0,0,0.0,0,1,0.0,Ferro,sem_dado,0.05,tiktok_seller_center,0,0,0,0,,,0.0,0.0,0,0.0,0,3,0.0,2,2026-02,2026-03
DICADAAMIGA,2026-04,2026-04-01,2026-04-30,0.0,0.0,0.0,0.0,0,0.0,3,0,0.0,Ferro,sem_dado,0.05,tiktok_seller_center,0,0,0,0,,,0.0,0.0,0,0.0,3,0,0.0,1,2026-04,2026-04
DICADANAAH,2026-05,2026-05-01,2026-05-23,99.9,99.9,0.0,0.0,1,99.9,1,0,7.99,Ferro,sem_dado,0.05,tiktok_seller_center,1,0,1,0,,1,148.11,148.11,2,0.0,12,2,7.41,2,2026-04,2026-05
DICAERECOMENDA,2026-03,2026-03-01,2026-03-31,0.0,0.0,0.0,0.0,0,0.0,1,0,0.0,Ferro,sem_dado,0.05,tiktok_seller_center,0,0,0,0,,,0.0,0.0,0,0.0,1,0,0.0,1,2026-03,2026-03
DICAS.DA.RUBIA,2026-04,2026-04-01,2026-04-30,0.0,0.0,0.0,0.0,0,0.0,0,1,0.0,Ferro,sem_dado,0.05,tiktok_seller_center,0,0,0,0,,,0.0,0.0,0,0.0,0,1,0.0,1,2026-04,2026-04
DICAS.DAVICK,2026-03,2026-03-01,2026-03-31,0.0,0.0,0.0,0.0,0,0.0,0,2,0.0,Ferro,sem_dado,0.05,tiktok_seller_center,0,0,0,0,,,0.0,0.0,0,0.0,0,2,0.0,1,2026-03,2026-03
DICASANACARV,2026-05,2026-05-01,2026-05-23,0.0,0.0,0.0,0.0,0,0.0,0,4,0.0,Ferro,sem_dado,0.05,tiktok_seller_center,,0,0,0,,0,0.0,0.0,0,0.0,0,4,0.0,1,2026-05,2026-05
DICASBIANCA,2026-03,2026-03-01,2026-03-31,0.0,0.0,0.0,0.0,0,0.0,1,0,0.0,Ferro,sem_dado,0.05,tiktok_seller_center,0,0,0,0,,,0.0,0.0,0,0.0,1,0,0.0,1,2026-03,2026-03
DICASBIBI1,2026-05,2026-05-01,2026-05-23,0.0,0.0,0.0,0.0,0,0.0,0,4,0.0,Ferro,sem_dado,0.05,tiktok_seller_center,0,0,0,0,,0,217.33,217.33,3,0.0,3,92,10.87,5,2026-01,2026-05
DICASCLUB.BR,2026-05,2026-05-01,2026-05-23,95.92,95.92,0.0,0.0,1,95.92,0,0,7.99,Ferro,sem_dado,0.05,tiktok_seller_center,,0,1,0,,1,95.92,95.92,1,0.0,0,0,4.8,1,2026-05,2026-05
DICASCOMLARY,2026-02,2026-02-01,2026-02-28,0.0,0.0,0.0,0.0,0,0.0,3,0,0.0,Ferro,sem_dado,0.05,tiktok_seller_center,0,0,0,0,,,0.0,0.0,0,0.0,3,0,0.0,1,2026-02,2026-02
DICASDA.GABII,2026-02,2026-02-01,2026-02-28,0.0,0.0,0.0,0.0,0,0.0,1,0,0.0,Ferro,sem_dado,0.05,tiktok_seller_center,0,0,0,0,,,0.0,0.0,0,0.0,1,0,0.0,1,2026-02,2026-02
DICASDAAILA2,2026-03,2026-03-01,2026-03-31,163.69,80.7,82.99,50.7,2,81.84,4,4,15.21,Ferro,sem_dado,0.05,tiktok_seller_center,2,1,1,0,,,163.69,80.7,2,82.99,4,4,4.04,1,2026-03,2026-03
DICASDAANA.S2,2026-04,2026-04-01,2026-04-30,0.0,0.0,0.0,0.0,0,0.0,0,16,0.0,Ferro,sem_dado,0.05,tiktok_seller_center,0,0,0,0,,,0.0,0.0,0,0.0,0,20,0.0,2,2026-03,2026-04
DICASDAANA06,2026-03,2026-03-01,2026-03-31,0.0,0.0,0.0,0.0,0,0.0,0,2,0.0,Ferro,sem_dado,0.05,tiktok_seller_center,0,0,0,0,,,0.0,0.0,0,0.0,0,2,0.0,1,2026-03,2026-03
DICASDAANA43,2026-03,2026-03-01,2026-03-31,0.0,0.0,0.0,0.0,0,0.0,1,0,0.0,Ferro,sem_dado,0.05,tiktok_seller_center,0,0,0,0,,,0.0,0.0,0,0.0,1,0,0.0,1,2026-03,2026-03
DICASDAANAMARTINS,2026-02,2026-02-01,2026-02-28,0.0,0.0,0.0,0.0,0,0.0,2,0,0.0,Ferro,sem_dado,0.05,tiktok_seller_center,0,0,0,0,,,0.0,0.0,0,0.0,2,0,0.0,1,2026-02,2026-02
DICASDAANNA7,2026-03,2026-03-01,2026-03-31,0.0,0.0,0.0,0.0,0,0.0,3,0,0.0,Ferro,sem_dado,0.05,tiktok_seller_center,0,0,0,0,,,0.0,0.0,0,0.0,3,0,0.0,1,2026-03,2026-03
DICASDABECCA_,2026-03,2026-03-01,2026-03-31,0.0,0.0,0.0,0.0,0,0.0,1,0,0.0,Ferro,sem_dado,0.05,tiktok_seller_center,0,0,0,0,,,0.0,0.0,0,0.0,1,0,0.0,1,2026-03,2026-03
DICASDABEELA,2026-03,2026-03-01,2026-03-31,0.0,0.0,0.0,0.0,0,0.0,1,0,0.0,Ferro,sem_dado,0.05,tiktok_seller_center,0,0,0,0,,,0.0,0.0,0,0.0,1,0,0.0,1,2026-03,2026-03
DICASDABELA.CREATOR,2026-03,2026-03-01,2026-03-31,0.0,0.0,0.0,0.0,0,0.0,1,0,0.0,Ferro,sem_dado,0.05,tiktok_seller_center,0,0,0,0,,,0.0,0.0,0,0.0,1,0,0.0,1,2026-03,2026-03
DICASDABELLA.OFC,2026-02,2026-02-01,2026-02-28,0.0,0.0,0.0,0.0,0,0.0,1,0,0.0,Ferro,sem_dado,0.05,tiktok_seller_center,0,0,0,0,,,0.0,0.0,0,0.0,1,0,0.0,1,2026-02,2026-02
DICASDABIA22,2026-01,2026-01-06,2026-01-31,0.0,0.0,0.0,0.0,0,0.0,1,0,0.0,Ferro,sem_dado,0.05,tiktok_seller_center,0,0,0,0,,,0.0,0.0,0,0.0,1,0,0.0,1,2026-01,2026-01
DICASDABIAA2,2026-03,2026-03-01,2026-03-31,0.0,0.0,0.0,0.0,0,0.0,1,0,0.0,Ferro,sem_dado,0.05,tiktok_seller_center,0,0,0,0,,,0.0,0.0,0,0.0,1,0,0.0,1,2026-03,2026-03
DICASDABIANCAA,2026-02,2026-02-01,2026-02-28,0.0,0.0,0.0,0.0,0,0.0,1,0,0.0,Ferro,sem_dado,0.05,tiktok_seller_center,0,0,0,0,,,0.0,0.0,0,0.0,1,0,0.0,1,2026-02,2026-02
DICASDABRU81,2026-03,2026-03-01,2026-03-31,0.0,0.0,0.0,0.0,0,0.0,1,0,0.0,Ferro,sem_dado,0.05,tiktok_seller_center,0,0,0,0,,,0.0,0.0,0,0.0,1,0,0.0,1,2026-03,2026-03
DICASDABRUNALUIZA,2026-04,2026-04-01,2026-04-30,0.0,0.0,0.0,0.0,0,0.0,3,0,0.0,Ferro,sem_dado,0.05,tiktok_seller_center,0,0,0,0,,,0.0,0.0,0,0.0,3,0,0.0,1,2026-04,2026-04
DICASDACA16,2026-04,2026-04-01,2026-04-30,0.0,0.0,0.0,0.0,0,0.0,0,1,0.0,Ferro,sem_dado,0.05,tiktok_seller_center,0,0,0,0,,,0.0,0.0,0,0.0,0,1,0.0,1,2026-04,2026-04
DICASDACACAL,2026-01,2026-01-06,2026-01-31,0.0,0.0,0.0,0.0,0,0.0,1,0,0.0,Ferro,sem_dado,0.05,tiktok_seller_center,0,0,0,0,,,0.0,0.0,0,0.0,1,0,0.0,1,2026-01,2026-01
DICASDACECI08,2026-03,2026-03-01,2026-03-31,0.0,0.0,0.0,0.0,0,0.0,1,0,0.0,Ferro,sem_dado,0.05,tiktok_seller_center,0,0,0,0,,,0.0,0.0,0,0.0,1,0,0.0,1,2026-03,2026-03
DICASDACLAU_TIKTOKSHOP,2026-05,2026-05-01,2026-05-23,0.0,0.0,0.0,0.0,0,0.0,0,2,0.0,Ferro,sem_dado,0.05,tiktok_seller_center,0,0,0,0,,0,0.0,0.0,0,0.0,10,23,0.0,4,2026-01,2026-05
DICASDADAYMOURA,2026-04,2026-04-01,2026-04-30,0.0,0.0,0.0,0.0,0,0.0,0,1,0.0,Ferro,sem_dado,0.05,tiktok_seller_center,0,0,0,0,,,0.0,0.0,0,0.0,0,1,0.0,1,2026-04,2026-04
DICASDADAYTIKTOKSHOP,2026-04,2026-04-01,2026-04-30,0.0,0.0,0.0,0.0,0,0.0,0,1,0.0,Ferro,sem_dado,0.05,tiktok_seller_center,0,0,0,0,,,0.0,0.0,0,0.0,0,3,0.0,3,2026-02,2026-04
DICASDADDEB,2026-04,2026-04-01,2026-04-30,0.0,0.0,0.0,0.0,0,0.0,1,0,0.0,Ferro,sem_dado,0.05,tiktok_seller_center,0,0,0,0,,,0.0,0.0,0,0.0,1,0,0.0,1,2026-04,2026-04
DICASDADE1706,2026-02,2026-02-01,2026-02-28,0.0,0.0,0.0,0.0,0,0.0,1,0,0.0,Ferro,sem_dado,0.05,tiktok_seller_center,0,0,0,0,,,0.0,0.0,0,0.0,1,0,0.0,1,2026-02,2026-02
DICASDADETIKTOKSHOP01,2026-03,2026-03-01,2026-03-31,0.0,0.0,0.0,0.0,0,0.0,0,3,0.0,Ferro,sem_dado,0.05,tiktok_seller_center,0,0,0,0,,,0.0,0.0,0,0.0,0,3,0.0,1,2026-03,2026-03
DICASDADIANA1,2026-03,2026-03-01,2026-03-31,0.0,0.0,0.0,0.0,0,0.0,1,0,0.0,Ferro,sem_dado,0.05,tiktok_seller_center,0,0,0,0,,,0.0,0.0,0,0.0,1,0,0.0,1,2026-03,2026-03
DICASDADRU,2026-02,2026-02-01,2026-02-28,0.0,0.0,0.0,0.0,0,0.0,6,0,0.0,Ferro,sem_dado,0.05,tiktok_seller_center,0,0,0,0,,,0.0,0.0,0,0.0,6,0,0.0,1,2026-02,2026-02
DICASDADUDA51,2026-04,2026-04-01,2026-04-30,407.78,407.78,0.0,0.0,5,81.56,2,0,15.99,Ferro,sem_dado,0.05,tiktok_seller_center,5,0,1,0,,,407.78,407.78,5,0.0,2,0,20.39,1,2026-04,2026-04
DICASDADUDAMARTINS,2026-02,2026-02-01,2026-02-28,0.0,0.0,0.0,0.0,0,0.0,1,0,0.0,Ferro,sem_dado,0.05,tiktok_seller_center,0,0,0,0,,,0.0,0.0,0,0.0,1,0,0.0,1,2026-02,2026-02
DICASDAEDITIKTOK,2026-03,2026-03-01,2026-03-31,0.0,0.0,0.0,0.0,0,0.0,1,0,0.0,Ferro,sem_dado,0.05,tiktok_seller_center,0,0,0,0,,,0.0,0.0,0,0.0,1,0,0.0,1,2026-03,2026-03
DICASDAFE08,2026-02,2026-02-01,2026-02-28,0.0,0.0,0.0,0.0,0,0.0,1,0,0.0,Ferro,sem_dado,0.05,tiktok_seller_center,0,0,0,0,,,0.0,0.0,0,0.0,1,0,0.0,1,2026-02,2026-02
DICASDAFERNADA,2026-03,2026-03-01,2026-03-31,0.0,0.0,0.0,0.0,0,0.0,1,0,0.0,Ferro,sem_dado,0.05,tiktok_seller_center,0,0,0,0,,,0.0,0.0,0,0.0,1,0,0.0,1,2026-03,2026-03
DICASDAFERSILVA,2026-04,2026-04-01,2026-04-30,160.57,160.57,0.0,0.0,1,160.57,0,0,12.78,Ferro,sem_dado,0.05,tiktok_seller_center,2,0,1,0,,,160.57,160.57,1,0.0,0,0,8.03,1,2026-04,2026-04
DICASDAFISIOO,2026-05,2026-05-01,2026-05-23,199.8,199.8,0.0,0.0,1,199.8,0,4,15.98,Ferro,sem_dado,0.05,tiktok_seller_center,0,0,1,0,,2,199.8,199.8,1,0.0,2,4,9.99,2,2026-04,2026-05
DICASDAGAL_,2026-04,2026-04-01,2026-04-30,0.0,0.0,0.0,0.0,0,0.0,0,1,0.0,Ferro,sem_dado,0.05,tiktok_seller_center,0,0,0,0,,,0.0,0.0,0,0.0,0,1,0.0,1,2026-04,2026-04
DICASDAGI_77,2026-03,2026-03-01,2026-03-31,0.0,0.0,0.0,0.0,0,0.0,1,0,0.0,Ferro,sem_dado,0.05,tiktok_seller_center,0,0,0,0,,,0.0,0.0,0,0.0,1,0,0.0,1,2026-03,2026-03
DICASDAISAA.CASAEBELEZA,2026-05,2026-05-01,2026-05-23,0.0,0.0,0.0,0.0,0,0.0,0,6,0.0,Ferro,sem_dado,0.05,tiktok_seller_center,0,0,0,0,,0,0.0,0.0,0,0.0,2,6,0.0,2,2026-04,2026-05
DICASDAJANA.FRANCA,2026-03,2026-03-01,2026-03-31,0.0,0.0,0.0,0.0,0,0.0,2,0,0.0,Ferro,sem_dado,0.05,tiktok_seller_center,0,0,0,0,,,0.0,0.0,0,0.0,2,0,0.0,1,2026-03,2026-03
DICASDAJHU_,2026-04,2026-04-01,2026-04-30,0.0,0.0,0.0,0.0,0,0.0,1,18,0.0,Ferro,sem_dado,0.05,tiktok_seller_center,0,0,0,0,,,104.07,104.07,1,0.0,3,26,5.2,3,2026-02,2026-04
DICASDAJOSYYY,2026-04,2026-04-01,2026-04-30,0.0,0.0,0.0,0.0,0,0.0,1,0,0.0,Ferro,sem_dado,0.05,tiktok_seller_center,0,0,0,0,,,0.0,0.0,0,0.0,1,0,0.0,1,2026-04,2026-04
DICASDAJUJU31,2026-05,2026-05-01,2026-05-23,0.0,0.0,0.0,0.0,0,0.0,4,18,0.0,Ferro,sem_dado,0.05,tiktok_seller_center,1,0,0,0,,0,81.75,81.75,1,0.0,4,31,4.09,3,2026-03,2026-05
DICASDAJULIA27,2026-05,2026-05-01,2026-05-23,0.0,0.0,0.0,0.0,0,0.0,1,0,0.0,Ferro,sem_dado,0.05,tiktok_seller_center,,0,0,0,,0,0.0,0.0,0,0.0,1,0,0.0,1,2026-05,2026-05
DICASDAKAL,2026-05,2026-05-01,2026-05-23,0.0,0.0,0.0,0.0,0,0.0,0,13,0.0,Ferro,sem_dado,0.05,tiktok_seller_center,0,0,0,0,,0,0.0,0.0,0,0.0,0,16,0.0,2,2026-04,2026-05
DICASDAKALI_,2026-04,2026-04-01,2026-04-30,0.0,0.0,0.0,0.0,0,0.0,0,1,0.0,Ferro,sem_dado,0.05,tiktok_seller_center,0,0,0,0,,,223.59,143.69,3,79.9,7,17,7.1899999999999995,3,2026-02,2026-04
DICASDAKESSIA,2026-04,2026-04-01,2026-04-30,71.91,71.91,0.0,0.0,1,71.91,0,4,6.07,Ferro,sem_dado,0.05,tiktok_seller_center,1,0,1,0,,,71.91,71.91,1,0.0,0,7,3.6,2,2026-01,2026-04
DICASDAKIRAA,2026-02,2026-02-01,2026-02-28,0.0,0.0,0.0,0.0,0,0.0,1,0,0.0,Ferro,sem_dado,0.05,tiktok_seller_center,0,0,0,0,,,0.0,0.0,0,0.0,1,0,0.0,1,2026-02,2026-02
DICASDALAAA,2026-04,2026-04-01,2026-04-30,0.0,0.0,0.0,0.0,0,0.0,0,1,0.0,Ferro,sem_dado,0.05,tiktok_seller_center,0,0,0,0,,,0.0,0.0,0,0.0,0,1,0.0,1,2026-04,2026-04
DICASDALARI16,2026-05,2026-05-01,2026-05-23,0.0,0.0,0.0,0.0,0,0.0,1,0,0.0,Ferro,sem_dado,0.05,tiktok_seller_center,,0,0,0,,0,0.0,0.0,0,0.0,1,0,0.0,1,2026-05,2026-05
DICASDALAVINIAA,2026-05,2026-05-01,2026-05-23,0.0,0.0,0.0,0.0,0,0.0,2,0,0.0,Ferro,sem_dado,0.05,tiktok_seller_center,,0,0,0,,0,0.0,0.0,0,0.0,2,0,0.0,1,2026-05,2026-05
DICASDALELEH3,2026-05,2026-05-01,2026-05-23,99.9,99.9,0.0,0.0,1,99.9,0,0,7.99,Ferro,sem_dado,0.05,tiktok_seller_center,,0,1,0,,1,99.9,99.9,1,0.0,0,0,5.0,1,2026-05,2026-05
DICASDALINE1,2026-02,2026-02-01,2026-02-28,0.0,0.0,0.0,0.0,0,0.0,1,0,0.0,Ferro,sem_dado,0.05,tiktok_seller_center,0,0,0,0,,,0.0,0.0,0,0.0,1,0,0.0,1,2026-02,2026-02
DICASDALUA06,2026-03,2026-03-01,2026-03-31,0.0,0.0,0.0,0.0,0,0.0,1,0,0.0,Ferro,sem_dado,0.05,tiktok_seller_center,0,0,0,0,,,0.0,0.0,0,0.0,1,0,0.0,1,2026-03,2026-03
DICASDALUARA,2026-01,2026-01-06,2026-01-31,0.0,0.0,0.0,0.0,0,0.0,3,0,0.0,Ferro,sem_dado,0.05,tiktok_seller_center,0,0,0,0,,,0.0,0.0,0,0.0,3,0,0.0,1,2026-01,2026-01
DICASDALUNA888,2026-02,2026-02-01,2026-02-28,0.0,0.0,0.0,0.0,0,0.0,3,0,0.0,Ferro,sem_dado,0.05,tiktok_seller_center,0,0,0,0,,,0.0,0.0,0,0.0,3,0,0.0,1,2026-02,2026-02
DICASDAMABELA,2026-04,2026-04-01,2026-04-30,0.0,0.0,0.0,0.0,0,0.0,0,2,0.0,Ferro,sem_dado,0.05,tiktok_seller_center,0,0,0,0,,,0.0,0.0,0,0.0,0,3,0.0,2,2026-03,2026-04
DICASDAMAGDABARROS,2026-04,2026-04-01,2026-04-30,0.0,0.0,0.0,0.0,0,0.0,0,1,0.0,Ferro,sem_dado,0.05,tiktok_seller_center,0,0,0,0,,,0.0,0.0,0,0.0,0,15,0.0,3,2026-01,2026-04
DICASDAMARA01,2026-03,2026-03-01,2026-03-31,0.0,0.0,0.0,0.0,0,0.0,0,2,0.0,Ferro,sem_dado,0.05,tiktok_seller_center,0,0,0,0,,,0.0,0.0,0,0.0,0,4,0.0,2,2026-02,2026-03
DICASDAMARIA15,2026-01,2026-01-06,2026-01-31,0.0,0.0,0.0,0.0,0,0.0,0,1,0.0,Ferro,sem_dado,0.05,tiktok_seller_center,0,0,0,0,,,0.0,0.0,0,0.0,0,1,0.0,1,2026-01,2026-01
DICASDAMARIA1L,2026-05,2026-05-01,2026-05-23,0.0,0.0,0.0,0.0,0,0.0,2,0,0.0,Ferro,sem_dado,0.05,tiktok_seller_center,,0,0,0,,0,0.0,0.0,0,0.0,2,0,0.0,1,2026-05,2026-05
DICASDAMARIANA7,2026-04,2026-04-01,2026-04-30,0.0,0.0,0.0,0.0,0,0.0,0,33,0.0,Ferro,sem_dado,0.05,tiktok_seller_center,0,0,0,0,,,0.0,0.0,0,0.0,0,85,0.0,2,2026-03,2026-04
DICASDAMARY475,2026-04,2026-04-01,2026-04-30,0.0,0.0,0.0,0.0,0,0.0,0,2,0.0,Ferro,sem_dado,0.05,tiktok_seller_center,0,0,0,0,,,0.0,0.0,0,0.0,0,2,0.0,1,2026-04,2026-04
DICASDAMIRELLA,2026-03,2026-03-01,2026-03-31,0.0,0.0,0.0,0.0,0,0.0,0,3,0.0,Ferro,sem_dado,0.05,tiktok_seller_center,0,0,0,0,,,0.0,0.0,0,0.0,0,3,0.0,1,2026-03,2026-03
DICASDANAJULLIA,2026-04,2026-04-01,2026-04-30,0.0,0.0,0.0,0.0,0,0.0,0,1,0.0,Ferro,sem_dado,0.05,tiktok_seller_center,0,0,0,0,,,0.0,0.0,0,0.0,0,1,0.0,1,2026-04,2026-04
DICASDANANI7,2026-03,2026-03-01,2026-03-31,0.0,0.0,0.0,0.0,0,0.0,0,5,0.0,Ferro,sem_dado,0.05,tiktok_seller_center,0,0,0,0,,,0.0,0.0,0,0.0,0,5,0.0,1,2026-03,2026-03
DICASDANATH.BR,2026-02,2026-02-01,2026-02-28,0.0,0.0,0.0,0.0,0,0.0,2,0,0.0,Ferro,sem_dado,0.05,tiktok_seller_center,0,0,0,0,,,0.0,0.0,0,0.0,2,0,0.0,1,2026-02,2026-02
DICASDANININHA,2026-05,2026-05-01,2026-05-23,0.0,0.0,0.0,0.0,0,0.0,1,0,0.0,Ferro,sem_dado,0.05,tiktok_seller_center,,0,0,0,,0,0.0,0.0,0,0.0,1,0,0.0,1,2026-05,2026-05
DICASDASAN,2026-05,2026-05-01,2026-05-23,0.0,0.0,0.0,0.0,0,0.0,1,0,0.0,Ferro,sem_dado,0.05,tiktok_seller_center,0,0,0,0,,0,0.0,0.0,0,0.0,1,1,0.0,2,2026-04,2026-05
DICASDASOL1,2026-03,2026-03-01,2026-03-31,0.0,0.0,0.0,0.0,0,0.0,0,1,0.0,Ferro,sem_dado,0.05,tiktok_seller_center,0,0,0,0,,,0.0,0.0,0,0.0,3,2,0.0,3,2026-01,2026-03
DICASDASTEER,2026-02,2026-02-01,2026-02-28,0.0,0.0,0.0,0.0,0,0.0,1,0,0.0,Ferro,sem_dado,0.05,tiktok_seller_center,0,0,0,0,,,0.0,0.0,0,0.0,1,0,0.0,1,2026-02,2026-02
DICASDASUHH_,2026-04,2026-04-01,2026-04-30,0.0,0.0,0.0,0.0,0,0.0,0,4,0.0,Ferro,sem_dado,0.05,tiktok_seller_center,0,0,0,0,,,0.0,0.0,0,0.0,0,4,0.0,1,2026-04,2026-04
DICASDATALIA,2026-05,2026-05-01,2026-05-23,0.0,0.0,0.0,0.0,0,0.0,0,1,0.0,Ferro,sem_dado,0.05,tiktok_seller_center,0,0,0,0,,0,0.0,0.0,0,0.0,0,15,0.0,3,2026-03,2026-05
DICASDATEFFY,2026-03,2026-03-01,2026-03-31,0.0,0.0,0.0,0.0,0,0.0,0,2,0.0,Ferro,sem_dado,0.05,tiktok_seller_center,0,0,0,0,,,0.0,0.0,0,0.0,0,2,0.0,1,2026-03,2026-03
DICASDATHAYOFICIAL,2026-05,2026-05-01,2026-05-23,249.7,174.79999999999998,74.9,30.0,3,83.23,0,0,7.8,Prata,sem_dado,0.09,tiktok_seller_center,8,1,1,0,,3,19269.86,16394.1,230,2875.7599999999998,1,0,1134.35,5,2026-01,2026-05
DICASDAVIDASHOP,2026-05,2026-05-01,2026-05-23,0.0,0.0,0.0,0.0,0,0.0,5,0,0.0,Ferro,sem_dado,0.05,tiktok_seller_center,0,0,0,0,,0,0.0,0.0,0,0.0,10,0,0.0,3,2026-03,2026-05
DICASDA_JUU,2026-03,2026-03-01,2026-03-31,0.0,0.0,0.0,0.0,0,0.0,0,6,0.0,Ferro,sem_dado,0.05,tiktok_seller_center,0,0,0,0,,,0.0,0.0,0,0.0,0,6,0.0,1,2026-03,2026-03
DICASDEMAJU,2026-04,2026-04-01,2026-04-30,0.0,0.0,0.0,0.0,0,0.0,2,0,0.0,Ferro,sem_dado,0.05,tiktok_seller_center,0,0,0,0,,,0.0,0.0,0,0.0,2,0,0.0,1,2026-04,2026-04
DICASDE_AMIGA_,2026-03,2026-03-01,2026-03-31,0.0,0.0,0.0,0.0,0,0.0,1,0,0.0,Ferro,sem_dado,0.05,tiktok_seller_center,0,0,0,0,,,0.0,0.0,0,0.0,1,0,0.0,1,2026-03,2026-03
DICASDFABI,2026-05,2026-05-01,2026-05-23,0.0,0.0,0.0,0.0,0,0.0,0,12,0.0,Ferro,sem_dado,0.05,tiktok_seller_center,,0,0,0,,0,0.0,0.0,0,0.0,0,12,0.0,1,2026-05,2026-05
DICASDIARIAS0Z,2026-02,2026-02-01,2026-02-28,0.0,0.0,0.0,0.0,0,0.0,3,0,0.0,Ferro,sem_dado,0.05,tiktok_seller_center,0,0,0,0,,,0.0,0.0,0,0.0,3,0,0.0,1,2026-02,2026-02
DICASDO906,2026-05,2026-05-01,2026-05-23,0.0,0.0,0.0,0.0,0,0.0,0,1,0.0,Ferro,sem_dado,0.05,tiktok_seller_center,1,0,0,0,,0,77.55,0.0,1,77.55,0,5,0.0,3,2026-03,2026-05
DICASDOSILVIO7,2026-05,2026-05-01,2026-05-23,0.0,0.0,0.0,0.0,0,0.0,4,6,0.0,Ferro,sem_dado,0.05,tiktok_seller_center,,0,0,0,,0,0.0,0.0,0,0.0,4,6,0.0,1,2026-05,2026-05
DICASDOTHIAGOOFICIAL,2026-02,2026-02-01,2026-02-28,0.0,0.0,0.0,0.0,0,0.0,1,0,0.0,Ferro,sem_dado,0.05,tiktok_seller_center,0,0,0,0,,,0.0,0.0,0,0.0,1,0,0.0,1,2026-02,2026-02
DICASEACHADOSDAJACI,2026-05,2026-05-01,2026-05-23,0.0,0.0,0.0,0.0,0,0.0,0,31,0.0,Ferro,sem_dado,0.05,tiktok_seller_center,0,0,0,0,,0,0.0,0.0,0,0.0,0,45,0.0,2,2026-04,2026-05
DICASECIAFASHION,2026-03,2026-03-01,2026-03-31,0.0,0.0,0.0,0.0,0,0.0,0,28,0.0,Ferro,sem_dado,0.05,tiktok_seller_center,0,0,0,0,,,0.0,0.0,0,0.0,0,36,0.0,2,2026-02,2026-03
DICASEVENDAS30,2026-03,2026-03-01,2026-03-31,0.0,0.0,0.0,0.0,0,0.0,0,2,0.0,Ferro,sem_dado,0.05,tiktok_seller_center,0,0,0,0,,,0.0,0.0,0,0.0,0,2,0.0,1,2026-03,2026-03
DICASKATARINA,2026-03,2026-03-01,2026-03-31,0.0,0.0,0.0,0.0,0,0.0,0,1,0.0,Ferro,sem_dado,0.05,tiktok_seller_center,0,0,0,0,,,0.0,0.0,0,0.0,0,2,0.0,2,2026-02,2026-03
DICASMARIIA,2026-02,2026-02-01,2026-02-28,0.0,0.0,0.0,0.0,0,0.0,0,1,0.0,Ferro,sem_dado,0.05,tiktok_seller_center,0,0,0,0,,,0.0,0.0,0,0.0,0,1,0.0,1,2026-02,2026-02
DICASMODA2,2026-01,2026-01-06,2026-01-31,0.0,0.0,0.0,0.0,0,0.0,1,0,0.0,Ferro,sem_dado,0.05,tiktok_seller_center,0,0,0,0,,,0.0,0.0,0,0.0,1,0,0.0,1,2026-01,2026-01
DICASNICOLEMEDEIROS,2026-03,2026-03-01,2026-03-31,0.0,0.0,0.0,0.0,0,0.0,0,6,0.0,Ferro,sem_dado,0.05,tiktok_seller_center,0,0,0,0,,,0.0,0.0,0,0.0,1,6,0.0,2,2026-02,2026-03
DICASNINA.GIFER,2026-04,2026-04-01,2026-04-30,0.0,0.0,0.0,0.0,0,0.0,1,0,0.0,Ferro,sem_dado,0.05,tiktok_seller_center,0,0,0,0,,,0.0,0.0,0,0.0,1,0,0.0,1,2026-04,2026-04
DICASOFERTASHOP,2026-03,2026-03-01,2026-03-31,0.0,0.0,0.0,0.0,0,0.0,2,0,0.0,Ferro,sem_dado,0.05,tiktok_seller_center,0,0,0,0,,,0.0,0.0,0,0.0,2,0,0.0,1,2026-03,2026-03
DICASRAQUEL,2026-03,2026-03-01,2026-03-31,0.0,0.0,0.0,0.0,0,0.0,0,4,0.0,Ferro,sem_dado,0.05,tiktok_seller_center,0,0,0,0,,,0.0,0.0,0,0.0,0,4,0.0,1,2026-03,2026-03
DICASS.DA.PRII,2026-05,2026-05-01,2026-05-23,0.0,0.0,0.0,0.0,0,0.0,1,1,0.0,Ferro,sem_dado,0.05,tiktok_seller_center,0,0,0,0,,0,0.0,0.0,0,0.0,2,1,0.0,2,2026-01,2026-05
DICASSDAERICAA,2026-02,2026-02-01,2026-02-28,0.0,0.0,0.0,0.0,0,0.0,1,0,0.0,Ferro,sem_dado,0.05,tiktok_seller_center,0,0,0,0,,,0.0,0.0,0,0.0,1,0,0.0,1,2026-02,2026-02
DICASSDAJANA,2026-05,2026-05-01,2026-05-23,0.0,0.0,0.0,0.0,0,0.0,0,4,0.0,Ferro,sem_dado,0.05,tiktok_seller_center,,0,0,0,,0,0.0,0.0,0,0.0,0,4,0.0,1,2026-05,2026-05
DICASSDAMEEL,2026-03,2026-03-01,2026-03-31,0.0,0.0,0.0,0.0,0,0.0,1,0,0.0,Ferro,sem_dado,0.05,tiktok_seller_center,0,0,0,0,,,0.0,0.0,0,0.0,1,0,0.0,1,2026-03,2026-03
DICASSDARAH,2026-05,2026-05-01,2026-05-23,0.0,0.0,0.0,0.0,0,0.0,1,0,0.0,Ferro,sem_dado,0.05,tiktok_seller_center,,0,0,0,,0,0.0,0.0,0,0.0,1,0,0.0,1,2026-05,2026-05
DICASSDASU,2026-05,2026-05-01,2026-05-23,0.0,0.0,0.0,0.0,0,0.0,4,0,0.0,Ferro,sem_dado,0.05,tiktok_seller_center,,0,0,0,,0,0.0,0.0,0,0.0,4,0,0.0,1,2026-05,2026-05
DICASSDATETE,2026-05,2026-05-01,2026-05-23,0.0,0.0,0.0,0.0,0,0.0,1,0,0.0,Ferro,sem_dado,0.05,tiktok_seller_center,,0,0,0,,0,0.0,0.0,0,0.0,1,0,0.0,1,2026-05,2026-05
DICASSSDARENATA,2026-05,2026-05-01,2026-05-23,0.0,0.0,0.0,0.0,0,0.0,1,0,0.0,Ferro,sem_dado,0.05,tiktok_seller_center,,0,0,0,,0,0.0,0.0,0,0.0,1,0,0.0,1,2026-05,2026-05
DICASTALITA,2026-04,2026-04-01,2026-04-30,0.0,0.0,0.0,0.0,0,0.0,0,1,0.0,Ferro,sem_dado,0.05,tiktok_seller_center,0,0,0,0,,,0.0,0.0,0,0.0,0,1,0.0,1,2026-04,2026-04
DICAS_BIAA,2026-02,2026-02-01,2026-02-28,0.0,0.0,0.0,0.0,0,0.0,5,0,0.0,Ferro,sem_dado,0.05,tiktok_seller_center,0,0,0,0,,,0.0,0.0,0,0.0,5,0,0.0,1,2026-02,2026-02
DICAS_DA_BELLA4,2026-02,2026-02-01,2026-02-28,0.0,0.0,0.0,0.0,0,0.0,4,0,0.0,Ferro,sem_dado,0.05,tiktok_seller_center,0,0,0,0,,,0.0,0.0,0,0.0,4,0,0.0,1,2026-02,2026-02
DICAS_DA_VIVI_,2026-03,2026-03-01,2026-03-31,0.0,0.0,0.0,0.0,0,0.0,1,0,0.0,Ferro,sem_dado,0.05,tiktok_seller_center,0,0,0,0,,,0.0,0.0,0,0.0,1,0,0.0,1,2026-03,2026-03
DICAS_DIADIA_ERICA,2026-03,2026-03-01,2026-03-31,0.0,0.0,0.0,0.0,0,0.0,0,1,0.0,Ferro,sem_dado,0.05,tiktok_seller_center,0,0,0,0,,,0.0,0.0,0,0.0,0,35,0.0,3,2026-01,2026-03
DICAS_GI,2026-05,2026-05-01,2026-05-23,107.4,107.4,0.0,0.0,1,107.4,0,0,9.99,Ferro,sem_dado,0.05,tiktok_seller_center,0,0,1,0,,1,107.4,107.4,1,0.0,3,0,5.37,3,2026-01,2026-05
DICAS_JENN,2026-04,2026-04-01,2026-04-30,0.0,0.0,0.0,0.0,0,0.0,0,1,0.0,Ferro,sem_dado,0.05,tiktok_seller_center,0,0,0,0,,,78.3,78.3,1,0.0,0,1,3.92,2,2026-02,2026-04
DICAS_LAII,2026-05,2026-05-01,2026-05-23,0.0,0.0,0.0,0.0,0,0.0,38,0,0.0,Ferro,sem_dado,0.05,tiktok_seller_center,,0,0,0,,0,0.0,0.0,0,0.0,38,0,0.0,1,2026-05,2026-05
DICAS_LEILA,2026-02,2026-02-01,2026-02-28,0.0,0.0,0.0,0.0,0,0.0,3,0,0.0,Ferro,sem_dado,0.05,tiktok_seller_center,0,0,0,0,,,0.0,0.0,0,0.0,6,0,0.0,2,2026-01,2026-02
DICAS_MI,2026-02,2026-02-01,2026-02-28,0.0,0.0,0.0,0.0,0,0.0,1,0,0.0,Ferro,sem_dado,0.05,tiktok_seller_center,0,0,0,0,,,0.0,0.0,0,0.0,1,0,0.0,1,2026-02,2026-02
DICA_DOUROO,2026-03,2026-03-01,2026-03-31,0.0,0.0,0.0,0.0,0,0.0,0,1,0.0,Ferro,sem_dado,0.05,tiktok_seller_center,0,0,0,0,,,0.0,0.0,0,0.0,0,4,0.0,2,2026-01,2026-03
DICCASDAGII,2026-04,2026-04-01,2026-04-30,0.0,0.0,0.0,0.0,0,0.0,0,1,0.0,Ferro,sem_dado,0.05,tiktok_seller_center,0,0,0,0,,,0.0,0.0,0,0.0,0,1,0.0,1,2026-04,2026-04
DICCASDAMAY,2026-04,2026-04-01,2026-04-30,0.0,0.0,0.0,0.0,0,0.0,1,0,0.0,Ferro,sem_dado,0.05,tiktok_seller_center,0,0,0,0,,,0.0,0.0,0,0.0,1,0,0.0,1,2026-04,2026-04
DIEGOPAIXAO.SHOP,2026-02,2026-02-01,2026-02-28,0.0,0.0,0.0,0.0,0,0.0,0,1,0.0,Ferro,sem_dado,0.05,tiktok_seller_center,0,0,0,0,,,0.0,0.0,0,0.0,0,1,0.0,1,2026-02,2026-02
DIEGORECOMENDA4,2026-04,2026-04-01,2026-04-30,0.0,0.0,0.0,0.0,0,0.0,0,2,0.0,Ferro,sem_dado,0.05,tiktok_seller_center,0,0,0,0,,,0.0,0.0,0,0.0,0,2,0.0,1,2026-04,2026-04
DIELLE072,2026-05,2026-05-01,2026-05-23,0.0,0.0,0.0,0.0,0,0.0,0,1,0.0,Ferro,sem_dado,0.05,tiktok_seller_center,0,0,0,0,,0,0.0,0.0,0,0.0,0,2,0.0,2,2026-04,2026-05
DIFERENCIADO1111,2026-03,2026-03-01,2026-03-31,0.0,0.0,0.0,0.0,0,0.0,1,0,0.0,Ferro,sem_dado,0.05,tiktok_seller_center,0,0,0,0,,,0.0,0.0,0,0.0,1,0,0.0,1,2026-03,2026-03
DIGALIANO22,2026-03,2026-03-01,2026-03-31,0.0,0.0,0.0,0.0,0,0.0,3,0,0.0,Ferro,sem_dado,0.05,tiktok_seller_center,0,0,0,0,,,0.0,0.0,0,0.0,3,0,0.0,1,2026-03,2026-03
DIGDAY26,2026-03,2026-03-01,2026-03-31,0.0,0.0,0.0,0.0,0,0.0,0,1,0.0,Ferro,sem_dado,0.05,tiktok_seller_center,0,0,0,0,,,0.0,0.0,0,0.0,0,1,0.0,1,2026-03,2026-03
DIICASDAMAJU,2026-02,2026-02-01,2026-02-28,0.0,0.0,0.0,0.0,0,0.0,2,0,0.0,Ferro,sem_dado,0.05,tiktok_seller_center,0,0,0,0,,,0.0,0.0,0,0.0,2,0,0.0,1,2026-02,2026-02
DIL.CANUTO,2026-04,2026-04-01,2026-04-30,94.9,94.9,0.0,0.0,1,94.9,0,0,9.49,Ferro,sem_dado,0.05,tiktok_seller_center,1,0,1,0,,,187.8,187.8,2,0.0,1,1,9.4,2,2026-01,2026-04
DIMINASSHOP,2026-01,2026-01-06,2026-01-31,0.0,0.0,0.0,0.0,0,0.0,1,0,0.0,Ferro,sem_dado,0.05,tiktok_seller_center,0,0,0,0,,,0.0,0.0,0,0.0,1,0,0.0,1,2026-01,2026-01
DINARTEVIEIRA17,2026-02,2026-02-01,2026-02-28,0.0,0.0,0.0,0.0,0,0.0,1,0,0.0,Ferro,sem_dado,0.05,tiktok_seller_center,0,0,0,0,,,0.0,0.0,0,0.0,1,0,0.0,1,2026-02,2026-02
DINASANTOSRECOMENDA,2026-02,2026-02-01,2026-02-28,0.0,0.0,0.0,0.0,0,0.0,0,8,0.0,Ferro,sem_dado,0.05,tiktok_seller_center,0,0,0,0,,,0.0,0.0,0,0.0,0,8,0.0,1,2026-02,2026-02
DINE12043,2026-02,2026-02-01,2026-02-28,0.0,0.0,0.0,0.0,0,0.0,0,1,0.0,Ferro,sem_dado,0.05,tiktok_seller_center,0,0,0,0,,,0.0,0.0,0,0.0,0,1,0.0,1,2026-02,2026-02
DINHACAMPELLO,2026-05,2026-05-01,2026-05-23,0.0,0.0,0.0,0.0,0,0.0,1,0,0.0,Ferro,sem_dado,0.05,tiktok_seller_center,2,0,0,0,,0,127.02,127.02,2,0.0,1,1,6.35,2,2026-04,2026-05
DIONISSHOP,2026-04,2026-04-01,2026-04-30,0.0,0.0,0.0,0.0,0,0.0,0,1,0.0,Ferro,sem_dado,0.05,tiktok_seller_center,0,0,0,0,,,0.0,0.0,0,0.0,2,1,0.0,3,2026-02,2026-04
DIQUINHASBYMEIRY,2026-02,2026-02-01,2026-02-28,0.0,0.0,0.0,0.0,0,0.0,0,2,0.0,Ferro,sem_dado,0.05,tiktok_seller_center,0,0,0,0,,,0.0,0.0,0,0.0,0,12,0.0,2,2026-01,2026-02
DIQUINHASDALEILA0,2026-02,2026-02-01,2026-02-28,0.0,0.0,0.0,0.0,0,0.0,0,1,0.0,Ferro,sem_dado,0.05,tiktok_seller_center,0,0,0,0,,,0.0,0.0,0,0.0,0,2,0.0,2,2026-01,2026-02
DIRIO.DA.TA,2026-02,2026-02-01,2026-02-28,0.0,0.0,0.0,0.0,0,0.0,0,1,0.0,Ferro,sem_dado,0.05,tiktok_seller_center,0,0,0,0,,,0.0,0.0,0,0.0,0,1,0.0,1,2026-02,2026-02
DIRLENE066,2026-03,2026-03-01,2026-03-31,0.0,0.0,0.0,0.0,0,0.0,0,1,0.0,Ferro,sem_dado,0.05,tiktok_seller_center,0,0,0,0,,,0.0,0.0,0,0.0,0,1,0.0,1,2026-03,2026-03
DISASTERLAB,2026-02,2026-02-01,2026-02-28,0.0,0.0,0.0,0.0,0,0.0,1,0,0.0,Ferro,sem_dado,0.05,tiktok_seller_center,0,0,0,0,,,0.0,0.0,0,0.0,1,0,0.0,1,2026-02,2026-02
DIVADEPIJAMA,2026-03,2026-03-01,2026-03-31,0.0,0.0,0.0,0.0,0,0.0,1,0,0.0,Ferro,sem_dado,0.05,tiktok_seller_center,0,0,0,0,,,0.0,0.0,0,0.0,1,0,0.0,1,2026-03,2026-03
DIVA_ACHADINHOS1,2026-04,2026-04-01,2026-04-30,0.0,0.0,0.0,0.0,0,0.0,1,0,0.0,Ferro,sem_dado,0.05,tiktok_seller_center,0,0,0,0,,,0.0,0.0,0,0.0,1,0,0.0,1,2026-04,2026-04
DIVINEAFRODITE,2026-03,2026-03-01,2026-03-31,0.0,0.0,0.0,0.0,0,0.0,1,0,0.0,Ferro,sem_dado,0.05,tiktok_seller_center,0,0,0,0,,,0.0,0.0,0,0.0,1,0,0.0,1,2026-03,2026-03
DIVINESHOP2006,2026-05,2026-05-01,2026-05-23,0.0,0.0,0.0,0.0,0,0.0,1,0,0.0,Ferro,sem_dado,0.05,tiktok_seller_center,,0,0,0,,0,0.0,0.0,0,0.0,1,0,0.0,1,2026-05,2026-05
DK.SANTSX_,2026-04,2026-04-01,2026-04-30,0.0,0.0,0.0,0.0,0,0.0,2,0,0.0,Ferro,sem_dado,0.05,tiktok_seller_center,0,0,0,0,,,0.0,0.0,0,0.0,2,0,0.0,1,2026-04,2026-04
DO.LAR.AO.BRINCAR,2026-03,2026-03-01,2026-03-31,0.0,0.0,0.0,0.0,0,0.0,2,0,0.0,Ferro,sem_dado,0.05,tiktok_seller_center,0,0,0,0,,,0.0,0.0,0,0.0,2,0,0.0,1,2026-03,2026-03
DOMINGASCASTRO15,2026-04,2026-04-01,2026-04-30,0.0,0.0,0.0,0.0,0,0.0,0,1,0.0,Ferro,sem_dado,0.05,tiktok_seller_center,0,0,0,0,,,0.0,0.0,0,0.0,0,1,0.0,1,2026-04,2026-04
DONA.SNIA15,2026-02,2026-02-01,2026-02-28,0.0,0.0,0.0,0.0,0,0.0,3,0,0.0,Ferro,sem_dado,0.05,tiktok_seller_center,0,0,0,0,,,0.0,0.0,0,0.0,3,0,0.0,1,2026-02,2026-02
DONADAVERSACE,2026-01,2026-01-06,2026-01-31,0.0,0.0,0.0,0.0,0,0.0,1,0,0.0,Ferro,sem_dado,0.05,tiktok_seller_center,0,0,0,0,,,0.0,0.0,0,0.0,1,0,0.0,1,2026-01,2026-01
DONNADASMELHORESOFERTAS,2026-05,2026-05-01,2026-05-23,0.0,0.0,0.0,0.0,0,0.0,0,1,0.0,Ferro,sem_dado,0.05,tiktok_seller_center,0,0,0,0,,0,0.0,0.0,0,0.0,9,12,0.0,3,2026-03,2026-05
DONNASTYLLO,2026-01,2026-01-06,2026-01-31,0.0,0.0,0.0,0.0,0,0.0,1,0,0.0,Ferro,sem_dado,0.05,tiktok_seller_center,0,0,0,0,,,0.0,0.0,0,0.0,1,0,0.0,1,2026-01,2026-01
DONNATHATAA.PROMOS,2026-04,2026-04-01,2026-04-30,0.0,0.0,0.0,0.0,0,0.0,1,0,0.0,Ferro,sem_dado,0.05,tiktok_seller_center,0,0,0,0,,,0.0,0.0,0,0.0,2,0,0.0,2,2026-03,2026-04
DONNAUNIVERSOFEMININO,2026-04,2026-04-01,2026-04-30,0.0,0.0,0.0,0.0,0,0.0,1,0,0.0,Ferro,sem_dado,0.05,tiktok_seller_center,0,0,0,0,,,0.0,0.0,0,0.0,1,0,0.0,1,2026-04,2026-04
DORAHOLSBACH0,2026-03,2026-03-01,2026-03-31,0.0,0.0,0.0,0.0,0,0.0,0,1,0.0,Ferro,sem_dado,0.05,tiktok_seller_center,0,0,0,0,,,0.0,0.0,0,0.0,0,1,0.0,1,2026-03,2026-03
DORA_CREATOR,2026-04,2026-04-01,2026-04-30,0.0,0.0,0.0,0.0,0,0.0,2,0,0.0,Ferro,sem_dado,0.05,tiktok_seller_center,0,0,0,0,,,0.0,0.0,0,0.0,2,0,0.0,1,2026-04,2026-04
DOSSANTOS12342,2026-04,2026-04-01,2026-04-30,0.0,0.0,0.0,0.0,0,0.0,1,0,0.0,Ferro,sem_dado,0.05,tiktok_seller_center,0,0,0,0,,,0.0,0.0,0,0.0,1,0,0.0,1,2026-04,2026-04
DOVISK2,2026-04,2026-04-01,2026-04-30,0.0,0.0,0.0,0.0,0,0.0,1,0,0.0,Ferro,sem_dado,0.05,tiktok_seller_center,0,0,0,0,,,0.0,0.0,0,0.0,1,0,0.0,1,2026-04,2026-04
DPAULA57,2026-05,2026-05-01,2026-05-23,88.3,88.3,0.0,0.0,1,88.3,17,5,7.99,Ferro,sem_dado,0.05,tiktok_seller_center,8,0,1,0,,1,1241.48,1077.28,15,164.2,29,73,53.87,4,2026-02,2026-05
DQVH5AOVE0,2026-03,2026-03-01,2026-03-31,570.2,570.2,0.0,0.0,7,81.46,0,0,55.93,Ferro,sem_dado,0.05,tiktok_seller_center,7,0,1,0,,,1084.2,1084.2,13,0.0,1,0,54.21,2,2026-02,2026-03
DR.ROSSANA.COUTO,2026-05,2026-05-01,2026-05-23,0.0,0.0,0.0,0.0,0,0.0,3,1,0.0,Ferro,sem_dado,0.05,tiktok_seller_center,,0,0,0,,0,0.0,0.0,0,0.0,3,1,0.0,1,2026-05,2026-05
DR138240,2026-05,2026-05-01,2026-05-23,0.0,0.0,0.0,0.0,0,0.0,0,3,0.0,Ferro,sem_dado,0.05,tiktok_seller_center,0,0,0,0,,0,0.0,0.0,0,0.0,0,27,0.0,2,2026-04,2026-05
DRA.ADRIANE_DEMKO,2026-03,2026-03-01,2026-03-31,80.7,80.7,0.0,0.0,1,80.7,0,31,7.99,Ferro,sem_dado,0.05,tiktok_seller_center,1,0,1,0,,,161.35000000000002,161.35000000000002,2,0.0,0,32,8.07,2,2026-02,2026-03
DRALCAPONERP,2026-02,2026-02-01,2026-02-28,0.0,0.0,0.0,0.0,0,0.0,1,0,0.0,Ferro,sem_dado,0.05,tiktok_seller_center,0,0,0,0,,,0.0,0.0,0,0.0,1,0,0.0,1,2026-02,2026-02
DRAPRISCILAMORAES,2026-05,2026-05-01,2026-05-23,0.0,0.0,0.0,0.0,0,0.0,0,5,0.0,Ferro,sem_dado,0.05,tiktok_seller_center,1,0,0,0,,0,81.1,0.0,1,81.1,0,5,0.0,2,2026-04,2026-05
DRASAMARAPERFETE,2026-02,2026-02-01,2026-02-28,0.0,0.0,0.0,0.0,0,0.0,0,4,0.0,Ferro,sem_dado,0.05,tiktok_seller_center,0,0,0,0,,,0.0,0.0,0,0.0,0,4,0.0,1,2026-02,2026-02
DRASTEFANEQUEIROZ,2026-05,2026-05-01,2026-05-23,0.0,0.0,0.0,0.0,0,0.0,0,1,0.0,Ferro,sem_dado,0.05,tiktok_seller_center,,0,0,0,,0,0.0,0.0,0,0.0,0,1,0.0,1,2026-05,2026-05
DRAVANESSACOMESTILO,2026-04,2026-04-01,2026-04-30,0.0,0.0,0.0,0.0,0,0.0,4,1,0.0,Ferro,sem_dado,0.05,tiktok_seller_center,0,0,0,0,,,0.0,0.0,0,0.0,4,1,0.0,1,2026-04,2026-04
DREA.GAIJUTIS,2026-03,2026-03-01,2026-03-31,0.0,0.0,0.0,0.0,0,0.0,0,16,0.0,Ferro,sem_dado,0.05,tiktok_seller_center,0,0,0,0,,,0.0,0.0,0,0.0,0,16,0.0,1,2026-03,2026-03
DREZAINDICA,2026-05,2026-05-01,2026-05-23,0.0,0.0,0.0,0.0,0,0.0,2,0,0.0,Ferro,sem_dado,0.05,tiktok_seller_center,,0,0,0,,0,0.0,0.0,0,0.0,2,0,0.0,1,2026-05,2026-05
DRI.KAISER,2026-04,2026-04-01,2026-04-30,0.0,0.0,0.0,0.0,0,0.0,0,4,0.0,Ferro,sem_dado,0.05,tiktok_seller_center,0,0,0,0,,,0.0,0.0,0,0.0,6,9,0.0,3,2026-02,2026-04
DRICASOUZASHOP,2026-04,2026-04-01,2026-04-30,0.0,0.0,0.0,0.0,0,0.0,0,1,0.0,Ferro,sem_dado,0.05,tiktok_seller_center,0,0,0,0,,,0.0,0.0,0,0.0,0,3,0.0,2,2026-03,2026-04
DRIELLY.FERREIRA_CREATOR,2026-04,2026-04-01,2026-04-30,255.0,255.0,0.0,0.0,3,85.0,3,13,23.97,Ferro,sem_dado,0.05,tiktok_seller_center,3,0,1,0,,,255.0,255.0,3,0.0,3,14,12.75,2,2026-03,2026-04
DRIINDICA.SHOP,2026-03,2026-03-01,2026-03-31,0.0,0.0,0.0,0.0,0,0.0,1,1,0.0,Ferro,sem_dado,0.05,tiktok_seller_center,0,0,0,0,,,0.0,0.0,0,0.0,1,1,0.0,1,2026-03,2026-03
DRIKA.SHOP0,2026-03,2026-03-01,2026-03-31,0.0,0.0,0.0,0.0,0,0.0,2,0,0.0,Ferro,sem_dado,0.05,tiktok_seller_center,0,0,0,0,,,0.0,0.0,0,0.0,4,0,0.0,2,2026-01,2026-03
DRIKAADRI12,2026-01,2026-01-06,2026-01-31,0.0,0.0,0.0,0.0,0,0.0,1,0,0.0,Ferro,sem_dado,0.05,tiktok_seller_center,0,0,0,0,,,0.0,0.0,0,0.0,1,0,0.0,1,2026-01,2026-01
DRIKAFERREIRADS,2026-03,2026-03-01,2026-03-31,0.0,0.0,0.0,0.0,0,0.0,0,1,0.0,Ferro,sem_dado,0.05,tiktok_seller_center,0,0,0,0,,,0.0,0.0,0,0.0,0,1,0.0,1,2026-03,2026-03
DRIMATOS_ACHADINHOS,2026-04,2026-04-01,2026-04-30,0.0,0.0,0.0,0.0,0,0.0,0,1,0.0,Ferro,sem_dado,0.05,tiktok_seller_center,0,0,0,0,,,0.0,0.0,0,0.0,0,1,0.0,1,2026-04,2026-04
DRISANTOSBR,2026-03,2026-03-01,2026-03-31,490.41,329.97,160.44,32.72,6,81.74,0,0,47.94,Bronze,sem_dado,0.07,tiktok_seller_center,6,2,1,0,,,2839.62,2451.2200000000003,35,388.4,0,0,122.56,3,2026-01,2026-03
DRYSHOP79,2026-03,2026-03-01,2026-03-31,0.0,0.0,0.0,0.0,0,0.0,1,0,0.0,Ferro,sem_dado,0.05,tiktok_seller_center,0,0,0,0,,,0.0,0.0,0,0.0,1,0,0.0,1,2026-03,2026-03
DRYSHOPP,2026-01,2026-01-06,2026-01-31,0.0,0.0,0.0,0.0,0,0.0,1,0,0.0,Ferro,sem_dado,0.05,tiktok_seller_center,0,0,0,0,,,0.0,0.0,0,0.0,1,0,0.0,1,2026-01,2026-01
DSOUSA405,2026-01,2026-01-06,2026-01-31,0.0,0.0,0.0,0.0,0,0.0,1,0,0.0,Ferro,sem_dado,0.05,tiktok_seller_center,0,0,0,0,,,0.0,0.0,0,0.0,1,0,0.0,1,2026-01,2026-01
DTIAO9NOD6,2026-03,2026-03-01,2026-03-31,0.0,0.0,0.0,0.0,0,0.0,1,0,0.0,Ferro,sem_dado,0.05,tiktok_seller_center,0,0,0,0,,,0.0,0.0,0,0.0,2,0,0.0,2,2026-02,2026-03
DTUDO11,2026-02,2026-02-01,2026-02-28,54.14,54.14,0.0,0.0,1,54.14,4,0,7.22,Ferro,sem_dado,0.05,tiktok_seller_center,1,0,1,0,,,54.14,54.14,1,0.0,4,0,2.71,1,2026-02,2026-02
DUDA.SANTANACREATOR,2026-02,2026-02-01,2026-02-28,0.0,0.0,0.0,0.0,0,0.0,4,0,0.0,Ferro,sem_dado,0.05,tiktok_seller_center,0,0,0,0,,,0.0,0.0,0,0.0,6,0,0.0,2,2026-01,2026-02
DUDA2005200519,2026-05,2026-05-01,2026-05-23,0.0,0.0,0.0,0.0,0,0.0,1,0,0.0,Ferro,sem_dado,0.05,tiktok_seller_center,,0,0,0,,0,0.0,0.0,0,0.0,1,0,0.0,1,2026-05,2026-05
DUDAALMEIDAOFC1,2026-03,2026-03-01,2026-03-31,90.7,0.0,90.7,100.0,1,90.7,2,0,7.99,Ferro,sem_dado,0.05,tiktok_seller_center,1,1,1,0,,,90.7,0.0,1,90.7,2,0,0.0,1,2026-03,2026-03
DUDAALVES1388,2026-01,2026-01-06,2026-01-31,0.0,0.0,0.0,0.0,0,0.0,4,0,0.0,Ferro,sem_dado,0.05,tiktok_seller_center,0,0,0,0,,,0.0,0.0,0,0.0,4,0,0.0,1,2026-01,2026-01
DUDABETIATOO,2026-04,2026-04-01,2026-04-30,185.95,185.95,0.0,0.0,1,185.95,0,0,18.31,Ferro,sem_dado,0.05,tiktok_seller_center,2,0,2,0,,,270.46,270.46,2,0.0,1,0,13.530000000000001,3,2026-01,2026-04
DUDAHMAIIA,2026-05,2026-05-01,2026-05-23,0.0,0.0,0.0,0.0,0,0.0,3,0,0.0,Ferro,sem_dado,0.05,tiktok_seller_center,,0,0,0,,0,0.0,0.0,0,0.0,3,0,0.0,1,2026-05,2026-05
DUDALIMADICAS,2026-04,2026-04-01,2026-04-30,0.0,0.0,0.0,0.0,0,0.0,1,1,0.0,Ferro,sem_dado,0.05,tiktok_seller_center,0,0,0,0,,,0.0,0.0,0,0.0,1,1,0.0,1,2026-04,2026-04
DUDAPROVANDO,2026-03,2026-03-01,2026-03-31,0.0,0.0,0.0,0.0,0,0.0,1,0,0.0,Ferro,sem_dado,0.05,tiktok_seller_center,0,0,0,0,,,0.0,0.0,0,0.0,1,0,0.0,1,2026-03,2026-03
DUDARECOMENDAA,2026-05,2026-05-01,2026-05-23,0.0,0.0,0.0,0.0,0,0.0,0,1,0.0,Ferro,sem_dado,0.05,tiktok_seller_center,,0,0,0,,0,0.0,0.0,0,0.0,0,1,0.0,1,2026-05,2026-05
DUDASANTOS8816,2026-04,2026-04-01,2026-04-30,0.0,0.0,0.0,0.0,0,0.0,0,1,0.0,Ferro,sem_dado,0.05,tiktok_seller_center,0,0,0,0,,,0.0,0.0,0,0.0,0,2,0.0,2,2026-01,2026-04
DUDASHOPTT,2026-01,2026-01-06,2026-01-31,0.0,0.0,0.0,0.0,0,0.0,1,0,0.0,Ferro,sem_dado,0.05,tiktok_seller_center,0,0,0,0,,,0.0,0.0,0,0.0,1,0,0.0,1,2026-01,2026-01
DUDATEIXEIRAUGC,2026-02,2026-02-01,2026-02-28,0.0,0.0,0.0,0.0,0,0.0,1,0,0.0,Ferro,sem_dado,0.05,tiktok_seller_center,0,0,0,0,,,0.0,0.0,0,0.0,1,0,0.0,1,2026-02,2026-02
DUDATIKTOK001,2026-04,2026-04-01,2026-04-30,0.0,0.0,0.0,0.0,0,0.0,1,0,0.0,Ferro,sem_dado,0.05,tiktok_seller_center,0,0,0,0,,,0.0,0.0,0,0.0,1,0,0.0,1,2026-04,2026-04
DUDA_BRANDAO05,2026-03,2026-03-01,2026-03-31,0.0,0.0,0.0,0.0,0,0.0,3,0,0.0,Ferro,sem_dado,0.05,tiktok_seller_center,0,0,0,0,,,0.0,0.0,0,0.0,3,0,0.0,1,2026-03,2026-03
DUDINHA_SHOP,2026-02,2026-02-01,2026-02-28,0.0,0.0,0.0,0.0,0,0.0,1,0,0.0,Ferro,sem_dado,0.05,tiktok_seller_center,0,0,0,0,,,0.0,0.0,0,0.0,1,0,0.0,1,2026-02,2026-02
DULCILENE760,2026-05,2026-05-01,2026-05-23,0.0,0.0,0.0,0.0,0,0.0,0,1,0.0,Ferro,sem_dado,0.05,tiktok_seller_center,0,0,0,0,,0,0.0,0.0,0,0.0,0,4,0.0,2,2026-04,2026-05
DVICTORIAVICTORIA,2026-05,2026-05-01,2026-05-23,0.0,0.0,0.0,0.0,0,0.0,2,0,0.0,Ferro,sem_dado,0.05,tiktok_seller_center,,0,0,0,,0,0.0,0.0,0,0.0,2,0,0.0,1,2026-05,2026-05
DXFTV9,2026-04,2026-04-01,2026-04-30,0.0,0.0,0.0,0.0,0,0.0,1,0,0.0,Ferro,sem_dado,0.05,tiktok_seller_center,0,0,0,0,,,0.0,0.0,0,0.0,1,0,0.0,1,2026-04,2026-04
E.FREITASSREPSOLD,2026-04,2026-04-01,2026-04-30,0.0,0.0,0.0,0.0,0,0.0,1,0,0.0,Ferro,sem_dado,0.05,tiktok_seller_center,0,0,0,0,,,0.0,0.0,0,0.0,1,0,0.0,1,2026-04,2026-04
E.LUIZA8,2026-04,2026-04-01,2026-04-30,0.0,0.0,0.0,0.0,0,0.0,1,0,0.0,Ferro,sem_dado,0.05,tiktok_seller_center,0,0,0,0,,,0.0,0.0,0,0.0,1,1,0.0,2,2026-03,2026-04
E5TZYUG8F3,2026-04,2026-04-01,2026-04-30,0.0,0.0,0.0,0.0,0,0.0,1,0,0.0,Ferro,sem_dado,0.05,tiktok_seller_center,0,0,0,0,,,0.0,0.0,0,0.0,1,0,0.0,1,2026-04,2026-04
EBSON.AUGUSTO,2026-04,2026-04-01,2026-04-30,80.61,0.0,80.61,100.0,1,80.61,0,0,6.39,Ferro,sem_dado,0.05,tiktok_seller_center,1,1,1,0,,,80.61,0.0,1,80.61,0,0,0.0,1,2026-04,2026-04
ECOMMERCE4R,2026-01,2026-01-06,2026-01-31,0.0,0.0,0.0,0.0,0,0.0,1,0,0.0,Ferro,sem_dado,0.05,tiktok_seller_center,0,0,0,0,,,0.0,0.0,0,0.0,1,0,0.0,1,2026-01,2026-01
EDBORGESTIKTOK,2026-01,2026-01-06,2026-01-31,0.0,0.0,0.0,0.0,0,0.0,0,1,0.0,Ferro,sem_dado,0.05,tiktok_seller_center,0,0,0,0,,,0.0,0.0,0,0.0,0,1,0.0,1,2026-01,2026-01
EDI.DAILY,2026-03,2026-03-01,2026-03-31,0.0,0.0,0.0,0.0,0,0.0,6,0,0.0,Ferro,sem_dado,0.05,tiktok_seller_center,0,0,0,0,,,80.7,80.7,1,0.0,7,2,4.04,3,2026-01,2026-03
EDIANE.VIEIRA0,2026-05,2026-05-01,2026-05-23,0.0,0.0,0.0,0.0,0,0.0,0,2,0.0,Ferro,sem_dado,0.05,tiktok_seller_center,,0,0,0,,0,0.0,0.0,0,0.0,0,2,0.0,1,2026-05,2026-05
EDILAINE.SHOPP,2026-03,2026-03-01,2026-03-31,0.0,0.0,0.0,0.0,0,0.0,1,0,0.0,Ferro,sem_dado,0.05,tiktok_seller_center,0,0,0,0,,,0.0,0.0,0,0.0,1,0,0.0,1,2026-03,2026-03
EDILANE.TEIXEIRA3,2026-04,2026-04-01,2026-04-30,0.0,0.0,0.0,0.0,0,0.0,0,11,0.0,Ferro,sem_dado,0.05,tiktok_seller_center,0,0,0,0,,,91.9,91.9,1,0.0,0,43,4.6,2,2026-02,2026-04
EDILENESCASTRO,2026-04,2026-04-01,2026-04-30,0.0,0.0,0.0,0.0,0,0.0,2,0,0.0,Ferro,sem_dado,0.05,tiktok_seller_center,0,0,0,0,,,0.0,0.0,0,0.0,2,0,0.0,1,2026-04,2026-04
EDIMARADESOUZAINDICA,2026-05,2026-05-01,2026-05-23,0.0,0.0,0.0,0.0,0,0.0,0,1,0.0,Ferro,sem_dado,0.05,tiktok_seller_center,,0,0,0,,0,0.0,0.0,0,0.0,0,1,0.0,1,2026-05,2026-05
EDINEIA.FORTES,2026-05,2026-05-01,2026-05-23,0.0,0.0,0.0,0.0,0,0.0,0,1,0.0,Ferro,sem_dado,0.05,tiktok_seller_center,0,0,0,0,,0,0.0,0.0,0,0.0,0,2,0.0,2,2026-04,2026-05
EDINEIAVIEIRA09,2026-05,2026-05-01,2026-05-23,0.0,0.0,0.0,0.0,0,0.0,0,2,0.0,Ferro,sem_dado,0.05,tiktok_seller_center,0,0,0,0,,0,0.0,0.0,0,0.0,0,3,0.0,2,2026-04,2026-05
EDINEIA_CASTRO7,2026-02,2026-02-01,2026-02-28,0.0,0.0,0.0,0.0,0,0.0,0,2,0.0,Ferro,sem_dado,0.05,tiktok_seller_center,0,0,0,0,,,0.0,0.0,0,0.0,0,2,0.0,1,2026-02,2026-02
EDINEZBORGES275,2026-05,2026-05-01,2026-05-23,0.0,0.0,0.0,0.0,0,0.0,0,2,0.0,Ferro,sem_dado,0.05,tiktok_seller_center,0,0,0,0,,0,0.0,0.0,0,0.0,0,39,0.0,4,2026-02,2026-05
EDITE.MARIA876,2026-03,2026-03-01,2026-03-31,0.0,0.0,0.0,0.0,0,0.0,1,0,0.0,Ferro,sem_dado,0.05,tiktok_seller_center,0,0,0,0,,,0.0,0.0,0,0.0,2,0,0.0,2,2026-02,2026-03
EDITSPOWERGUIDO,2026-03,2026-03-01,2026-03-31,0.0,0.0,0.0,0.0,0,0.0,0,5,0.0,Ferro,sem_dado,0.05,tiktok_seller_center,0,0,0,0,,,0.0,0.0,0,0.0,0,5,0.0,1,2026-03,2026-03
EDIVANSILVA162,2026-01,2026-01-06,2026-01-31,0.0,0.0,0.0,0.0,0,0.0,4,0,0.0,Ferro,sem_dado,0.05,tiktok_seller_center,0,0,0,0,,,0.0,0.0,0,0.0,4,0,0.0,1,2026-01,2026-01
EDJA.SHOP,2026-05,2026-05-01,2026-05-23,93.85,93.85,0.0,0.0,1,93.85,0,27,7.59,Ferro,sem_dado,0.05,tiktok_seller_center,7,0,1,0,,1,1710.44,1333.58,21,376.86,0,194,66.68,5,2026-01,2026-05
EDUARDA.COSTA.FER7,2026-05,2026-05-01,2026-05-23,0.0,0.0,0.0,0.0,0,0.0,0,2,0.0,Ferro,sem_dado,0.05,tiktok_seller_center,,0,0,0,,0,0.0,0.0,0,0.0,0,2,0.0,1,2026-05,2026-05
EDUARDADAILYX,2026-05,2026-05-01,2026-05-23,0.0,0.0,0.0,0.0,0,0.0,0,5,0.0,Ferro,sem_dado,0.05,tiktok_seller_center,1,0,0,0,,0,77.5,77.5,1,0.0,3,17,3.88,2,2026-04,2026-05
EDUARDAERHARDTT,2026-04,2026-04-01,2026-04-30,0.0,0.0,0.0,0.0,0,0.0,5,0,0.0,Ferro,sem_dado,0.05,tiktok_seller_center,0,0,0,0,,,0.0,0.0,0,0.0,5,0,0.0,1,2026-04,2026-04
EDUARDASBRAGAA,2026-04,2026-04-01,2026-04-30,0.0,0.0,0.0,0.0,0,0.0,0,1,0.0,Ferro,sem_dado,0.05,tiktok_seller_center,0,0,0,0,,,0.0,0.0,0,0.0,0,1,0.0,1,2026-04,2026-04
EDUMONTAGNINI,2026-03,2026-03-01,2026-03-31,0.0,0.0,0.0,0.0,0,0.0,0,1,0.0,Ferro,sem_dado,0.05,tiktok_seller_center,0,0,0,0,,,0.0,0.0,0,0.0,0,1,0.0,1,2026-03,2026-03
EDUTOPOFERTAS,2026-03,2026-03-01,2026-03-31,0.0,0.0,0.0,0.0,0,0.0,0,1,0.0,Ferro,sem_dado,0.05,tiktok_seller_center,0,0,0,0,,,0.0,0.0,0,0.0,0,1,0.0,1,2026-03,2026-03
EDU_ANAKIN,2026-04,2026-04-01,2026-04-30,0.0,0.0,0.0,0.0,0,0.0,1,0,0.0,Ferro,sem_dado,0.05,tiktok_seller_center,0,0,0,0,,,0.0,0.0,0,0.0,1,0,0.0,1,2026-04,2026-04
EDU_UTENSILIOS,2026-04,2026-04-01,2026-04-30,0.0,0.0,0.0,0.0,0,0.0,1,0,0.0,Ferro,sem_dado,0.05,tiktok_seller_center,0,0,0,0,,,0.0,0.0,0,0.0,2,0,0.0,2,2026-01,2026-04
EE2UT0L0R4,2026-04,2026-04-01,2026-04-30,75.23,75.23,0.0,0.0,1,75.23,0,0,0.0,Bronze,sem_dado,0.07,tiktok_seller_center,1,0,1,0,,,9516.69,7449.030000000001,112,2067.66,1,0,497.2,3,2026-02,2026-04
EFIISOUZA,2026-05,2026-05-01,2026-05-23,0.0,0.0,0.0,0.0,0,0.0,0,1,0.0,Ferro,sem_dado,0.05,tiktok_seller_center,0,0,0,0,,0,0.0,0.0,0,0.0,0,8,0.0,3,2026-03,2026-05
EHOEKBJA16,2026-04,2026-04-01,2026-04-30,0.0,0.0,0.0,0.0,0,0.0,3,0,0.0,Ferro,sem_dado,0.05,tiktok_seller_center,0,0,0,0,,,0.0,0.0,0,0.0,3,0,0.0,1,2026-04,2026-04
EIFMG4,2026-04,2026-04-01,2026-04-30,0.0,0.0,0.0,0.0,0,0.0,1,0,0.0,Ferro,sem_dado,0.05,tiktok_seller_center,0,0,0,0,,,0.0,0.0,0,0.0,2,0,0.0,2,2026-03,2026-04
EL887419,2026-03,2026-03-01,2026-03-31,0.0,0.0,0.0,0.0,0,0.0,1,0,0.0,Ferro,sem_dado,0.05,tiktok_seller_center,0,0,0,0,,,0.0,0.0,0,0.0,1,0,0.0,1,2026-03,2026-03
ELA.FLAVINHA,2026-03,2026-03-01,2026-03-31,0.0,0.0,0.0,0.0,0,0.0,1,0,0.0,Ferro,sem_dado,0.05,tiktok_seller_center,0,0,0,0,,,0.0,0.0,0,0.0,3,1,0.0,2,2026-02,2026-03
ELACATARINA,2026-04,2026-04-01,2026-04-30,78.32,78.32,0.0,0.0,1,78.32,0,0,7.99,Ferro,sem_dado,0.05,tiktok_seller_center,1,0,1,0,,,956.5899999999999,890.45,12,66.14,1,0,44.53,2,2026-03,2026-04
ELAINE.SILVAGON,2026-05,2026-05-01,2026-05-23,0.0,0.0,0.0,0.0,0,0.0,0,2,0.0,Ferro,sem_dado,0.05,tiktok_seller_center,,0,0,0,,0,0.0,0.0,0,0.0,0,2,0.0,1,2026-05,2026-05
ELAINEARAUJO.ACHADOS,2026-04,2026-04-01,2026-04-30,0.0,0.0,0.0,0.0,0,0.0,0,6,0.0,Ferro,sem_dado,0.05,tiktok_seller_center,0,0,0,0,,,0.0,0.0,0,0.0,0,6,0.0,1,2026-04,2026-04
ELAINEBORGES636,2026-05,2026-05-01,2026-05-23,0.0,0.0,0.0,0.0,0,0.0,1,0,0.0,Ferro,sem_dado,0.05,tiktok_seller_center,,0,0,0,,0,0.0,0.0,0,0.0,1,0,0.0,1,2026-05,2026-05
ELAINECOQUEMALA,2026-05,2026-05-01,2026-05-23,0.0,0.0,0.0,0.0,0,0.0,0,5,0.0,Ferro,sem_dado,0.05,tiktok_seller_center,0,0,0,0,,0,180.35,180.35,2,0.0,0,39,9.02,3,2026-03,2026-05
ELAINECRISTINA8297,2026-03,2026-03-01,2026-03-31,0.0,0.0,0.0,0.0,0,0.0,1,0,0.0,Ferro,sem_dado,0.05,tiktok_seller_center,0,0,0,0,,,0.0,0.0,0,0.0,1,0,0.0,1,2026-03,2026-03
ELAINEDMARCHI,2026-05,2026-05-01,2026-05-23,0.0,0.0,0.0,0.0,0,0.0,2,1,0.0,Ferro,sem_dado,0.05,tiktok_seller_center,,0,0,0,,0,0.0,0.0,0,0.0,2,1,0.0,1,2026-05,2026-05
ELAINEDVIEIRA,2026-05,2026-05-01,2026-05-23,0.0,0.0,0.0,0.0,0,0.0,0,6,0.0,Ferro,sem_dado,0.05,tiktok_seller_center,0,0,0,0,,0,0.0,0.0,0,0.0,0,8,0.0,3,2026-03,2026-05
ELAINEFURTADO06,2026-05,2026-05-01,2026-05-23,0.0,0.0,0.0,0.0,0,0.0,0,4,0.0,Ferro,sem_dado,0.05,tiktok_seller_center,0,0,0,0,,0,0.0,0.0,0,0.0,0,8,0.0,2,2026-04,2026-05
ELAINEGOMS_,2026-05,2026-05-01,2026-05-23,0.0,0.0,0.0,0.0,0,0.0,0,1,0.0,Ferro,sem_dado,0.05,tiktok_seller_center,0,0,0,0,,0,0.0,0.0,0,0.0,0,9,0.0,3,2026-03,2026-05
ELAINERECOMENDAOFICIAL,2026-04,2026-04-01,2026-04-30,0.0,0.0,0.0,0.0,0,0.0,1,3,0.0,Ferro,sem_dado,0.05,tiktok_seller_center,0,0,0,0,,,0.0,0.0,0,0.0,4,5,0.0,2,2026-03,2026-04
ELAINESHOPCREATOR_,2026-01,2026-01-06,2026-01-31,0.0,0.0,0.0,0.0,0,0.0,0,1,0.0,Ferro,sem_dado,0.05,tiktok_seller_center,0,0,0,0,,,0.0,0.0,0,0.0,0,1,0.0,1,2026-01,2026-01
ELAINEVENDE,2026-05,2026-05-01,2026-05-23,104.99,104.99,0.0,0.0,1,104.99,0,0,8.8,Ferro,sem_dado,0.05,tiktok_seller_center,,0,1,0,,1,104.99,104.99,1,0.0,0,0,5.25,1,2026-05,2026-05
ELAPAULADUARTE,2026-05,2026-05-01,2026-05-23,0.0,0.0,0.0,0.0,0,0.0,0,2,0.0,Ferro,sem_dado,0.05,tiktok_seller_center,0,0,0,0,,0,0.0,0.0,0,0.0,0,20,0.0,5,2026-01,2026-05
ELAQUER.SHOP,2026-04,2026-04-01,2026-04-30,0.0,0.0,0.0,0.0,0,0.0,0,5,0.0,Ferro,sem_dado,0.05,tiktok_seller_center,0,0,0,0,,,0.0,0.0,0,0.0,0,5,0.0,1,2026-04,2026-04
ELASDUASINDICAM_,2026-04,2026-04-01,2026-04-30,0.0,0.0,0.0,0.0,0,0.0,0,2,0.0,Ferro,sem_dado,0.05,tiktok_seller_center,0,0,0,0,,,0.0,0.0,0,0.0,0,2,0.0,1,2026-04,2026-04
ELASINDICAM2,2026-02,2026-02-01,2026-02-28,0.0,0.0,0.0,0.0,0,0.0,2,0,0.0,Ferro,sem_dado,0.05,tiktok_seller_center,0,0,0,0,,,0.0,0.0,0,0.0,2,0,0.0,1,2026-02,2026-02
ELBA_VALERIA,2026-04,2026-04-01,2026-04-30,0.0,0.0,0.0,0.0,0,0.0,0,3,0.0,Ferro,sem_dado,0.05,tiktok_seller_center,0,0,0,0,,,0.0,0.0,0,0.0,0,3,0.0,1,2026-04,2026-04
ELEGANCEBEAUTY76,2026-01,2026-01-06,2026-01-31,0.0,0.0,0.0,0.0,0,0.0,0,6,0.0,Ferro,sem_dado,0.05,tiktok_seller_center,0,0,0,0,,,0.0,0.0,0,0.0,0,6,0.0,1,2026-01,2026-01
ELEGANCIA..ACESSIVEL,2026-04,2026-04-01,2026-04-30,0.0,0.0,0.0,0.0,0,0.0,0,56,0.0,Ferro,sem_dado,0.05,tiktok_seller_center,0,0,0,0,,,0.0,0.0,0,0.0,0,60,0.0,2,2026-03,2026-04
ELEN.DICABEAUTY,2026-01,2026-01-06,2026-01-31,0.0,0.0,0.0,0.0,0,0.0,1,1,0.0,Ferro,sem_dado,0.05,tiktok_seller_center,0,0,0,0,,,0.0,0.0,0,0.0,1,1,0.0,1,2026-01,2026-01
ELENARATRINDADE,2026-03,2026-03-01,2026-03-31,71.91,-81.9,153.81,213.89,1,71.91,0,2,7.19,Ferro,sem_dado,0.05,tiktok_seller_center,1,2,1,0,,,246.95,93.14,3,153.81,0,6,4.66,3,2026-01,2026-03
ELENIMODAFEMININA,2026-01,2026-01-06,2026-01-31,0.0,0.0,0.0,0.0,0,0.0,2,0,0.0,Ferro,sem_dado,0.05,tiktok_seller_center,0,0,0,0,,,0.0,0.0,0,0.0,2,0,0.0,1,2026-01,2026-01
ELIADYGISLAINY,2026-05,2026-05-01,2026-05-23,0.0,0.0,0.0,0.0,0,0.0,0,2,0.0,Ferro,sem_dado,0.05,tiktok_seller_center,0,0,0,0,,0,0.0,0.0,0,0.0,0,15,0.0,2,2026-04,2026-05
ELIANA.CALVI4,2026-03,2026-03-01,2026-03-31,0.0,0.0,0.0,0.0,0,0.0,3,0,0.0,Ferro,sem_dado,0.05,tiktok_seller_center,0,0,0,0,,,0.0,0.0,0,0.0,6,0,0.0,2,2026-02,2026-03
ELIANA.S.BORGES,2026-04,2026-04-01,2026-04-30,0.0,0.0,0.0,0.0,0,0.0,0,2,0.0,Ferro,sem_dado,0.05,tiktok_seller_center,0,0,0,0,,,0.0,0.0,0,0.0,0,2,0.0,1,2026-04,2026-04
ELIANAOLIVEIRA.OFICIAL,2026-05,2026-05-01,2026-05-23,0.0,0.0,0.0,0.0,0,0.0,0,2,0.0,Ferro,sem_dado,0.05,tiktok_seller_center,0,0,0,0,,0,0.0,0.0,0,0.0,0,6,0.0,2,2026-04,2026-05
ELIANAPAISAGISMOEDECOR,2026-02,2026-02-01,2026-02-28,79.9,0.0,79.9,100.0,1,79.9,0,0,7.99,Ferro,sem_dado,0.05,tiktok_seller_center,1,1,1,0,,,79.9,0.0,1,79.9,0,0,0.0,1,2026-02,2026-02
ELIANE.CARVALHO03,2026-04,2026-04-01,2026-04-30,0.0,0.0,0.0,0.0,0,0.0,0,2,0.0,Ferro,sem_dado,0.05,tiktok_seller_center,0,0,0,0,,,0.0,0.0,0,0.0,0,2,0.0,1,2026-04,2026-04
ELIANE12740,2026-03,2026-03-01,2026-03-31,0.0,0.0,0.0,0.0,0,0.0,1,0,0.0,Ferro,sem_dado,0.05,tiktok_seller_center,0,0,0,0,,,0.0,0.0,0,0.0,2,0,0.0,2,2026-02,2026-03
ELIANEASHOPCREATOR,2026-02,2026-02-01,2026-02-28,0.0,0.0,0.0,0.0,0,0.0,0,1,0.0,Ferro,sem_dado,0.05,tiktok_seller_center,0,0,0,0,,,0.0,0.0,0,0.0,0,2,0.0,2,2026-01,2026-02
ELIANEBRITO035,2026-05,2026-05-01,2026-05-23,0.0,0.0,0.0,0.0,0,0.0,0,1,0.0,Ferro,sem_dado,0.05,tiktok_seller_center,0,0,0,0,,0,0.0,0.0,0,0.0,0,18,0.0,4,2026-02,2026-05
ELIANELOURENO0JULLIELOU1,2026-05,2026-05-01,2026-05-23,0.0,0.0,0.0,0.0,0,0.0,0,1,0.0,Ferro,sem_dado,0.05,tiktok_seller_center,0,0,0,0,,0,0.0,0.0,0,0.0,0,6,0.0,3,2026-03,2026-05
ELIANEMACHADO47,2026-05,2026-05-01,2026-05-23,0.0,0.0,0.0,0.0,0,0.0,0,4,0.0,Ferro,sem_dado,0.05,tiktok_seller_center,1,0,0,0,,0,79.5,79.5,1,0.0,4,12,3.98,3,2026-03,2026-05
ELIANEMARIA_LILI,2026-04,2026-04-01,2026-04-30,79.9,79.9,0.0,0.0,1,79.9,0,1,6.39,Ferro,sem_dado,0.05,tiktok_seller_center,1,0,1,0,,,79.9,79.9,1,0.0,0,1,4.0,1,2026-04,2026-04
ELIANEUJO,2026-04,2026-04-01,2026-04-30,0.0,0.0,0.0,0.0,0,0.0,1,0,0.0,Ferro,sem_dado,0.05,tiktok_seller_center,0,0,0,0,,,0.0,0.0,0,0.0,1,0,0.0,1,2026-04,2026-04
ELIASSANTTOSTIKTOKSHOP,2026-03,2026-03-01,2026-03-31,0.0,0.0,0.0,0.0,0,0.0,0,3,0.0,Ferro,sem_dado,0.05,tiktok_seller_center,0,0,0,0,,,0.0,0.0,0,0.0,0,3,0.0,1,2026-03,2026-03
ELIBSOUZA7,2026-05,2026-05-01,2026-05-23,0.0,0.0,0.0,0.0,0,0.0,0,1,0.0,Ferro,sem_dado,0.05,tiktok_seller_center,0,0,0,0,,0,0.0,0.0,0,0.0,1,1,0.0,2,2026-04,2026-05
ELIFERRAZS,2026-05,2026-05-01,2026-05-23,0.0,0.0,0.0,0.0,0,0.0,0,1,0.0,Ferro,sem_dado,0.05,tiktok_seller_center,,0,0,0,,0,0.0,0.0,0,0.0,0,1,0.0,1,2026-05,2026-05
ELIGOMES244,2026-04,2026-04-01,2026-04-30,97.43,97.43,0.0,0.0,1,97.43,0,0,9.49,Ferro,sem_dado,0.05,tiktok_seller_center,1,0,1,0,,,1510.67,1330.27,16,180.39999999999998,0,47,66.50999999999999,4,2026-01,2026-04
ELILI_KIDS,2026-04,2026-04-01,2026-04-30,79.9,79.9,0.0,0.0,1,79.9,0,3,7.99,Ferro,sem_dado,0.05,tiktok_seller_center,1,0,1,0,,,79.9,79.9,1,0.0,0,3,4.0,1,2026-04,2026-04
ELIMARCILIO,2026-03,2026-03-01,2026-03-31,0.0,0.0,0.0,0.0,0,0.0,1,0,0.0,Ferro,sem_dado,0.05,tiktok_seller_center,0,0,0,0,,,0.0,0.0,0,0.0,1,0,0.0,1,2026-03,2026-03
ELINAKARAN,2026-02,2026-02-01,2026-02-28,0.0,0.0,0.0,0.0,0,0.0,0,1,0.0,Ferro,sem_dado,0.05,tiktok_seller_center,0,0,0,0,,,0.0,0.0,0,0.0,0,1,0.0,1,2026-02,2026-02
ELINEUZASANTOS.OFICIAL,2026-03,2026-03-01,2026-03-31,0.0,0.0,0.0,0.0,0,0.0,0,1,0.0,Ferro,sem_dado,0.05,tiktok_seller_center,0,0,0,0,,,0.0,0.0,0,0.0,0,1,0.0,1,2026-03,2026-03
ELIONAIMENDES7,2026-03,2026-03-01,2026-03-31,0.0,0.0,0.0,0.0,0,0.0,0,1,0.0,Ferro,sem_dado,0.05,tiktok_seller_center,0,0,0,0,,,0.0,0.0,0,0.0,0,1,0.0,1,2026-03,2026-03
ELIS.BARDIN,2026-03,2026-03-01,2026-03-31,0.0,0.0,0.0,0.0,0,0.0,0,1,0.0,Ferro,sem_dado,0.05,tiktok_seller_center,0,0,0,0,,,0.0,0.0,0,0.0,0,3,0.0,3,2026-01,2026-03
ELIS.SOUZA99,2026-02,2026-02-01,2026-02-28,0.0,0.0,0.0,0.0,0,0.0,3,0,0.0,Ferro,sem_dado,0.05,tiktok_seller_center,0,0,0,0,,,0.0,0.0,0,0.0,7,0,0.0,2,2026-01,2026-02
ELISA.TIKTOKSHOP,2026-03,2026-03-01,2026-03-31,0.0,0.0,0.0,0.0,0,0.0,0,1,0.0,Ferro,sem_dado,0.05,tiktok_seller_center,0,0,0,0,,,0.0,0.0,0,0.0,0,1,0.0,1,2026-03,2026-03
ELISAAO07,2026-01,2026-01-06,2026-01-31,0.0,0.0,0.0,0.0,0,0.0,1,0,0.0,Ferro,sem_dado,0.05,tiktok_seller_center,0,0,0,0,,,0.0,0.0,0,0.0,1,0,0.0,1,2026-01,2026-01
ELISAASHOP,2026-03,2026-03-01,2026-03-31,77.5,77.5,0.0,0.0,1,77.5,1,0,7.99,Ferro,sem_dado,0.05,tiktok_seller_center,1,0,1,0,,,77.5,77.5,1,0.0,1,0,3.88,1,2026-03,2026-03
ELISABETEAPARECID750,2026-03,2026-03-01,2026-03-31,0.0,0.0,0.0,0.0,0,0.0,0,1,0.0,Ferro,sem_dado,0.05,tiktok_seller_center,0,0,0,0,,,0.0,0.0,0,0.0,0,2,0.0,2,2026-02,2026-03
ELISABETESANTOS____,2026-01,2026-01-06,2026-01-31,0.0,0.0,0.0,0.0,0,0.0,0,1,0.0,Ferro,sem_dado,0.05,tiktok_seller_center,0,0,0,0,,,0.0,0.0,0,0.0,0,1,0.0,1,2026-01,2026-01
ELISAEDUARDAS22,2026-03,2026-03-01,2026-03-31,0.0,0.0,0.0,0.0,0,0.0,1,1,0.0,Ferro,sem_dado,0.05,tiktok_seller_center,0,0,0,0,,,0.0,0.0,0,0.0,4,4,0.0,2,2026-02,2026-03
ELISAMENEZES1402,2026-05,2026-05-01,2026-05-23,0.0,0.0,0.0,0.0,0,0.0,1,0,0.0,Ferro,sem_dado,0.05,tiktok_seller_center,,0,0,0,,0,0.0,0.0,0,0.0,1,0,0.0,1,2026-05,2026-05
ELISDLPEREIRA,2026-05,2026-05-01,2026-05-23,0.0,0.0,0.0,0.0,0,0.0,0,2,0.0,Ferro,sem_dado,0.05,tiktok_seller_center,,0,0,0,,0,0.0,0.0,0,0.0,0,2,0.0,1,2026-05,2026-05
ELISMARIAS3,2026-02,2026-02-01,2026-02-28,0.0,0.0,0.0,0.0,0,0.0,0,5,0.0,Ferro,sem_dado,0.05,tiktok_seller_center,0,0,0,0,,,0.0,0.0,0,0.0,0,8,0.0,2,2026-01,2026-02
ELISNUNESUGC,2026-03,2026-03-01,2026-03-31,0.0,0.0,0.0,0.0,0,0.0,0,2,0.0,Ferro,sem_dado,0.05,tiktok_seller_center,0,0,0,0,,,0.0,0.0,0,0.0,0,2,0.0,1,2026-03,2026-03
ELISOUSAAA,2026-03,2026-03-01,2026-03-31,0.0,0.0,0.0,0.0,0,0.0,0,1,0.0,Ferro,sem_dado,0.05,tiktok_seller_center,0,0,0,0,,,0.0,0.0,0,0.0,0,1,0.0,1,2026-03,2026-03
ELITEGRINGA,2026-02,2026-02-01,2026-02-28,0.0,0.0,0.0,0.0,0,0.0,0,3,0.0,Ferro,sem_dado,0.05,tiktok_seller_center,0,0,0,0,,,0.0,0.0,0,0.0,0,3,0.0,1,2026-02,2026-02
ELIZ.DAMASCENO1,2026-04,2026-04-01,2026-04-30,0.0,0.0,0.0,0.0,0,0.0,0,1,0.0,Ferro,sem_dado,0.05,tiktok_seller_center,0,0,0,0,,,0.0,0.0,0,0.0,0,1,0.0,1,2026-04,2026-04
ELIZABETHRECOMENDA,2026-02,2026-02-01,2026-02-28,0.0,0.0,0.0,0.0,0,0.0,0,1,0.0,Ferro,sem_dado,0.05,tiktok_seller_center,0,0,0,0,,,0.0,0.0,0,0.0,0,1,0.0,1,2026-02,2026-02
ELIZABETHTELESSANTOS,2026-04,2026-04-01,2026-04-30,0.0,0.0,0.0,0.0,0,0.0,1,0,0.0,Ferro,sem_dado,0.05,tiktok_seller_center,0,0,0,0,,,0.0,0.0,0,0.0,1,0,0.0,1,2026-04,2026-04
ELIZANGELA.OFICIAL01,2026-04,2026-04-01,2026-04-30,0.0,0.0,0.0,0.0,0,0.0,0,10,0.0,Ferro,sem_dado,0.05,tiktok_seller_center,0,0,0,0,,,0.0,0.0,0,0.0,0,15,0.0,2,2026-03,2026-04
ELIZANGELA4445,2026-05,2026-05-01,2026-05-23,0.0,0.0,0.0,0.0,0,0.0,9,0,0.0,Ferro,sem_dado,0.05,tiktok_seller_center,0,0,0,0,,0,0.0,0.0,0,0.0,26,0,0.0,3,2026-03,2026-05
ELIZETE_FERREIRA38,2026-02,2026-02-01,2026-02-28,0.0,0.0,0.0,0.0,0,0.0,0,1,0.0,Ferro,sem_dado,0.05,tiktok_seller_center,0,0,0,0,,,0.0,0.0,0,0.0,0,1,0.0,1,2026-02,2026-02
ELLA.PURAELEGANCIA,2026-05,2026-05-01,2026-05-23,0.0,0.0,0.0,0.0,0,0.0,0,4,0.0,Ferro,sem_dado,0.05,tiktok_seller_center,0,0,0,0,,0,0.0,0.0,0,0.0,8,16,0.0,4,2026-02,2026-05
ELLAA_MODAS,2026-03,2026-03-01,2026-03-31,81.9,81.9,0.0,0.0,1,81.9,1,0,7.99,Ferro,sem_dado,0.05,tiktok_seller_center,1,0,1,0,,,161.8,161.8,2,0.0,3,0,8.1,2,2026-02,2026-03
ELLAINSPIRASHOP,2026-04,2026-04-01,2026-04-30,0.0,0.0,0.0,0.0,0,0.0,1,0,0.0,Ferro,sem_dado,0.05,tiktok_seller_center,0,0,0,0,,,0.0,0.0,0,0.0,1,0,0.0,1,2026-04,2026-04
ELLENALVESH,2026-05,2026-05-01,2026-05-23,0.0,0.0,0.0,0.0,0,0.0,0,1,0.0,Ferro,sem_dado,0.05,tiktok_seller_center,0,0,0,0,,0,0.0,0.0,0,0.0,0,2,0.0,2,2026-04,2026-05
ELLENANTONUCCIBER,2026-04,2026-04-01,2026-04-30,0.0,0.0,0.0,0.0,0,0.0,2,3,0.0,Ferro,sem_dado,0.05,tiktok_seller_center,0,0,0,0,,,0.0,0.0,0,0.0,2,3,0.0,1,2026-04,2026-04
ELLENBEAUTYCREATOR,2026-03,2026-03-01,2026-03-31,0.0,0.0,0.0,0.0,0,0.0,0,2,0.0,Ferro,sem_dado,0.05,tiktok_seller_center,0,0,0,0,,,0.0,0.0,0,0.0,3,6,0.0,3,2026-01,2026-03
ELLENIOTTI,2026-03,2026-03-01,2026-03-31,0.0,0.0,0.0,0.0,0,0.0,1,0,0.0,Ferro,sem_dado,0.05,tiktok_seller_center,0,0,0,0,,,0.0,0.0,0,0.0,1,0,0.0,1,2026-03,2026-03
ELLENTIIFFANY,2026-04,2026-04-01,2026-04-30,0.0,-83.1,83.1,0.0,0,0.0,0,0,0.0,Ferro,sem_dado,0.05,tiktok_seller_center,0,1,0,0,,,225.54,62.53999999999999,3,163.0,14,15,3.12,2,2026-03,2026-04
ELLEN_MAEATIPICA,2026-03,2026-03-01,2026-03-31,92.19,92.19,0.0,0.0,1,92.19,2,5,8.24,Ferro,sem_dado,0.05,tiktok_seller_center,1,0,1,0,,,92.19,92.19,1,0.0,2,5,4.61,1,2026-03,2026-03
ELLE_INDICA,2026-03,2026-03-01,2026-03-31,0.0,0.0,0.0,0.0,0,0.0,1,0,0.0,Ferro,sem_dado,0.05,tiktok_seller_center,0,0,0,0,,,0.0,0.0,0,0.0,1,0,0.0,1,2026-03,2026-03
ELO.OFICIAL7,2026-04,2026-04-01,2026-04-30,0.0,0.0,0.0,0.0,0,0.0,1,0,0.0,Ferro,sem_dado,0.05,tiktok_seller_center,0,0,0,0,,,0.0,0.0,0,0.0,1,0,0.0,1,2026-04,2026-04
ELOAHINDICA,2026-01,2026-01-06,2026-01-31,0.0,0.0,0.0,0.0,0,0.0,1,0,0.0,Ferro,sem_dado,0.05,tiktok_seller_center,0,0,0,0,,,0.0,0.0,0,0.0,1,0,0.0,1,2026-01,2026-01
ELOASARON,2026-04,2026-04-01,2026-04-30,0.0,0.0,0.0,0.0,0,0.0,0,1,0.0,Ferro,sem_dado,0.05,tiktok_seller_center,0,0,0,0,,,0.0,0.0,0,0.0,0,1,0.0,1,2026-04,2026-04
ELOISAZEVEDO,2026-04,2026-04-01,2026-04-30,0.0,0.0,0.0,0.0,0,0.0,1,0,0.0,Ferro,sem_dado,0.05,tiktok_seller_center,0,0,0,0,,,0.0,0.0,0,0.0,1,0,0.0,1,2026-04,2026-04
ELO_PAIVA1,2026-01,2026-01-06,2026-01-31,0.0,0.0,0.0,0.0,0,0.0,1,0,0.0,Ferro,sem_dado,0.05,tiktok_seller_center,0,0,0,0,,,0.0,0.0,0,0.0,1,0,0.0,1,2026-01,2026-01
ELSHADDAI.FATIMACREATOR,2026-04,2026-04-01,2026-04-30,0.0,0.0,0.0,0.0,0,0.0,0,1,0.0,Ferro,sem_dado,0.05,tiktok_seller_center,0,0,0,0,,,0.0,0.0,0,0.0,0,1,0.0,1,2026-04,2026-04
ELYCREATOR01,2026-04,2026-04-01,2026-04-30,0.0,0.0,0.0,0.0,0,0.0,2,0,0.0,Ferro,sem_dado,0.05,tiktok_seller_center,0,0,0,0,,,0.0,0.0,0,0.0,2,0,0.0,1,2026-04,2026-04
ELYDANTASM,2026-03,2026-03-01,2026-03-31,0.0,0.0,0.0,0.0,0,0.0,0,1,0.0,Ferro,sem_dado,0.05,tiktok_seller_center,0,0,0,0,,,0.0,0.0,0,0.0,0,1,0.0,1,2026-03,2026-03
ELYKAZYS,2026-05,2026-05-01,2026-05-23,0.0,0.0,0.0,0.0,0,0.0,1,0,0.0,Ferro,sem_dado,0.05,tiktok_seller_center,,0,0,0,,0,0.0,0.0,0,0.0,1,0,0.0,1,2026-05,2026-05
ELYSHOPOFICIAL,2026-03,2026-03-01,2026-03-31,0.0,0.0,0.0,0.0,0,0.0,1,1,0.0,Ferro,sem_dado,0.05,tiktok_seller_center,0,0,0,0,,,0.0,0.0,0,0.0,2,2,0.0,2,2026-02,2026-03
ELZACRISTINA179,2026-03,2026-03-01,2026-03-31,0.0,0.0,0.0,0.0,0,0.0,0,7,0.0,Ferro,sem_dado,0.05,tiktok_seller_center,0,0,0,0,,,0.0,0.0,0,0.0,0,7,0.0,1,2026-03,2026-03
ELZAMEDEIROS6,2026-01,2026-01-06,2026-01-31,0.0,0.0,0.0,0.0,0,0.0,1,1,0.0,Ferro,sem_dado,0.05,tiktok_seller_center,0,0,0,0,,,0.0,0.0,0,0.0,1,1,0.0,1,2026-01,2026-01
EM.MIX.STORE,2026-03,2026-03-01,2026-03-31,0.0,0.0,0.0,0.0,0,0.0,1,0,0.0,Ferro,sem_dado,0.05,tiktok_seller_center,0,0,0,0,,,0.0,0.0,0,0.0,1,0,0.0,1,2026-03,2026-03
EMANOELJUNIOROFICIAL0,2026-03,2026-03-01,2026-03-31,0.0,0.0,0.0,0.0,0,0.0,0,1,0.0,Ferro,sem_dado,0.05,tiktok_seller_center,0,0,0,0,,,0.0,0.0,0,0.0,0,1,0.0,1,2026-03,2026-03
EMANUELAARRUDACLOSET,2026-03,2026-03-01,2026-03-31,0.0,0.0,0.0,0.0,0,0.0,1,0,0.0,Ferro,sem_dado,0.05,tiktok_seller_center,0,0,0,0,,,0.0,0.0,0,0.0,1,0,0.0,1,2026-03,2026-03
EMANUELE2026MODAS,2026-04,2026-04-01,2026-04-30,0.0,0.0,0.0,0.0,0,0.0,1,0,0.0,Ferro,sem_dado,0.05,tiktok_seller_center,0,0,0,0,,,0.0,0.0,0,0.0,1,0,0.0,1,2026-04,2026-04
EMANUELI.MASSII,2026-05,2026-05-01,2026-05-23,0.0,0.0,0.0,0.0,0,0.0,0,1,0.0,Ferro,sem_dado,0.05,tiktok_seller_center,,0,0,0,,0,0.0,0.0,0,0.0,0,1,0.0,1,2026-05,2026-05
EMANUELLEMENINI,2026-03,2026-03-01,2026-03-31,0.0,0.0,0.0,0.0,0,0.0,1,0,0.0,Ferro,sem_dado,0.05,tiktok_seller_center,0,0,0,0,,,0.0,0.0,0,0.0,1,0,0.0,1,2026-03,2026-03
EMANUELLEVAZZ,2026-05,2026-05-01,2026-05-23,0.0,0.0,0.0,0.0,0,0.0,2,0,0.0,Ferro,sem_dado,0.05,tiktok_seller_center,0,0,0,0,,0,0.0,0.0,0,0.0,5,0,0.0,2,2026-03,2026-05
EMANUELLI.MASSI,2026-05,2026-05-01,2026-05-23,0.0,0.0,0.0,0.0,0,0.0,0,24,0.0,Ferro,sem_dado,0.05,tiktok_seller_center,1,0,0,0,,0,79.9,79.9,1,0.0,24,31,4.0,2,2026-04,2026-05
EMILEINETAVARES,2026-04,2026-04-01,2026-04-30,0.0,0.0,0.0,0.0,0,0.0,2,1,0.0,Ferro,sem_dado,0.05,tiktok_seller_center,0,0,0,0,,,0.0,0.0,0,0.0,2,1,0.0,1,2026-04,2026-04
EMILLYCRISTYNN,2026-05,2026-05-01,2026-05-23,0.0,0.0,0.0,0.0,0,0.0,1,0,0.0,Ferro,sem_dado,0.05,tiktok_seller_center,1,0,0,0,,0,70.02,70.02,1,0.0,3,0,3.5,2,2026-01,2026-05
EMILLYN_STEFANY,2026-03,2026-03-01,2026-03-31,0.0,0.0,0.0,0.0,0,0.0,0,1,0.0,Ferro,sem_dado,0.05,tiktok_seller_center,0,0,0,0,,,0.0,0.0,0,0.0,0,1,0.0,1,2026-03,2026-03
EMILY.STEFANE87,2026-02,2026-02-01,2026-02-28,0.0,0.0,0.0,0.0,0,0.0,0,3,0.0,Ferro,sem_dado,0.05,tiktok_seller_center,0,0,0,0,,,0.0,0.0,0,0.0,0,5,0.0,2,2026-01,2026-02
EMILYINDICATT,2026-05,2026-05-01,2026-05-23,0.0,0.0,0.0,0.0,0,0.0,1,0,0.0,Ferro,sem_dado,0.05,tiktok_seller_center,,0,0,0,,0,0.0,0.0,0,0.0,1,0,0.0,1,2026-05,2026-05
EMILYLAZARIN_,2026-01,2026-01-06,2026-01-31,81.9,81.9,0.0,0.0,1,81.9,0,0,7.99,Ferro,sem_dado,0.05,tiktok_seller_center,1,0,1,0,,,81.9,81.9,1,0.0,0,0,4.1,1,2026-01,2026-01
EMILYYVINNI,2026-03,2026-03-01,2026-03-31,0.0,0.0,0.0,0.0,0,0.0,1,0,0.0,Ferro,sem_dado,0.05,tiktok_seller_center,0,0,0,0,,,0.0,0.0,0,0.0,1,0,0.0,1,2026-03,2026-03
EMMA.SANTOSSS,2026-03,2026-03-01,2026-03-31,0.0,0.0,0.0,0.0,0,0.0,1,1,0.0,Ferro,sem_dado,0.05,tiktok_seller_center,0,0,0,0,,,0.0,0.0,0,0.0,1,1,0.0,1,2026-03,2026-03
EMMILY.RODRIGUES,2026-04,2026-04-01,2026-04-30,0.0,0.0,0.0,0.0,0,0.0,1,0,0.0,Ferro,sem_dado,0.05,tiktok_seller_center,0,0,0,0,,,0.0,0.0,0,0.0,1,0,0.0,1,2026-04,2026-04
EMPORIOMADUREIRO,2026-05,2026-05-01,2026-05-23,0.0,0.0,0.0,0.0,0,0.0,0,1,0.0,Ferro,sem_dado,0.05,tiktok_seller_center,0,0,0,0,,0,0.0,0.0,0,0.0,0,23,0.0,2,2026-04,2026-05
EMPORIO_SHOPP,2026-04,2026-04-01,2026-04-30,79.9,79.9,0.0,0.0,1,79.9,0,1,6.39,Ferro,sem_dado,0.05,tiktok_seller_center,1,0,1,0,,,79.9,79.9,1,0.0,0,1,4.0,1,2026-04,2026-04
EMPORIUMPROXY,2026-05,2026-05-01,2026-05-23,0.0,0.0,0.0,0.0,0,0.0,1,0,0.0,Ferro,sem_dado,0.05,tiktok_seller_center,,0,0,0,,0,0.0,0.0,0,0.0,1,0,0.0,1,2026-05,2026-05
EMPREENDACOMGUGA,2026-05,2026-05-01,2026-05-23,0.0,0.0,0.0,0.0,0,0.0,0,83,0.0,Ferro,sem_dado,0.05,tiktok_seller_center,0,0,0,0,,0,0.0,0.0,0,0.0,0,105,0.0,4,2026-01,2026-05
EMPREENDENDOEMFAMILIA,2026-03,2026-03-01,2026-03-31,0.0,0.0,0.0,0.0,0,0.0,0,2,0.0,Ferro,sem_dado,0.05,tiktok_seller_center,0,0,0,0,,,0.0,0.0,0,0.0,0,2,0.0,1,2026-03,2026-03
ENCANTOSETENDENCIAS,2026-03,2026-03-01,2026-03-31,0.0,0.0,0.0,0.0,0,0.0,0,3,0.0,Ferro,sem_dado,0.05,tiktok_seller_center,0,0,0,0,,,0.0,0.0,0,0.0,0,12,0.0,2,2026-02,2026-03
ENDIMARY1,2026-04,2026-04-01,2026-04-30,0.0,0.0,0.0,0.0,0,0.0,0,4,0.0,Ferro,sem_dado,0.05,tiktok_seller_center,0,0,0,0,,,0.0,0.0,0,0.0,0,4,0.0,1,2026-04,2026-04
ENTREFRALDASEPAREDES,2026-04,2026-04-01,2026-04-30,0.0,0.0,0.0,0.0,0,0.0,2,0,0.0,Ferro,sem_dado,0.05,tiktok_seller_center,0,0,0,0,,,0.0,0.0,0,0.0,4,0,0.0,2,2026-03,2026-04
ENTREPAPOSEACHADOS,2026-05,2026-05-01,2026-05-23,0.0,0.0,0.0,0.0,0,0.0,0,1,0.0,Ferro,sem_dado,0.05,tiktok_seller_center,0,0,0,0,,0,0.0,0.0,0,0.0,0,3,0.0,2,2026-04,2026-05
ENYLA.CREATOR,2026-02,2026-02-01,2026-02-28,0.0,0.0,0.0,0.0,0,0.0,1,0,0.0,Ferro,sem_dado,0.05,tiktok_seller_center,0,0,0,0,,,0.0,0.0,0,0.0,1,0,0.0,1,2026-02,2026-02
EPIKISPLUS,2026-02,2026-02-01,2026-02-28,0.0,0.0,0.0,0.0,0,0.0,4,0,0.0,Ferro,sem_dado,0.05,tiktok_seller_center,0,0,0,0,,,0.0,0.0,0,0.0,4,0,0.0,1,2026-02,2026-02
EPILEPSIANAO,2026-01,2026-01-06,2026-01-31,0.0,0.0,0.0,0.0,0,0.0,0,1,0.0,Ferro,sem_dado,0.05,tiktok_seller_center,0,0,0,0,,,0.0,0.0,0,0.0,0,1,0.0,1,2026-01,2026-01
ERICA.ASCARI,2026-04,2026-04-01,2026-04-30,0.0,0.0,0.0,0.0,0,0.0,5,0,0.0,Ferro,sem_dado,0.05,tiktok_seller_center,0,0,0,0,,,0.0,0.0,0,0.0,6,1,0.0,2,2026-03,2026-04
ERICA.LACERDA430,2026-05,2026-05-01,2026-05-23,0.0,0.0,0.0,0.0,0,0.0,0,1,0.0,Ferro,sem_dado,0.05,tiktok_seller_center,0,0,0,0,,0,0.0,0.0,0,0.0,0,19,0.0,3,2026-03,2026-05
ERICA.TAVARES.9279_,2026-02,2026-02-01,2026-02-28,0.0,0.0,0.0,0.0,0,0.0,2,0,0.0,Ferro,sem_dado,0.05,tiktok_seller_center,0,0,0,0,,,0.0,0.0,0,0.0,2,0,0.0,1,2026-02,2026-02
ERICACANDINI,2026-05,2026-05-01,2026-05-23,0.0,0.0,0.0,0.0,0,0.0,0,7,0.0,Ferro,sem_dado,0.05,tiktok_seller_center,0,0,0,0,,0,0.0,0.0,0,0.0,0,12,0.0,2,2026-04,2026-05
ERICALUONGOINDICA,2026-03,2026-03-01,2026-03-31,0.0,0.0,0.0,0.0,0,0.0,0,6,0.0,Ferro,sem_dado,0.05,tiktok_seller_center,0,0,0,0,,,0.0,0.0,0,0.0,0,10,0.0,2,2026-02,2026-03
ERICAMCABELUDA,2026-05,2026-05-01,2026-05-23,8830.61,7050.27,1780.34,20.16,87,101.5,44,0,843.52,Diamante,sem_dado,0.13,tiktok_seller_center,345,21,2,0,,90,196059.23,174569.36,2388,21489.870000000003,152,6,19817.91,5,2026-01,2026-05
ERICA_PERE,2026-03,2026-03-01,2026-03-31,0.0,0.0,0.0,0.0,0,0.0,2,0,0.0,Ferro,sem_dado,0.05,tiktok_seller_center,0,0,0,0,,,0.0,0.0,0,0.0,2,0,0.0,1,2026-03,2026-03
ERICK_SBERSE1,2026-05,2026-05-01,2026-05-23,0.0,0.0,0.0,0.0,0,0.0,2,0,0.0,Ferro,sem_dado,0.05,tiktok_seller_center,,0,0,0,,0,0.0,0.0,0,0.0,2,0,0.0,1,2026-05,2026-05
ERIDIANEBARBOSARO,2026-03,2026-03-01,2026-03-31,0.0,0.0,0.0,0.0,0,0.0,0,3,0.0,Ferro,sem_dado,0.05,tiktok_seller_center,0,0,0,0,,,0.0,0.0,0,0.0,0,7,0.0,2,2026-02,2026-03
ERIKADEPAULASILVA2,2026-04,2026-04-01,2026-04-30,0.0,0.0,0.0,0.0,0,0.0,0,9,0.0,Ferro,sem_dado,0.05,tiktok_seller_center,0,0,0,0,,,0.0,0.0,0,0.0,0,9,0.0,1,2026-04,2026-04
ERIKAMIRANDA1,2026-04,2026-04-01,2026-04-30,0.0,0.0,0.0,0.0,0,0.0,1,0,0.0,Ferro,sem_dado,0.05,tiktok_seller_center,0,0,0,0,,,0.0,0.0,0,0.0,11,0,0.0,4,2026-01,2026-04
ERIKAOLIVEIRACASSIM,2026-03,2026-03-01,2026-03-31,89.9,89.9,0.0,0.0,1,89.9,0,0,9.49,Ferro,sem_dado,0.05,tiktok_seller_center,1,0,1,0,,,89.9,89.9,1,0.0,0,0,4.5,1,2026-03,2026-03
ERIKASOUZA363,2026-02,2026-02-01,2026-02-28,0.0,0.0,0.0,0.0,0,0.0,1,0,0.0,Ferro,sem_dado,0.05,tiktok_seller_center,0,0,0,0,,,0.0,0.0,0,0.0,1,0,0.0,1,2026-02,2026-02
ERISLANEPEREIRA6,2026-05,2026-05-01,2026-05-23,0.0,0.0,0.0,0.0,0,0.0,0,4,0.0,Ferro,sem_dado,0.05,tiktok_seller_center,0,0,0,0,,0,0.0,0.0,0,0.0,0,5,0.0,2,2026-04,2026-05
ERISVAIDQW3,2026-03,2026-03-01,2026-03-31,0.0,0.0,0.0,0.0,0,0.0,0,1,0.0,Ferro,sem_dado,0.05,tiktok_seller_center,0,0,0,0,,,0.0,0.0,0,0.0,0,1,0.0,1,2026-03,2026-03
ERITANIA.ALMEIDA4,2026-05,2026-05-01,2026-05-23,0.0,0.0,0.0,0.0,0,0.0,0,1,0.0,Ferro,sem_dado,0.05,tiktok_seller_center,,0,0,0,,0,0.0,0.0,0,0.0,0,1,0.0,1,2026-05,2026-05
ERYSVANIAOFICIAL,2026-05,2026-05-01,2026-05-23,0.0,0.0,0.0,0.0,0,0.0,0,1,0.0,Ferro,sem_dado,0.05,tiktok_seller_center,0,0,0,0,,0,0.0,0.0,0,0.0,0,16,0.0,2,2026-03,2026-05
ESAUMIRANDA853,2026-02,2026-02-01,2026-02-28,0.0,0.0,0.0,0.0,0,0.0,1,0,0.0,Ferro,sem_dado,0.05,tiktok_seller_center,0,0,0,0,,,0.0,0.0,0,0.0,1,0,0.0,1,2026-02,2026-02
ESCOLHA.CERTA56,2026-02,2026-02-01,2026-02-28,0.0,0.0,0.0,0.0,0,0.0,1,0,0.0,Ferro,sem_dado,0.05,tiktok_seller_center,0,0,0,0,,,0.0,0.0,0,0.0,1,0,0.0,1,2026-02,2026-02
ESCOLHADODIAA,2026-05,2026-05-01,2026-05-23,0.0,0.0,0.0,0.0,0,0.0,2,0,0.0,Ferro,sem_dado,0.05,tiktok_seller_center,,0,0,0,,0,0.0,0.0,0,0.0,2,0,0.0,1,2026-05,2026-05
ESCOLHAPERFEITADALAINE,2026-02,2026-02-01,2026-02-28,79.9,79.9,0.0,0.0,1,79.9,0,0,7.99,Ferro,sem_dado,0.05,tiktok_seller_center,1,0,1,0,,,79.9,79.9,1,0.0,0,0,4.0,1,2026-02,2026-02
ESCOLHASCERTASJB,2026-05,2026-05-01,2026-05-23,0.0,0.0,0.0,0.0,0,0.0,1,0,0.0,Ferro,sem_dado,0.05,tiktok_seller_center,,0,0,0,,0,0.0,0.0,0,0.0,1,0,0.0,1,2026-05,2026-05
ESCOLHASDALETICIA,2026-03,2026-03-01,2026-03-31,0.0,0.0,0.0,0.0,0,0.0,1,0,0.0,Ferro,sem_dado,0.05,tiktok_seller_center,0,0,0,0,,,0.0,0.0,0,0.0,1,0,0.0,1,2026-03,2026-03
ESCOLHASDELUXOCP,2026-04,2026-04-01,2026-04-30,0.0,0.0,0.0,0.0,0,0.0,0,1,0.0,Ferro,sem_dado,0.05,tiktok_seller_center,0,0,0,0,,,0.0,0.0,0,0.0,2,1,0.0,2,2026-03,2026-04
ESCUTA.AMIGA,2026-05,2026-05-01,2026-05-23,3229.28,2681.7400000000002,547.54,16.96,34,94.98,0,30,215.77,Prata,sem_dado,0.09,tiktok_seller_center,106,7,1,0,,34,14385.400000000001,12326.66,169,2058.74,6,94,862.86,3,2026-03,2026-05
ESCUTAESSA83,2026-02,2026-02-01,2026-02-28,0.0,0.0,0.0,0.0,0,0.0,1,0,0.0,Ferro,sem_dado,0.05,tiktok_seller_center,0,0,0,0,,,0.0,0.0,0,0.0,1,0,0.0,1,2026-02,2026-02
ESPACO.ARAGOZO,2026-04,2026-04-01,2026-04-30,0.0,0.0,0.0,0.0,0,0.0,1,0,0.0,Ferro,sem_dado,0.05,tiktok_seller_center,0,0,0,0,,,0.0,0.0,0,0.0,1,0,0.0,1,2026-04,2026-04
ESPACODEBORANAYANE,2026-04,2026-04-01,2026-04-30,67.34,67.34,0.0,0.0,1,67.34,0,0,7.22,Ferro,sem_dado,0.05,tiktok_seller_center,1,0,1,0,,,67.34,67.34,1,0.0,0,0,3.37,1,2026-04,2026-04
ESPECIALISTADAMODA,2026-03,2026-03-01,2026-03-31,0.0,0.0,0.0,0.0,0,0.0,2,0,0.0,Ferro,sem_dado,0.05,tiktok_seller_center,0,0,0,0,,,0.0,0.0,0,0.0,2,0,0.0,1,2026-03,2026-03
ESPOSATROFEUREAL,2026-03,2026-03-01,2026-03-31,0.0,0.0,0.0,0.0,0,0.0,1,0,0.0,Ferro,sem_dado,0.05,tiktok_seller_center,0,0,0,0,,,79.9,79.9,1,0.0,1,0,4.0,2,2026-02,2026-03
ESSENCIADANI,2026-05,2026-05-01,2026-05-23,179.5,179.5,0.0,0.0,2,89.75,0,0,14.39,Bronze,sem_dado,0.07,tiktok_seller_center,3,0,1,0,,2,2420.7200000000003,2038.6399999999999,28,382.08,11,0,101.92,4,2026-02,2026-05
ESSENCIAL.STORE_,2026-02,2026-02-01,2026-02-28,0.0,0.0,0.0,0.0,0,0.0,1,0,0.0,Ferro,sem_dado,0.05,tiktok_seller_center,0,0,0,0,,,0.0,0.0,0,0.0,4,0,0.0,2,2026-01,2026-02
ESSENCIALFEMININOSHOP,2026-04,2026-04-01,2026-04-30,0.0,0.0,0.0,0.0,0,0.0,1,0,0.0,Ferro,sem_dado,0.05,tiktok_seller_center,0,0,0,0,,,0.0,0.0,0,0.0,6,0,0.0,3,2026-02,2026-04
ESSENZAMODAFEMININA,2026-04,2026-04-01,2026-04-30,0.0,0.0,0.0,0.0,0,0.0,0,2,0.0,Ferro,sem_dado,0.05,tiktok_seller_center,0,0,0,0,,,0.0,0.0,0,0.0,0,2,0.0,1,2026-04,2026-04
ESTAVA_ESCONDIDO,2026-04,2026-04-01,2026-04-30,0.0,0.0,0.0,0.0,0,0.0,1,0,0.0,Ferro,sem_dado,0.05,tiktok_seller_center,0,0,0,0,,,0.0,0.0,0,0.0,2,0,0.0,2,2026-03,2026-04
ESTEFANEMENINADAPECUARIA,2026-05,2026-05-01,2026-05-23,0.0,0.0,0.0,0.0,0,0.0,1,0,0.0,Ferro,sem_dado,0.05,tiktok_seller_center,,0,0,0,,0,0.0,0.0,0,0.0,1,0,0.0,1,2026-05,2026-05
ESTEFII.SANTOS,2026-04,2026-04-01,2026-04-30,0.0,0.0,0.0,0.0,0,0.0,0,1,0.0,Ferro,sem_dado,0.05,tiktok_seller_center,0,0,0,0,,,0.0,0.0,0,0.0,0,1,0.0,1,2026-04,2026-04
ESTEROLIVEIRASHOP,2026-05,2026-05-01,2026-05-23,0.0,0.0,0.0,0.0,0,0.0,0,1,0.0,Ferro,sem_dado,0.05,tiktok_seller_center,0,0,0,0,,0,0.0,0.0,0,0.0,0,17,0.0,4,2026-02,2026-05
ESTEVAO.N,2026-03,2026-03-01,2026-03-31,0.0,0.0,0.0,0.0,0,0.0,0,4,0.0,Ferro,sem_dado,0.05,tiktok_seller_center,0,0,0,0,,,0.0,0.0,0,0.0,0,4,0.0,1,2026-03,2026-03
ESTHEFANIMARCHETT,2026-03,2026-03-01,2026-03-31,0.0,0.0,0.0,0.0,0,0.0,0,4,0.0,Ferro,sem_dado,0.05,tiktok_seller_center,0,0,0,0,,,0.0,0.0,0,0.0,0,4,0.0,1,2026-03,2026-03
ESTILO.ANASHOP,2026-05,2026-05-01,2026-05-23,0.0,0.0,0.0,0.0,0,0.0,0,11,0.0,Ferro,sem_dado,0.05,tiktok_seller_center,1,0,0,0,,0,150.39,150.39,2,0.0,6,68,7.52,3,2026-03,2026-05
ESTILO.DE.MILHOES,2026-05,2026-05-01,2026-05-23,113.1,113.1,0.0,0.0,1,113.1,0,25,7.99,Ferro,sem_dado,0.05,tiktok_seller_center,2,0,1,0,,1,918.97,763.49,11,155.48000000000002,14,59,38.18,4,2026-02,2026-05
ESTILOCOMCONFORTO,2026-03,2026-03-01,2026-03-31,0.0,0.0,0.0,0.0,0,0.0,5,5,0.0,Ferro,sem_dado,0.05,tiktok_seller_center,0,0,0,0,,,0.0,0.0,0,0.0,5,5,0.0,1,2026-03,2026-03
ESTILODAFRAN,2026-03,2026-03-01,2026-03-31,0.0,0.0,0.0,0.0,0,0.0,1,0,0.0,Ferro,sem_dado,0.05,tiktok_seller_center,0,0,0,0,,,0.0,0.0,0,0.0,2,0,0.0,2,2026-02,2026-03
ESTILODAMULHER,2026-03,2026-03-01,2026-03-31,0.0,0.0,0.0,0.0,0,0.0,4,0,0.0,Ferro,sem_dado,0.05,tiktok_seller_center,0,0,0,0,,,0.0,0.0,0,0.0,4,0,0.0,1,2026-03,2026-03
ESTILODAMULHER20,2026-05,2026-05-01,2026-05-23,0.0,0.0,0.0,0.0,0,0.0,1,0,0.0,Ferro,sem_dado,0.05,tiktok_seller_center,,0,0,0,,0,0.0,0.0,0,0.0,1,0,0.0,1,2026-05,2026-05
ESTILOSHOPBR,2026-02,2026-02-01,2026-02-28,0.0,0.0,0.0,0.0,0,0.0,1,0,0.0,Ferro,sem_dado,0.05,tiktok_seller_center,0,0,0,0,,,0.0,0.0,0,0.0,1,0,0.0,1,2026-02,2026-02
ESTILO_KARINA,2026-02,2026-02-01,2026-02-28,109.52,109.52,0.0,0.0,1,109.52,0,0,8.54,Ferro,sem_dado,0.05,tiktok_seller_center,1,0,1,0,,,109.52,109.52,1,0.0,0,0,5.48,1,2026-02,2026-02
ESTOROUSHOP,2026-01,2026-01-06,2026-01-31,0.0,0.0,0.0,0.0,0,0.0,1,0,0.0,Ferro,sem_dado,0.05,tiktok_seller_center,0,0,0,0,,,0.0,0.0,0,0.0,1,0,0.0,1,2026-01,2026-01
ESTOUOFFNOMOMENTO2026,2026-03,2026-03-01,2026-03-31,0.0,0.0,0.0,0.0,0,0.0,0,1,0.0,Ferro,sem_dado,0.05,tiktok_seller_center,0,0,0,0,,,0.0,0.0,0,0.0,0,1,0.0,1,2026-03,2026-03
ESTRELINHA_GUIA,2026-04,2026-04-01,2026-04-30,0.0,0.0,0.0,0.0,0,0.0,0,1,0.0,Ferro,sem_dado,0.05,tiktok_seller_center,0,0,0,0,,,0.0,0.0,0,0.0,0,1,0.0,1,2026-04,2026-04
EU.ANATALY,2026-04,2026-04-01,2026-04-30,0.0,0.0,0.0,0.0,0,0.0,4,0,0.0,Ferro,sem_dado,0.05,tiktok_seller_center,0,0,0,0,,,0.0,0.0,0,0.0,4,0,0.0,1,2026-04,2026-04
EU.CAMILARODRIGUES,2026-04,2026-04-01,2026-04-30,0.0,0.0,0.0,0.0,0,0.0,0,10,0.0,Ferro,sem_dado,0.05,tiktok_seller_center,0,0,0,0,,,0.0,0.0,0,0.0,0,10,0.0,1,2026-04,2026-04
EU.DAYALENCAR,2026-03,2026-03-01,2026-03-31,0.0,0.0,0.0,0.0,0,0.0,2,0,0.0,Ferro,sem_dado,0.05,tiktok_seller_center,0,0,0,0,,,0.0,0.0,0,0.0,2,0,0.0,1,2026-03,2026-03
EU.DEYSEBARBOSA,2026-03,2026-03-01,2026-03-31,0.0,0.0,0.0,0.0,0,0.0,6,0,0.0,Ferro,sem_dado,0.05,tiktok_seller_center,0,0,0,0,,,0.0,0.0,0,0.0,6,0,0.0,1,2026-03,2026-03
EU.FERNANDA.OFC,2026-03,2026-03-01,2026-03-31,0.0,0.0,0.0,0.0,0,0.0,1,0,0.0,Ferro,sem_dado,0.05,tiktok_seller_center,0,0,0,0,,,0.0,0.0,0,0.0,1,0,0.0,1,2026-03,2026-03
EU.FESANCHES,2026-03,2026-03-01,2026-03-31,0.0,0.0,0.0,0.0,0,0.0,0,1,0.0,Ferro,sem_dado,0.05,tiktok_seller_center,0,0,0,0,,,0.0,0.0,0,0.0,1,6,0.0,3,2026-01,2026-03
EU.LIDIANNEMARTINS,2026-05,2026-05-01,2026-05-23,118.6,-152.79999999999998,271.4,228.84,1,118.6,0,0,8.7,Ferro,sem_dado,0.05,tiktok_seller_center,15,3,1,0,,1,2439.4,1892.9500000000003,26,546.45,5,0,94.65,3,2026-03,2026-05
EU.NACAROLINA,2026-02,2026-02-01,2026-02-28,0.0,0.0,0.0,0.0,0,0.0,0,2,0.0,Ferro,sem_dado,0.05,tiktok_seller_center,0,0,0,0,,,0.0,0.0,0,0.0,0,2,0.0,1,2026-02,2026-02
EU.NANDA.SHOP,2026-03,2026-03-01,2026-03-31,0.0,0.0,0.0,0.0,0,0.0,1,0,0.0,Ferro,sem_dado,0.05,tiktok_seller_center,0,0,0,0,,,0.0,0.0,0,0.0,1,0,0.0,1,2026-03,2026-03
EU.NANIRIBEIRO,2026-05,2026-05-01,2026-05-23,0.0,0.0,0.0,0.0,0,0.0,3,0,0.0,Ferro,sem_dado,0.05,tiktok_seller_center,,0,0,0,,0,0.0,0.0,0,0.0,3,0,0.0,1,2026-05,2026-05
EU.SABRINAROSA,2026-05,2026-05-01,2026-05-23,0.0,0.0,0.0,0.0,0,0.0,0,2,0.0,Ferro,sem_dado,0.05,tiktok_seller_center,,0,0,0,,0,0.0,0.0,0,0.0,0,2,0.0,1,2026-05,2026-05
EU.TAYNADIAS,2026-04,2026-04-01,2026-04-30,0.0,0.0,0.0,0.0,0,0.0,2,0,0.0,Ferro,sem_dado,0.05,tiktok_seller_center,0,0,0,0,,,0.0,0.0,0,0.0,2,0,0.0,1,2026-04,2026-04
EU285951,2026-03,2026-03-01,2026-03-31,0.0,0.0,0.0,0.0,0,0.0,0,4,0.0,Ferro,sem_dado,0.05,tiktok_seller_center,0,0,0,0,,,0.0,0.0,0,0.0,3,4,0.0,2,2026-02,2026-03
EUALICEINDICO,2026-05,2026-05-01,2026-05-23,0.0,0.0,0.0,0.0,0,0.0,0,3,0.0,Ferro,sem_dado,0.05,tiktok_seller_center,,0,0,0,,0,0.0,0.0,0,0.0,0,3,0.0,1,2026-05,2026-05
EUALICEMARTINSSS,2026-05,2026-05-01,2026-05-23,0.0,0.0,0.0,0.0,0,0.0,0,2,0.0,Ferro,sem_dado,0.05,tiktok_seller_center,0,0,0,0,,0,0.0,0.0,0,0.0,0,29,0.0,3,2026-03,2026-05
EUALINEBARRETO10,2026-05,2026-05-01,2026-05-23,0.0,0.0,0.0,0.0,0,0.0,1,0,0.0,Ferro,sem_dado,0.05,tiktok_seller_center,,0,0,0,,0,0.0,0.0,0,0.0,1,0,0.0,1,2026-05,2026-05
EUANACARLASAN,2026-03,2026-03-01,2026-03-31,0.0,0.0,0.0,0.0,0,0.0,1,0,0.0,Ferro,sem_dado,0.05,tiktok_seller_center,0,0,0,0,,,219.62,141.63,3,77.99,6,25,7.08,3,2026-01,2026-03
EUANAMMELLO,2026-03,2026-03-01,2026-03-31,0.0,0.0,0.0,0.0,0,0.0,0,2,0.0,Ferro,sem_dado,0.05,tiktok_seller_center,0,0,0,0,,,79.9,79.9,1,0.0,0,3,4.0,2,2026-02,2026-03
EUBARBARARODRIGUES,2026-04,2026-04-01,2026-04-30,0.0,0.0,0.0,0.0,0,0.0,0,3,0.0,Ferro,sem_dado,0.05,tiktok_seller_center,0,0,0,0,,,0.0,0.0,0,0.0,0,3,0.0,1,2026-04,2026-04
EUCAROLBACEGA,2026-03,2026-03-01,2026-03-31,0.0,0.0,0.0,0.0,0,0.0,1,0,0.0,Ferro,sem_dado,0.05,tiktok_seller_center,0,0,0,0,,,0.0,0.0,0,0.0,2,0,0.0,2,2026-02,2026-03
EUCATANE,2026-03,2026-03-01,2026-03-31,0.0,0.0,0.0,0.0,0,0.0,0,1,0.0,Ferro,sem_dado,0.05,tiktok_seller_center,0,0,0,0,,,0.0,0.0,0,0.0,0,1,0.0,1,2026-03,2026-03
EUCRISNAREAL7,2026-05,2026-05-01,2026-05-23,0.0,0.0,0.0,0.0,0,0.0,0,36,0.0,Ferro,sem_dado,0.05,tiktok_seller_center,0,0,0,0,,0,0.0,0.0,0,0.0,0,42,0.0,2,2026-04,2026-05
EUDDBASTOS,2026-05,2026-05-01,2026-05-23,0.0,0.0,0.0,0.0,0,0.0,0,2,0.0,Ferro,sem_dado,0.05,tiktok_seller_center,,0,0,0,,0,0.0,0.0,0,0.0,0,2,0.0,1,2026-05,2026-05
EUDEA20,2026-02,2026-02-01,2026-02-28,0.0,0.0,0.0,0.0,0,0.0,0,1,0.0,Ferro,sem_dado,0.05,tiktok_seller_center,0,0,0,0,,,0.0,0.0,0,0.0,0,1,0.0,1,2026-02,2026-02
EUELINETKS,2026-04,2026-04-01,2026-04-30,0.0,0.0,0.0,0.0,0,0.0,0,2,0.0,Ferro,sem_dado,0.05,tiktok_seller_center,0,0,0,0,,,0.0,0.0,0,0.0,0,7,0.0,2,2026-03,2026-04
EUESTER.VIEIRA,2026-03,2026-03-01,2026-03-31,0.0,0.0,0.0,0.0,0,0.0,0,1,0.0,Ferro,sem_dado,0.05,tiktok_seller_center,0,0,0,0,,,0.0,0.0,0,0.0,0,1,0.0,1,2026-03,2026-03
EUISABATISTA_,2026-05,2026-05-01,2026-05-23,0.0,0.0,0.0,0.0,0,0.0,4,0,0.0,Ferro,sem_dado,0.05,tiktok_seller_center,,0,0,0,,0,0.0,0.0,0,0.0,4,0,0.0,1,2026-05,2026-05
EUISAREALL,2026-05,2026-05-01,2026-05-23,0.0,0.0,0.0,0.0,0,0.0,0,4,0.0,Ferro,sem_dado,0.05,tiktok_seller_center,0,0,0,0,,0,0.0,0.0,0,0.0,0,6,0.0,2,2026-04,2026-05
EUJENNIFFEROLIVEIRA,2026-05,2026-05-01,2026-05-23,0.0,0.0,0.0,0.0,0,0.0,0,1,0.0,Ferro,sem_dado,0.05,tiktok_seller_center,0,0,0,0,,0,0.0,0.0,0,0.0,0,20,0.0,3,2026-03,2026-05
EUJESSICAGUSMAO,2026-05,2026-05-01,2026-05-23,0.0,0.0,0.0,0.0,0,0.0,0,1,0.0,Ferro,sem_dado,0.05,tiktok_seller_center,,0,0,0,,0,0.0,0.0,0,0.0,0,1,0.0,1,2026-05,2026-05
EUJOVAA01,2026-03,2026-03-01,2026-03-31,0.0,0.0,0.0,0.0,0,0.0,1,0,0.0,Ferro,sem_dado,0.05,tiktok_seller_center,0,0,0,0,,,0.0,0.0,0,0.0,2,0,0.0,2,2026-01,2026-03
EUJUCASP2,2026-02,2026-02-01,2026-02-28,0.0,0.0,0.0,0.0,0,0.0,2,0,0.0,Ferro,sem_dado,0.05,tiktok_seller_center,0,0,0,0,,,0.0,0.0,0,0.0,3,0,0.0,2,2026-01,2026-02
EUJULIABELLEZACORTES,2026-03,2026-03-01,2026-03-31,79.9,79.9,0.0,0.0,1,79.9,1,0,6.39,Ferro,sem_dado,0.05,tiktok_seller_center,1,0,1,0,,,79.9,79.9,1,0.0,1,0,4.0,1,2026-03,2026-03
EUJULIASI,2026-04,2026-04-01,2026-04-30,0.0,0.0,0.0,0.0,0,0.0,1,0,0.0,Ferro,sem_dado,0.05,tiktok_seller_center,0,0,0,0,,,0.0,0.0,0,0.0,1,0,0.0,1,2026-04,2026-04
EUKARINARAUJO,2026-01,2026-01-06,2026-01-31,0.0,0.0,0.0,0.0,0,0.0,0,1,0.0,Ferro,sem_dado,0.05,tiktok_seller_center,0,0,0,0,,,0.0,0.0,0,0.0,0,1,0.0,1,2026-01,2026-01
EULARANJAJUICE,2026-01,2026-01-06,2026-01-31,0.0,0.0,0.0,0.0,0,0.0,3,0,0.0,Ferro,sem_dado,0.05,tiktok_seller_center,0,0,0,0,,,0.0,0.0,0,0.0,3,0,0.0,1,2026-01,2026-01
EULILY.ANJZ,2026-04,2026-04-01,2026-04-30,0.0,0.0,0.0,0.0,0,0.0,0,2,0.0,Ferro,sem_dado,0.05,tiktok_seller_center,0,0,0,0,,,0.0,0.0,0,0.0,0,2,0.0,1,2026-04,2026-04
EULUCIASILVA,2026-04,2026-04-01,2026-04-30,0.0,0.0,0.0,0.0,0,0.0,0,3,0.0,Ferro,sem_dado,0.05,tiktok_seller_center,0,0,0,0,,,0.0,0.0,0,0.0,0,3,0.0,1,2026-04,2026-04
EUMARIAABEATRIZ,2026-04,2026-04-01,2026-04-30,0.0,0.0,0.0,0.0,0,0.0,0,15,0.0,Ferro,sem_dado,0.05,tiktok_seller_center,0,0,0,0,,,0.0,0.0,0,0.0,0,15,0.0,1,2026-04,2026-04
EUMESMOCAROL,2026-01,2026-01-06,2026-01-31,0.0,0.0,0.0,0.0,0,0.0,0,1,0.0,Ferro,sem_dado,0.05,tiktok_seller_center,0,0,0,0,,,0.0,0.0,0,0.0,0,1,0.0,1,2026-01,2026-01
EUMICHELEOLIVEIRA,2026-02,2026-02-01,2026-02-28,0.0,0.0,0.0,0.0,0,0.0,0,1,0.0,Ferro,sem_dado,0.05,tiktok_seller_center,0,0,0,0,,,0.0,0.0,0,0.0,0,1,0.0,1,2026-02,2026-02
EUMILACASTRO,2026-03,2026-03-01,2026-03-31,0.0,0.0,0.0,0.0,0,0.0,0,1,0.0,Ferro,sem_dado,0.05,tiktok_seller_center,0,0,0,0,,,0.0,0.0,0,0.0,0,1,0.0,1,2026-03,2026-03
EUMILLENA.ME,2026-03,2026-03-01,2026-03-31,0.0,0.0,0.0,0.0,0,0.0,1,0,0.0,Ferro,sem_dado,0.05,tiktok_seller_center,0,0,0,0,,,0.0,0.0,0,0.0,1,0,0.0,1,2026-03,2026-03
EUNATACHAFERREIRA,2026-04,2026-04-01,2026-04-30,0.0,0.0,0.0,0.0,0,0.0,0,1,0.0,Ferro,sem_dado,0.05,tiktok_seller_center,0,0,0,0,,,0.0,0.0,0,0.0,0,1,0.0,1,2026-04,2026-04
EUNATIY,2026-04,2026-04-01,2026-04-30,0.0,0.0,0.0,0.0,0,0.0,0,1,0.0,Ferro,sem_dado,0.05,tiktok_seller_center,0,0,0,0,,,0.0,0.0,0,0.0,1,2,0.0,3,2026-02,2026-04
EUNATY.INDICA,2026-04,2026-04-01,2026-04-30,0.0,0.0,0.0,0.0,0,0.0,0,1,0.0,Ferro,sem_dado,0.05,tiktok_seller_center,0,0,0,0,,,0.0,0.0,0,0.0,0,1,0.0,1,2026-04,2026-04
EUNEGAAOFICIAL,2026-04,2026-04-01,2026-04-30,0.0,0.0,0.0,0.0,0,0.0,0,4,0.0,Ferro,sem_dado,0.05,tiktok_seller_center,0,0,0,0,,,0.0,0.0,0,0.0,0,4,0.0,1,2026-04,2026-04
EUPAAALOMA,2026-03,2026-03-01,2026-03-31,0.0,0.0,0.0,0.0,0,0.0,0,1,0.0,Ferro,sem_dado,0.05,tiktok_seller_center,0,0,0,0,,,674.47,583.77,8,90.7,0,17,29.18,3,2026-01,2026-03
EUPAAALOMA2,2026-02,2026-02-01,2026-02-28,0.0,0.0,0.0,0.0,0,0.0,0,3,0.0,Ferro,sem_dado,0.05,tiktok_seller_center,0,0,0,0,,,0.0,0.0,0,0.0,0,3,0.0,1,2026-02,2026-02
EUPATTYINDICA,2026-04,2026-04-01,2026-04-30,0.0,0.0,0.0,0.0,0,0.0,1,0,0.0,Ferro,sem_dado,0.05,tiktok_seller_center,0,0,0,0,,,0.0,0.0,0,0.0,1,0,0.0,1,2026-04,2026-04
EUPAULACREATOR,2026-02,2026-02-01,2026-02-28,0.0,0.0,0.0,0.0,0,0.0,0,4,0.0,Ferro,sem_dado,0.05,tiktok_seller_center,0,0,0,0,,,0.0,0.0,0,0.0,0,4,0.0,1,2026-02,2026-02
EUPAULAFIGUEIREDO_,2026-03,2026-03-01,2026-03-31,0.0,0.0,0.0,0.0,0,0.0,17,0,0.0,Ferro,sem_dado,0.05,tiktok_seller_center,0,0,0,0,,,0.0,0.0,0,0.0,19,0,0.0,2,2026-02,2026-03
EUPOLI.VIBES,2026-03,2026-03-01,2026-03-31,0.0,0.0,0.0,0.0,0,0.0,1,0,0.0,Ferro,sem_dado,0.05,tiktok_seller_center,0,0,0,0,,,0.0,0.0,0,0.0,1,0,0.0,1,2026-03,2026-03
EUPRISCILALLOPES,2026-04,2026-04-01,2026-04-30,81.05,81.05,0.0,0.0,1,81.05,0,0,7.99,Ferro,sem_dado,0.05,tiktok_seller_center,1,0,1,0,,,333.65,333.65,4,0.0,7,7,16.68,3,2026-02,2026-04
EURAISSA.RUIVA,2026-02,2026-02-01,2026-02-28,0.0,0.0,0.0,0.0,0,0.0,6,0,0.0,Ferro,sem_dado,0.05,tiktok_seller_center,0,0,0,0,,,0.0,0.0,0,0.0,6,0,0.0,1,2026-02,2026-02
EURAISSASHOP,2026-01,2026-01-06,2026-01-31,0.0,0.0,0.0,0.0,0,0.0,0,1,0.0,Ferro,sem_dado,0.05,tiktok_seller_center,0,0,0,0,,,0.0,0.0,0,0.0,0,1,0.0,1,2026-01,2026-01
EUSAVINA,2026-05,2026-05-01,2026-05-23,0.0,0.0,0.0,0.0,0,0.0,0,1,0.0,Ferro,sem_dado,0.05,tiktok_seller_center,,0,0,0,,0,0.0,0.0,0,0.0,0,1,0.0,1,2026-05,2026-05
EUSOUADIAN,2026-01,2026-01-06,2026-01-31,0.0,0.0,0.0,0.0,0,0.0,1,0,0.0,Ferro,sem_dado,0.05,tiktok_seller_center,0,0,0,0,,,0.0,0.0,0,0.0,1,0,0.0,1,2026-01,2026-01
EUSOUAIRIS,2026-03,2026-03-01,2026-03-31,0.0,0.0,0.0,0.0,0,0.0,3,0,0.0,Ferro,sem_dado,0.05,tiktok_seller_center,0,0,0,0,,,0.0,0.0,0,0.0,3,0,0.0,1,2026-03,2026-03
EUSOUAMIA_,2026-03,2026-03-01,2026-03-31,94.9,94.9,0.0,0.0,1,94.9,3,0,9.49,Ferro,sem_dado,0.05,tiktok_seller_center,1,0,1,0,,,94.9,94.9,1,0.0,3,0,4.75,1,2026-03,2026-03
EUSOUARQUETIPO1,2026-05,2026-05-01,2026-05-23,0.0,0.0,0.0,0.0,0,0.0,1,0,0.0,Ferro,sem_dado,0.05,tiktok_seller_center,,0,0,0,,0,0.0,0.0,0,0.0,1,0,0.0,1,2026-05,2026-05
EUSOUBIALEMOS,2026-03,2026-03-01,2026-03-31,0.0,0.0,0.0,0.0,0,0.0,8,0,0.0,Ferro,sem_dado,0.05,tiktok_seller_center,0,0,0,0,,,0.0,0.0,0,0.0,8,0,0.0,1,2026-03,2026-03
EUSOUDIEGOALVES,2026-04,2026-04-01,2026-04-30,0.0,0.0,0.0,0.0,0,0.0,0,1,0.0,Ferro,sem_dado,0.05,tiktok_seller_center,0,0,0,0,,,0.0,0.0,0,0.0,0,1,0.0,1,2026-04,2026-04
EUSOUELIENE,2026-04,2026-04-01,2026-04-30,0.0,0.0,0.0,0.0,0,0.0,3,0,0.0,Ferro,sem_dado,0.05,tiktok_seller_center,0,0,0,0,,,237.3,157.4,3,79.9,18,0,7.87,2,2026-03,2026-04
EUSOUFABIANA.ARAUJO,2026-04,2026-04-01,2026-04-30,0.0,0.0,0.0,0.0,0,0.0,0,1,0.0,Ferro,sem_dado,0.05,tiktok_seller_center,0,0,0,0,,,78.3,78.3,1,0.0,1,3,3.92,3,2026-02,2026-04
EUSOUGIHFERRI,2026-02,2026-02-01,2026-02-28,0.0,0.0,0.0,0.0,0,0.0,0,1,0.0,Ferro,sem_dado,0.05,tiktok_seller_center,0,0,0,0,,,0.0,0.0,0,0.0,0,1,0.0,1,2026-02,2026-02
EUSOUMONICACUNHA,2026-03,2026-03-01,2026-03-31,0.0,0.0,0.0,0.0,0,0.0,1,1,0.0,Ferro,sem_dado,0.05,tiktok_seller_center,0,0,0,0,,,0.0,0.0,0,0.0,1,1,0.0,1,2026-03,2026-03
EUTATIANNYSANTOS,2026-04,2026-04-01,2026-04-30,0.0,0.0,0.0,0.0,0,0.0,0,10,0.0,Ferro,sem_dado,0.05,tiktok_seller_center,0,0,0,0,,,0.0,0.0,0,0.0,0,10,0.0,1,2026-04,2026-04
EUTHAMIRESRIBEIRO_,2026-05,2026-05-01,2026-05-23,0.0,0.0,0.0,0.0,0,0.0,0,5,0.0,Ferro,sem_dado,0.05,tiktok_seller_center,,0,0,0,,0,0.0,0.0,0,0.0,0,5,0.0,1,2026-05,2026-05
EUTHAMYRISR,2026-05,2026-05-01,2026-05-23,0.0,0.0,0.0,0.0,0,0.0,0,1,0.0,Ferro,sem_dado,0.05,tiktok_seller_center,0,0,0,0,,0,0.0,0.0,0,0.0,0,4,0.0,3,2026-02,2026-05
EUTHAYNAMELLO_,2026-05,2026-05-01,2026-05-23,0.0,0.0,0.0,0.0,0,0.0,4,0,0.0,Ferro,sem_dado,0.05,tiktok_seller_center,,0,0,0,,0,0.0,0.0,0,0.0,4,0,0.0,1,2026-05,2026-05
EUU.NESSINHA,2026-04,2026-04-01,2026-04-30,0.0,0.0,0.0,0.0,0,0.0,0,1,0.0,Ferro,sem_dado,0.05,tiktok_seller_center,0,0,0,0,,,0.0,0.0,0,0.0,0,2,0.0,2,2026-02,2026-04
EUUUANNNA,2026-03,2026-03-01,2026-03-31,0.0,0.0,0.0,0.0,0,0.0,0,1,0.0,Ferro,sem_dado,0.05,tiktok_seller_center,0,0,0,0,,,0.0,0.0,0,0.0,0,2,0.0,2,2026-02,2026-03
EUVIVIANEBORGES,2026-05,2026-05-01,2026-05-23,0.0,-66.14,66.14,0.0,0,0.0,0,0,0.0,Ferro,sem_dado,0.05,tiktok_seller_center,1,1,0,0,,0,623.49,319.25,8,304.24,9,2,15.96,4,2026-01,2026-05
EUZINHA_AND,2026-03,2026-03-01,2026-03-31,0.0,0.0,0.0,0.0,0,0.0,1,0,0.0,Ferro,sem_dado,0.05,tiktok_seller_center,0,0,0,0,,,0.0,0.0,0,0.0,1,0,0.0,1,2026-03,2026-03
EU_KARINESANTOS,2026-03,2026-03-01,2026-03-31,0.0,0.0,0.0,0.0,0,0.0,2,0,0.0,Ferro,sem_dado,0.05,tiktok_seller_center,0,0,0,0,,,0.0,0.0,0,0.0,2,0,0.0,1,2026-03,2026-03
EU_LIAREIS,2026-04,2026-04-01,2026-04-30,0.0,0.0,0.0,0.0,0,0.0,0,1,0.0,Ferro,sem_dado,0.05,tiktok_seller_center,0,0,0,0,,,0.0,0.0,0,0.0,0,2,0.0,2,2026-03,2026-04
EVANNI.JOYCE,2026-04,2026-04-01,2026-04-30,0.0,0.0,0.0,0.0,0,0.0,0,1,0.0,Ferro,sem_dado,0.05,tiktok_seller_center,0,0,0,0,,,0.0,0.0,0,0.0,1,2,0.0,2,2026-03,2026-04
EVANY.FASHION,2026-05,2026-05-01,2026-05-23,0.0,0.0,0.0,0.0,0,0.0,2,0,0.0,Ferro,sem_dado,0.05,tiktok_seller_center,,0,0,0,,0,0.0,0.0,0,0.0,2,0,0.0,1,2026-05,2026-05
EVELINEDUQUE,2026-02,2026-02-01,2026-02-28,0.0,0.0,0.0,0.0,0,0.0,0,1,0.0,Ferro,sem_dado,0.05,tiktok_seller_center,0,0,0,0,,,0.0,0.0,0,0.0,1,1,0.0,2,2026-01,2026-02
EVELIN_ANDRADEE,2026-04,2026-04-01,2026-04-30,0.0,0.0,0.0,0.0,0,0.0,0,4,0.0,Ferro,sem_dado,0.05,tiktok_seller_center,0,0,0,0,,,0.0,0.0,0,0.0,1,6,0.0,2,2026-03,2026-04
EVELYNCOSTACOUTINHO,2026-04,2026-04-01,2026-04-30,0.0,0.0,0.0,0.0,0,0.0,0,7,0.0,Ferro,sem_dado,0.05,tiktok_seller_center,0,0,0,0,,,0.0,0.0,0,0.0,0,7,0.0,1,2026-04,2026-04
EVELYNMARINHOO,2026-04,2026-04-01,2026-04-30,0.0,0.0,0.0,0.0,0,0.0,0,5,0.0,Ferro,sem_dado,0.05,tiktok_seller_center,0,0,0,0,,,0.0,0.0,0,0.0,0,8,0.0,2,2026-03,2026-04
EVELYNVESTE,2026-04,2026-04-01,2026-04-30,0.0,0.0,0.0,0.0,0,0.0,3,0,0.0,Ferro,sem_dado,0.05,tiktok_seller_center,0,0,0,0,,,0.0,0.0,0,0.0,3,0,0.0,1,2026-04,2026-04
EVERLYN.CEZAR,2026-02,2026-02-01,2026-02-28,0.0,0.0,0.0,0.0,0,0.0,0,7,0.0,Ferro,sem_dado,0.05,tiktok_seller_center,0,0,0,0,,,0.0,0.0,0,0.0,0,10,0.0,2,2026-01,2026-02
EVILENEJONNLENO,2026-05,2026-05-01,2026-05-23,0.0,0.0,0.0,0.0,0,0.0,0,3,0.0,Ferro,sem_dado,0.05,tiktok_seller_center,0,0,0,0,,0,0.0,0.0,0,0.0,0,6,0.0,3,2026-03,2026-05
EVODIATAVARESANDRADE,2026-04,2026-04-01,2026-04-30,0.0,0.0,0.0,0.0,0,0.0,0,2,0.0,Ferro,sem_dado,0.05,tiktok_seller_center,0,0,0,0,,,0.0,0.0,0,0.0,0,2,0.0,1,2026-04,2026-04
EVY.PS,2026-04,2026-04-01,2026-04-30,0.0,0.0,0.0,0.0,0,0.0,0,1,0.0,Ferro,sem_dado,0.05,tiktok_seller_center,0,0,0,0,,,0.0,0.0,0,0.0,0,1,0.0,1,2026-04,2026-04
EXCLUSIVAMODAS000,2026-03,2026-03-01,2026-03-31,0.0,0.0,0.0,0.0,0,0.0,0,2,0.0,Ferro,sem_dado,0.05,tiktok_seller_center,0,0,0,0,,,0.0,0.0,0,0.0,0,2,0.0,1,2026-03,2026-03
EZEQUIAS.ALVES4,2026-04,2026-04-01,2026-04-30,0.0,0.0,0.0,0.0,0,0.0,0,2,0.0,Ferro,sem_dado,0.05,tiktok_seller_center,0,0,0,0,,,0.0,0.0,0,0.0,0,2,0.0,1,2026-04,2026-04
F.E.PROPSITO09,2026-05,2026-05-01,2026-05-23,0.0,0.0,0.0,0.0,0,0.0,0,1,0.0,Ferro,sem_dado,0.05,tiktok_seller_center,,0,0,0,,0,0.0,0.0,0,0.0,0,1,0.0,1,2026-05,2026-05
F2V0PK9,2026-05,2026-05-01,2026-05-23,0.0,0.0,0.0,0.0,0,0.0,1,0,0.0,Ferro,sem_dado,0.05,tiktok_seller_center,0,0,0,0,,0,0.0,0.0,0,0.0,2,0,0.0,2,2026-04,2026-05
FABDALLA47,2026-04,2026-04-01,2026-04-30,0.0,0.0,0.0,0.0,0,0.0,0,3,0.0,Ferro,sem_dado,0.05,tiktok_seller_center,0,0,0,0,,,0.0,0.0,0,0.0,0,3,0.0,1,2026-04,2026-04
FABI.CS1,2026-05,2026-05-01,2026-05-23,0.0,0.0,0.0,0.0,0,0.0,0,3,0.0,Ferro,sem_dado,0.05,tiktok_seller_center,0,0,0,0,,0,0.0,0.0,0,0.0,0,4,0.0,2,2026-04,2026-05
FABI.DUARTEDU,2026-05,2026-05-01,2026-05-23,0.0,0.0,0.0,0.0,0,0.0,2,0,0.0,Ferro,sem_dado,0.05,tiktok_seller_center,0,0,0,0,,0,0.0,0.0,0,0.0,4,0,0.0,2,2026-04,2026-05
FABI.OLIVCASTILHO,2026-04,2026-04-01,2026-04-30,0.0,0.0,0.0,0.0,0,0.0,0,1,0.0,Ferro,sem_dado,0.05,tiktok_seller_center,0,0,0,0,,,0.0,0.0,0,0.0,0,1,0.0,1,2026-04,2026-04
FABI.TSHOP,2026-01,2026-01-06,2026-01-31,0.0,0.0,0.0,0.0,0,0.0,1,0,0.0,Ferro,sem_dado,0.05,tiktok_seller_center,0,0,0,0,,,0.0,0.0,0,0.0,1,0,0.0,1,2026-01,2026-01
FABI.VITRINESHOP,2026-04,2026-04-01,2026-04-30,0.0,0.0,0.0,0.0,0,0.0,4,0,0.0,Ferro,sem_dado,0.05,tiktok_seller_center,0,0,0,0,,,0.0,0.0,0,0.0,4,0,0.0,1,2026-04,2026-04
FABIANA.COSTA3918,2026-05,2026-05-01,2026-05-23,0.0,0.0,0.0,0.0,0,0.0,0,1,0.0,Ferro,sem_dado,0.05,tiktok_seller_center,0,0,0,0,,0,0.0,0.0,0,0.0,0,2,0.0,2,2026-04,2026-05
FABIANA.HOMAIDAN,2026-05,2026-05-01,2026-05-23,0.0,0.0,0.0,0.0,0,0.0,0,2,0.0,Ferro,sem_dado,0.05,tiktok_seller_center,0,0,0,0,,0,0.0,0.0,0,0.0,0,15,0.0,3,2026-03,2026-05
FABIANAARAUJO.CREATOR,2026-02,2026-02-01,2026-02-28,0.0,0.0,0.0,0.0,0,0.0,0,4,0.0,Ferro,sem_dado,0.05,tiktok_seller_center,0,0,0,0,,,0.0,0.0,0,0.0,0,6,0.0,2,2026-01,2026-02
FABIANEANJOS89,2026-03,2026-03-01,2026-03-31,0.0,0.0,0.0,0.0,0,0.0,0,4,0.0,Ferro,sem_dado,0.05,tiktok_seller_center,0,0,0,0,,,0.0,0.0,0,0.0,0,4,0.0,1,2026-03,2026-03
FABIARAMOS.FEMININO,2026-05,2026-05-01,2026-05-23,0.0,0.0,0.0,0.0,0,0.0,0,1,0.0,Ferro,sem_dado,0.05,tiktok_seller_center,0,0,0,0,,0,0.0,0.0,0,0.0,1,2,0.0,2,2026-04,2026-05
FABIDAAILY,2026-05,2026-05-01,2026-05-23,0.0,0.0,0.0,0.0,0,0.0,1,0,0.0,Ferro,sem_dado,0.05,tiktok_seller_center,0,0,0,0,,0,0.0,0.0,0,0.0,4,0,0.0,2,2026-04,2026-05
FABIECLEON,2026-05,2026-05-01,2026-05-23,174.43,174.43,0.0,0.0,1,174.43,0,26,15.18,Ferro,sem_dado,0.05,tiktok_seller_center,1,0,1,0,,2,396.37,396.37,4,0.0,2,42,19.82,4,2026-02,2026-05
FABIFAWEL,2026-04,2026-04-01,2026-04-30,0.0,0.0,0.0,0.0,0,0.0,0,5,0.0,Ferro,sem_dado,0.05,tiktok_seller_center,0,0,0,0,,,0.0,0.0,0,0.0,0,5,0.0,1,2026-04,2026-04
FABIFIGUEIRO_,2026-03,2026-03-01,2026-03-31,0.0,0.0,0.0,0.0,0,0.0,1,0,0.0,Ferro,sem_dado,0.05,tiktok_seller_center,0,0,0,0,,,0.0,0.0,0,0.0,2,0,0.0,2,2026-02,2026-03
FABII.SOUZAA,2026-05,2026-05-01,2026-05-23,0.0,0.0,0.0,0.0,0,0.0,0,1,0.0,Ferro,sem_dado,0.05,tiktok_seller_center,0,0,0,0,,0,0.0,0.0,0,0.0,0,2,0.0,2,2026-03,2026-05
FABILUCREATORS,2026-02,2026-02-01,2026-02-28,0.0,0.0,0.0,0.0,0,0.0,1,0,0.0,Ferro,sem_dado,0.05,tiktok_seller_center,0,0,0,0,,,0.0,0.0,0,0.0,1,0,0.0,1,2026-02,2026-02
FABINMALDONADO,2026-03,2026-03-01,2026-03-31,0.0,0.0,0.0,0.0,0,0.0,4,5,0.0,Ferro,sem_dado,0.05,tiktok_seller_center,0,0,0,0,,,0.0,0.0,0,0.0,4,5,0.0,1,2026-03,2026-03
FABIOLAANDRADEO,2026-04,2026-04-01,2026-04-30,0.0,0.0,0.0,0.0,0,0.0,0,5,0.0,Ferro,sem_dado,0.05,tiktok_seller_center,0,0,0,0,,,0.0,0.0,0,0.0,0,7,0.0,2,2026-03,2026-04
FABIOLASANTANAFS,2026-05,2026-05-01,2026-05-23,0.0,0.0,0.0,0.0,0,0.0,1,0,0.0,Ferro,sem_dado,0.05,tiktok_seller_center,1,0,0,0,,0,93.1,93.1,1,0.0,3,3,4.66,2,2026-04,2026-05
FABIROTH_INDICA,2026-03,2026-03-01,2026-03-31,0.0,-79.9,79.9,0.0,0,0.0,0,0,0.0,Ferro,sem_dado,0.05,tiktok_seller_center,0,1,0,0,,,79.9,0.0,1,79.9,0,2,0.0,2,2026-02,2026-03
FABI_VARELO,2026-04,2026-04-01,2026-04-30,0.0,0.0,0.0,0.0,0,0.0,0,1,0.0,Ferro,sem_dado,0.05,tiktok_seller_center,0,0,0,0,,,0.0,0.0,0,0.0,0,1,0.0,1,2026-04,2026-04
FABRICADOSACHADINHOS,2026-03,2026-03-01,2026-03-31,0.0,0.0,0.0,0.0,0,0.0,0,1,0.0,Ferro,sem_dado,0.05,tiktok_seller_center,0,0,0,0,,,0.0,0.0,0,0.0,1,1,0.0,2,2026-02,2026-03
FABRICADOSHOP,2026-02,2026-02-01,2026-02-28,0.0,0.0,0.0,0.0,0,0.0,1,0,0.0,Ferro,sem_dado,0.05,tiktok_seller_center,0,0,0,0,,,0.0,0.0,0,0.0,1,0,0.0,1,2026-02,2026-02
FABRICIAHUBNER0,2026-03,2026-03-01,2026-03-31,0.0,0.0,0.0,0.0,0,0.0,0,1,0.0,Ferro,sem_dado,0.05,tiktok_seller_center,0,0,0,0,,,0.0,0.0,0,0.0,0,7,0.0,3,2026-01,2026-03
FABRICIASANTOS238,2026-01,2026-01-06,2026-01-31,0.0,0.0,0.0,0.0,0,0.0,0,7,0.0,Ferro,sem_dado,0.05,tiktok_seller_center,0,0,0,0,,,0.0,0.0,0,0.0,0,7,0.0,1,2026-01,2026-01
FABRINENERES,2026-05,2026-05-01,2026-05-23,0.0,0.0,0.0,0.0,0,0.0,0,1,0.0,Ferro,sem_dado,0.05,tiktok_seller_center,,0,0,3,,0,0.0,0.0,0,0.0,0,1,0.0,1,2026-05,2026-05
FABS.TTSHOP,2026-04,2026-04-01,2026-04-30,0.0,0.0,0.0,0.0,0,0.0,0,20,0.0,Ferro,sem_dado,0.05,tiktok_seller_center,0,0,0,0,,,0.0,0.0,0,0.0,0,31,0.0,2,2026-03,2026-04
FABYAANASTACIO7,2026-04,2026-04-01,2026-04-30,0.0,0.0,0.0,0.0,0,0.0,0,1,0.0,Ferro,sem_dado,0.05,tiktok_seller_center,0,0,0,0,,,0.0,0.0,0,0.0,0,1,0.0,1,2026-04,2026-04
FABY_FERRNANDES,2026-03,2026-03-01,2026-03-31,0.0,0.0,0.0,0.0,0,0.0,1,0,0.0,Ferro,sem_dado,0.05,tiktok_seller_center,0,0,0,0,,,0.0,0.0,0,0.0,1,0,0.0,1,2026-03,2026-03
FACLUBEBOSONARIO,2026-03,2026-03-01,2026-03-31,0.0,0.0,0.0,0.0,0,0.0,1,0,0.0,Ferro,sem_dado,0.05,tiktok_seller_center,0,0,0,0,,,0.0,0.0,0,0.0,1,0,0.0,1,2026-03,2026-03
FACLUBEVIRGINIAFONSECA22,2026-01,2026-01-06,2026-01-31,0.0,0.0,0.0,0.0,0,0.0,3,0,0.0,Ferro,sem_dado,0.05,tiktok_seller_center,0,0,0,0,,,0.0,0.0,0,0.0,3,0,0.0,1,2026-01,2026-01
FADIAHALAT,2026-05,2026-05-01,2026-05-23,0.0,0.0,0.0,0.0,0,0.0,0,6,0.0,Ferro,sem_dado,0.05,tiktok_seller_center,,0,0,0,,0,0.0,0.0,0,0.0,0,6,0.0,1,2026-05,2026-05
FAF.FERREIRA8,2026-05,2026-05-01,2026-05-23,0.0,0.0,0.0,0.0,0,0.0,1,0,0.0,Ferro,sem_dado,0.05,tiktok_seller_center,,0,0,0,,0,0.0,0.0,0,0.0,1,0,0.0,1,2026-05,2026-05
FALA_AURORIA,2026-02,2026-02-01,2026-02-28,0.0,0.0,0.0,0.0,0,0.0,1,0,0.0,Ferro,sem_dado,0.05,tiktok_seller_center,0,0,0,0,,,0.0,0.0,0,0.0,1,0,0.0,1,2026-02,2026-02
FAMILIA36616JOSEESILVIA,2026-03,2026-03-01,2026-03-31,0.0,0.0,0.0,0.0,0,0.0,0,1,0.0,Ferro,sem_dado,0.05,tiktok_seller_center,0,0,0,0,,,0.0,0.0,0,0.0,0,1,0.0,1,2026-03,2026-03
FAMILIAASMROFICIAL,2026-05,2026-05-01,2026-05-23,0.0,0.0,0.0,0.0,0,0.0,8,0,0.0,Ferro,sem_dado,0.05,tiktok_seller_center,,0,0,0,,0,0.0,0.0,0,0.0,8,0,0.0,1,2026-05,2026-05
FAMILIACREATOR0,2026-03,2026-03-01,2026-03-31,0.0,0.0,0.0,0.0,0,0.0,1,0,0.0,Ferro,sem_dado,0.05,tiktok_seller_center,0,0,0,0,,,0.0,0.0,0,0.0,1,0,0.0,1,2026-03,2026-03
FAMILIADEYBER,2026-03,2026-03-01,2026-03-31,0.0,0.0,0.0,0.0,0,0.0,0,4,0.0,Ferro,sem_dado,0.05,tiktok_seller_center,0,0,0,0,,,0.0,0.0,0,0.0,0,4,0.0,1,2026-03,2026-03
FAMILIAJEETH1,2026-03,2026-03-01,2026-03-31,0.0,0.0,0.0,0.0,0,0.0,0,1,0.0,Ferro,sem_dado,0.05,tiktok_seller_center,0,0,0,0,,,0.0,0.0,0,0.0,0,7,0.0,3,2026-01,2026-03
FAMILIALIU,2026-04,2026-04-01,2026-04-30,965.15,887.6999999999999,77.45,8.02,12,80.43,0,0,94.12,Ferro,sem_dado,0.05,tiktok_seller_center,12,1,1,0,,,1448.01,1290.6599999999999,18,157.35000000000002,3,0,64.52000000000001,3,2026-02,2026-04
FAMILIAMICHELON,2026-04,2026-04-01,2026-04-30,316.75,236.85,79.9,25.22,2,158.38,0,2,25.32,Ferro,sem_dado,0.05,tiktok_seller_center,4,1,1,0,,,316.75,236.85,2,79.9,0,2,11.84,1,2026-04,2026-04
FAMILIAPEREIRARUIZ,2026-04,2026-04-01,2026-04-30,0.0,0.0,0.0,0.0,0,0.0,0,1,0.0,Ferro,sem_dado,0.05,tiktok_seller_center,0,0,0,0,,,0.0,0.0,0,0.0,4,42,0.0,2,2026-03,2026-04
FAMILIAROMUALDO_,2026-05,2026-05-01,2026-05-23,96.77,96.77,0.0,0.0,1,96.77,0,0,7.99,Ferro,sem_dado,0.05,tiktok_seller_center,,0,1,0,,1,96.77,96.77,1,0.0,0,0,4.84,1,2026-05,2026-05
FAMILIASHOP,2026-04,2026-04-01,2026-04-30,0.0,0.0,0.0,0.0,0,0.0,0,1,0.0,Ferro,sem_dado,0.05,tiktok_seller_center,0,0,0,0,,,0.0,0.0,0,0.0,0,1,0.0,1,2026-04,2026-04
FARMACIACLINFARMA,2026-04,2026-04-01,2026-04-30,0.0,0.0,0.0,0.0,0,0.0,0,1,0.0,Ferro,sem_dado,0.05,tiktok_seller_center,0,0,0,0,,,0.0,0.0,0,0.0,0,1,0.0,1,2026-04,2026-04
FARMAJOSY12,2026-04,2026-04-01,2026-04-30,0.0,0.0,0.0,0.0,0,0.0,0,1,0.0,Ferro,sem_dado,0.05,tiktok_seller_center,0,0,0,0,,,0.0,0.0,0,0.0,0,23,0.0,2,2026-03,2026-04
FASAMPAIOINDICA,2026-05,2026-05-01,2026-05-23,0.0,-90.14,90.14,0.0,0,0.0,0,0,0.0,Ferro,sem_dado,0.05,tiktok_seller_center,2,1,0,0,,0,265.72,175.57999999999998,3,90.14,14,4,8.77,4,2026-02,2026-05
FASILLVA.OFICIAL,2026-04,2026-04-01,2026-04-30,0.0,0.0,0.0,0.0,0,0.0,0,24,0.0,Ferro,sem_dado,0.05,tiktok_seller_center,0,0,0,0,,,0.0,0.0,0,0.0,0,36,0.0,2,2026-03,2026-04
FATIMA.SANTOS2025,2026-02,2026-02-01,2026-02-28,0.0,0.0,0.0,0.0,0,0.0,1,0,0.0,Ferro,sem_dado,0.05,tiktok_seller_center,0,0,0,0,,,0.0,0.0,0,0.0,1,0,0.0,1,2026-02,2026-02
FATIMAFERREIRAOFICIAL,2026-01,2026-01-06,2026-01-31,0.0,0.0,0.0,0.0,0,0.0,0,1,0.0,Ferro,sem_dado,0.05,tiktok_seller_center,0,0,0,0,,,0.0,0.0,0,0.0,0,1,0.0,1,2026-01,2026-01
FATIMAGOMES624,2026-04,2026-04-01,2026-04-30,0.0,0.0,0.0,0.0,0,0.0,0,1,0.0,Ferro,sem_dado,0.05,tiktok_seller_center,0,0,0,0,,,0.0,0.0,0,0.0,0,2,0.0,2,2026-03,2026-04
FATIMAMIGUEL2025,2026-04,2026-04-01,2026-04-30,0.0,0.0,0.0,0.0,0,0.0,1,0,0.0,Ferro,sem_dado,0.05,tiktok_seller_center,0,0,0,0,,,0.0,0.0,0,0.0,2,0,0.0,2,2026-02,2026-04
FATIMAOLIVEIRA5157,2026-05,2026-05-01,2026-05-23,0.0,0.0,0.0,0.0,0,0.0,0,10,0.0,Ferro,sem_dado,0.05,tiktok_seller_center,0,0,0,0,,0,0.0,0.0,0,0.0,0,11,0.0,2,2026-04,2026-05
FATIMASHOOP145,2026-05,2026-05-01,2026-05-23,0.0,0.0,0.0,0.0,0,0.0,0,2,0.0,Ferro,sem_dado,0.05,tiktok_seller_center,0,0,0,0,,0,0.0,0.0,0,0.0,0,9,0.0,4,2026-02,2026-05
FATINHAESUASOGRA,2026-01,2026-01-06,2026-01-31,0.0,0.0,0.0,0.0,0,0.0,0,1,0.0,Ferro,sem_dado,0.05,tiktok_seller_center,0,0,0,0,,,0.0,0.0,0,0.0,0,1,0.0,1,2026-01,2026-01
FATOSIMPOSSIVEL,2026-02,2026-02-01,2026-02-28,0.0,0.0,0.0,0.0,0,0.0,0,3,0.0,Ferro,sem_dado,0.05,tiktok_seller_center,0,0,0,0,,,0.0,0.0,0,0.0,0,3,0.0,1,2026-02,2026-02
FAVORITOSDASAH,2026-05,2026-05-01,2026-05-23,0.0,0.0,0.0,0.0,0,0.0,0,23,0.0,Ferro,sem_dado,0.05,tiktok_seller_center,0,0,0,0,,0,0.0,0.0,0,0.0,0,77,0.0,4,2026-02,2026-05
FAWNNTP,2026-02,2026-02-01,2026-02-28,0.0,0.0,0.0,0.0,0,0.0,1,0,0.0,Ferro,sem_dado,0.05,tiktok_seller_center,0,0,0,0,,,0.0,0.0,0,0.0,1,0,0.0,1,2026-02,2026-02
FAZEACONTECEE,2026-03,2026-03-01,2026-03-31,0.0,0.0,0.0,0.0,0,0.0,3,0,0.0,Ferro,sem_dado,0.05,tiktok_seller_center,0,0,0,0,,,0.0,0.0,0,0.0,3,0,0.0,1,2026-03,2026-03
FBRUNAAMARAL,2026-04,2026-04-01,2026-04-30,0.0,0.0,0.0,0.0,0,0.0,0,2,0.0,Ferro,sem_dado,0.05,tiktok_seller_center,0,0,0,0,,,0.0,0.0,0,0.0,0,3,0.0,2,2026-03,2026-04
FE59222,2026-05,2026-05-01,2026-05-23,126.52,126.52,0.0,0.0,1,126.52,0,4,8.79,Ferro,sem_dado,0.05,tiktok_seller_center,0,0,1,0,,1,126.52,126.52,1,0.0,1,4,6.33,2,2026-02,2026-05
FEEMACAO03,2026-02,2026-02-01,2026-02-28,0.0,0.0,0.0,0.0,0,0.0,1,0,0.0,Ferro,sem_dado,0.05,tiktok_seller_center,0,0,0,0,,,0.0,0.0,0,0.0,1,0,0.0,1,2026-02,2026-02
FEER_ZANATTA,2026-03,2026-03-01,2026-03-31,0.0,0.0,0.0,0.0,0,0.0,0,1,0.0,Ferro,sem_dado,0.05,tiktok_seller_center,0,0,0,0,,,0.0,0.0,0,0.0,0,1,0.0,1,2026-03,2026-03
FEFACCIOLICOMPOSITORA,2026-05,2026-05-01,2026-05-23,0.0,0.0,0.0,0.0,0,0.0,0,18,0.0,Ferro,sem_dado,0.05,tiktok_seller_center,0,0,0,0,,0,77.5,77.5,1,0.0,2,73,3.88,5,2026-01,2026-05
FEFASHOPLIVE,2026-04,2026-04-01,2026-04-30,0.0,0.0,0.0,0.0,0,0.0,1,0,0.0,Ferro,sem_dado,0.05,tiktok_seller_center,0,0,0,0,,,0.0,0.0,0,0.0,1,0,0.0,1,2026-04,2026-04
FEHCUBAS,2026-03,2026-03-01,2026-03-31,0.0,0.0,0.0,0.0,0,0.0,3,0,0.0,Ferro,sem_dado,0.05,tiktok_seller_center,0,0,0,0,,,0.0,0.0,0,0.0,6,9,0.0,2,2026-02,2026-03
FEH_ACHADINHOSS,2026-05,2026-05-01,2026-05-23,0.0,0.0,0.0,0.0,0,0.0,3,0,0.0,Ferro,sem_dado,0.05,tiktok_seller_center,,0,0,0,,0,0.0,0.0,0,0.0,3,0,0.0,1,2026-05,2026-05
FELIPPEOLLIVER,2026-02,2026-02-01,2026-02-28,0.0,0.0,0.0,0.0,0,0.0,6,0,0.0,Ferro,sem_dado,0.05,tiktok_seller_center,0,0,0,0,,,0.0,0.0,0,0.0,11,0,0.0,2,2026-01,2026-02
FEPASINATTO,2026-04,2026-04-01,2026-04-30,0.0,0.0,0.0,0.0,0,0.0,1,0,0.0,Ferro,sem_dado,0.05,tiktok_seller_center,0,0,0,0,,,0.0,0.0,0,0.0,1,0,0.0,1,2026-04,2026-04
FER.DICAS1,2026-01,2026-01-06,2026-01-31,0.0,0.0,0.0,0.0,0,0.0,1,0,0.0,Ferro,sem_dado,0.05,tiktok_seller_center,0,0,0,0,,,0.0,0.0,0,0.0,1,0,0.0,1,2026-01,2026-01
FERFERNANDESSHOP,2026-03,2026-03-01,2026-03-31,0.0,0.0,0.0,0.0,0,0.0,1,0,0.0,Ferro,sem_dado,0.05,tiktok_seller_center,0,0,0,0,,,0.0,0.0,0,0.0,1,0,0.0,1,2026-03,2026-03
FERNANDA.CACERESS,2026-05,2026-05-01,2026-05-23,0.0,0.0,0.0,0.0,0,0.0,1,0,0.0,Ferro,sem_dado,0.05,tiktok_seller_center,,0,0,0,,0,0.0,0.0,0,0.0,1,0,0.0,1,2026-05,2026-05
FERNANDA.CAIO.ANTHONY7,2026-05,2026-05-01,2026-05-23,0.0,0.0,0.0,0.0,0,0.0,0,3,0.0,Ferro,sem_dado,0.05,tiktok_seller_center,2,0,0,0,,0,129.48,129.48,1,0.0,0,6,6.47,2,2026-04,2026-05
FERNANDA.CREATOR7,2026-05,2026-05-01,2026-05-23,0.0,0.0,0.0,0.0,0,0.0,0,18,0.0,Ferro,sem_dado,0.05,tiktok_seller_center,0,0,0,0,,0,0.0,0.0,0,0.0,0,25,0.0,2,2026-04,2026-05
FERNANDA.LEAL252,2026-02,2026-02-01,2026-02-28,0.0,0.0,0.0,0.0,0,0.0,2,0,0.0,Ferro,sem_dado,0.05,tiktok_seller_center,0,0,0,0,,,0.0,0.0,0,0.0,2,0,0.0,1,2026-02,2026-02
FERNANDA.MENDES9226,2026-05,2026-05-01,2026-05-23,0.0,0.0,0.0,0.0,0,0.0,0,5,0.0,Ferro,sem_dado,0.05,tiktok_seller_center,0,0,0,0,,0,0.0,0.0,0,0.0,0,13,0.0,2,2026-04,2026-05
FERNANDA.PPEGORARO,2026-04,2026-04-01,2026-04-30,177.0,83.5,93.5,52.82,2,88.5,1,0,13.98,Ferro,sem_dado,0.05,tiktok_seller_center,2,1,1,0,,,177.0,83.5,2,93.5,1,0,4.17,1,2026-04,2026-04
FERNANDA.RACHID1,2026-02,2026-02-01,2026-02-28,0.0,0.0,0.0,0.0,0,0.0,0,1,0.0,Ferro,sem_dado,0.05,tiktok_seller_center,0,0,0,0,,,0.0,0.0,0,0.0,0,1,0.0,1,2026-02,2026-02
FERNANDAALVES05,2026-03,2026-03-01,2026-03-31,0.0,0.0,0.0,0.0,0,0.0,0,4,0.0,Ferro,sem_dado,0.05,tiktok_seller_center,0,0,0,0,,,0.0,0.0,0,0.0,0,4,0.0,1,2026-03,2026-03
FERNANDABRISOLARI,2026-04,2026-04-01,2026-04-30,0.0,0.0,0.0,0.0,0,0.0,0,3,0.0,Ferro,sem_dado,0.05,tiktok_seller_center,0,0,0,0,,,0.0,0.0,0,0.0,0,3,0.0,1,2026-04,2026-04
FERNANDACOMDICAS,2026-03,2026-03-01,2026-03-31,0.0,0.0,0.0,0.0,0,0.0,6,0,0.0,Ferro,sem_dado,0.05,tiktok_seller_center,0,0,0,0,,,0.0,0.0,0,0.0,6,0,0.0,1,2026-03,2026-03
FERNANDACOSTA145,2026-04,2026-04-01,2026-04-30,0.0,0.0,0.0,0.0,0,0.0,0,2,0.0,Ferro,sem_dado,0.05,tiktok_seller_center,0,0,0,0,,,0.0,0.0,0,0.0,0,15,0.0,4,2026-01,2026-04
FERNANDADERESENDE01,2026-05,2026-05-01,2026-05-23,0.0,0.0,0.0,0.0,0,0.0,0,1,0.0,Ferro,sem_dado,0.05,tiktok_seller_center,,0,0,0,,0,0.0,0.0,0,0.0,0,1,0.0,1,2026-05,2026-05
FERNANDAG610,2026-03,2026-03-01,2026-03-31,0.0,0.0,0.0,0.0,0,0.0,2,1,0.0,Ferro,sem_dado,0.05,tiktok_seller_center,0,0,0,0,,,0.0,0.0,0,0.0,2,1,0.0,1,2026-03,2026-03
FERNANDAKEMILY1,2026-02,2026-02-01,2026-02-28,0.0,0.0,0.0,0.0,0,0.0,2,0,0.0,Ferro,sem_dado,0.05,tiktok_seller_center,0,0,0,0,,,0.0,0.0,0,0.0,3,0,0.0,2,2026-01,2026-02
FERNANDAMANFRINATO,2026-04,2026-04-01,2026-04-30,0.0,0.0,0.0,0.0,0,0.0,3,0,0.0,Ferro,sem_dado,0.05,tiktok_seller_center,0,0,0,0,,,0.0,0.0,0,0.0,3,0,0.0,1,2026-04,2026-04
FERNANDAPIRES495,2026-02,2026-02-01,2026-02-28,0.0,0.0,0.0,0.0,0,0.0,0,1,0.0,Ferro,sem_dado,0.05,tiktok_seller_center,0,0,0,0,,,0.0,0.0,0,0.0,0,2,0.0,2,2026-01,2026-02
FERNANDARAMOS.OFICIAL,2026-05,2026-05-01,2026-05-23,0.0,0.0,0.0,0.0,0,0.0,0,1,0.0,Ferro,sem_dado,0.05,tiktok_seller_center,,0,0,0,,0,0.0,0.0,0,0.0,0,1,0.0,1,2026-05,2026-05
FERNANDASHOP6,2026-04,2026-04-01,2026-04-30,0.0,0.0,0.0,0.0,0,0.0,1,0,0.0,Ferro,sem_dado,0.05,tiktok_seller_center,0,0,0,0,,,0.0,0.0,0,0.0,10,0,0.0,2,2026-03,2026-04
FERNANDASHOPS,2026-05,2026-05-01,2026-05-23,0.0,0.0,0.0,0.0,0,0.0,0,1,0.0,Ferro,sem_dado,0.05,tiktok_seller_center,4,0,0,0,,0,298.11,215.32,4,82.79,2,2,10.77,3,2026-01,2026-05
FERNANDASPACE1,2026-04,2026-04-01,2026-04-30,0.0,0.0,0.0,0.0,0,0.0,4,0,0.0,Ferro,sem_dado,0.05,tiktok_seller_center,0,0,0,0,,,160.39,160.39,2,0.0,8,3,8.02,3,2026-01,2026-04
FERNANDA_ATOR,2026-03,2026-03-01,2026-03-31,0.0,0.0,0.0,0.0,0,0.0,1,0,0.0,Ferro,sem_dado,0.05,tiktok_seller_center,0,0,0,0,,,0.0,0.0,0,0.0,1,0,0.0,1,2026-03,2026-03
FERNANDINHAA_DICAS,2026-02,2026-02-01,2026-02-28,0.0,0.0,0.0,0.0,0,0.0,8,0,0.0,Ferro,sem_dado,0.05,tiktok_seller_center,0,0,0,0,,,0.0,0.0,0,0.0,8,0,0.0,1,2026-02,2026-02
FERNANDO.VIEGAS.D,2026-04,2026-04-01,2026-04-30,0.0,0.0,0.0,0.0,0,0.0,0,1,0.0,Ferro,sem_dado,0.05,tiktok_seller_center,0,0,0,0,,,0.0,0.0,0,0.0,0,1,0.0,1,2026-04,2026-04
FERREIRA.CRISS,2026-02,2026-02-01,2026-02-28,0.0,0.0,0.0,0.0,0,0.0,1,0,0.0,Ferro,sem_dado,0.05,tiktok_seller_center,0,0,0,0,,,0.0,0.0,0,0.0,1,0,0.0,1,2026-02,2026-02
FERREIRAGIOVAN,2026-02,2026-02-01,2026-02-28,0.0,0.0,0.0,0.0,0,0.0,3,6,0.0,Ferro,sem_dado,0.05,tiktok_seller_center,0,0,0,0,,,0.0,0.0,0,0.0,6,7,0.0,2,2026-01,2026-02
FERREIRA_DICAS,2026-04,2026-04-01,2026-04-30,0.0,0.0,0.0,0.0,0,0.0,0,2,0.0,Ferro,sem_dado,0.05,tiktok_seller_center,0,0,0,0,,,0.0,0.0,0,0.0,0,3,0.0,2,2026-03,2026-04
FERTORRESSHOP,2026-03,2026-03-01,2026-03-31,0.0,0.0,0.0,0.0,0,0.0,0,16,0.0,Ferro,sem_dado,0.05,tiktok_seller_center,0,0,0,0,,,0.0,0.0,0,0.0,0,29,0.0,2,2026-02,2026-03
FER_RECOMENDA,2026-02,2026-02-01,2026-02-28,0.0,0.0,0.0,0.0,0,0.0,0,1,0.0,Ferro,sem_dado,0.05,tiktok_seller_center,0,0,0,0,,,0.0,0.0,0,0.0,0,3,0.0,2,2026-01,2026-02
FFERNAND85,2026-05,2026-05-01,2026-05-23,0.0,0.0,0.0,0.0,0,0.0,0,1,0.0,Ferro,sem_dado,0.05,tiktok_seller_center,0,0,0,0,,0,0.0,0.0,0,0.0,0,4,0.0,2,2026-04,2026-05
FFTIKQAZDS3,2026-03,2026-03-01,2026-03-31,0.0,0.0,0.0,0.0,0,0.0,1,0,0.0,Ferro,sem_dado,0.05,tiktok_seller_center,0,0,0,0,,,0.0,0.0,0,0.0,1,0,0.0,1,2026-03,2026-03
FGGUTYY2,2026-04,2026-04-01,2026-04-30,987.23,987.23,0.0,0.0,11,89.75,0,0,0.0,Ferro,sem_dado,0.05,tiktok_seller_center,12,0,1,0,,,987.23,987.23,11,0.0,2,0,49.36,2,2026-03,2026-04
FHE.RECOMENDA,2026-05,2026-05-01,2026-05-23,0.0,0.0,0.0,0.0,0,0.0,0,1,0.0,Ferro,sem_dado,0.05,tiktok_seller_center,,0,0,0,,0,0.0,0.0,0,0.0,0,1,0.0,1,2026-05,2026-05
FICA.A.DICA.STORE0,2026-03,2026-03-01,2026-03-31,0.0,0.0,0.0,0.0,0,0.0,0,1,0.0,Ferro,sem_dado,0.05,tiktok_seller_center,0,0,0,0,,,0.0,0.0,0,0.0,0,1,0.0,1,2026-03,2026-03
FICA.A.DICA2026,2026-04,2026-04-01,2026-04-30,0.0,0.0,0.0,0.0,0,0.0,1,0,0.0,Ferro,sem_dado,0.05,tiktok_seller_center,0,0,0,0,,,0.0,0.0,0,0.0,1,0,0.0,1,2026-04,2026-04
FIIAMAROJAS,2026-05,2026-05-01,2026-05-23,0.0,0.0,0.0,0.0,0,0.0,0,1,0.0,Ferro,sem_dado,0.05,tiktok_seller_center,0,0,0,0,,0,0.0,0.0,0,0.0,0,22,0.0,2,2026-04,2026-05
FILIPESHOPOFC,2026-03,2026-03-01,2026-03-31,0.0,0.0,0.0,0.0,0,0.0,0,2,0.0,Ferro,sem_dado,0.05,tiktok_seller_center,0,0,0,0,,,0.0,0.0,0,0.0,0,2,0.0,1,2026-03,2026-03
FIOFINOOFICIALL,2026-04,2026-04-01,2026-04-30,0.0,0.0,0.0,0.0,0,0.0,0,4,0.0,Ferro,sem_dado,0.05,tiktok_seller_center,0,0,0,0,,,227.26000000000002,227.26000000000002,3,0.0,7,9,11.370000000000001,3,2026-01,2026-04
FISCALDAPROMOCAO,2026-01,2026-01-06,2026-01-31,0.0,0.0,0.0,0.0,0,0.0,0,2,0.0,Ferro,sem_dado,0.05,tiktok_seller_center,0,0,0,0,,,0.0,0.0,0,0.0,0,2,0.0,1,2026-01,2026-01
FIT.LIH,2026-04,2026-04-01,2026-04-30,0.0,0.0,0.0,0.0,0,0.0,0,2,0.0,Ferro,sem_dado,0.05,tiktok_seller_center,0,0,0,0,,,0.0,0.0,0,0.0,0,6,0.0,3,2026-02,2026-04
FITNESHOP7,2026-05,2026-05-01,2026-05-23,0.0,0.0,0.0,0.0,0,0.0,1,0,0.0,Ferro,sem_dado,0.05,tiktok_seller_center,,0,0,0,,0,0.0,0.0,0,0.0,1,0,0.0,1,2026-05,2026-05
FITNESSEVIDASAUDAVEL,2026-05,2026-05-01,2026-05-23,0.0,0.0,0.0,0.0,0,0.0,0,2,0.0,Ferro,sem_dado,0.05,tiktok_seller_center,0,0,0,0,,0,0.0,0.0,0,0.0,0,5,0.0,2,2026-04,2026-05
FITNESSMOTIVATIONDIARIO,2026-02,2026-02-01,2026-02-28,0.0,0.0,0.0,0.0,0,0.0,0,5,0.0,Ferro,sem_dado,0.05,tiktok_seller_center,0,0,0,0,,,0.0,0.0,0,0.0,0,5,0.0,1,2026-02,2026-02
FLAAA595,2026-02,2026-02-01,2026-02-28,0.0,0.0,0.0,0.0,0,0.0,1,0,0.0,Ferro,sem_dado,0.05,tiktok_seller_center,0,0,0,0,,,0.0,0.0,0,0.0,1,0,0.0,1,2026-02,2026-02
FLAINDICA0,2026-05,2026-05-01,2026-05-23,0.0,0.0,0.0,0.0,0,0.0,0,3,0.0,Ferro,sem_dado,0.05,tiktok_seller_center,,0,0,0,,0,0.0,0.0,0,0.0,0,3,0.0,1,2026-05,2026-05
FLASH.NEWS07,2026-01,2026-01-06,2026-01-31,0.0,0.0,0.0,0.0,0,0.0,1,0,0.0,Ferro,sem_dado,0.05,tiktok_seller_center,0,0,0,0,,,0.0,0.0,0,0.0,1,0,0.0,1,2026-01,2026-01
FLAVIA.CUNHA__,2026-03,2026-03-01,2026-03-31,83.62,83.62,0.0,0.0,1,83.62,0,0,7.91,Ferro,sem_dado,0.05,tiktok_seller_center,1,0,1,0,,,160.96,160.96,2,0.0,0,0,8.05,2,2026-01,2026-03
FLAVIA.RCARDOSO,2026-04,2026-04-01,2026-04-30,0.0,0.0,0.0,0.0,0,0.0,0,1,0.0,Ferro,sem_dado,0.05,tiktok_seller_center,0,0,0,0,,,0.0,0.0,0,0.0,0,9,0.0,3,2026-02,2026-04
FLAVIAB325,2026-05,2026-05-01,2026-05-23,99.9,99.9,0.0,0.0,1,99.9,19,19,7.99,Ferro,sem_dado,0.05,tiktok_seller_center,0,0,1,0,,1,99.9,99.9,1,0.0,19,45,5.0,2,2026-04,2026-05
FLAVIABASTOS28,2026-03,2026-03-01,2026-03-31,0.0,0.0,0.0,0.0,0,0.0,0,15,0.0,Ferro,sem_dado,0.05,tiktok_seller_center,0,0,0,0,,,0.0,0.0,0,0.0,0,36,0.0,2,2026-02,2026-03
FLAVIADOGAKIUTI,2026-04,2026-04-01,2026-04-30,98.93,0.0,98.93,100.0,1,98.93,1,8,9.0,Ferro,sem_dado,0.05,tiktok_seller_center,1,1,1,0,,,98.93,0.0,1,98.93,1,9,0.0,2,2026-03,2026-04
FLAVIAFLAY17,2026-03,2026-03-01,2026-03-31,0.0,0.0,0.0,0.0,0,0.0,3,1,0.0,Ferro,sem_dado,0.05,tiktok_seller_center,0,0,0,0,,,0.0,0.0,0,0.0,3,1,0.0,1,2026-03,2026-03
FLAVIAGONCALVESVS,2026-04,2026-04-01,2026-04-30,0.0,0.0,0.0,0.0,0,0.0,0,3,0.0,Ferro,sem_dado,0.05,tiktok_seller_center,0,0,0,0,,,0.0,0.0,0,0.0,0,4,0.0,2,2026-03,2026-04
FLAVIAINDICA_AQUI,2026-01,2026-01-06,2026-01-31,0.0,0.0,0.0,0.0,0,0.0,0,1,0.0,Ferro,sem_dado,0.05,tiktok_seller_center,0,0,0,0,,,0.0,0.0,0,0.0,0,1,0.0,1,2026-01,2026-01
FLAVIALEALICASTRO,2026-04,2026-04-01,2026-04-30,0.0,0.0,0.0,0.0,0,0.0,1,0,0.0,Ferro,sem_dado,0.05,tiktok_seller_center,0,0,0,0,,,0.0,0.0,0,0.0,1,0,0.0,1,2026-04,2026-04
FLAVIALIMA321,2026-01,2026-01-06,2026-01-31,0.0,0.0,0.0,0.0,0,0.0,1,0,0.0,Ferro,sem_dado,0.05,tiktok_seller_center,0,0,0,0,,,0.0,0.0,0,0.0,1,0,0.0,1,2026-01,2026-01
FLAVIANAPIRES3,2026-04,2026-04-01,2026-04-30,0.0,0.0,0.0,0.0,0,0.0,0,5,0.0,Ferro,sem_dado,0.05,tiktok_seller_center,0,0,0,0,,,0.0,0.0,0,0.0,0,5,0.0,1,2026-04,2026-04
FLAVIANECREATORSEARCH,2026-05,2026-05-01,2026-05-23,0.0,0.0,0.0,0.0,0,0.0,0,1,0.0,Ferro,sem_dado,0.05,tiktok_seller_center,0,0,0,0,,0,0.0,0.0,0,0.0,0,2,0.0,2,2026-02,2026-05
FLAVIANYTALINE,2026-04,2026-04-01,2026-04-30,0.0,0.0,0.0,0.0,0,0.0,0,2,0.0,Ferro,sem_dado,0.05,tiktok_seller_center,0,0,0,0,,,0.0,0.0,0,0.0,0,2,0.0,1,2026-04,2026-04
FLAVIAPERUSATOKRAUZE,2026-02,2026-02-01,2026-02-28,0.0,0.0,0.0,0.0,0,0.0,0,1,0.0,Ferro,sem_dado,0.05,tiktok_seller_center,0,0,0,0,,,0.0,0.0,0,0.0,0,5,0.0,2,2026-01,2026-02
FLAVIARIBEIRO._,2026-03,2026-03-01,2026-03-31,0.0,0.0,0.0,0.0,0,0.0,1,0,0.0,Ferro,sem_dado,0.05,tiktok_seller_center,0,0,0,0,,,0.0,0.0,0,0.0,1,0,0.0,1,2026-03,2026-03
FLAVIA_LEONEL,2026-04,2026-04-01,2026-04-30,0.0,0.0,0.0,0.0,0,0.0,1,1,0.0,Ferro,sem_dado,0.05,tiktok_seller_center,0,0,0,0,,,164.59,164.59,2,0.0,2,3,8.23,3,2026-01,2026-04
FLAVINHA.BRAND,2026-05,2026-05-01,2026-05-23,276.14,276.14,0.0,0.0,3,92.05,0,16,18.99,Ferro,sem_dado,0.05,tiktok_seller_center,1,0,1,0,,3,1291.8899999999999,1196.19,15,95.7,17,29,59.82,4,2026-02,2026-05
FLAVINHATIKTOKSHOP,2026-04,2026-04-01,2026-04-30,0.0,0.0,0.0,0.0,0,0.0,0,1,0.0,Ferro,sem_dado,0.05,tiktok_seller_center,0,0,0,0,,,0.0,0.0,0,0.0,0,1,0.0,1,2026-04,2026-04
FLAVINHA_INDICA,2026-02,2026-02-01,2026-02-28,0.0,0.0,0.0,0.0,0,0.0,0,1,0.0,Ferro,sem_dado,0.05,tiktok_seller_center,0,0,0,0,,,0.0,0.0,0,0.0,0,1,0.0,1,2026-02,2026-02
FLAVIOCRISPIMR,2026-02,2026-02-01,2026-02-28,0.0,0.0,0.0,0.0,0,0.0,0,7,0.0,Ferro,sem_dado,0.05,tiktok_seller_center,0,0,0,0,,,0.0,0.0,0,0.0,0,20,0.0,2,2026-01,2026-02
FLAVIRDIO6B,2026-05,2026-05-01,2026-05-23,0.0,0.0,0.0,0.0,0,0.0,0,2,0.0,Ferro,sem_dado,0.05,tiktok_seller_center,,0,0,0,,0,0.0,0.0,0,0.0,0,2,0.0,1,2026-05,2026-05
FLAYALVESS,2026-02,2026-02-01,2026-02-28,0.0,0.0,0.0,0.0,0,0.0,0,2,0.0,Ferro,sem_dado,0.05,tiktok_seller_center,0,0,0,0,,,0.0,0.0,0,0.0,0,2,0.0,1,2026-02,2026-02
FLA_INDICA_SHOP,2026-04,2026-04-01,2026-04-30,0.0,0.0,0.0,0.0,0,0.0,1,0,0.0,Ferro,sem_dado,0.05,tiktok_seller_center,0,0,0,0,,,0.0,0.0,0,0.0,1,0,0.0,1,2026-04,2026-04
FLOR.DINIZ,2026-04,2026-04-01,2026-04-30,0.0,0.0,0.0,0.0,0,0.0,0,1,0.0,Ferro,sem_dado,0.05,tiktok_seller_center,0,0,0,0,,,0.0,0.0,0,0.0,0,1,0.0,1,2026-04,2026-04
FLORA.CORDEIRO_,2026-05,2026-05-01,2026-05-23,0.0,0.0,0.0,0.0,0,0.0,1,0,0.0,Ferro,sem_dado,0.05,tiktok_seller_center,,0,0,0,,0,0.0,0.0,0,0.0,1,0,0.0,1,2026-05,2026-05
FLORESCEREPROSPERAR,2026-05,2026-05-01,2026-05-23,0.0,0.0,0.0,0.0,0,0.0,0,1,0.0,Ferro,sem_dado,0.05,tiktok_seller_center,0,0,0,0,,0,0.0,0.0,0,0.0,0,4,0.0,2,2026-04,2026-05
FMGOUVEA,2026-02,2026-02-01,2026-02-28,89.99,89.99,0.0,0.0,1,89.99,0,1,9.0,Ferro,sem_dado,0.05,tiktok_seller_center,1,0,1,0,,,89.99,89.99,1,0.0,0,1,4.5,1,2026-02,2026-02
FOFOCADOSFAM,2026-04,2026-04-01,2026-04-30,0.0,0.0,0.0,0.0,0,0.0,0,1,0.0,Ferro,sem_dado,0.05,tiktok_seller_center,0,0,0,0,,,0.0,0.0,0,0.0,0,1,0.0,1,2026-04,2026-04
FOGACATALITA,2026-05,2026-05-01,2026-05-23,0.0,0.0,0.0,0.0,0,0.0,0,2,0.0,Ferro,sem_dado,0.05,tiktok_seller_center,0,0,0,0,,0,0.0,0.0,0,0.0,1,9,0.0,2,2026-04,2026-05
FORCADAFE12,2026-04,2026-04-01,2026-04-30,0.0,0.0,0.0,0.0,0,0.0,0,1,0.0,Ferro,sem_dado,0.05,tiktok_seller_center,0,0,0,0,,,0.0,0.0,0,0.0,0,1,0.0,1,2026-04,2026-04
FORGIRLSBRASIL,2026-02,2026-02-01,2026-02-28,0.0,0.0,0.0,0.0,0,0.0,3,0,0.0,Ferro,sem_dado,0.05,tiktok_seller_center,0,0,0,0,,,0.0,0.0,0,0.0,3,0,0.0,1,2026-02,2026-02
FORNECEDORES_CHAVE,2026-02,2026-02-01,2026-02-28,0.0,0.0,0.0,0.0,0,0.0,1,0,0.0,Ferro,sem_dado,0.05,tiktok_seller_center,0,0,0,0,,,0.0,0.0,0,0.0,1,0,0.0,1,2026-02,2026-02
FORYOU0670,2026-04,2026-04-01,2026-04-30,0.0,0.0,0.0,0.0,0,0.0,0,1,0.0,Ferro,sem_dado,0.05,tiktok_seller_center,0,0,0,0,,,0.0,0.0,0,0.0,1,3,0.0,4,2026-01,2026-04
FPR_SHOP,2026-03,2026-03-01,2026-03-31,0.0,0.0,0.0,0.0,0,0.0,1,0,0.0,Ferro,sem_dado,0.05,tiktok_seller_center,0,0,0,0,,,0.0,0.0,0,0.0,1,0,0.0,1,2026-03,2026-03
FRAANNJARDIM,2026-04,2026-04-01,2026-04-30,0.0,0.0,0.0,0.0,0,0.0,2,12,0.0,Ferro,sem_dado,0.05,tiktok_seller_center,0,0,0,0,,,0.0,0.0,0,0.0,2,12,0.0,1,2026-04,2026-04
FRAN.CALHEIRA,2026-03,2026-03-01,2026-03-31,0.0,0.0,0.0,0.0,0,0.0,2,0,0.0,Ferro,sem_dado,0.05,tiktok_seller_center,0,0,0,0,,,79.9,79.9,1,0.0,2,0,4.0,2,2026-02,2026-03
FRAN.INDICA26,2026-05,2026-05-01,2026-05-23,0.0,0.0,0.0,0.0,0,0.0,2,0,0.0,Ferro,sem_dado,0.05,tiktok_seller_center,,0,0,0,,0,0.0,0.0,0,0.0,2,0,0.0,1,2026-05,2026-05
FRANCEYSLLA,2026-05,2026-05-01,2026-05-23,0.0,0.0,0.0,0.0,0,0.0,1,0,0.0,Ferro,sem_dado,0.05,tiktok_seller_center,0,0,0,0,,0,0.0,0.0,0,0.0,5,2,0.0,2,2026-04,2026-05
FRANCI8356,2026-01,2026-01-06,2026-01-31,0.0,0.0,0.0,0.0,0,0.0,0,4,0.0,Ferro,sem_dado,0.05,tiktok_seller_center,0,0,0,0,,,0.0,0.0,0,0.0,0,4,0.0,1,2026-01,2026-01
FRANCIANE.SHOP,2026-04,2026-04-01,2026-04-30,0.0,0.0,0.0,0.0,0,0.0,0,5,0.0,Ferro,sem_dado,0.05,tiktok_seller_center,0,0,0,0,,,0.0,0.0,0,0.0,0,12,0.0,2,2026-03,2026-04
FRANCIANERODRIGUE40,2026-04,2026-04-01,2026-04-30,0.0,0.0,0.0,0.0,0,0.0,0,1,0.0,Ferro,sem_dado,0.05,tiktok_seller_center,0,0,0,0,,,0.0,0.0,0,0.0,0,2,0.0,2,2026-03,2026-04
FRANCIELE.NUNESS,2026-04,2026-04-01,2026-04-30,0.0,0.0,0.0,0.0,0,0.0,0,9,0.0,Ferro,sem_dado,0.05,tiktok_seller_center,0,0,0,0,,,0.0,0.0,0,0.0,0,9,0.0,1,2026-04,2026-04
FRANCIELLITDS,2026-01,2026-01-06,2026-01-31,0.0,0.0,0.0,0.0,0,0.0,1,0,0.0,Ferro,sem_dado,0.05,tiktok_seller_center,0,0,0,0,,,0.0,0.0,0,0.0,1,0,0.0,1,2026-01,2026-01
FRANCIELLY.OF1,2026-02,2026-02-01,2026-02-28,0.0,0.0,0.0,0.0,0,0.0,0,1,0.0,Ferro,sem_dado,0.05,tiktok_seller_center,0,0,0,0,,,0.0,0.0,0,0.0,0,2,0.0,2,2026-01,2026-02
FRANCILENE.._,2026-02,2026-02-01,2026-02-28,0.0,0.0,0.0,0.0,0,0.0,1,0,0.0,Ferro,sem_dado,0.05,tiktok_seller_center,0,0,0,0,,,0.0,0.0,0,0.0,1,0,0.0,1,2026-02,2026-02
FRANCILENESHOP36,2026-01,2026-01-06,2026-01-31,0.0,0.0,0.0,0.0,0,0.0,0,2,0.0,Ferro,sem_dado,0.05,tiktok_seller_center,0,0,0,0,,,0.0,0.0,0,0.0,0,2,0.0,1,2026-01,2026-01
FRANCINECORREAA,2026-04,2026-04-01,2026-04-30,0.0,0.0,0.0,0.0,0,0.0,1,1,0.0,Ferro,sem_dado,0.05,tiktok_seller_center,0,0,0,0,,,0.0,0.0,0,0.0,7,4,0.0,3,2026-02,2026-04
FRANCINEFOSSS,2026-05,2026-05-01,2026-05-23,0.0,0.0,0.0,0.0,0,0.0,0,22,0.0,Ferro,sem_dado,0.05,tiktok_seller_center,0,0,0,0,,0,2443.99,1591.6399999999999,31,852.35,0,195,79.59,5,2026-01,2026-05
FRANCISCA.PAIVA333,2026-05,2026-05-01,2026-05-23,0.0,0.0,0.0,0.0,0,0.0,0,6,0.0,Ferro,sem_dado,0.05,tiktok_seller_center,0,0,0,0,,0,0.0,0.0,0,0.0,0,41,0.0,3,2026-03,2026-05
FRANCISCASILVA6291,2026-01,2026-01-06,2026-01-31,0.0,0.0,0.0,0.0,0,0.0,1,0,0.0,Ferro,sem_dado,0.05,tiktok_seller_center,0,0,0,0,,,0.0,0.0,0,0.0,1,0,0.0,1,2026-01,2026-01
FRANCISCISCASILVAMENTORA,2026-02,2026-02-01,2026-02-28,0.0,0.0,0.0,0.0,0,0.0,0,1,0.0,Ferro,sem_dado,0.05,tiktok_seller_center,0,0,0,0,,,0.0,0.0,0,0.0,0,1,0.0,1,2026-02,2026-02
FRANCISCOLABRADOR35,2026-05,2026-05-01,2026-05-23,0.0,0.0,0.0,0.0,0,0.0,3,0,0.0,Ferro,sem_dado,0.05,tiktok_seller_center,,0,0,0,,0,0.0,0.0,0,0.0,3,0,0.0,1,2026-05,2026-05
FRANCRUZ.26,2026-05,2026-05-01,2026-05-23,366.58,366.58,0.0,0.0,4,91.64,8,0,31.3,Bronze,sem_dado,0.07,tiktok_seller_center,42,0,1,0,,4,5762.97,5441.080000000001,67,321.89,66,0,335.98,3,2026-03,2026-05
FRANFERNAANDES,2026-05,2026-05-01,2026-05-23,0.0,0.0,0.0,0.0,0,0.0,0,1,0.0,Ferro,sem_dado,0.05,tiktok_seller_center,,0,0,0,,0,0.0,0.0,0,0.0,0,1,0.0,1,2026-05,2026-05
FRANGALVAOBARBOSA,2026-04,2026-04-01,2026-04-30,0.0,0.0,0.0,0.0,0,0.0,0,2,0.0,Ferro,sem_dado,0.05,tiktok_seller_center,0,0,0,0,,,0.0,0.0,0,0.0,0,2,0.0,1,2026-04,2026-04
FRANGOMEZ001,2026-04,2026-04-01,2026-04-30,0.0,0.0,0.0,0.0,0,0.0,1,0,0.0,Ferro,sem_dado,0.05,tiktok_seller_center,0,0,0,0,,,0.0,0.0,0,0.0,1,0,0.0,1,2026-04,2026-04
FRANJAKUBIAK,2026-04,2026-04-01,2026-04-30,0.0,0.0,0.0,0.0,0,0.0,0,3,0.0,Ferro,sem_dado,0.05,tiktok_seller_center,0,0,0,0,,,0.0,0.0,0,0.0,0,3,0.0,1,2026-04,2026-04
FRANJARDIMWORK,2026-04,2026-04-01,2026-04-30,0.0,0.0,0.0,0.0,0,0.0,1,0,0.0,Ferro,sem_dado,0.05,tiktok_seller_center,0,0,0,0,,,0.0,0.0,0,0.0,1,0,0.0,1,2026-04,2026-04
FRANLIRA.ME,2026-03,2026-03-01,2026-03-31,0.0,0.0,0.0,0.0,0,0.0,4,0,0.0,Ferro,sem_dado,0.05,tiktok_seller_center,0,0,0,0,,,0.0,0.0,0,0.0,9,3,0.0,3,2026-01,2026-03
FRANPEYERLSHOP,2026-02,2026-02-01,2026-02-28,0.0,0.0,0.0,0.0,0,0.0,0,1,0.0,Ferro,sem_dado,0.05,tiktok_seller_center,0,0,0,0,,,0.0,0.0,0,0.0,1,1,0.0,2,2026-01,2026-02
FRANSOUSASHOP,2026-04,2026-04-01,2026-04-30,0.0,0.0,0.0,0.0,0,0.0,0,1,0.0,Ferro,sem_dado,0.05,tiktok_seller_center,0,0,0,0,,,0.0,0.0,0,0.0,0,1,0.0,1,2026-04,2026-04
FRAN_CONSTRUINDOMEUSONHO,2026-04,2026-04-01,2026-04-30,0.0,0.0,0.0,0.0,0,0.0,0,5,0.0,Ferro,sem_dado,0.05,tiktok_seller_center,0,0,0,0,,,0.0,0.0,0,0.0,0,5,0.0,1,2026-04,2026-04
FRAN_INDICA2,2026-03,2026-03-01,2026-03-31,0.0,0.0,0.0,0.0,0,0.0,0,3,0.0,Ferro,sem_dado,0.05,tiktok_seller_center,0,0,0,0,,,0.0,0.0,0,0.0,0,5,0.0,2,2026-02,2026-03
FRASES.MENSAJES,2026-05,2026-05-01,2026-05-23,0.0,0.0,0.0,0.0,0,0.0,1,0,0.0,Ferro,sem_dado,0.05,tiktok_seller_center,0,0,0,0,,0,0.0,0.0,0,0.0,2,0,0.0,2,2026-01,2026-05
FRASESPOSITIVAS2613,2026-01,2026-01-06,2026-01-31,0.0,0.0,0.0,0.0,0,0.0,1,0,0.0,Ferro,sem_dado,0.05,tiktok_seller_center,0,0,0,0,,,0.0,0.0,0,0.0,1,0,0.0,1,2026-01,2026-01
FREIREVICTORIA2,2026-05,2026-05-01,2026-05-23,0.0,0.0,0.0,0.0,0,0.0,0,2,0.0,Ferro,sem_dado,0.05,tiktok_seller_center,0,0,0,0,,0,0.0,0.0,0,0.0,0,25,0.0,5,2026-01,2026-05
FURLANVITORIA,2026-05,2026-05-01,2026-05-23,0.0,0.0,0.0,0.0,0,0.0,0,5,0.0,Ferro,sem_dado,0.05,tiktok_seller_center,,0,0,0,,0,0.0,0.0,0,0.0,0,5,0.0,1,2026-05,2026-05
FUUSCW0,2026-03,2026-03-01,2026-03-31,79.9,79.9,0.0,0.0,1,79.9,2,0,7.99,Ferro,sem_dado,0.05,tiktok_seller_center,1,0,1,0,,,79.9,79.9,1,0.0,2,0,4.0,1,2026-03,2026-03
FW9ZN0,2026-03,2026-03-01,2026-03-31,0.0,0.0,0.0,0.0,0,0.0,1,0,0.0,Ferro,sem_dado,0.05,tiktok_seller_center,0,0,0,0,,,0.0,0.0,0,0.0,1,0,0.0,1,2026-03,2026-03
FYMILOKA,2026-01,2026-01-06,2026-01-31,0.0,0.0,0.0,0.0,0,0.0,2,0,0.0,Ferro,sem_dado,0.05,tiktok_seller_center,0,0,0,0,,,0.0,0.0,0,0.0,2,0,0.0,1,2026-01,2026-01
FZM8GR7,2026-02,2026-02-01,2026-02-28,0.0,0.0,0.0,0.0,0,0.0,1,0,0.0,Ferro,sem_dado,0.05,tiktok_seller_center,0,0,0,0,,,0.0,0.0,0,0.0,1,0,0.0,1,2026-02,2026-02
GABBIZIE,2026-05,2026-05-01,2026-05-23,1644.59,1538.3899999999999,106.2,6.46,16,102.79,13,0,202.63,Prata,sem_dado,0.09,tiktok_seller_center,42,1,1,2,,17,24541.04,21959.02,300,2582.02,19,1,1687.03,5,2026-01,2026-05
GABH232,2026-03,2026-03-01,2026-03-31,0.0,0.0,0.0,0.0,0,0.0,4,2,0.0,Ferro,sem_dado,0.05,tiktok_seller_center,0,0,0,0,,,0.0,0.0,0,0.0,4,2,0.0,1,2026-03,2026-03
GABI.MAFRA899,2026-05,2026-05-01,2026-05-23,0.0,0.0,0.0,0.0,0,0.0,1,0,0.0,Ferro,sem_dado,0.05,tiktok_seller_center,,0,0,0,,0,0.0,0.0,0,0.0,1,0,0.0,1,2026-05,2026-05
GABI.VALIATI,2026-04,2026-04-01,2026-04-30,62.54,62.54,0.0,0.0,1,62.54,0,0,7.15,Ferro,sem_dado,0.05,tiktok_seller_center,1,0,1,0,,,1371.46,1196.04,17,175.42000000000002,4,0,59.809999999999995,4,2026-01,2026-04
GABIBARRETTTO,2026-05,2026-05-01,2026-05-23,0.0,0.0,0.0,0.0,0,0.0,0,3,0.0,Ferro,sem_dado,0.05,tiktok_seller_center,1,0,0,0,,0,79.9,79.9,1,0.0,1,8,4.0,2,2026-04,2026-05
GABICOGHETTO,2026-02,2026-02-01,2026-02-28,64.94,-15.760000000000005,80.7,124.27,1,64.94,0,0,7.22,Ferro,sem_dado,0.05,tiktok_seller_center,1,1,1,0,,,317.32,236.62,4,80.7,1,0,11.829999999999998,2,2026-01,2026-02
GABICREATORSHOP,2026-04,2026-04-01,2026-04-30,0.0,0.0,0.0,0.0,0,0.0,0,1,0.0,Ferro,sem_dado,0.05,tiktok_seller_center,0,0,0,0,,,0.0,0.0,0,0.0,0,6,0.0,3,2026-01,2026-04
GABICREATOR_,2026-04,2026-04-01,2026-04-30,0.0,0.0,0.0,0.0,0,0.0,3,2,0.0,Ferro,sem_dado,0.05,tiktok_seller_center,0,0,0,0,,,0.0,0.0,0,0.0,3,2,0.0,1,2026-04,2026-04
GABIGUERRASHOP,2026-05,2026-05-01,2026-05-23,0.0,0.0,0.0,0.0,0,0.0,2,0,0.0,Ferro,sem_dado,0.05,tiktok_seller_center,,0,0,0,,0,0.0,0.0,0,0.0,2,0,0.0,1,2026-05,2026-05
GABIIIMSILVAA,2026-01,2026-01-06,2026-01-31,0.0,0.0,0.0,0.0,0,0.0,1,0,0.0,Ferro,sem_dado,0.05,tiktok_seller_center,0,0,0,0,,,0.0,0.0,0,0.0,1,0,0.0,1,2026-01,2026-01
GABILIMA_SHOP,2026-05,2026-05-01,2026-05-23,0.0,0.0,0.0,0.0,0,0.0,0,13,0.0,Ferro,sem_dado,0.05,tiktok_seller_center,0,0,0,0,,0,0.0,0.0,0,0.0,0,37,0.0,2,2026-04,2026-05
GABIPEREIRACC,2026-05,2026-05-01,2026-05-23,0.0,0.0,0.0,0.0,0,0.0,1,0,0.0,Ferro,sem_dado,0.05,tiktok_seller_center,,0,0,0,,0,0.0,0.0,0,0.0,1,0,0.0,1,2026-05,2026-05
GABIPERINETTI,2026-03,2026-03-01,2026-03-31,0.0,0.0,0.0,0.0,0,0.0,0,1,0.0,Ferro,sem_dado,0.05,tiktok_seller_center,0,0,0,0,,,0.0,0.0,0,0.0,0,1,0.0,1,2026-03,2026-03
GABIPINH_,2026-04,2026-04-01,2026-04-30,63.74,63.74,0.0,0.0,1,63.74,0,1,5.78,Ferro,sem_dado,0.05,tiktok_seller_center,1,0,1,0,,,63.74,63.74,1,0.0,0,1,3.19,1,2026-04,2026-04
GABISHOP07,2026-02,2026-02-01,2026-02-28,0.0,0.0,0.0,0.0,0,0.0,1,0,0.0,Ferro,sem_dado,0.05,tiktok_seller_center,0,0,0,0,,,0.0,0.0,0,0.0,1,0,0.0,1,2026-02,2026-02
GABISHOP_26,2026-03,2026-03-01,2026-03-31,0.0,0.0,0.0,0.0,0,0.0,1,0,0.0,Ferro,sem_dado,0.05,tiktok_seller_center,0,0,0,0,,,0.0,0.0,0,0.0,1,0,0.0,1,2026-03,2026-03
GABISILVAA174,2026-03,2026-03-01,2026-03-31,0.0,0.0,0.0,0.0,0,0.0,1,0,0.0,Ferro,sem_dado,0.05,tiktok_seller_center,0,0,0,0,,,0.0,0.0,0,0.0,1,0,0.0,1,2026-03,2026-03
GABIZ.SHOP,2026-05,2026-05-01,2026-05-23,0.0,0.0,0.0,0.0,0,0.0,1,0,0.0,Ferro,sem_dado,0.05,tiktok_seller_center,,0,0,0,,0,0.0,0.0,0,0.0,1,0,0.0,1,2026-05,2026-05
GABIZAGOORGANIZA,2026-03,2026-03-01,2026-03-31,0.0,0.0,0.0,0.0,0,0.0,4,0,0.0,Ferro,sem_dado,0.05,tiktok_seller_center,0,0,0,0,,,0.0,0.0,0,0.0,4,0,0.0,1,2026-03,2026-03
GABI_MA_INFLUENCE,2026-01,2026-01-06,2026-01-31,0.0,0.0,0.0,0.0,0,0.0,0,1,0.0,Ferro,sem_dado,0.05,tiktok_seller_center,0,0,0,0,,,0.0,0.0,0,0.0,0,1,0.0,1,2026-01,2026-01
GABRIELA.SILVA0136,2026-02,2026-02-01,2026-02-28,0.0,0.0,0.0,0.0,0,0.0,1,0,0.0,Ferro,sem_dado,0.05,tiktok_seller_center,0,0,0,0,,,0.0,0.0,0,0.0,1,0,0.0,1,2026-02,2026-02
GABRIELA98100,2026-05,2026-05-01,2026-05-23,0.0,0.0,0.0,0.0,0,0.0,1,0,0.0,Ferro,sem_dado,0.05,tiktok_seller_center,0,0,0,0,,0,0.0,0.0,0,0.0,2,0,0.0,2,2026-04,2026-05
GABRIELACARVALHOCABOFRIO,2026-05,2026-05-01,2026-05-23,0.0,0.0,0.0,0.0,0,0.0,1,2,0.0,Ferro,sem_dado,0.05,tiktok_seller_center,0,0,0,0,,0,0.0,0.0,0,0.0,4,2,0.0,4,2026-01,2026-05
GABRIELADICASDEAMIGA,2026-05,2026-05-01,2026-05-23,0.0,0.0,0.0,0.0,0,0.0,0,3,0.0,Ferro,sem_dado,0.05,tiktok_seller_center,,0,0,0,,0,0.0,0.0,0,0.0,0,3,0.0,1,2026-05,2026-05
GABRIELAF011,2026-05,2026-05-01,2026-05-23,0.0,0.0,0.0,0.0,0,0.0,2,0,0.0,Ferro,sem_dado,0.05,tiktok_seller_center,4,0,0,0,,0,944.1800000000001,613.9300000000001,9,330.25,11,54,30.700000000000003,4,2026-02,2026-05
GABRIELAFILIADATIKTOK,2026-05,2026-05-01,2026-05-23,0.0,0.0,0.0,0.0,0,0.0,0,4,0.0,Ferro,sem_dado,0.05,tiktok_seller_center,0,0,0,0,,0,0.0,0.0,0,0.0,0,5,0.0,2,2026-04,2026-05
GABRIELAHENRIQUE37,2026-04,2026-04-01,2026-04-30,0.0,0.0,0.0,0.0,0,0.0,1,0,0.0,Ferro,sem_dado,0.05,tiktok_seller_center,0,0,0,0,,,0.0,0.0,0,0.0,1,0,0.0,1,2026-04,2026-04
GABRIELAHORN_,2026-05,2026-05-01,2026-05-23,105.08,105.08,0.0,0.0,1,105.08,0,0,7.99,Ferro,sem_dado,0.05,tiktok_seller_center,,0,1,0,,1,105.08,105.08,1,0.0,0,0,5.25,1,2026-05,2026-05
GABRIELAMARIA.2311,2026-05,2026-05-01,2026-05-23,0.0,0.0,0.0,0.0,0,0.0,0,1,0.0,Ferro,sem_dado,0.05,tiktok_seller_center,0,0,0,0,,0,0.0,0.0,0,0.0,0,4,0.0,3,2026-03,2026-05
GABRIELAMENEZES._,2026-02,2026-02-01,2026-02-28,0.0,0.0,0.0,0.0,0,0.0,1,2,0.0,Ferro,sem_dado,0.05,tiktok_seller_center,0,0,0,0,,,0.0,0.0,0,0.0,1,2,0.0,1,2026-02,2026-02
GABRIELAORTIZS,2026-05,2026-05-01,2026-05-23,189.35,189.35,0.0,0.0,2,94.68,3,0,15.98,Ferro,sem_dado,0.05,tiktok_seller_center,,0,1,0,,2,189.35,189.35,2,0.0,3,0,9.47,1,2026-05,2026-05
GABRIELA_CREATTOR,2026-04,2026-04-01,2026-04-30,0.0,0.0,0.0,0.0,0,0.0,0,3,0.0,Ferro,sem_dado,0.05,tiktok_seller_center,0,0,0,0,,,80.7,80.7,1,0.0,0,41,4.04,3,2026-02,2026-04
GABRIELDELGANTIKTOK,2026-02,2026-02-01,2026-02-28,0.0,0.0,0.0,0.0,0,0.0,0,3,0.0,Ferro,sem_dado,0.05,tiktok_seller_center,0,0,0,0,,,0.0,0.0,0,0.0,0,6,0.0,2,2026-01,2026-02
GABRIELE6975,2026-03,2026-03-01,2026-03-31,0.0,0.0,0.0,0.0,0,0.0,1,1,0.0,Ferro,sem_dado,0.05,tiktok_seller_center,0,0,0,0,,,0.0,0.0,0,0.0,1,1,0.0,1,2026-03,2026-03
GABRIELEMORILO,2026-05,2026-05-01,2026-05-23,0.0,0.0,0.0,0.0,0,0.0,0,1,0.0,Ferro,sem_dado,0.05,tiktok_seller_center,0,0,0,0,,0,0.0,0.0,0,0.0,0,2,0.0,2,2026-03,2026-05
GABRIELLEPEGOJAHE,2026-04,2026-04-01,2026-04-30,0.0,0.0,0.0,0.0,0,0.0,2,0,0.0,Ferro,sem_dado,0.05,tiktok_seller_center,0,0,0,0,,,0.0,0.0,0,0.0,2,0,0.0,1,2026-04,2026-04
GABRIELLIDUARTTE,2026-04,2026-04-01,2026-04-30,150.16,150.16,0.0,0.0,1,150.16,0,0,12.78,Ferro,sem_dado,0.05,tiktok_seller_center,2,0,1,0,,,150.16,150.16,1,0.0,0,0,7.51,1,2026-04,2026-04
GABRIELLYLIMASNT,2026-02,2026-02-01,2026-02-28,0.0,0.0,0.0,0.0,0,0.0,0,2,0.0,Ferro,sem_dado,0.05,tiktok_seller_center,0,0,0,0,,,0.0,0.0,0,0.0,0,2,0.0,1,2026-02,2026-02
GABRIELSILVA.161995,2026-03,2026-03-01,2026-03-31,0.0,0.0,0.0,0.0,0,0.0,1,0,0.0,Ferro,sem_dado,0.05,tiktok_seller_center,0,0,0,0,,,0.0,0.0,0,0.0,1,0,0.0,1,2026-03,2026-03
GABRYELLASHOP,2026-05,2026-05-01,2026-05-23,0.0,0.0,0.0,0.0,0,0.0,4,0,0.0,Ferro,sem_dado,0.05,tiktok_seller_center,0,0,0,0,,0,0.0,0.0,0,0.0,7,6,0.0,3,2026-01,2026-05
GABRYELLE_373,2026-01,2026-01-06,2026-01-31,0.0,0.0,0.0,0.0,0,0.0,1,0,0.0,Ferro,sem_dado,0.05,tiktok_seller_center,0,0,0,0,,,0.0,0.0,0,0.0,1,0,0.0,1,2026-01,2026-01
GABSPNERI,2026-05,2026-05-01,2026-05-23,0.0,0.0,0.0,0.0,0,0.0,2,0,0.0,Ferro,sem_dado,0.05,tiktok_seller_center,0,0,0,0,,0,0.0,0.0,0,0.0,7,0,0.0,3,2026-03,2026-05
GABSVENTURIM,2026-03,2026-03-01,2026-03-31,0.0,0.0,0.0,0.0,0,0.0,2,0,0.0,Ferro,sem_dado,0.05,tiktok_seller_center,0,0,0,0,,,184.8,184.8,2,0.0,2,1,9.24,2,2026-01,2026-03
GABYCHAVESS,2026-03,2026-03-01,2026-03-31,79.9,79.9,0.0,0.0,1,79.9,1,0,7.99,Ferro,sem_dado,0.05,tiktok_seller_center,1,0,1,0,,,79.9,79.9,1,0.0,1,0,4.0,1,2026-03,2026-03
GABYCREATOR,2026-03,2026-03-01,2026-03-31,0.0,0.0,0.0,0.0,0,0.0,2,0,0.0,Ferro,sem_dado,0.05,tiktok_seller_center,0,0,0,0,,,0.0,0.0,0,0.0,2,0,0.0,1,2026-03,2026-03
GABYIET,2026-04,2026-04-01,2026-04-30,0.0,0.0,0.0,0.0,0,0.0,1,0,0.0,Ferro,sem_dado,0.05,tiktok_seller_center,0,0,0,0,,,0.0,0.0,0,0.0,1,0,0.0,1,2026-04,2026-04
GABYQUEIROZV,2026-04,2026-04-01,2026-04-30,0.0,0.0,0.0,0.0,0,0.0,0,1,0.0,Ferro,sem_dado,0.05,tiktok_seller_center,0,0,0,0,,,0.0,0.0,0,0.0,0,1,0.0,1,2026-04,2026-04
GAB_CAROLINE,2026-05,2026-05-01,2026-05-23,547.6,61.56,486.04,88.76,6,91.27,12,0,47.94,Bronze,sem_dado,0.07,tiktok_seller_center,36,6,1,0,,6,3424.9,2854.58,41,570.32,54,8,198.59,2,2026-04,2026-05
GALERIATVVERDADES,2026-03,2026-03-01,2026-03-31,0.0,0.0,0.0,0.0,0,0.0,1,0,0.0,Ferro,sem_dado,0.05,tiktok_seller_center,0,0,0,0,,,0.0,0.0,0,0.0,1,0,0.0,1,2026-03,2026-03
GAL_SHOP_,2026-03,2026-03-01,2026-03-31,0.0,0.0,0.0,0.0,0,0.0,1,0,0.0,Ferro,sem_dado,0.05,tiktok_seller_center,0,0,0,0,,,0.0,0.0,0,0.0,1,0,0.0,1,2026-03,2026-03
GARDENIASARCEDOO,2026-05,2026-05-01,2026-05-23,0.0,0.0,0.0,0.0,0,0.0,3,16,0.0,Ferro,sem_dado,0.05,tiktok_seller_center,,0,0,0,,0,0.0,0.0,0,0.0,3,16,0.0,1,2026-05,2026-05
GARIMPANDOASMELHORESOFER,2026-05,2026-05-01,2026-05-23,0.0,0.0,0.0,0.0,0,0.0,1,0,0.0,Ferro,sem_dado,0.05,tiktok_seller_center,,0,0,0,,0,0.0,0.0,0,0.0,1,0,0.0,1,2026-05,2026-05
GARIMPANDOCOMLARY,2026-03,2026-03-01,2026-03-31,79.9,79.9,0.0,0.0,1,79.9,0,0,7.99,Ferro,sem_dado,0.05,tiktok_seller_center,1,0,1,0,,,79.9,79.9,1,0.0,0,0,4.0,1,2026-03,2026-03
GARIMPO.GIRLS2,2026-02,2026-02-01,2026-02-28,0.0,0.0,0.0,0.0,0,0.0,1,0,0.0,Ferro,sem_dado,0.05,tiktok_seller_center,0,0,0,0,,,0.0,0.0,0,0.0,1,0,0.0,1,2026-02,2026-02
GARIMPODACONSU,2026-05,2026-05-01,2026-05-23,0.0,0.0,0.0,0.0,0,0.0,1,0,0.0,Ferro,sem_dado,0.05,tiktok_seller_center,,0,0,0,,0,0.0,0.0,0,0.0,1,0,0.0,1,2026-05,2026-05
GARIMPODALUANA,2026-04,2026-04-01,2026-04-30,0.0,0.0,0.0,0.0,0,0.0,4,0,0.0,Ferro,sem_dado,0.05,tiktok_seller_center,0,0,0,0,,,0.0,0.0,0,0.0,4,0,0.0,1,2026-04,2026-04
GARIMPODASUSU,2026-04,2026-04-01,2026-04-30,0.0,0.0,0.0,0.0,0,0.0,1,0,0.0,Ferro,sem_dado,0.05,tiktok_seller_center,0,0,0,0,,,0.0,0.0,0,0.0,2,0,0.0,2,2026-03,2026-04
GARIMPODEMAES,2026-03,2026-03-01,2026-03-31,79.23,79.23,0.0,0.0,1,79.23,0,0,7.22,Ferro,sem_dado,0.05,tiktok_seller_center,1,0,1,0,,,79.23,79.23,1,0.0,0,0,3.96,1,2026-03,2026-03
GARIMPODIGITALPROMOS,2026-05,2026-05-01,2026-05-23,0.0,0.0,0.0,0.0,0,0.0,1,0,0.0,Ferro,sem_dado,0.05,tiktok_seller_center,,0,0,0,,0,0.0,0.0,0,0.0,1,0,0.0,1,2026-05,2026-05
GARIMPOSCHIQUES,2026-03,2026-03-01,2026-03-31,0.0,0.0,0.0,0.0,0,0.0,0,1,0.0,Ferro,sem_dado,0.05,tiktok_seller_center,0,0,0,0,,,0.0,0.0,0,0.0,0,1,0.0,1,2026-03,2026-03
GARIMPOSHOP_BR,2026-02,2026-02-01,2026-02-28,0.0,0.0,0.0,0.0,0,0.0,1,0,0.0,Ferro,sem_dado,0.05,tiktok_seller_center,0,0,0,0,,,0.0,0.0,0,0.0,1,0,0.0,1,2026-02,2026-02
GARIMPOVIRAL8,2026-03,2026-03-01,2026-03-31,0.0,0.0,0.0,0.0,0,0.0,1,2,0.0,Ferro,sem_dado,0.05,tiktok_seller_center,0,0,0,0,,,0.0,0.0,0,0.0,1,2,0.0,1,2026-03,2026-03
GAROTASCOMG,2026-03,2026-03-01,2026-03-31,0.0,0.0,0.0,0.0,0,0.0,1,0,0.0,Ferro,sem_dado,0.05,tiktok_seller_center,0,0,0,0,,,0.0,0.0,0,0.0,1,0,0.0,1,2026-03,2026-03
GCREATORFT,2026-02,2026-02-01,2026-02-28,0.0,0.0,0.0,0.0,0,0.0,0,1,0.0,Ferro,sem_dado,0.05,tiktok_seller_center,0,0,0,0,,,0.0,0.0,0,0.0,0,6,0.0,2,2026-01,2026-02
GEH_ARTES,2026-02,2026-02-01,2026-02-28,0.0,0.0,0.0,0.0,0,0.0,0,1,0.0,Ferro,sem_dado,0.05,tiktok_seller_center,0,0,0,0,,,0.0,0.0,0,0.0,0,1,0.0,1,2026-02,2026-02
GEICERENATA,2026-04,2026-04-01,2026-04-30,0.0,0.0,0.0,0.0,0,0.0,0,10,0.0,Ferro,sem_dado,0.05,tiktok_seller_center,0,0,0,0,,,84.43,84.43,1,0.0,2,36,4.22,3,2026-02,2026-04
GELMAGONCALVES37,2026-05,2026-05-01,2026-05-23,0.0,0.0,0.0,0.0,0,0.0,0,1,0.0,Ferro,sem_dado,0.05,tiktok_seller_center,0,0,0,0,,0,0.0,0.0,0,0.0,0,2,0.0,2,2026-03,2026-05
GEMEASCAMILO,2026-03,2026-03-01,2026-03-31,0.0,0.0,0.0,0.0,0,0.0,0,3,0.0,Ferro,sem_dado,0.05,tiktok_seller_center,0,0,0,0,,,0.0,0.0,0,0.0,0,3,0.0,1,2026-03,2026-03
GENTECRIATIVASTORE,2026-05,2026-05-01,2026-05-23,0.0,0.0,0.0,0.0,0,0.0,0,1,0.0,Ferro,sem_dado,0.05,tiktok_seller_center,0,0,0,0,,0,0.0,0.0,0,0.0,0,3,0.0,2,2026-03,2026-05
GEOFERREIRA365,2026-03,2026-03-01,2026-03-31,0.0,0.0,0.0,0.0,0,0.0,1,0,0.0,Ferro,sem_dado,0.05,tiktok_seller_center,0,0,0,0,,,0.0,0.0,0,0.0,2,0,0.0,2,2026-02,2026-03
GEORGETIKTOKSHOP,2026-01,2026-01-06,2026-01-31,0.0,0.0,0.0,0.0,0,0.0,0,1,0.0,Ferro,sem_dado,0.05,tiktok_seller_center,0,0,0,0,,,0.0,0.0,0,0.0,0,1,0.0,1,2026-01,2026-01
GEORGIAFRANZOLIN,2026-03,2026-03-01,2026-03-31,0.0,0.0,0.0,0.0,0,0.0,1,0,0.0,Ferro,sem_dado,0.05,tiktok_seller_center,0,0,0,0,,,0.0,0.0,0,0.0,1,0,0.0,1,2026-03,2026-03
GEOVANAINDICA.SHOP,2026-04,2026-04-01,2026-04-30,0.0,0.0,0.0,0.0,0,0.0,0,3,0.0,Ferro,sem_dado,0.05,tiktok_seller_center,0,0,0,0,,,0.0,0.0,0,0.0,0,3,0.0,1,2026-04,2026-04
GEOVANASOUZASA,2026-04,2026-04-01,2026-04-30,0.0,0.0,0.0,0.0,0,0.0,0,1,0.0,Ferro,sem_dado,0.05,tiktok_seller_center,0,0,0,0,,,0.0,0.0,0,0.0,0,2,0.0,2,2026-03,2026-04
GEOVANA_COMPRINHAS,2026-05,2026-05-01,2026-05-23,0.0,0.0,0.0,0.0,0,0.0,0,3,0.0,Ferro,sem_dado,0.05,tiktok_seller_center,0,0,0,0,,0,0.0,0.0,0,0.0,1,20,0.0,3,2026-03,2026-05
GERALDOANTUNES25,2026-01,2026-01-06,2026-01-31,0.0,0.0,0.0,0.0,0,0.0,1,0,0.0,Ferro,sem_dado,0.05,tiktok_seller_center,0,0,0,0,,,0.0,0.0,0,0.0,1,0,0.0,1,2026-01,2026-01
GERALDOLOPES241,2026-03,2026-03-01,2026-03-31,0.0,0.0,0.0,0.0,0,0.0,0,1,0.0,Ferro,sem_dado,0.05,tiktok_seller_center,0,0,0,0,,,0.0,0.0,0,0.0,0,1,0.0,1,2026-03,2026-03
GEREMIASLIMA98,2026-02,2026-02-01,2026-02-28,0.0,0.0,0.0,0.0,0,0.0,0,4,0.0,Ferro,sem_dado,0.05,tiktok_seller_center,0,0,0,0,,,0.0,0.0,0,0.0,0,4,0.0,1,2026-02,2026-02
GERMANO_SHOP,2026-02,2026-02-01,2026-02-28,0.0,0.0,0.0,0.0,0,0.0,1,0,0.0,Ferro,sem_dado,0.05,tiktok_seller_center,0,0,0,0,,,0.0,0.0,0,0.0,1,0,0.0,1,2026-02,2026-02
GESHOP07,2026-03,2026-03-01,2026-03-31,0.0,0.0,0.0,0.0,0,0.0,2,0,0.0,Ferro,sem_dado,0.05,tiktok_seller_center,0,0,0,0,,,0.0,0.0,0,0.0,2,0,0.0,1,2026-03,2026-03
GESICALANA,2026-04,2026-04-01,2026-04-30,0.0,0.0,0.0,0.0,0,0.0,0,1,0.0,Ferro,sem_dado,0.05,tiktok_seller_center,0,0,0,0,,,0.0,0.0,0,0.0,0,1,0.0,1,2026-04,2026-04
GESICALOPES02,2026-04,2026-04-01,2026-04-30,0.0,0.0,0.0,0.0,0,0.0,6,0,0.0,Ferro,sem_dado,0.05,tiktok_seller_center,0,0,0,0,,,0.0,0.0,0,0.0,6,0,0.0,1,2026-04,2026-04
GESICREATOR,2026-04,2026-04-01,2026-04-30,0.0,0.0,0.0,0.0,0,0.0,0,1,0.0,Ferro,sem_dado,0.05,tiktok_seller_center,0,0,0,0,,,0.0,0.0,0,0.0,0,1,0.0,1,2026-04,2026-04
GESSICA.MACEDO60,2026-03,2026-03-01,2026-03-31,0.0,0.0,0.0,0.0,0,0.0,0,6,0.0,Ferro,sem_dado,0.05,tiktok_seller_center,0,0,0,0,,,0.0,0.0,0,0.0,0,6,0.0,1,2026-03,2026-03
GESSICAMENDES.SHOP,2026-05,2026-05-01,2026-05-23,0.0,0.0,0.0,0.0,0,0.0,1,0,0.0,Ferro,sem_dado,0.05,tiktok_seller_center,,0,0,0,,0,0.0,0.0,0,0.0,1,0,0.0,1,2026-05,2026-05
GESSISX,2026-04,2026-04-01,2026-04-30,0.0,0.0,0.0,0.0,0,0.0,3,0,0.0,Ferro,sem_dado,0.05,tiktok_seller_center,0,0,0,0,,,0.0,0.0,0,0.0,3,0,0.0,1,2026-04,2026-04
GESSYJAMES07,2026-03,2026-03-01,2026-03-31,0.0,0.0,0.0,0.0,0,0.0,0,1,0.0,Ferro,sem_dado,0.05,tiktok_seller_center,0,0,0,0,,,0.0,0.0,0,0.0,0,1,0.0,1,2026-03,2026-03
GESYCAVARDIERIBOU,2026-05,2026-05-01,2026-05-23,0.0,0.0,0.0,0.0,0,0.0,0,2,0.0,Ferro,sem_dado,0.05,tiktok_seller_center,1,0,0,0,,0,83.1,83.1,1,0.0,3,2,4.16,3,2026-03,2026-05
GH5FZPHBE9,2026-04,2026-04-01,2026-04-30,98.1,0.0,98.1,100.0,1,98.1,1,0,0.0,Ferro,sem_dado,0.05,tiktok_seller_center,1,1,1,0,,,98.1,0.0,1,98.1,2,0,0.0,2,2026-03,2026-04
GHFE0ZEK15,2026-04,2026-04-01,2026-04-30,0.0,0.0,0.0,0.0,0,0.0,1,0,0.0,Ferro,sem_dado,0.05,tiktok_seller_center,0,0,0,0,,,0.0,0.0,0,0.0,1,0,0.0,1,2026-04,2026-04
GHYDGG,2026-03,2026-03-01,2026-03-31,0.0,0.0,0.0,0.0,0,0.0,1,0,0.0,Ferro,sem_dado,0.05,tiktok_seller_center,0,0,0,0,,,0.0,0.0,0,0.0,2,0,0.0,2,2026-02,2026-03
GI.MED.F,2026-05,2026-05-01,2026-05-23,105.37,105.37,0.0,0.0,1,105.37,0,0,7.99,Ferro,sem_dado,0.05,tiktok_seller_center,,0,1,0,,1,105.37,105.37,1,0.0,0,0,5.27,1,2026-05,2026-05
GICELDA.NORDESTE,2026-04,2026-04-01,2026-04-30,0.0,0.0,0.0,0.0,0,0.0,0,4,0.0,Ferro,sem_dado,0.05,tiktok_seller_center,0,0,0,0,,,0.0,0.0,0,0.0,2,8,0.0,2,2026-03,2026-04
GIDESIQUEIRA,2026-05,2026-05-01,2026-05-23,0.0,0.0,0.0,0.0,0,0.0,0,1,0.0,Ferro,sem_dado,0.05,tiktok_seller_center,0,0,0,0,,0,0.0,0.0,0,0.0,0,2,0.0,2,2026-03,2026-05
GIGICASHOP,2026-05,2026-05-01,2026-05-23,0.0,0.0,0.0,0.0,0,0.0,0,1,0.0,Ferro,sem_dado,0.05,tiktok_seller_center,,0,0,0,,0,0.0,0.0,0,0.0,0,1,0.0,1,2026-05,2026-05
GIHLIMASTS,2026-03,2026-03-01,2026-03-31,0.0,0.0,0.0,0.0,0,0.0,1,0,0.0,Ferro,sem_dado,0.05,tiktok_seller_center,0,0,0,0,,,0.0,0.0,0,0.0,1,0,0.0,1,2026-03,2026-03
GIHMIRANDA.012,2026-05,2026-05-01,2026-05-23,0.0,0.0,0.0,0.0,0,0.0,0,3,0.0,Ferro,sem_dado,0.05,tiktok_seller_center,0,0,0,0,,0,0.0,0.0,0,0.0,0,6,0.0,3,2026-02,2026-05
GIIHSARTORI,2026-03,2026-03-01,2026-03-31,0.0,0.0,0.0,0.0,0,0.0,0,1,0.0,Ferro,sem_dado,0.05,tiktok_seller_center,0,0,0,0,,,0.0,0.0,0,0.0,4,4,0.0,3,2026-01,2026-03
GII_ACHADINHOS_,2026-05,2026-05-01,2026-05-23,0.0,0.0,0.0,0.0,0,0.0,1,0,0.0,Ferro,sem_dado,0.05,tiktok_seller_center,,0,0,0,,0,0.0,0.0,0,0.0,1,0,0.0,1,2026-05,2026-05
GILLBARROS4TIKTOK,2026-02,2026-02-01,2026-02-28,0.0,0.0,0.0,0.0,0,0.0,1,0,0.0,Ferro,sem_dado,0.05,tiktok_seller_center,0,0,0,0,,,0.0,0.0,0,0.0,1,0,0.0,1,2026-02,2026-02
GILMAR.AMBIRES.DE,2026-03,2026-03-01,2026-03-31,0.0,0.0,0.0,0.0,0,0.0,1,0,0.0,Ferro,sem_dado,0.05,tiktok_seller_center,0,0,0,0,,,0.0,0.0,0,0.0,1,0,0.0,1,2026-03,2026-03
GILMARADORNELESB,2026-04,2026-04-01,2026-04-30,0.0,0.0,0.0,0.0,0,0.0,0,1,0.0,Ferro,sem_dado,0.05,tiktok_seller_center,0,0,0,0,,,0.0,0.0,0,0.0,0,3,0.0,2,2026-03,2026-04
GILMARRECOMENDA2,2026-03,2026-03-01,2026-03-31,0.0,0.0,0.0,0.0,0,0.0,0,1,0.0,Ferro,sem_dado,0.05,tiktok_seller_center,0,0,0,0,,,0.0,0.0,0,0.0,0,1,0.0,1,2026-03,2026-03
GILMARRODRIGUES520,2026-04,2026-04-01,2026-04-30,0.0,0.0,0.0,0.0,0,0.0,2,0,0.0,Ferro,sem_dado,0.05,tiktok_seller_center,0,0,0,0,,,0.0,0.0,0,0.0,3,0,0.0,2,2026-03,2026-04
GILMOURASOUZA1,2026-02,2026-02-01,2026-02-28,0.0,0.0,0.0,0.0,0,0.0,0,1,0.0,Ferro,sem_dado,0.05,tiktok_seller_center,0,0,0,0,,,0.0,0.0,0,0.0,0,1,0.0,1,2026-02,2026-02
GIMACHAADOO,2026-05,2026-05-01,2026-05-23,0.0,0.0,0.0,0.0,0,0.0,1,0,0.0,Ferro,sem_dado,0.05,tiktok_seller_center,0,0,0,0,,0,0.0,0.0,0,0.0,8,0,0.0,2,2026-04,2026-05
GIMONTEIROSHOP,2026-05,2026-05-01,2026-05-23,0.0,0.0,0.0,0.0,0,0.0,13,5,0.0,Ferro,sem_dado,0.05,tiktok_seller_center,,0,0,0,,0,0.0,0.0,0,0.0,13,5,0.0,1,2026-05,2026-05
GIOALKIMIM,2026-04,2026-04-01,2026-04-30,0.0,0.0,0.0,0.0,0,0.0,0,1,0.0,Ferro,sem_dado,0.05,tiktok_seller_center,0,0,0,0,,,0.0,0.0,0,0.0,0,1,0.0,1,2026-04,2026-04
GIOO.RECOMENDA,2026-02,2026-02-01,2026-02-28,0.0,0.0,0.0,0.0,0,0.0,3,0,0.0,Ferro,sem_dado,0.05,tiktok_seller_center,0,0,0,0,,,0.0,0.0,0,0.0,3,0,0.0,1,2026-02,2026-02
GIOVANAFERNANDES12,2026-03,2026-03-01,2026-03-31,0.0,0.0,0.0,0.0,0,0.0,1,0,0.0,Ferro,sem_dado,0.05,tiktok_seller_center,0,0,0,0,,,0.0,0.0,0,0.0,1,0,0.0,1,2026-03,2026-03
GIOVANAVOTCOSKI2,2026-05,2026-05-01,2026-05-23,0.0,0.0,0.0,0.0,0,0.0,3,0,0.0,Ferro,sem_dado,0.05,tiktok_seller_center,,0,0,0,,0,0.0,0.0,0,0.0,3,0,0.0,1,2026-05,2026-05
GIOVANNA.LACERRDA,2026-03,2026-03-01,2026-03-31,0.0,0.0,0.0,0.0,0,0.0,0,15,0.0,Ferro,sem_dado,0.05,tiktok_seller_center,0,0,0,0,,,0.0,0.0,0,0.0,0,18,0.0,2,2026-02,2026-03
GIOVANNAMARCELINO_,2026-05,2026-05-01,2026-05-23,0.0,0.0,0.0,0.0,0,0.0,0,9,0.0,Ferro,sem_dado,0.05,tiktok_seller_center,0,0,0,0,,0,83.1,83.1,1,0.0,4,18,4.16,3,2026-03,2026-05
GIOVANNA_MORORO,2026-03,2026-03-01,2026-03-31,0.0,0.0,0.0,0.0,0,0.0,2,0,0.0,Ferro,sem_dado,0.05,tiktok_seller_center,0,0,0,0,,,0.0,0.0,0,0.0,2,0,0.0,1,2026-03,2026-03
GIRAMODA26,2026-04,2026-04-01,2026-04-30,0.0,0.0,0.0,0.0,0,0.0,1,0,0.0,Ferro,sem_dado,0.05,tiktok_seller_center,0,0,0,0,,,0.0,0.0,0,0.0,2,0,0.0,2,2026-03,2026-04
GIRASSOLANNA,2026-03,2026-03-01,2026-03-31,0.0,0.0,0.0,0.0,0,0.0,0,2,0.0,Ferro,sem_dado,0.05,tiktok_seller_center,0,0,0,0,,,0.0,0.0,0,0.0,0,2,0.0,1,2026-03,2026-03
GIRLSCLUBACHADINHOS_,2026-03,2026-03-01,2026-03-31,79.9,79.9,0.0,0.0,1,79.9,0,0,7.99,Ferro,sem_dado,0.05,tiktok_seller_center,1,0,1,0,,,173.0,173.0,2,0.0,2,0,8.66,3,2026-01,2026-03
GISASANTOS1983,2026-02,2026-02-01,2026-02-28,0.0,0.0,0.0,0.0,0,0.0,0,4,0.0,Ferro,sem_dado,0.05,tiktok_seller_center,0,0,0,0,,,0.0,0.0,0,0.0,0,4,0.0,1,2026-02,2026-02
GISELASILVA14,2026-03,2026-03-01,2026-03-31,0.0,0.0,0.0,0.0,0,0.0,0,3,0.0,Ferro,sem_dado,0.05,tiktok_seller_center,0,0,0,0,,,0.0,0.0,0,0.0,0,4,0.0,2,2026-02,2026-03
GISELEDEBORA.SHOP,2026-05,2026-05-01,2026-05-23,0.0,0.0,0.0,0.0,0,0.0,2,0,0.0,Ferro,sem_dado,0.05,tiktok_seller_center,1,0,0,0,,0,77.5,77.5,1,0.0,2,0,3.88,2,2026-04,2026-05
GISELI.FRANCISCA,2026-05,2026-05-01,2026-05-23,0.0,0.0,0.0,0.0,0,0.0,0,3,0.0,Ferro,sem_dado,0.05,tiktok_seller_center,0,0,0,0,,0,0.0,0.0,0,0.0,0,5,0.0,2,2026-04,2026-05
GISELLEFER5,2026-05,2026-05-01,2026-05-23,0.0,0.0,0.0,0.0,0,0.0,0,1,0.0,Ferro,sem_dado,0.05,tiktok_seller_center,0,0,0,0,,0,0.0,0.0,0,0.0,0,4,0.0,2,2026-01,2026-05
GISELYENNY,2026-04,2026-04-01,2026-04-30,0.0,0.0,0.0,0.0,0,0.0,0,3,0.0,Ferro,sem_dado,0.05,tiktok_seller_center,0,0,0,0,,,0.0,0.0,0,0.0,0,3,0.0,1,2026-04,2026-04
GISLAINE.CARVALHO017,2026-04,2026-04-01,2026-04-30,0.0,0.0,0.0,0.0,0,0.0,0,1,0.0,Ferro,sem_dado,0.05,tiktok_seller_center,0,0,0,0,,,0.0,0.0,0,0.0,1,7,0.0,4,2026-01,2026-04
GISLANYMELO,2026-04,2026-04-01,2026-04-30,0.0,0.0,0.0,0.0,0,0.0,0,2,0.0,Ferro,sem_dado,0.05,tiktok_seller_center,0,0,0,0,,,0.0,0.0,0,0.0,2,7,0.0,3,2026-02,2026-04
GISLENE.CUSTODIOSRV,2026-04,2026-04-01,2026-04-30,90.7,90.7,0.0,0.0,1,90.7,0,0,6.39,Ferro,sem_dado,0.05,tiktok_seller_center,1,0,1,0,,,90.7,90.7,1,0.0,0,0,4.54,1,2026-04,2026-04
GISLENEDOMINGUESS,2026-03,2026-03-01,2026-03-31,0.0,0.0,0.0,0.0,0,0.0,0,2,0.0,Ferro,sem_dado,0.05,tiktok_seller_center,0,0,0,0,,,0.0,0.0,0,0.0,0,2,0.0,1,2026-03,2026-03
GITIKTOKSHOP,2026-05,2026-05-01,2026-05-23,0.0,0.0,0.0,0.0,0,0.0,0,2,0.0,Ferro,sem_dado,0.05,tiktok_seller_center,1,0,0,0,,0,75.98,75.98,1,0.0,0,3,3.8,2,2026-03,2026-05
GIULIAEDANI,2026-04,2026-04-01,2026-04-30,0.0,0.0,0.0,0.0,0,0.0,1,7,0.0,Ferro,sem_dado,0.05,tiktok_seller_center,0,0,0,0,,,0.0,0.0,0,0.0,6,14,0.0,3,2026-02,2026-04
GIULIANAAKKAWI,2026-03,2026-03-01,2026-03-31,0.0,0.0,0.0,0.0,0,0.0,1,0,0.0,Ferro,sem_dado,0.05,tiktok_seller_center,0,0,0,0,,,0.0,0.0,0,0.0,1,0,0.0,1,2026-03,2026-03
GLACIANEBERUDIO,2026-02,2026-02-01,2026-02-28,0.0,0.0,0.0,0.0,0,0.0,1,0,0.0,Ferro,sem_dado,0.05,tiktok_seller_center,0,0,0,0,,,0.0,0.0,0,0.0,1,0,0.0,1,2026-02,2026-02
GLAMSTORE_2,2026-02,2026-02-01,2026-02-28,0.0,0.0,0.0,0.0,0,0.0,1,0,0.0,Ferro,sem_dado,0.05,tiktok_seller_center,0,0,0,0,,,0.0,0.0,0,0.0,1,0,0.0,1,2026-02,2026-02
GLAUCIABATISTA75,2026-05,2026-05-01,2026-05-23,0.0,0.0,0.0,0.0,0,0.0,0,2,0.0,Ferro,sem_dado,0.05,tiktok_seller_center,0,0,0,0,,0,0.0,0.0,0,0.0,1,25,0.0,4,2026-02,2026-05
GLEICEANINHA,2026-03,2026-03-01,2026-03-31,0.0,0.0,0.0,0.0,0,0.0,1,0,0.0,Ferro,sem_dado,0.05,tiktok_seller_center,0,0,0,0,,,0.0,0.0,0,0.0,1,0,0.0,1,2026-03,2026-03
GLEICECARRARA,2026-05,2026-05-01,2026-05-23,0.0,0.0,0.0,0.0,0,0.0,0,1,0.0,Ferro,sem_dado,0.05,tiktok_seller_center,1,0,0,0,,0,79.9,79.9,1,0.0,0,3,4.0,2,2026-04,2026-05
GLEICECREATOR,2026-05,2026-05-01,2026-05-23,0.0,0.0,0.0,0.0,0,0.0,0,2,0.0,Ferro,sem_dado,0.05,tiktok_seller_center,0,0,0,0,,0,0.0,0.0,0,0.0,0,4,0.0,2,2026-04,2026-05
GLEICEROCHA_SHOP,2026-05,2026-05-01,2026-05-23,0.0,0.0,0.0,0.0,0,0.0,0,32,0.0,Ferro,sem_dado,0.05,tiktok_seller_center,0,0,0,0,,0,0.0,0.0,0,0.0,0,46,0.0,3,2026-03,2026-05
GLEICIANE.COELHO23,2026-05,2026-05-01,2026-05-23,0.0,0.0,0.0,0.0,0,0.0,0,30,0.0,Ferro,sem_dado,0.05,tiktok_seller_center,0,0,0,0,,0,0.0,0.0,0,0.0,0,61,0.0,3,2026-03,2026-05
GLEICIANESHOP,2026-04,2026-04-01,2026-04-30,0.0,0.0,0.0,0.0,0,0.0,1,0,0.0,Ferro,sem_dado,0.05,tiktok_seller_center,0,0,0,0,,,0.0,0.0,0,0.0,1,0,0.0,1,2026-04,2026-04
GLEICYSOARES4,2026-04,2026-04-01,2026-04-30,0.0,0.0,0.0,0.0,0,0.0,1,1,0.0,Ferro,sem_dado,0.05,tiktok_seller_center,0,0,0,0,,,0.0,0.0,0,0.0,1,2,0.0,3,2026-01,2026-04
GLEYSAAGUIAR,2026-05,2026-05-01,2026-05-23,271.45,108.53,162.92,60.02,3,90.48,0,0,18.38,Prata,sem_dado,0.09,tiktok_seller_center,37,2,1,0,,3,14197.23,11322.89,171,2874.34,0,0,790.4399999999999,5,2026-01,2026-05
GLORIA.WOTO,2026-03,2026-03-01,2026-03-31,0.0,0.0,0.0,0.0,0,0.0,0,2,0.0,Ferro,sem_dado,0.05,tiktok_seller_center,0,0,0,0,,,0.0,0.0,0,0.0,0,7,0.0,2,2026-01,2026-03
GLOW.MODAS,2026-02,2026-02-01,2026-02-28,0.0,0.0,0.0,0.0,0,0.0,1,0,0.0,Ferro,sem_dado,0.05,tiktok_seller_center,0,0,0,0,,,0.0,0.0,0,0.0,1,0,0.0,1,2026-02,2026-02
GLOWDAELISA,2026-05,2026-05-01,2026-05-23,0.0,0.0,0.0,0.0,0,0.0,0,1,0.0,Ferro,sem_dado,0.05,tiktok_seller_center,,0,0,0,,0,0.0,0.0,0,0.0,0,1,0.0,1,2026-05,2026-05
GLOWFIT.CLUB1,2026-05,2026-05-01,2026-05-23,96.9,96.9,0.0,0.0,1,96.9,2,0,7.99,Ferro,sem_dado,0.05,tiktok_seller_center,,0,1,0,,1,96.9,96.9,1,0.0,2,0,4.85,1,2026-05,2026-05
GLOWTRENDSTORE.OFICIAL,2026-05,2026-05-01,2026-05-23,0.0,0.0,0.0,0.0,0,0.0,1,0,0.0,Ferro,sem_dado,0.05,tiktok_seller_center,,0,0,0,,0,0.0,0.0,0,0.0,1,0,0.0,1,2026-05,2026-05
GLOWUP.MRD,2026-05,2026-05-01,2026-05-23,120.7,120.7,0.0,0.0,1,120.7,0,0,8.7,Ferro,sem_dado,0.05,tiktok_seller_center,,0,1,0,,1,120.7,120.7,1,0.0,0,0,6.04,1,2026-05,2026-05
GLOWVITAL2,2026-04,2026-04-01,2026-04-30,0.0,0.0,0.0,0.0,0,0.0,1,0,0.0,Ferro,sem_dado,0.05,tiktok_seller_center,0,0,0,0,,,148.71,148.71,2,0.0,9,0,7.44,3,2026-02,2026-04
GNAKANKM,2026-03,2026-03-01,2026-03-31,0.0,0.0,0.0,0.0,0,0.0,1,0,0.0,Ferro,sem_dado,0.05,tiktok_seller_center,0,0,0,0,,,0.0,0.0,0,0.0,1,0,0.0,1,2026-03,2026-03
GNFONZIVY4,2026-05,2026-05-01,2026-05-23,120.7,120.7,0.0,0.0,1,120.7,0,0,0.0,Ferro,sem_dado,0.05,tiktok_seller_center,0,0,1,0,,1,120.7,120.7,1,0.0,2,0,6.04,2,2026-04,2026-05
GODINHO_AL,2026-04,2026-04-01,2026-04-30,0.0,0.0,0.0,0.0,0,0.0,0,1,0.0,Ferro,sem_dado,0.05,tiktok_seller_center,0,0,0,0,,,0.0,0.0,0,0.0,0,1,0.0,1,2026-04,2026-04
GOODDRIVERSHOP,2026-02,2026-02-01,2026-02-28,0.0,0.0,0.0,0.0,0,0.0,0,1,0.0,Ferro,sem_dado,0.05,tiktok_seller_center,0,0,0,0,,,0.0,0.0,0,0.0,0,1,0.0,1,2026-02,2026-02
GORETH.MOLIVEIRA1,2026-01,2026-01-06,2026-01-31,0.0,0.0,0.0,0.0,0,0.0,0,1,0.0,Ferro,sem_dado,0.05,tiktok_seller_center,0,0,0,0,,,0.0,0.0,0,0.0,0,1,0.0,1,2026-01,2026-01
GRACIRLENE_SANTANA_SHOP,2026-02,2026-02-01,2026-02-28,0.0,0.0,0.0,0.0,0,0.0,0,1,0.0,Ferro,sem_dado,0.05,tiktok_seller_center,0,0,0,0,,,0.0,0.0,0,0.0,0,1,0.0,1,2026-02,2026-02
GRACYHUMOR,2026-05,2026-05-01,2026-05-23,0.0,0.0,0.0,0.0,0,0.0,0,1,0.0,Ferro,sem_dado,0.05,tiktok_seller_center,,0,0,0,,0,0.0,0.0,0,0.0,0,1,0.0,1,2026-05,2026-05
GRASICREATOR,2026-04,2026-04-01,2026-04-30,0.0,0.0,0.0,0.0,0,0.0,0,2,0.0,Ferro,sem_dado,0.05,tiktok_seller_center,0,0,0,0,,,0.0,0.0,0,0.0,0,3,0.0,2,2026-03,2026-04
GRASIELABITENCOUR,2026-03,2026-03-01,2026-03-31,0.0,0.0,0.0,0.0,0,0.0,0,1,0.0,Ferro,sem_dado,0.05,tiktok_seller_center,0,0,0,0,,,0.0,0.0,0,0.0,0,1,0.0,1,2026-03,2026-03
GRAYCE.FAGUNDES,2026-03,2026-03-01,2026-03-31,0.0,0.0,0.0,0.0,0,0.0,0,1,0.0,Ferro,sem_dado,0.05,tiktok_seller_center,0,0,0,0,,,0.0,0.0,0,0.0,0,1,0.0,1,2026-03,2026-03
GRAZI.772,2026-03,2026-03-01,2026-03-31,0.0,0.0,0.0,0.0,0,0.0,3,0,0.0,Ferro,sem_dado,0.05,tiktok_seller_center,0,0,0,0,,,0.0,0.0,0,0.0,3,0,0.0,1,2026-03,2026-03
GRAZICSBEAUTY,2026-02,2026-02-01,2026-02-28,0.0,0.0,0.0,0.0,0,0.0,0,2,0.0,Ferro,sem_dado,0.05,tiktok_seller_center,0,0,0,0,,,0.0,0.0,0,0.0,0,2,0.0,1,2026-02,2026-02
GRAZIDICAS_,2026-04,2026-04-01,2026-04-30,0.0,0.0,0.0,0.0,0,0.0,0,2,0.0,Ferro,sem_dado,0.05,tiktok_seller_center,0,0,0,0,,,0.0,0.0,0,0.0,0,2,0.0,1,2026-04,2026-04
GRAZIEAM,2026-05,2026-05-01,2026-05-23,0.0,0.0,0.0,0.0,0,0.0,1,0,0.0,Ferro,sem_dado,0.05,tiktok_seller_center,,0,0,0,,0,0.0,0.0,0,0.0,1,0,0.0,1,2026-05,2026-05
GRAZIELECABRAL3,2026-02,2026-02-01,2026-02-28,0.0,0.0,0.0,0.0,0,0.0,1,0,0.0,Ferro,sem_dado,0.05,tiktok_seller_center,0,0,0,0,,,0.0,0.0,0,0.0,1,0,0.0,1,2026-02,2026-02
GRAZIELLESHOP,2026-04,2026-04-01,2026-04-30,0.0,0.0,0.0,0.0,0,0.0,2,0,0.0,Ferro,sem_dado,0.05,tiktok_seller_center,0,0,0,0,,,0.0,0.0,0,0.0,2,0,0.0,1,2026-04,2026-04
GRAZIINDICASHOP,2026-02,2026-02-01,2026-02-28,0.0,0.0,0.0,0.0,0,0.0,2,0,0.0,Ferro,sem_dado,0.05,tiktok_seller_center,0,0,0,0,,,0.0,0.0,0,0.0,2,0,0.0,1,2026-02,2026-02
GRAZII_S,2026-04,2026-04-01,2026-04-30,0.0,0.0,0.0,0.0,0,0.0,0,4,0.0,Ferro,sem_dado,0.05,tiktok_seller_center,0,0,0,0,,,79.9,79.9,1,0.0,0,27,4.0,3,2026-02,2026-04
GRAZIPATEZ,2026-03,2026-03-01,2026-03-31,0.0,0.0,0.0,0.0,0,0.0,0,8,0.0,Ferro,sem_dado,0.05,tiktok_seller_center,0,0,0,0,,,0.0,0.0,0,0.0,0,9,0.0,2,2026-02,2026-03
GRAZYSOARES603,2026-03,2026-03-01,2026-03-31,0.0,0.0,0.0,0.0,0,0.0,0,12,0.0,Ferro,sem_dado,0.05,tiktok_seller_center,0,0,0,0,,,0.0,0.0,0,0.0,0,21,0.0,3,2026-01,2026-03
GREICEINDICA,2026-04,2026-04-01,2026-04-30,79.9,0.0,79.9,100.0,1,79.9,3,0,7.99,Ferro,sem_dado,0.05,tiktok_seller_center,1,1,1,0,,,79.9,0.0,1,79.9,3,1,0.0,2,2026-01,2026-04
GREISIBALESTRIN,2026-02,2026-02-01,2026-02-28,0.0,0.0,0.0,0.0,0,0.0,3,0,0.0,Ferro,sem_dado,0.05,tiktok_seller_center,0,0,0,0,,,0.0,0.0,0,0.0,4,0,0.0,2,2026-01,2026-02
GRINGAKAROL,2026-02,2026-02-01,2026-02-28,0.0,0.0,0.0,0.0,0,0.0,0,3,0.0,Ferro,sem_dado,0.05,tiktok_seller_center,0,0,0,0,,,0.0,0.0,0,0.0,0,3,0.0,1,2026-02,2026-02
GS____S,2026-04,2026-04-01,2026-04-30,0.0,0.0,0.0,0.0,0,0.0,0,2,0.0,Ferro,sem_dado,0.05,tiktok_seller_center,0,0,0,0,,,0.0,0.0,0,0.0,0,2,0.0,1,2026-04,2026-04
GUERREIRA3573,2026-02,2026-02-01,2026-02-28,0.0,0.0,0.0,0.0,0,0.0,0,1,0.0,Ferro,sem_dado,0.05,tiktok_seller_center,0,0,0,0,,,0.0,0.0,0,0.0,0,3,0.0,2,2026-01,2026-02
GUERREIROSRAQUEL,2026-05,2026-05-01,2026-05-23,0.0,0.0,0.0,0.0,0,0.0,2,0,0.0,Ferro,sem_dado,0.05,tiktok_seller_center,,0,0,0,,0,0.0,0.0,0,0.0,2,0,0.0,1,2026-05,2026-05
GUGA.FX,2026-04,2026-04-01,2026-04-30,0.0,0.0,0.0,0.0,0,0.0,0,1,0.0,Ferro,sem_dado,0.05,tiktok_seller_center,0,0,0,0,,,0.0,0.0,0,0.0,0,1,0.0,1,2026-04,2026-04
GUGA.SHOP.AC,2026-03,2026-03-01,2026-03-31,0.0,0.0,0.0,0.0,0,0.0,0,2,0.0,Ferro,sem_dado,0.05,tiktok_seller_center,0,0,0,0,,,0.0,0.0,0,0.0,0,2,0.0,1,2026-03,2026-03
GUILHERME.PJ,2026-05,2026-05-01,2026-05-23,0.0,0.0,0.0,0.0,0,0.0,0,2,0.0,Ferro,sem_dado,0.05,tiktok_seller_center,0,0,0,0,,0,0.0,0.0,0,0.0,0,5,0.0,2,2026-04,2026-05
GUILHERMEFERREIRA6787,2026-03,2026-03-01,2026-03-31,0.0,0.0,0.0,0.0,0,0.0,0,4,0.0,Ferro,sem_dado,0.05,tiktok_seller_center,0,0,0,0,,,0.0,0.0,0,0.0,0,4,0.0,1,2026-03,2026-03
GUSTAVO_NATYY,2026-04,2026-04-01,2026-04-30,80.7,80.7,0.0,0.0,1,80.7,0,0,7.99,Ferro,sem_dado,0.05,tiktok_seller_center,1,0,1,0,,,80.7,80.7,1,0.0,0,0,4.04,1,2026-04,2026-04
GVB9V8,2026-03,2026-03-01,2026-03-31,0.0,0.0,0.0,0.0,0,0.0,1,0,0.0,Ferro,sem_dado,0.05,tiktok_seller_center,0,0,0,0,,,0.0,0.0,0,0.0,1,0,0.0,1,2026-03,2026-03
HAPPYLIFENOW25,2026-05,2026-05-01,2026-05-23,0.0,0.0,0.0,0.0,0,0.0,1,0,0.0,Ferro,sem_dado,0.05,tiktok_seller_center,,0,0,0,,0,0.0,0.0,0,0.0,1,0,0.0,1,2026-05,2026-05
HAYKA.ROBERTA,2026-03,2026-03-01,2026-03-31,0.0,0.0,0.0,0.0,0,0.0,4,0,0.0,Ferro,sem_dado,0.05,tiktok_seller_center,0,0,0,0,,,0.0,0.0,0,0.0,4,0,0.0,1,2026-03,2026-03
HDWVPFYMZKAJ,2026-04,2026-04-01,2026-04-30,0.0,0.0,0.0,0.0,0,0.0,1,0,0.0,Ferro,sem_dado,0.05,tiktok_seller_center,0,0,0,0,,,0.0,0.0,0,0.0,1,0,0.0,1,2026-04,2026-04
HEBERLYWAGNER_,2026-05,2026-05-01,2026-05-23,77.48,77.48,0.0,0.0,1,77.48,0,0,6.63,Ferro,sem_dado,0.05,tiktok_seller_center,,0,1,0,,1,77.48,77.48,1,0.0,0,0,3.87,1,2026-05,2026-05
HEEYCAMISS,2026-05,2026-05-01,2026-05-23,107.0,107.0,0.0,0.0,1,107.0,0,21,8.7,Ferro,sem_dado,0.05,tiktok_seller_center,0,0,1,0,,1,107.0,107.0,1,0.0,4,26,5.35,2,2026-04,2026-05
HELENA.MEDEIROS.ROCA,2026-01,2026-01-06,2026-01-31,0.0,0.0,0.0,0.0,0,0.0,3,0,0.0,Ferro,sem_dado,0.05,tiktok_seller_center,0,0,0,0,,,0.0,0.0,0,0.0,3,0,0.0,1,2026-01,2026-01
HELENA.VICTORIA292,2026-03,2026-03-01,2026-03-31,0.0,0.0,0.0,0.0,0,0.0,1,0,0.0,Ferro,sem_dado,0.05,tiktok_seller_center,0,0,0,0,,,0.0,0.0,0,0.0,1,0,0.0,1,2026-03,2026-03
HELENAGARCIACOSTA123,2026-01,2026-01-06,2026-01-31,0.0,0.0,0.0,0.0,0,0.0,1,0,0.0,Ferro,sem_dado,0.05,tiktok_seller_center,0,0,0,0,,,0.0,0.0,0,0.0,1,0,0.0,1,2026-01,2026-01
HELENARECOMENDA,2026-01,2026-01-06,2026-01-31,0.0,0.0,0.0,0.0,0,0.0,0,1,0.0,Ferro,sem_dado,0.05,tiktok_seller_center,0,0,0,0,,,0.0,0.0,0,0.0,0,1,0.0,1,2026-01,2026-01
HELENASEMFILTRO5,2026-03,2026-03-01,2026-03-31,0.0,0.0,0.0,0.0,0,0.0,1,0,0.0,Ferro,sem_dado,0.05,tiktok_seller_center,0,0,0,0,,,0.0,0.0,0,0.0,1,0,0.0,1,2026-03,2026-03
HELENMIRANDAGOSLING,2026-02,2026-02-01,2026-02-28,0.0,0.0,0.0,0.0,0,0.0,0,1,0.0,Ferro,sem_dado,0.05,tiktok_seller_center,0,0,0,0,,,0.0,0.0,0,0.0,0,1,0.0,1,2026-02,2026-02
HELIGOMES4,2026-04,2026-04-01,2026-04-30,0.0,0.0,0.0,0.0,0,0.0,0,2,0.0,Ferro,sem_dado,0.05,tiktok_seller_center,0,0,0,0,,,0.0,0.0,0,0.0,0,2,0.0,1,2026-04,2026-04
HELLEN.LUQUES,2026-04,2026-04-01,2026-04-30,0.0,0.0,0.0,0.0,0,0.0,0,1,0.0,Ferro,sem_dado,0.05,tiktok_seller_center,0,0,0,0,,,0.0,0.0,0,0.0,0,1,0.0,1,2026-04,2026-04
HELLEN.SIMI,2026-04,2026-04-01,2026-04-30,0.0,0.0,0.0,0.0,0,0.0,0,1,0.0,Ferro,sem_dado,0.05,tiktok_seller_center,0,0,0,0,,,0.0,0.0,0,0.0,0,2,0.0,2,2026-03,2026-04
HELLENRODRIGUES.CREATOR,2026-05,2026-05-01,2026-05-23,0.0,0.0,0.0,0.0,0,0.0,0,7,0.0,Ferro,sem_dado,0.05,tiktok_seller_center,,0,0,0,,0,0.0,0.0,0,0.0,0,7,0.0,1,2026-05,2026-05
HELLEN_GONCALVEXX,2026-04,2026-04-01,2026-04-30,0.0,0.0,0.0,0.0,0,0.0,1,0,0.0,Ferro,sem_dado,0.05,tiktok_seller_center,0,0,0,0,,,0.0,0.0,0,0.0,1,0,0.0,1,2026-04,2026-04
HELOFARIASZIM,2026-04,2026-04-01,2026-04-30,0.0,0.0,0.0,0.0,0,0.0,1,0,0.0,Ferro,sem_dado,0.05,tiktok_seller_center,0,0,0,0,,,0.0,0.0,0,0.0,1,0,0.0,1,2026-04,2026-04
HELOISABIANCOM,2026-05,2026-05-01,2026-05-23,0.0,0.0,0.0,0.0,0,0.0,0,2,0.0,Ferro,sem_dado,0.05,tiktok_seller_center,1,0,0,0,,0,77.5,77.5,1,0.0,0,2,3.88,2,2026-04,2026-05
HEMERA375,2026-03,2026-03-01,2026-03-31,0.0,0.0,0.0,0.0,0,0.0,2,0,0.0,Ferro,sem_dado,0.05,tiktok_seller_center,0,0,0,0,,,0.0,0.0,0,0.0,2,0,0.0,1,2026-03,2026-03
HEMILYINDICA,2026-05,2026-05-01,2026-05-23,0.0,0.0,0.0,0.0,0,0.0,1,0,0.0,Ferro,sem_dado,0.05,tiktok_seller_center,,0,0,0,,0,0.0,0.0,0,0.0,1,0,0.0,1,2026-05,2026-05
HEMILYMENDES0,2026-04,2026-04-01,2026-04-30,83.55,0.0,83.55,100.0,1,83.55,0,0,6.63,Ferro,sem_dado,0.05,tiktok_seller_center,1,1,1,0,,,83.55,0.0,1,83.55,0,0,0.0,1,2026-04,2026-04
HENRI0923,2026-04,2026-04-01,2026-04-30,0.0,0.0,0.0,0.0,0,0.0,4,0,0.0,Ferro,sem_dado,0.05,tiktok_seller_center,0,0,0,0,,,0.0,0.0,0,0.0,4,0,0.0,1,2026-04,2026-04
HENRIQUE.RECOMENDA,2026-01,2026-01-06,2026-01-31,0.0,0.0,0.0,0.0,0,0.0,0,1,0.0,Ferro,sem_dado,0.05,tiktok_seller_center,0,0,0,0,,,0.0,0.0,0,0.0,0,1,0.0,1,2026-01,2026-01
HERODANCE80,2026-03,2026-03-01,2026-03-31,0.0,0.0,0.0,0.0,0,0.0,1,0,0.0,Ferro,sem_dado,0.05,tiktok_seller_center,0,0,0,0,,,0.0,0.0,0,0.0,1,0,0.0,1,2026-03,2026-03
HEYAGATHA62,2026-03,2026-03-01,2026-03-31,0.0,0.0,0.0,0.0,0,0.0,0,1,0.0,Ferro,sem_dado,0.05,tiktok_seller_center,0,0,0,0,,,0.0,0.0,0,0.0,0,7,0.0,2,2026-02,2026-03
HEYITSMARIALVES,2026-03,2026-03-01,2026-03-31,79.9,79.9,0.0,0.0,1,79.9,3,0,7.99,Ferro,sem_dado,0.05,tiktok_seller_center,1,0,1,0,,,79.9,79.9,1,0.0,3,0,4.0,1,2026-03,2026-03
HEYYGAL._,2026-01,2026-01-06,2026-01-31,94.01,94.01,0.0,0.0,1,94.01,0,0,9.75,Ferro,sem_dado,0.05,tiktok_seller_center,1,0,1,0,,,94.01,94.01,1,0.0,0,0,4.7,1,2026-01,2026-01
HISTORIA.WEBNET,2026-05,2026-05-01,2026-05-23,0.0,0.0,0.0,0.0,0,0.0,0,1,0.0,Ferro,sem_dado,0.05,tiktok_seller_center,,0,0,0,,0,0.0,0.0,0,0.0,0,1,0.0,1,2026-05,2026-05
HISTORIASQUECURAM100,2026-05,2026-05-01,2026-05-23,0.0,0.0,0.0,0.0,0,0.0,0,2,0.0,Ferro,sem_dado,0.05,tiktok_seller_center,,0,0,0,,0,0.0,0.0,0,0.0,0,2,0.0,1,2026-05,2026-05
HITALASANTIAGO,2026-05,2026-05-01,2026-05-23,204.02,141.48000000000002,62.54,30.65,2,102.01,4,0,15.99,Prata,sem_dado,0.09,tiktok_seller_center,27,1,1,0,,2,15221.039999999999,12078.3,183,3142.74,4,0,802.72,5,2026-01,2026-05
HOINAABCCWM,2026-05,2026-05-01,2026-05-23,0.0,0.0,0.0,0.0,0,0.0,1,0,0.0,Ferro,sem_dado,0.05,tiktok_seller_center,,0,0,0,,0,0.0,0.0,0,0.0,1,0,0.0,1,2026-05,2026-05
HOLGASHOP,2026-02,2026-02-01,2026-02-28,0.0,0.0,0.0,0.0,0,0.0,3,0,0.0,Ferro,sem_dado,0.05,tiktok_seller_center,0,0,0,0,,,0.0,0.0,0,0.0,3,0,0.0,1,2026-02,2026-02
HOLIVERSOUZALVES,2026-02,2026-02-01,2026-02-28,0.0,0.0,0.0,0.0,0,0.0,0,1,0.0,Ferro,sem_dado,0.05,tiktok_seller_center,0,0,0,0,,,0.0,0.0,0,0.0,0,1,0.0,1,2026-02,2026-02
HOMEALVESCORREA,2026-03,2026-03-01,2026-03-31,0.0,0.0,0.0,0.0,0,0.0,0,1,0.0,Ferro,sem_dado,0.05,tiktok_seller_center,0,0,0,0,,,0.0,0.0,0,0.0,0,1,0.0,1,2026-03,2026-03
HOPEBABYOFERTAS,2026-05,2026-05-01,2026-05-23,0.0,0.0,0.0,0.0,0,0.0,0,1,0.0,Ferro,sem_dado,0.05,tiktok_seller_center,0,0,0,0,,0,0.0,0.0,0,0.0,0,3,0.0,2,2026-04,2026-05
HORRORSTORYS.S,2026-02,2026-02-01,2026-02-28,0.0,0.0,0.0,0.0,0,0.0,6,0,0.0,Ferro,sem_dado,0.05,tiktok_seller_center,0,0,0,0,,,0.0,0.0,0,0.0,6,0,0.0,1,2026-02,2026-02
HOUYTTG1,2026-02,2026-02-01,2026-02-28,0.0,0.0,0.0,0.0,0,0.0,1,0,0.0,Ferro,sem_dado,0.05,tiktok_seller_center,0,0,0,0,,,0.0,0.0,0,0.0,1,0,0.0,1,2026-02,2026-02
HOZANAELYNKONN,2026-02,2026-02-01,2026-02-28,0.0,0.0,0.0,0.0,0,0.0,2,2,0.0,Ferro,sem_dado,0.05,tiktok_seller_center,0,0,0,0,,,0.0,0.0,0,0.0,2,2,0.0,1,2026-02,2026-02
HOZANARIBEIRO_,2026-05,2026-05-01,2026-05-23,0.0,0.0,0.0,0.0,0,0.0,1,0,0.0,Ferro,sem_dado,0.05,tiktok_seller_center,1,0,0,0,,0,82.17,82.17,1,0.0,1,0,4.11,2,2026-04,2026-05
HUDSONSHOP,2026-04,2026-04-01,2026-04-30,0.0,0.0,0.0,0.0,0,0.0,0,2,0.0,Ferro,sem_dado,0.05,tiktok_seller_center,0,0,0,0,,,0.0,-61.26,0,61.26,0,32,-3.06,4,2026-01,2026-04
I.ASDICAS,2026-03,2026-03-01,2026-03-31,0.0,0.0,0.0,0.0,0,0.0,1,0,0.0,Ferro,sem_dado,0.05,tiktok_seller_center,0,0,0,0,,,0.0,0.0,0,0.0,1,0,0.0,1,2026-03,2026-03
IA.BEATRIS,2026-05,2026-05-01,2026-05-23,0.0,0.0,0.0,0.0,0,0.0,1,0,0.0,Ferro,sem_dado,0.05,tiktok_seller_center,,0,0,0,,0,0.0,0.0,0,0.0,1,0,0.0,1,2026-05,2026-05
IA.COMMIRELA,2026-04,2026-04-01,2026-04-30,0.0,0.0,0.0,0.0,0,0.0,0,1,0.0,Ferro,sem_dado,0.05,tiktok_seller_center,0,0,0,0,,,0.0,0.0,0,0.0,0,1,0.0,1,2026-04,2026-04
IANCACEDRAZ_,2026-05,2026-05-01,2026-05-23,0.0,0.0,0.0,0.0,0,0.0,0,2,0.0,Ferro,sem_dado,0.05,tiktok_seller_center,,0,0,0,,0,0.0,0.0,0,0.0,0,2,0.0,1,2026-05,2026-05
IARA.ALVES26,2026-05,2026-05-01,2026-05-23,106.19,0.0,106.19,100.0,1,106.19,0,0,7.99,Ferro,sem_dado,0.05,tiktok_seller_center,1,1,1,0,,1,189.81,83.62,2,106.19,1,0,4.18,2,2026-01,2026-05
IARACONSELHEIRA,2026-05,2026-05-01,2026-05-23,99.9,99.9,0.0,0.0,1,99.9,1,0,7.99,Ferro,sem_dado,0.05,tiktok_seller_center,,0,1,0,,1,99.9,99.9,1,0.0,1,0,5.0,1,2026-05,2026-05
IARAJAHN,2026-02,2026-02-01,2026-02-28,80.7,80.7,0.0,0.0,1,80.7,2,0,7.99,Ferro,sem_dado,0.05,tiktok_seller_center,1,0,1,0,,,80.7,80.7,1,0.0,2,0,4.04,1,2026-02,2026-02
IARAMASSAIA,2026-02,2026-02-01,2026-02-28,0.0,0.0,0.0,0.0,0,0.0,2,0,0.0,Ferro,sem_dado,0.05,tiktok_seller_center,0,0,0,0,,,0.0,0.0,0,0.0,2,0,0.0,1,2026-02,2026-02
IDEIASHOP1,2026-03,2026-03-01,2026-03-31,0.0,0.0,0.0,0.0,0,0.0,0,2,0.0,Ferro,sem_dado,0.05,tiktok_seller_center,0,0,0,0,,,0.0,0.0,0,0.0,3,2,0.0,2,2026-01,2026-03
ILIANERECOMENDA,2026-03,2026-03-01,2026-03-31,0.0,-79.9,79.9,0.0,0,0.0,1,0,0.0,Ferro,sem_dado,0.05,tiktok_seller_center,0,1,0,0,,,324.95,245.04999999999998,4,79.9,1,1,12.25,2,2026-02,2026-03
ILVETEBOUTIQUE,2026-02,2026-02-01,2026-02-28,0.0,0.0,0.0,0.0,0,0.0,0,3,0.0,Ferro,sem_dado,0.05,tiktok_seller_center,0,0,0,0,,,0.0,0.0,0,0.0,0,5,0.0,2,2026-01,2026-02
IMAIAMARIAH,2026-02,2026-02-01,2026-02-28,0.0,0.0,0.0,0.0,0,0.0,1,0,0.0,Ferro,sem_dado,0.05,tiktok_seller_center,0,0,0,0,,,0.0,0.0,0,0.0,2,0,0.0,2,2026-01,2026-02
IMPERIOSEC,2026-01,2026-01-06,2026-01-31,0.0,0.0,0.0,0.0,0,0.0,0,1,0.0,Ferro,sem_dado,0.05,tiktok_seller_center,0,0,0,0,,,0.0,0.0,0,0.0,0,1,0.0,1,2026-01,2026-01
INAAACHADOS,2026-01,2026-01-06,2026-01-31,0.0,0.0,0.0,0.0,0,0.0,1,0,0.0,Ferro,sem_dado,0.05,tiktok_seller_center,0,0,0,0,,,0.0,0.0,0,0.0,1,0,0.0,1,2026-01,2026-01
INACIASOUSA17,2026-03,2026-03-01,2026-03-31,0.0,0.0,0.0,0.0,0,0.0,3,0,0.0,Ferro,sem_dado,0.05,tiktok_seller_center,0,0,0,0,,,0.0,0.0,0,0.0,3,0,0.0,1,2026-03,2026-03
INDICA.FERNANDA,2026-03,2026-03-01,2026-03-31,0.0,0.0,0.0,0.0,0,0.0,8,0,0.0,Ferro,sem_dado,0.05,tiktok_seller_center,0,0,0,0,,,0.0,0.0,0,0.0,8,0,0.0,1,2026-03,2026-03
INDICA.KELLY,2026-03,2026-03-01,2026-03-31,0.0,0.0,0.0,0.0,0,0.0,0,2,0.0,Ferro,sem_dado,0.05,tiktok_seller_center,0,0,0,0,,,0.0,0.0,0,0.0,0,2,0.0,1,2026-03,2026-03
INDICABEA,2026-03,2026-03-01,2026-03-31,0.0,0.0,0.0,0.0,0,0.0,1,0,0.0,Ferro,sem_dado,0.05,tiktok_seller_center,0,0,0,0,,,0.0,0.0,0,0.0,1,0,0.0,1,2026-03,2026-03
INDICABIANCA,2026-04,2026-04-01,2026-04-30,0.0,0.0,0.0,0.0,0,0.0,0,2,0.0,Ferro,sem_dado,0.05,tiktok_seller_center,0,0,0,0,,,0.0,0.0,0,0.0,1,2,0.0,2,2026-03,2026-04
INDICACAODAJUH,2026-03,2026-03-01,2026-03-31,0.0,0.0,0.0,0.0,0,0.0,0,10,0.0,Ferro,sem_dado,0.05,tiktok_seller_center,0,0,0,0,,,0.0,0.0,0,0.0,0,10,0.0,1,2026-03,2026-03
INDICACOESPRI,2026-03,2026-03-01,2026-03-31,0.0,0.0,0.0,0.0,0,0.0,4,2,0.0,Ferro,sem_dado,0.05,tiktok_seller_center,0,0,0,0,,,0.0,0.0,0,0.0,5,2,0.0,2,2026-02,2026-03
INDICADOSDAEDI,2026-05,2026-05-01,2026-05-23,0.0,0.0,0.0,0.0,0,0.0,0,66,0.0,Ferro,sem_dado,0.05,tiktok_seller_center,3,0,0,0,,0,475.45000000000005,393.70000000000005,6,81.75,1,91,19.689999999999998,4,2026-02,2026-05
INDICAES60,2026-03,2026-03-01,2026-03-31,0.0,0.0,0.0,0.0,0,0.0,0,2,0.0,Ferro,sem_dado,0.05,tiktok_seller_center,0,0,0,0,,,0.0,0.0,0,0.0,0,8,0.0,3,2026-01,2026-03
INDICALILLI,2026-01,2026-01-06,2026-01-31,0.0,0.0,0.0,0.0,0,0.0,2,0,0.0,Ferro,sem_dado,0.05,tiktok_seller_center,0,0,0,0,,,0.0,0.0,0,0.0,2,0,0.0,1,2026-01,2026-01
INDICAMARY,2026-03,2026-03-01,2026-03-31,0.0,0.0,0.0,0.0,0,0.0,1,0,0.0,Ferro,sem_dado,0.05,tiktok_seller_center,0,0,0,0,,,0.0,0.0,0,0.0,1,0,0.0,1,2026-03,2026-03
INDICAMESMO,2026-04,2026-04-01,2026-04-30,0.0,0.0,0.0,0.0,0,0.0,0,2,0.0,Ferro,sem_dado,0.05,tiktok_seller_center,0,0,0,0,,,0.0,0.0,0,0.0,0,2,0.0,1,2026-04,2026-04
INDICANDOEVENDENDO,2026-04,2026-04-01,2026-04-30,0.0,0.0,0.0,0.0,0,0.0,0,2,0.0,Ferro,sem_dado,0.05,tiktok_seller_center,0,0,0,0,,,0.0,0.0,0,0.0,0,4,0.0,2,2026-03,2026-04
INDICANDOSHOPP,2026-02,2026-02-01,2026-02-28,0.0,0.0,0.0,0.0,0,0.0,2,0,0.0,Ferro,sem_dado,0.05,tiktok_seller_center,0,0,0,0,,,0.0,0.0,0,0.0,2,0,0.0,1,2026-02,2026-02
INDICAVICC,2026-03,2026-03-01,2026-03-31,0.0,0.0,0.0,0.0,0,0.0,1,0,0.0,Ferro,sem_dado,0.05,tiktok_seller_center,0,0,0,0,,,0.0,0.0,0,0.0,1,0,0.0,1,2026-03,2026-03
INEEDMOREVA,2026-05,2026-05-01,2026-05-23,0.0,0.0,0.0,0.0,0,0.0,0,3,0.0,Ferro,sem_dado,0.05,tiktok_seller_center,0,0,0,0,,0,0.0,0.0,0,0.0,0,12,0.0,2,2026-03,2026-05
INFINIDADESHOP,2026-03,2026-03-01,2026-03-31,0.0,0.0,0.0,0.0,0,0.0,1,0,0.0,Ferro,sem_dado,0.05,tiktok_seller_center,0,0,0,0,,,0.0,0.0,0,0.0,1,0,0.0,1,2026-03,2026-03
INGRID.SANTANAP,2026-05,2026-05-01,2026-05-23,0.0,0.0,0.0,0.0,0,0.0,0,9,0.0,Ferro,sem_dado,0.05,tiktok_seller_center,,0,0,0,,0,0.0,0.0,0,0.0,0,9,0.0,1,2026-05,2026-05
INGRID.SILVAXX,2026-02,2026-02-01,2026-02-28,0.0,0.0,0.0,0.0,0,0.0,1,0,0.0,Ferro,sem_dado,0.05,tiktok_seller_center,0,0,0,0,,,0.0,0.0,0,0.0,1,0,0.0,1,2026-02,2026-02
INGRIDAFILIADASHOPEE,2026-04,2026-04-01,2026-04-30,0.0,0.0,0.0,0.0,0,0.0,0,3,0.0,Ferro,sem_dado,0.05,tiktok_seller_center,0,0,0,0,,,0.0,0.0,0,0.0,0,7,0.0,2,2026-03,2026-04
INGRIDBORBOREMA,2026-04,2026-04-01,2026-04-30,0.0,0.0,0.0,0.0,0,0.0,6,2,0.0,Ferro,sem_dado,0.05,tiktok_seller_center,0,0,0,0,,,0.0,0.0,0,0.0,6,2,0.0,1,2026-04,2026-04
INGRIDCALDEIRA01,2026-05,2026-05-01,2026-05-23,0.0,0.0,0.0,0.0,0,0.0,2,0,0.0,Ferro,sem_dado,0.05,tiktok_seller_center,0,0,0,0,,0,89.9,89.9,1,0.0,6,0,4.5,3,2026-03,2026-05
INGRIDCREATOR,2026-05,2026-05-01,2026-05-23,98.61,98.61,0.0,0.0,1,98.61,0,14,8.7,Ferro,sem_dado,0.05,tiktok_seller_center,1,0,1,0,,1,577.31,280.74999999999994,5,296.56,0,77,14.030000000000001,5,2026-01,2026-05
INGRIDFEITOSA_,2026-05,2026-05-01,2026-05-23,0.0,0.0,0.0,0.0,0,0.0,11,0,0.0,Ferro,sem_dado,0.05,tiktok_seller_center,,0,0,0,,0,0.0,0.0,0,0.0,11,0,0.0,1,2026-05,2026-05
INGRIDHIRAMOS,2026-01,2026-01-06,2026-01-31,0.0,0.0,0.0,0.0,0,0.0,1,0,0.0,Ferro,sem_dado,0.05,tiktok_seller_center,0,0,0,1,,,0.0,0.0,0,0.0,1,0,0.0,1,2026-01,2026-01
INGRITVITORIA0,2026-04,2026-04-01,2026-04-30,0.0,0.0,0.0,0.0,0,0.0,0,1,0.0,Ferro,sem_dado,0.05,tiktok_seller_center,0,0,0,0,,,0.0,0.0,0,0.0,0,1,0.0,1,2026-04,2026-04
INGRYDDANTAS2023,2026-05,2026-05-01,2026-05-23,0.0,0.0,0.0,0.0,0,0.0,3,0,0.0,Ferro,sem_dado,0.05,tiktok_seller_center,,0,0,0,,0,0.0,0.0,0,0.0,3,0,0.0,1,2026-05,2026-05
INSPIRASELOOK,2026-05,2026-05-01,2026-05-23,0.0,0.0,0.0,0.0,0,0.0,1,0,0.0,Ferro,sem_dado,0.05,tiktok_seller_center,,0,0,0,,0,0.0,0.0,0,0.0,1,0,0.0,1,2026-05,2026-05
INTIMIDADEFEMININA_,2026-02,2026-02-01,2026-02-28,0.0,0.0,0.0,0.0,0,0.0,5,0,0.0,Ferro,sem_dado,0.05,tiktok_seller_center,0,0,0,0,,,0.0,0.0,0,0.0,5,0,0.0,1,2026-02,2026-02
INVISTAEMVOCEDIGITAL,2026-01,2026-01-06,2026-01-31,0.0,0.0,0.0,0.0,0,0.0,1,0,0.0,Ferro,sem_dado,0.05,tiktok_seller_center,0,0,0,0,,,0.0,0.0,0,0.0,1,0,0.0,1,2026-01,2026-01
IOLANDAINDICA,2026-04,2026-04-01,2026-04-30,0.0,0.0,0.0,0.0,0,0.0,0,2,0.0,Ferro,sem_dado,0.05,tiktok_seller_center,0,0,0,0,,,0.0,0.0,0,0.0,0,3,0.0,2,2026-01,2026-04
IOLANDALIMASHOP,2026-03,2026-03-01,2026-03-31,0.0,0.0,0.0,0.0,0,0.0,0,5,0.0,Ferro,sem_dado,0.05,tiktok_seller_center,0,0,0,0,,,0.0,0.0,0,0.0,0,5,0.0,1,2026-03,2026-03
IORANACAMARGO,2026-05,2026-05-01,2026-05-23,0.0,0.0,0.0,0.0,0,0.0,0,1,0.0,Ferro,sem_dado,0.05,tiktok_seller_center,,0,0,0,,0,0.0,0.0,0,0.0,0,1,0.0,1,2026-05,2026-05
IPA1HCUFK5,2026-04,2026-04-01,2026-04-30,0.0,0.0,0.0,0.0,0,0.0,2,0,0.0,Ferro,sem_dado,0.05,tiktok_seller_center,0,0,0,0,,,0.0,0.0,0,0.0,2,0,0.0,1,2026-04,2026-04
IRACEMA_BARRETO.OFC,2026-02,2026-02-01,2026-02-28,0.0,0.0,0.0,0.0,0,0.0,0,3,0.0,Ferro,sem_dado,0.05,tiktok_seller_center,0,0,0,0,,,0.0,0.0,0,0.0,0,3,0.0,1,2026-02,2026-02
IRANILDESANTOS199,2026-04,2026-04-01,2026-04-30,0.0,0.0,0.0,0.0,0,0.0,0,1,0.0,Ferro,sem_dado,0.05,tiktok_seller_center,0,0,0,0,,,0.0,0.0,0,0.0,0,1,0.0,1,2026-04,2026-04
IRISROCHARS,2026-03,2026-03-01,2026-03-31,95.67,95.67,0.0,0.0,1,95.67,0,0,8.9,Ferro,sem_dado,0.05,tiktok_seller_center,1,0,1,0,,,95.67,95.67,1,0.0,0,0,4.78,1,2026-03,2026-03
IRISSANTIAGOS,2026-02,2026-02-01,2026-02-28,0.0,0.0,0.0,0.0,0,0.0,0,2,0.0,Ferro,sem_dado,0.05,tiktok_seller_center,0,0,0,0,,,0.0,0.0,0,0.0,0,2,0.0,1,2026-02,2026-02
IRISSILVA80HOTMAIL.COM,2026-04,2026-04-01,2026-04-30,0.0,0.0,0.0,0.0,0,0.0,0,1,0.0,Ferro,sem_dado,0.05,tiktok_seller_center,0,0,0,0,,,0.0,0.0,0,0.0,0,1,0.0,1,2026-04,2026-04
IRISVITRINE,2026-05,2026-05-01,2026-05-23,0.0,0.0,0.0,0.0,0,0.0,1,0,0.0,Ferro,sem_dado,0.05,tiktok_seller_center,5,0,0,0,,0,392.03,392.03,4,0.0,9,8,19.6,2,2026-04,2026-05
IRLA.KARLA.MENDON,2026-02,2026-02-01,2026-02-28,0.0,0.0,0.0,0.0,0,0.0,1,2,0.0,Ferro,sem_dado,0.05,tiktok_seller_center,0,0,0,0,,,0.0,0.0,0,0.0,3,3,0.0,2,2026-01,2026-02
IRMAS.FASHION,2026-03,2026-03-01,2026-03-31,0.0,0.0,0.0,0.0,0,0.0,0,1,0.0,Ferro,sem_dado,0.05,tiktok_seller_center,0,0,0,0,,,0.0,0.0,0,0.0,0,4,0.0,2,2026-02,2026-03
IRONFEMME.BR,2026-05,2026-05-01,2026-05-23,0.0,0.0,0.0,0.0,0,0.0,0,1,0.0,Ferro,sem_dado,0.05,tiktok_seller_center,,0,0,0,,0,0.0,0.0,0,0.0,0,1,0.0,1,2026-05,2026-05
ISA.OLIVEIRA_A,2026-03,2026-03-01,2026-03-31,0.0,0.0,0.0,0.0,0,0.0,4,6,0.0,Ferro,sem_dado,0.05,tiktok_seller_center,0,0,0,0,,,0.0,0.0,0,0.0,4,6,0.0,1,2026-03,2026-03
ISA.TIPSSS,2026-03,2026-03-01,2026-03-31,0.0,0.0,0.0,0.0,0,0.0,3,1,0.0,Ferro,sem_dado,0.05,tiktok_seller_center,0,0,0,0,,,0.0,0.0,0,0.0,3,1,0.0,1,2026-03,2026-03
ISAACOSTA994,2026-03,2026-03-01,2026-03-31,0.0,0.0,0.0,0.0,0,0.0,1,0,0.0,Ferro,sem_dado,0.05,tiktok_seller_center,0,0,0,0,,,0.0,0.0,0,0.0,1,0,0.0,1,2026-03,2026-03
ISAAVICTOOR,2026-05,2026-05-01,2026-05-23,0.0,0.0,0.0,0.0,0,0.0,0,23,0.0,Ferro,sem_dado,0.05,tiktok_seller_center,0,0,0,0,,0,0.0,0.0,0,0.0,0,89,0.0,4,2026-02,2026-05
ISABEL.CASTROGPT,2026-04,2026-04-01,2026-04-30,0.0,0.0,0.0,0.0,0,0.0,1,0,0.0,Ferro,sem_dado,0.05,tiktok_seller_center,0,0,0,0,,,0.0,0.0,0,0.0,1,0,0.0,1,2026-04,2026-04
ISABELA.MARCHESI,2026-03,2026-03-01,2026-03-31,0.0,0.0,0.0,0.0,0,0.0,3,0,0.0,Ferro,sem_dado,0.05,tiktok_seller_center,0,0,0,0,,,0.0,0.0,0,0.0,3,0,0.0,1,2026-03,2026-03
ISABELA.VALMONT,2026-03,2026-03-01,2026-03-31,0.0,0.0,0.0,0.0,0,0.0,1,0,0.0,Ferro,sem_dado,0.05,tiktok_seller_center,0,0,0,0,,,0.0,0.0,0,0.0,1,0,0.0,1,2026-03,2026-03
ISABELA.VOSS,2026-04,2026-04-01,2026-04-30,0.0,0.0,0.0,0.0,0,0.0,1,0,0.0,Ferro,sem_dado,0.05,tiktok_seller_center,0,0,0,0,,,0.0,0.0,0,0.0,1,0,0.0,1,2026-04,2026-04
ISABELA.ZULIANI,2026-04,2026-04-01,2026-04-30,0.0,0.0,0.0,0.0,0,0.0,0,3,0.0,Ferro,sem_dado,0.05,tiktok_seller_center,0,0,0,0,,,0.0,0.0,0,0.0,0,3,0.0,1,2026-04,2026-04
ISABELAVMM,2026-04,2026-04-01,2026-04-30,0.0,0.0,0.0,0.0,0,0.0,0,2,0.0,Ferro,sem_dado,0.05,tiktok_seller_center,0,0,0,0,,,0.0,0.0,0,0.0,0,2,0.0,1,2026-04,2026-04
ISABELEZIMBICKI,2026-04,2026-04-01,2026-04-30,159.8,159.8,0.0,0.0,1,159.8,1,7,15.98,Ferro,sem_dado,0.05,tiktok_seller_center,2,0,1,0,,,159.8,159.8,1,0.0,1,14,7.99,3,2026-02,2026-04
ISABELJULIAO,2026-02,2026-02-01,2026-02-28,0.0,0.0,0.0,0.0,0,0.0,1,0,0.0,Ferro,sem_dado,0.05,tiktok_seller_center,0,0,0,0,,,0.0,0.0,0,0.0,1,0,0.0,1,2026-02,2026-02
ISABELLACELESTINO07,2026-05,2026-05-01,2026-05-23,0.0,0.0,0.0,0.0,0,0.0,0,65,0.0,Ferro,sem_dado,0.05,tiktok_seller_center,0,0,0,0,,0,0.0,0.0,0,0.0,0,254,0.0,5,2026-01,2026-05
ISABELLAGALVAOO,2026-05,2026-05-01,2026-05-23,0.0,0.0,0.0,0.0,0,0.0,0,1,0.0,Ferro,sem_dado,0.05,tiktok_seller_center,,0,0,0,,0,0.0,0.0,0,0.0,0,1,0.0,1,2026-05,2026-05
ISABELLAMADISON_,2026-02,2026-02-01,2026-02-28,0.0,0.0,0.0,0.0,0,0.0,1,0,0.0,Ferro,sem_dado,0.05,tiktok_seller_center,0,0,0,0,,,0.0,0.0,0,0.0,1,0,0.0,1,2026-02,2026-02
ISABELLAMPASSARINI,2026-04,2026-04-01,2026-04-30,0.0,0.0,0.0,0.0,0,0.0,1,0,0.0,Ferro,sem_dado,0.05,tiktok_seller_center,0,0,0,0,,,0.0,0.0,0,0.0,1,0,0.0,1,2026-04,2026-04
ISABELLANOGUEIRA1_,2026-03,2026-03-01,2026-03-31,0.0,0.0,0.0,0.0,0,0.0,2,0,0.0,Ferro,sem_dado,0.05,tiktok_seller_center,0,0,0,0,,,0.0,0.0,0,0.0,2,0,0.0,1,2026-03,2026-03
ISABELLASCREATOR,2026-02,2026-02-01,2026-02-28,0.0,0.0,0.0,0.0,0,0.0,0,1,0.0,Ferro,sem_dado,0.05,tiktok_seller_center,0,0,0,0,,,0.0,0.0,0,0.0,0,1,0.0,1,2026-02,2026-02
ISABELLASFRANCA,2026-04,2026-04-01,2026-04-30,0.0,0.0,0.0,0.0,0,0.0,1,0,0.0,Ferro,sem_dado,0.05,tiktok_seller_center,0,0,0,0,,,79.9,79.9,1,0.0,3,0,4.0,3,2026-02,2026-04
ISABELMORAES339,2026-02,2026-02-01,2026-02-28,0.0,0.0,0.0,0.0,0,0.0,0,1,0.0,Ferro,sem_dado,0.05,tiktok_seller_center,0,0,0,0,,,0.0,0.0,0,0.0,0,1,0.0,1,2026-02,2026-02
ISADORAA12120,2026-05,2026-05-01,2026-05-23,0.0,0.0,0.0,0.0,0,0.0,1,0,0.0,Ferro,sem_dado,0.05,tiktok_seller_center,,0,0,0,,0,0.0,0.0,0,0.0,1,0,0.0,1,2026-05,2026-05
ISADORAGERMANOO,2026-03,2026-03-01,2026-03-31,0.0,0.0,0.0,0.0,0,0.0,1,4,0.0,Ferro,sem_dado,0.05,tiktok_seller_center,0,0,0,0,,,0.0,0.0,0,0.0,1,4,0.0,1,2026-03,2026-03
ISAGOMES19,2026-02,2026-02-01,2026-02-28,0.0,0.0,0.0,0.0,0,0.0,0,1,0.0,Ferro,sem_dado,0.05,tiktok_seller_center,0,0,0,0,,,0.0,0.0,0,0.0,0,2,0.0,2,2026-01,2026-02
ISAINDICA.SHOP,2026-01,2026-01-06,2026-01-31,0.0,0.0,0.0,0.0,0,0.0,1,0,0.0,Ferro,sem_dado,0.05,tiktok_seller_center,0,0,0,0,,,0.0,0.0,0,0.0,1,0,0.0,1,2026-01,2026-01
ISAMARIIACREATOR,2026-02,2026-02-01,2026-02-28,64.94,64.94,0.0,0.0,1,64.94,2,0,7.22,Ferro,sem_dado,0.05,tiktok_seller_center,1,0,1,0,,,64.94,64.94,1,0.0,2,0,3.25,1,2026-02,2026-02
ISAOMINTRA,2026-02,2026-02-01,2026-02-28,0.0,0.0,0.0,0.0,0,0.0,1,0,0.0,Ferro,sem_dado,0.05,tiktok_seller_center,0,0,0,0,,,0.0,0.0,0,0.0,1,0,0.0,1,2026-02,2026-02
ISAPIRES.INDICA,2026-05,2026-05-01,2026-05-23,0.0,0.0,0.0,0.0,0,0.0,5,3,0.0,Ferro,sem_dado,0.05,tiktok_seller_center,3,0,0,0,,0,281.89,186.98999999999998,3,94.9,17,23,9.35,2,2026-04,2026-05
ISASHOP25,2026-03,2026-03-01,2026-03-31,0.0,0.0,0.0,0.0,0,0.0,1,0,0.0,Ferro,sem_dado,0.05,tiktok_seller_center,0,0,0,0,,,0.0,0.0,0,0.0,1,0,0.0,1,2026-03,2026-03
ISASHOPINTART,2026-03,2026-03-01,2026-03-31,0.0,0.0,0.0,0.0,0,0.0,1,0,0.0,Ferro,sem_dado,0.05,tiktok_seller_center,0,0,0,0,,,0.0,0.0,0,0.0,1,0,0.0,1,2026-03,2026-03
ISASHOPOF,2026-04,2026-04-01,2026-04-30,0.0,0.0,0.0,0.0,0,0.0,1,0,0.0,Ferro,sem_dado,0.05,tiktok_seller_center,0,0,0,0,,,0.0,0.0,0,0.0,1,0,0.0,1,2026-04,2026-04
ISASTORESHOP,2026-02,2026-02-01,2026-02-28,0.0,0.0,0.0,0.0,0,0.0,1,0,0.0,Ferro,sem_dado,0.05,tiktok_seller_center,0,0,0,0,,,0.0,0.0,0,0.0,1,0,0.0,1,2026-02,2026-02
ISATIZED.UGC,2026-04,2026-04-01,2026-04-30,0.0,0.0,0.0,0.0,0,0.0,0,4,0.0,Ferro,sem_dado,0.05,tiktok_seller_center,0,0,0,0,,,0.0,0.0,0,0.0,0,8,0.0,2,2026-03,2026-04
ISAURBANO_,2026-05,2026-05-01,2026-05-23,106.6,106.6,0.0,0.0,1,106.6,0,0,8.79,Ferro,sem_dado,0.05,tiktok_seller_center,,0,1,0,,1,106.6,106.6,1,0.0,0,0,5.33,1,2026-05,2026-05
ISIS.DEQUEIROZM,2026-02,2026-02-01,2026-02-28,0.0,0.0,0.0,0.0,0,0.0,0,1,0.0,Ferro,sem_dado,0.05,tiktok_seller_center,0,0,0,0,,,0.0,0.0,0,0.0,0,1,0.0,1,2026-02,2026-02
ISLAMORENO,2026-01,2026-01-06,2026-01-31,0.0,0.0,0.0,0.0,0,0.0,1,0,0.0,Ferro,sem_dado,0.05,tiktok_seller_center,0,0,0,0,,,0.0,0.0,0,0.0,1,0,0.0,1,2026-01,2026-01
ISLANEMIRTES,2026-03,2026-03-01,2026-03-31,0.0,0.0,0.0,0.0,0,0.0,0,6,0.0,Ferro,sem_dado,0.05,tiktok_seller_center,0,0,0,0,,,81.9,81.9,1,0.0,0,6,4.1,2,2026-02,2026-03
ISMAELCRUZ003,2026-05,2026-05-01,2026-05-23,0.0,0.0,0.0,0.0,0,0.0,2,0,0.0,Ferro,sem_dado,0.05,tiktok_seller_center,,0,0,0,,0,0.0,0.0,0,0.0,2,0,0.0,1,2026-05,2026-05
ISUELLENSOUSA,2026-03,2026-03-01,2026-03-31,0.0,0.0,0.0,0.0,0,0.0,0,1,0.0,Ferro,sem_dado,0.05,tiktok_seller_center,0,0,0,0,,,0.0,0.0,0,0.0,0,1,0.0,1,2026-03,2026-03
ITANA.AZEVEDO7,2026-05,2026-05-01,2026-05-23,0.0,0.0,0.0,0.0,0,0.0,3,32,0.0,Ferro,sem_dado,0.05,tiktok_seller_center,1,0,0,0,,0,79.9,79.9,1,0.0,3,57,4.0,2,2026-04,2026-05
ITQ2D5,2026-03,2026-03-01,2026-03-31,0.0,0.0,0.0,0.0,0,0.0,1,0,0.0,Ferro,sem_dado,0.05,tiktok_seller_center,0,0,0,0,,,0.0,0.0,0,0.0,1,0,0.0,1,2026-03,2026-03
ITSANALUMONTEZ,2026-05,2026-05-01,2026-05-23,0.0,0.0,0.0,0.0,0,0.0,1,0,0.0,Ferro,sem_dado,0.05,tiktok_seller_center,0,0,0,0,,0,0.0,0.0,0,0.0,6,0,0.0,2,2026-04,2026-05
ITSLAKUMHERE,2026-05,2026-05-01,2026-05-23,0.0,0.0,0.0,0.0,0,0.0,0,3,0.0,Ferro,sem_dado,0.05,tiktok_seller_center,0,0,0,0,,0,0.0,0.0,0,0.0,0,26,0.0,2,2026-04,2026-05
ITSSTHEF,2026-03,2026-03-01,2026-03-31,76.74,76.74,0.0,0.0,1,76.74,2,0,7.22,Ferro,sem_dado,0.05,tiktok_seller_center,1,0,1,0,,,76.74,76.74,1,0.0,2,0,3.84,1,2026-03,2026-03
IVANANAUAR_SHOP,2026-03,2026-03-01,2026-03-31,0.0,0.0,0.0,0.0,0,0.0,1,0,0.0,Ferro,sem_dado,0.05,tiktok_seller_center,0,0,0,0,,,0.0,0.0,0,0.0,1,0,0.0,1,2026-03,2026-03
IVANETEMARQUES863GMAIL,2026-04,2026-04-01,2026-04-30,0.0,0.0,0.0,0.0,0,0.0,0,1,0.0,Ferro,sem_dado,0.05,tiktok_seller_center,0,0,0,0,,,0.0,0.0,0,0.0,0,3,0.0,3,2026-02,2026-04
IVANILDAMARIAY,2026-05,2026-05-01,2026-05-23,0.0,0.0,0.0,0.0,0,0.0,0,15,0.0,Ferro,sem_dado,0.05,tiktok_seller_center,0,0,0,0,,0,0.0,0.0,0,0.0,0,29,0.0,2,2026-04,2026-05
IVONEFRANCIELI,2026-03,2026-03-01,2026-03-31,0.0,0.0,0.0,0.0,0,0.0,0,1,0.0,Ferro,sem_dado,0.05,tiktok_seller_center,0,0,0,0,,,64.94,64.94,1,0.0,0,3,3.25,2,2026-02,2026-03
IVONETETICTOC,2026-02,2026-02-01,2026-02-28,0.0,0.0,0.0,0.0,0,0.0,0,1,0.0,Ferro,sem_dado,0.05,tiktok_seller_center,0,0,0,0,,,0.0,0.0,0,0.0,0,1,0.0,1,2026-02,2026-02
IZA.DIAS85,2026-02,2026-02-01,2026-02-28,0.0,0.0,0.0,0.0,0,0.0,1,0,0.0,Ferro,sem_dado,0.05,tiktok_seller_center,0,0,0,0,,,0.0,0.0,0,0.0,1,0,0.0,1,2026-02,2026-02
IZA4842,2026-02,2026-02-01,2026-02-28,0.0,0.0,0.0,0.0,0,0.0,0,1,0.0,Ferro,sem_dado,0.05,tiktok_seller_center,0,0,0,0,,,0.0,0.0,0,0.0,0,1,0.0,1,2026-02,2026-02
IZABEL9374,2026-04,2026-04-01,2026-04-30,0.0,0.0,0.0,0.0,0,0.0,0,1,0.0,Ferro,sem_dado,0.05,tiktok_seller_center,0,0,0,0,,,0.0,0.0,0,0.0,0,1,0.0,1,2026-04,2026-04
IZABELLASMAIA,2026-04,2026-04-01,2026-04-30,0.0,0.0,0.0,0.0,0,0.0,0,1,0.0,Ferro,sem_dado,0.05,tiktok_seller_center,0,0,0,0,,,0.0,0.0,0,0.0,0,1,0.0,1,2026-04,2026-04
IZABONINS,2026-05,2026-05-01,2026-05-23,0.0,0.0,0.0,0.0,0,0.0,2,0,0.0,Ferro,sem_dado,0.05,tiktok_seller_center,,0,0,0,,0,0.0,0.0,0,0.0,2,0,0.0,1,2026-05,2026-05
IZAMAIA2206,2026-02,2026-02-01,2026-02-28,0.0,0.0,0.0,0.0,0,0.0,3,0,0.0,Ferro,sem_dado,0.05,tiktok_seller_center,0,0,0,0,,,0.0,0.0,0,0.0,9,0,0.0,2,2026-01,2026-02
IZAOLIVER.BR,2026-05,2026-05-01,2026-05-23,0.0,0.0,0.0,0.0,0,0.0,0,4,0.0,Ferro,sem_dado,0.05,tiktok_seller_center,,0,0,0,,0,0.0,0.0,0,0.0,0,4,0.0,1,2026-05,2026-05
IZXOH6,2026-04,2026-04-01,2026-04-30,0.0,0.0,0.0,0.0,0,0.0,0,3,0.0,Ferro,sem_dado,0.05,tiktok_seller_center,0,0,0,0,,,0.0,0.0,0,0.0,0,3,0.0,1,2026-04,2026-04
J.DENVAS,2026-05,2026-05-01,2026-05-23,0.0,0.0,0.0,0.0,0,0.0,3,0,0.0,Ferro,sem_dado,0.05,tiktok_seller_center,,0,0,0,,0,0.0,0.0,0,0.0,3,0,0.0,1,2026-05,2026-05
J5467163438,2026-02,2026-02-01,2026-02-28,0.0,0.0,0.0,0.0,0,0.0,1,0,0.0,Ferro,sem_dado,0.05,tiktok_seller_center,0,0,0,0,,,0.0,0.0,0,0.0,1,0,0.0,1,2026-02,2026-02
JAANASILVADAILY,2026-04,2026-04-01,2026-04-30,0.0,0.0,0.0,0.0,0,0.0,1,4,0.0,Ferro,sem_dado,0.05,tiktok_seller_center,0,0,0,0,,,0.0,0.0,0,0.0,1,6,0.0,2,2026-03,2026-04
JACIARAFREITASSIL,2026-04,2026-04-01,2026-04-30,0.0,0.0,0.0,0.0,0,0.0,0,1,0.0,Ferro,sem_dado,0.05,tiktok_seller_center,0,0,0,0,,,0.0,0.0,0,0.0,0,1,0.0,1,2026-04,2026-04
JACIOLIVEIIRA,2026-01,2026-01-06,2026-01-31,0.0,0.0,0.0,0.0,0,0.0,0,5,0.0,Ferro,sem_dado,0.05,tiktok_seller_center,0,0,0,0,,,0.0,0.0,0,0.0,0,5,0.0,1,2026-01,2026-01
JACKEINDICA,2026-04,2026-04-01,2026-04-30,0.0,0.0,0.0,0.0,0,0.0,0,13,0.0,Ferro,sem_dado,0.05,tiktok_seller_center,0,0,0,0,,,0.0,0.0,0,0.0,0,14,0.0,2,2026-03,2026-04
JACKGSEBAS,2026-05,2026-05-01,2026-05-23,0.0,0.0,0.0,0.0,0,0.0,0,8,0.0,Ferro,sem_dado,0.05,tiktok_seller_center,0,0,0,0,,0,0.0,0.0,0,0.0,1,18,0.0,2,2026-04,2026-05
JACKKK2025,2026-05,2026-05-01,2026-05-23,0.0,0.0,0.0,0.0,0,0.0,0,5,0.0,Ferro,sem_dado,0.05,tiktok_seller_center,0,0,0,0,,0,223.6,223.6,3,0.0,4,7,11.18,4,2026-01,2026-05
JACKMUNDOMABU,2026-05,2026-05-01,2026-05-23,1586.44,228.92000000000007,1357.52,85.57,21,75.54,0,6,132.88,Bronze,sem_dado,0.07,tiktok_seller_center,67,20,1,1,,21,6038.9400000000005,4476.83,80,1562.11,2,22,308.8,2,2026-04,2026-05
JACKSHOP.BR,2026-04,2026-04-01,2026-04-30,0.0,0.0,0.0,0.0,0,0.0,1,0,0.0,Ferro,sem_dado,0.05,tiktok_seller_center,0,0,0,0,,,0.0,0.0,0,0.0,1,0,0.0,1,2026-04,2026-04
JACQUELINEROTENSKI,2026-05,2026-05-01,2026-05-23,0.0,0.0,0.0,0.0,0,0.0,0,7,0.0,Ferro,sem_dado,0.05,tiktok_seller_center,,0,0,0,,0,0.0,0.0,0,0.0,0,7,0.0,1,2026-05,2026-05
JACY_SANTOS2,2026-02,2026-02-01,2026-02-28,0.0,0.0,0.0,0.0,0,0.0,0,2,0.0,Ferro,sem_dado,0.05,tiktok_seller_center,0,0,0,0,,,0.0,0.0,0,0.0,0,2,0.0,1,2026-02,2026-02
JADEARAUJO.IA,2026-03,2026-03-01,2026-03-31,0.0,0.0,0.0,0.0,0,0.0,1,0,0.0,Ferro,sem_dado,0.05,tiktok_seller_center,0,0,0,0,,,0.0,0.0,0,0.0,1,0,0.0,1,2026-03,2026-03
JADECENTINELA,2026-05,2026-05-01,2026-05-23,86.81,86.81,0.0,0.0,1,86.81,0,0,6.63,Ferro,sem_dado,0.05,tiktok_seller_center,0,0,1,0,,1,86.81,86.81,1,0.0,2,0,4.34,2,2026-04,2026-05
JADELUIZE,2026-03,2026-03-01,2026-03-31,0.0,0.0,0.0,0.0,0,0.0,0,2,0.0,Ferro,sem_dado,0.05,tiktok_seller_center,0,0,0,0,,,0.0,0.0,0,0.0,0,4,0.0,2,2026-02,2026-03
JADESELESTINE_,2026-05,2026-05-01,2026-05-23,0.0,0.0,0.0,0.0,0,0.0,1,0,0.0,Ferro,sem_dado,0.05,tiktok_seller_center,,0,0,0,,0,0.0,0.0,0,0.0,1,0,0.0,1,2026-05,2026-05
JADETKTK,2026-03,2026-03-01,2026-03-31,0.0,0.0,0.0,0.0,0,0.0,1,0,0.0,Ferro,sem_dado,0.05,tiktok_seller_center,0,0,0,0,,,0.0,0.0,0,0.0,1,0,0.0,1,2026-03,2026-03
JADYCROSA,2026-04,2026-04-01,2026-04-30,0.0,-73.13,73.13,0.0,0,0.0,0,0,0.0,Ferro,sem_dado,0.05,tiktok_seller_center,0,1,0,0,,,208.36,135.23000000000002,3,73.13,0,6,6.76,3,2026-01,2026-04
JAHSOUZA14,2026-03,2026-03-01,2026-03-31,0.0,0.0,0.0,0.0,0,0.0,0,1,0.0,Ferro,sem_dado,0.05,tiktok_seller_center,0,0,0,0,,,0.0,0.0,0,0.0,0,2,0.0,2,2026-01,2026-03
JAI.OFICIALSHOP,2026-05,2026-05-01,2026-05-23,0.0,0.0,0.0,0.0,0,0.0,0,1,0.0,Ferro,sem_dado,0.05,tiktok_seller_center,0,0,0,0,,0,80.7,80.7,1,0.0,1,34,4.04,4,2026-02,2026-05
JAINEGOMES2024,2026-04,2026-04-01,2026-04-30,0.0,0.0,0.0,0.0,0,0.0,0,3,0.0,Ferro,sem_dado,0.05,tiktok_seller_center,0,0,0,0,,,0.0,0.0,0,0.0,0,3,0.0,1,2026-04,2026-04
JAINETAVARES01,2026-02,2026-02-01,2026-02-28,0.0,0.0,0.0,0.0,0,0.0,0,1,0.0,Ferro,sem_dado,0.05,tiktok_seller_center,0,0,0,0,,,0.0,0.0,0,0.0,0,13,0.0,2,2026-01,2026-02
JAIRO_SOUSA63,2026-04,2026-04-01,2026-04-30,0.0,0.0,0.0,0.0,0,0.0,1,1,0.0,Ferro,sem_dado,0.05,tiktok_seller_center,0,0,0,0,,,0.0,0.0,0,0.0,1,1,0.0,1,2026-04,2026-04
JAIRRMITO,2026-02,2026-02-01,2026-02-28,0.0,0.0,0.0,0.0,0,0.0,1,0,0.0,Ferro,sem_dado,0.05,tiktok_seller_center,0,0,0,0,,,0.0,0.0,0,0.0,1,0,0.0,1,2026-02,2026-02
JAKYLORRANY1,2026-03,2026-03-01,2026-03-31,0.0,0.0,0.0,0.0,0,0.0,0,1,0.0,Ferro,sem_dado,0.05,tiktok_seller_center,0,0,0,0,,,0.0,0.0,0,0.0,0,1,0.0,1,2026-03,2026-03
JAMAICASANTOS30,2026-03,2026-03-01,2026-03-31,0.0,0.0,0.0,0.0,0,0.0,0,2,0.0,Ferro,sem_dado,0.05,tiktok_seller_center,0,0,0,0,,,0.0,0.0,0,0.0,1,2,0.0,2,2026-02,2026-03
JAMILESHOP,2026-03,2026-03-01,2026-03-31,0.0,0.0,0.0,0.0,0,0.0,1,0,0.0,Ferro,sem_dado,0.05,tiktok_seller_center,0,0,0,0,,,0.0,0.0,0,0.0,1,0,0.0,1,2026-03,2026-03
JAMILLEBLOGUEIRA,2026-02,2026-02-01,2026-02-28,79.99,79.99,0.0,0.0,1,79.99,1,0,8.4,Ferro,sem_dado,0.05,tiktok_seller_center,1,0,1,0,,,79.99,79.99,1,0.0,3,4,4.0,2,2026-01,2026-02
JANABETTIO,2026-03,2026-03-01,2026-03-31,79.9,79.9,0.0,0.0,1,79.9,1,2,7.91,Ferro,sem_dado,0.05,tiktok_seller_center,1,0,1,0,,,170.60000000000002,170.60000000000002,2,0.0,1,11,8.54,2,2026-02,2026-03
JANACONVERSAS,2026-04,2026-04-01,2026-04-30,0.0,0.0,0.0,0.0,0,0.0,0,1,0.0,Ferro,sem_dado,0.05,tiktok_seller_center,0,0,0,0,,,0.0,0.0,0,0.0,0,1,0.0,1,2026-04,2026-04
JANAINAGOMES168,2026-01,2026-01-06,2026-01-31,0.0,0.0,0.0,0.0,0,0.0,0,4,0.0,Ferro,sem_dado,0.05,tiktok_seller_center,0,0,0,0,,,0.0,0.0,0,0.0,0,4,0.0,1,2026-01,2026-01
JANAINAKIZE,2026-05,2026-05-01,2026-05-23,0.0,0.0,0.0,0.0,0,0.0,3,0,0.0,Ferro,sem_dado,0.05,tiktok_seller_center,0,0,0,3,,0,0.0,0.0,0,0.0,3,7,0.0,2,2026-01,2026-05
JANAINALUCA372,2026-03,2026-03-01,2026-03-31,0.0,0.0,0.0,0.0,0,0.0,2,0,0.0,Ferro,sem_dado,0.05,tiktok_seller_center,0,0,0,0,,,0.0,0.0,0,0.0,2,0,0.0,1,2026-03,2026-03
JANAINANASCIMENTO77,2026-02,2026-02-01,2026-02-28,0.0,0.0,0.0,0.0,0,0.0,0,1,0.0,Ferro,sem_dado,0.05,tiktok_seller_center,0,0,0,0,,,0.0,0.0,0,0.0,0,1,0.0,1,2026-02,2026-02
JANAINAPOSSANI31,2026-01,2026-01-06,2026-01-31,0.0,0.0,0.0,0.0,0,0.0,0,1,0.0,Ferro,sem_dado,0.05,tiktok_seller_center,0,0,0,0,,,0.0,0.0,0,0.0,0,1,0.0,1,2026-01,2026-01
JANAKAROLINEE,2026-05,2026-05-01,2026-05-23,0.0,0.0,0.0,0.0,0,0.0,2,0,0.0,Ferro,sem_dado,0.05,tiktok_seller_center,1,0,0,0,,0,166.09,166.09,2,0.0,20,0,8.309999999999999,3,2026-03,2026-05
JANANUTRI24,2026-04,2026-04-01,2026-04-30,0.0,0.0,0.0,0.0,0,0.0,0,1,0.0,Ferro,sem_dado,0.05,tiktok_seller_center,0,0,0,0,,,0.0,0.0,0,0.0,0,1,0.0,1,2026-04,2026-04
JANASANTOS.INDICA,2026-02,2026-02-01,2026-02-28,0.0,0.0,0.0,0.0,0,0.0,1,0,0.0,Ferro,sem_dado,0.05,tiktok_seller_center,0,0,0,0,,,0.0,0.0,0,0.0,1,0,0.0,1,2026-02,2026-02
JANASHOP_CREATOR,2026-03,2026-03-01,2026-03-31,0.0,0.0,0.0,0.0,0,0.0,0,1,0.0,Ferro,sem_dado,0.05,tiktok_seller_center,0,0,0,0,,,0.0,0.0,0,0.0,0,1,0.0,1,2026-03,2026-03
JANDY.MARCOLINO,2026-03,2026-03-01,2026-03-31,0.0,0.0,0.0,0.0,0,0.0,0,3,0.0,Ferro,sem_dado,0.05,tiktok_seller_center,0,0,0,0,,,0.0,0.0,0,0.0,0,3,0.0,1,2026-03,2026-03
JANE.CREATOR.SHOP,2026-05,2026-05-01,2026-05-23,0.0,0.0,0.0,0.0,0,0.0,5,1,0.0,Ferro,sem_dado,0.05,tiktok_seller_center,,0,0,0,,0,0.0,0.0,0,0.0,5,1,0.0,1,2026-05,2026-05
JANE.LARA19,2026-02,2026-02-01,2026-02-28,0.0,0.0,0.0,0.0,0,0.0,0,2,0.0,Ferro,sem_dado,0.05,tiktok_seller_center,0,0,0,0,,,0.0,0.0,0,0.0,0,2,0.0,1,2026-02,2026-02
JANE.RODRIGUES.CREATOR,2026-04,2026-04-01,2026-04-30,79.9,79.9,0.0,0.0,1,79.9,3,0,6.39,Ferro,sem_dado,0.05,tiktok_seller_center,1,0,1,0,,,79.9,79.9,1,0.0,3,0,4.0,1,2026-04,2026-04
JANE.SHOP11,2026-03,2026-03-01,2026-03-31,0.0,0.0,0.0,0.0,0,0.0,1,0,0.0,Ferro,sem_dado,0.05,tiktok_seller_center,0,0,0,0,,,0.0,0.0,0,0.0,1,0,0.0,1,2026-03,2026-03
JANECRISTTINAOFICIAL,2026-05,2026-05-01,2026-05-23,0.0,0.0,0.0,0.0,0,0.0,0,2,0.0,Ferro,sem_dado,0.05,tiktok_seller_center,0,0,0,0,,0,0.0,0.0,0,0.0,0,3,0.0,2,2026-04,2026-05
JANETE0406,2026-05,2026-05-01,2026-05-23,0.0,0.0,0.0,0.0,0,0.0,1,1,0.0,Ferro,sem_dado,0.05,tiktok_seller_center,,0,0,0,,0,0.0,0.0,0,0.0,1,1,0.0,1,2026-05,2026-05
JANETEBOURSCHEIDT,2026-02,2026-02-01,2026-02-28,0.0,0.0,0.0,0.0,0,0.0,0,1,0.0,Ferro,sem_dado,0.05,tiktok_seller_center,0,0,0,0,,,0.0,0.0,0,0.0,0,1,0.0,1,2026-02,2026-02
JANETEBUSSINER,2026-02,2026-02-01,2026-02-28,0.0,0.0,0.0,0.0,0,0.0,0,1,0.0,Ferro,sem_dado,0.05,tiktok_seller_center,0,0,0,0,,,0.0,0.0,0,0.0,0,6,0.0,2,2026-01,2026-02
JANINEMUNDOFEMININO,2026-05,2026-05-01,2026-05-23,0.0,0.0,0.0,0.0,0,0.0,0,1,0.0,Ferro,sem_dado,0.05,tiktok_seller_center,,0,0,0,,0,0.0,0.0,0,0.0,0,1,0.0,1,2026-05,2026-05
JANININICOLAS,2026-02,2026-02-01,2026-02-28,0.0,0.0,0.0,0.0,0,0.0,1,0,0.0,Ferro,sem_dado,0.05,tiktok_seller_center,0,0,0,0,,,0.0,0.0,0,0.0,1,0,0.0,1,2026-02,2026-02
JANISSOSWEET,2026-05,2026-05-01,2026-05-23,0.0,0.0,0.0,0.0,0,0.0,0,4,0.0,Ferro,sem_dado,0.05,tiktok_seller_center,0,0,0,0,,0,162.6,0.0,2,162.6,0,58,0.0,4,2026-02,2026-05
JANI_BUNGENSTAB,2026-04,2026-04-01,2026-04-30,0.0,0.0,0.0,0.0,0,0.0,0,1,0.0,Ferro,sem_dado,0.05,tiktok_seller_center,0,0,0,0,,,0.0,0.0,0,0.0,0,1,0.0,1,2026-04,2026-04
JANNAPAVAO,2026-04,2026-04-01,2026-04-30,0.0,0.0,0.0,0.0,0,0.0,6,0,0.0,Ferro,sem_dado,0.05,tiktok_seller_center,0,0,0,0,,,0.0,0.0,0,0.0,7,0,0.0,2,2026-03,2026-04
JANNAPAVAOINDICA,2026-04,2026-04-01,2026-04-30,0.0,0.0,0.0,0.0,0,0.0,1,0,0.0,Ferro,sem_dado,0.05,tiktok_seller_center,0,0,0,0,,,0.0,0.0,0,0.0,7,0,0.0,2,2026-03,2026-04
JANNAPAVAOTIKTOKSHOP,2026-03,2026-03-01,2026-03-31,96.9,15.0,81.9,84.52,1,96.9,4,1,9.49,Ferro,sem_dado,0.05,tiktok_seller_center,1,1,1,0,,,260.70000000000005,178.8,3,81.9,4,1,8.94,2,2026-02,2026-03
JANNE_128,2026-05,2026-05-01,2026-05-23,0.0,0.0,0.0,0.0,0,0.0,0,3,0.0,Ferro,sem_dado,0.05,tiktok_seller_center,0,0,0,0,,0,0.0,0.0,0,0.0,0,74,0.0,5,2026-01,2026-05
JANNYNARCISO10,2026-04,2026-04-01,2026-04-30,0.0,0.0,0.0,0.0,0,0.0,1,0,0.0,Ferro,sem_dado,0.05,tiktok_seller_center,0,0,0,0,,,0.0,0.0,0,0.0,1,0,0.0,1,2026-04,2026-04
JAPAPINK.MI,2026-02,2026-02-01,2026-02-28,80.7,80.7,0.0,0.0,1,80.7,0,0,7.99,Ferro,sem_dado,0.05,tiktok_seller_center,1,0,1,0,,,80.7,80.7,1,0.0,0,0,4.04,1,2026-02,2026-02
JAQSANTOS02,2026-05,2026-05-01,2026-05-23,0.0,0.0,0.0,0.0,0,0.0,2,0,0.0,Ferro,sem_dado,0.05,tiktok_seller_center,,0,0,0,,0,0.0,0.0,0,0.0,2,0,0.0,1,2026-05,2026-05
JAQUE.LOPESS,2026-03,2026-03-01,2026-03-31,0.0,0.0,0.0,0.0,0,0.0,0,4,0.0,Ferro,sem_dado,0.05,tiktok_seller_center,0,0,0,0,,,0.0,0.0,0,0.0,0,5,0.0,2,2026-02,2026-03
JAQUECREATOR1,2026-03,2026-03-01,2026-03-31,0.0,0.0,0.0,0.0,0,0.0,0,1,0.0,Ferro,sem_dado,0.05,tiktok_seller_center,0,0,0,0,,,0.0,0.0,0,0.0,1,2,0.0,3,2026-01,2026-03
JAQUELINE.CLAUS,2026-05,2026-05-01,2026-05-23,0.0,0.0,0.0,0.0,0,0.0,0,1,0.0,Ferro,sem_dado,0.05,tiktok_seller_center,,0,0,0,,0,0.0,0.0,0,0.0,0,1,0.0,1,2026-05,2026-05
JAQUELINE.CNDIDO7,2026-02,2026-02-01,2026-02-28,0.0,0.0,0.0,0.0,0,0.0,0,3,0.0,Ferro,sem_dado,0.05,tiktok_seller_center,0,0,0,0,,,0.0,0.0,0,0.0,0,3,0.0,1,2026-02,2026-02
JAQUELINELIMA444,2026-03,2026-03-01,2026-03-31,0.0,0.0,0.0,0.0,0,0.0,1,0,0.0,Ferro,sem_dado,0.05,tiktok_seller_center,0,0,0,0,,,0.0,0.0,0,0.0,1,0,0.0,1,2026-03,2026-03
JAQUELINESHOP1,2026-05,2026-05-01,2026-05-23,0.0,0.0,0.0,0.0,0,0.0,0,1,0.0,Ferro,sem_dado,0.05,tiktok_seller_center,,0,0,0,,0,0.0,0.0,0,0.0,0,1,0.0,1,2026-05,2026-05
JAQUEMAFFEISHOP,2026-01,2026-01-06,2026-01-31,0.0,0.0,0.0,0.0,0,0.0,0,1,0.0,Ferro,sem_dado,0.05,tiktok_seller_center,0,0,0,0,,,0.0,0.0,0,0.0,0,1,0.0,1,2026-01,2026-01
JAQUEOLLIVEEIRA,2026-03,2026-03-01,2026-03-31,0.0,0.0,0.0,0.0,0,0.0,0,7,0.0,Ferro,sem_dado,0.05,tiktok_seller_center,0,0,0,0,,,0.0,0.0,0,0.0,0,7,0.0,1,2026-03,2026-03
JAQUEROTHINDICA_,2026-05,2026-05-01,2026-05-23,0.0,0.0,0.0,0.0,0,0.0,4,0,0.0,Ferro,sem_dado,0.05,tiktok_seller_center,1,0,0,0,,0,215.36,215.36,3,0.0,7,10,10.77,3,2026-02,2026-05
JAQUESOUZA077,2026-05,2026-05-01,2026-05-23,0.0,0.0,0.0,0.0,0,0.0,0,17,0.0,Ferro,sem_dado,0.05,tiktok_seller_center,0,0,0,0,,0,0.0,0.0,0,0.0,0,50,0.0,2,2026-04,2026-05
JAQUESTURM,2026-03,2026-03-01,2026-03-31,0.0,0.0,0.0,0.0,0,0.0,3,0,0.0,Ferro,sem_dado,0.05,tiktok_seller_center,0,0,0,0,,,0.0,0.0,0,0.0,3,0,0.0,1,2026-03,2026-03
JAQUE_DELAROSA,2026-02,2026-02-01,2026-02-28,0.0,0.0,0.0,0.0,0,0.0,2,0,0.0,Ferro,sem_dado,0.05,tiktok_seller_center,0,0,0,0,,,0.0,0.0,0,0.0,2,0,0.0,1,2026-02,2026-02
JAQUE_FERNANDES7,2026-05,2026-05-01,2026-05-23,0.0,0.0,0.0,0.0,0,0.0,2,0,0.0,Ferro,sem_dado,0.05,tiktok_seller_center,,0,0,0,,0,0.0,0.0,0,0.0,2,0,0.0,1,2026-05,2026-05
JASLENESANTOS5,2026-01,2026-01-06,2026-01-31,158.74,158.74,0.0,0.0,2,79.37,1,0,15.2,Ferro,sem_dado,0.05,tiktok_seller_center,2,0,1,0,,,158.74,158.74,2,0.0,1,0,7.94,1,2026-01,2026-01
JASMIN235395,2026-05,2026-05-01,2026-05-23,0.0,0.0,0.0,0.0,0,0.0,1,0,0.0,Ferro,sem_dado,0.05,tiktok_seller_center,,0,0,0,,0,0.0,0.0,0,0.0,1,0,0.0,1,2026-05,2026-05
JASMINEBORCHIO,2026-02,2026-02-01,2026-02-28,0.0,0.0,0.0,0.0,0,0.0,0,1,0.0,Ferro,sem_dado,0.05,tiktok_seller_center,0,0,0,0,,,0.0,0.0,0,0.0,0,1,0.0,1,2026-02,2026-02
JAYANEOLIVEIRA32,2026-03,2026-03-01,2026-03-31,0.0,0.0,0.0,0.0,0,0.0,1,0,0.0,Ferro,sem_dado,0.05,tiktok_seller_center,0,0,0,0,,,0.0,0.0,0,0.0,1,0,0.0,1,2026-03,2026-03
JAYFIUZA4,2026-02,2026-02-01,2026-02-28,0.0,0.0,0.0,0.0,0,0.0,1,2,0.0,Ferro,sem_dado,0.05,tiktok_seller_center,0,0,0,0,,,0.0,0.0,0,0.0,1,2,0.0,1,2026-02,2026-02
JCPAIVA_,2026-03,2026-03-01,2026-03-31,0.0,0.0,0.0,0.0,0,0.0,1,0,0.0,Ferro,sem_dado,0.05,tiktok_seller_center,0,0,0,0,,,0.0,0.0,0,0.0,1,0,0.0,1,2026-03,2026-03
JCSHOP056,2026-05,2026-05-01,2026-05-23,0.0,0.0,0.0,0.0,0,0.0,0,1,0.0,Ferro,sem_dado,0.05,tiktok_seller_center,,0,0,0,,0,0.0,0.0,0,0.0,0,1,0.0,1,2026-05,2026-05
JD30154,2026-04,2026-04-01,2026-04-30,0.0,0.0,0.0,0.0,0,0.0,0,2,0.0,Ferro,sem_dado,0.05,tiktok_seller_center,0,0,0,0,,,0.0,0.0,0,0.0,0,2,0.0,1,2026-04,2026-04
JD_TOP_SHOP,2026-05,2026-05-01,2026-05-23,0.0,-78.04,78.04,0.0,0,0.0,0,0,0.0,Ferro,sem_dado,0.05,tiktok_seller_center,6,1,0,0,,0,487.54,409.5,6,78.04,2,7,20.48,3,2026-03,2026-05
JECREATORSHOP,2026-05,2026-05-01,2026-05-23,0.0,0.0,0.0,0.0,0,0.0,1,0,0.0,Ferro,sem_dado,0.05,tiktok_seller_center,1,0,0,0,,0,96.8,96.8,1,0.0,3,6,4.84,2,2026-04,2026-05
JEEHSHOOPE,2026-05,2026-05-01,2026-05-23,0.0,0.0,0.0,0.0,0,0.0,5,11,0.0,Ferro,sem_dado,0.05,tiktok_seller_center,,0,0,0,,0,0.0,0.0,0,0.0,5,11,0.0,1,2026-05,2026-05
JEFINHOSHEIK012,2026-04,2026-04-01,2026-04-30,0.0,0.0,0.0,0.0,0,0.0,0,5,0.0,Ferro,sem_dado,0.05,tiktok_seller_center,0,0,0,0,,,0.0,0.0,0,0.0,0,10,0.0,2,2026-03,2026-04
JEHCHIES,2026-05,2026-05-01,2026-05-23,0.0,0.0,0.0,0.0,0,0.0,1,0,0.0,Ferro,sem_dado,0.05,tiktok_seller_center,,0,0,0,,0,0.0,0.0,0,0.0,1,0,0.0,1,2026-05,2026-05
JEHFEITOZAA,2026-04,2026-04-01,2026-04-30,0.0,0.0,0.0,0.0,0,0.0,0,1,0.0,Ferro,sem_dado,0.05,tiktok_seller_center,0,0,0,0,,,0.0,0.0,0,0.0,0,1,0.0,1,2026-04,2026-04
JEHFIGUEIREDOCREATOR,2026-04,2026-04-01,2026-04-30,155.53,155.53,0.0,0.0,2,77.76,0,0,15.21,Ferro,sem_dado,0.05,tiktok_seller_center,2,0,1,0,,,789.7099999999999,615.41,9,174.3,0,0,30.77,4,2026-01,2026-04
JEHHRECOMENDA,2026-03,2026-03-01,2026-03-31,0.0,0.0,0.0,0.0,0,0.0,2,1,0.0,Ferro,sem_dado,0.05,tiktok_seller_center,0,0,0,0,,,0.0,0.0,0,0.0,2,2,0.0,2,2026-02,2026-03
JEHJUSHOP3,2026-05,2026-05-01,2026-05-23,0.0,0.0,0.0,0.0,0,0.0,0,14,0.0,Ferro,sem_dado,0.05,tiktok_seller_center,,0,0,0,,0,0.0,0.0,0,0.0,0,14,0.0,1,2026-05,2026-05
JEH_ALVESK,2026-05,2026-05-01,2026-05-23,0.0,0.0,0.0,0.0,0,0.0,0,2,0.0,Ferro,sem_dado,0.05,tiktok_seller_center,0,0,0,0,,0,0.0,0.0,0,0.0,0,4,0.0,2,2026-04,2026-05
JEH_MOURAA,2026-03,2026-03-01,2026-03-31,0.0,0.0,0.0,0.0,0,0.0,0,1,0.0,Ferro,sem_dado,0.05,tiktok_seller_center,0,0,0,0,,,0.0,0.0,0,0.0,0,1,0.0,1,2026-03,2026-03
JEH_SHOP3,2026-04,2026-04-01,2026-04-30,0.0,0.0,0.0,0.0,0,0.0,0,23,0.0,Ferro,sem_dado,0.05,tiktok_seller_center,0,0,0,0,,,0.0,0.0,0,0.0,0,34,0.0,2,2026-03,2026-04
JENIFFERPASSOS25,2026-05,2026-05-01,2026-05-23,100.1,20.19999999999999,79.9,79.82,1,100.1,2,29,7.99,Ferro,sem_dado,0.05,tiktok_seller_center,2,1,1,0,,1,417.42,337.52,5,79.9,6,91,16.88,3,2026-03,2026-05
JENIIFERPEREIRA,2026-05,2026-05-01,2026-05-23,0.0,0.0,0.0,0.0,0,0.0,0,7,0.0,Ferro,sem_dado,0.05,tiktok_seller_center,0,0,0,0,,0,0.0,0.0,0,0.0,0,14,0.0,2,2026-04,2026-05
JENNIFERKATHELLYN,2026-05,2026-05-01,2026-05-23,0.0,0.0,0.0,0.0,0,0.0,0,1,0.0,Ferro,sem_dado,0.05,tiktok_seller_center,0,0,0,0,,0,269.58,182.64,3,86.94,2,4,9.14,4,2026-01,2026-05
JENNIFER_STEFANY98,2026-03,2026-03-01,2026-03-31,89.5,89.5,0.0,0.0,1,89.5,3,1,7.91,Ferro,sem_dado,0.05,tiktok_seller_center,1,0,1,0,,,89.5,89.5,1,0.0,3,5,4.48,2,2026-01,2026-03
JERLANDIA.S,2026-04,2026-04-01,2026-04-30,0.0,0.0,0.0,0.0,0,0.0,0,2,0.0,Ferro,sem_dado,0.05,tiktok_seller_center,0,0,0,0,,,0.0,0.0,0,0.0,0,2,0.0,1,2026-04,2026-04
JERUSAKELLE,2026-04,2026-04-01,2026-04-30,0.0,0.0,0.0,0.0,0,0.0,8,8,0.0,Ferro,sem_dado,0.05,tiktok_seller_center,0,0,0,0,,,0.0,0.0,0,0.0,8,10,0.0,2,2026-03,2026-04
JESIALVESCREATOR,2026-05,2026-05-01,2026-05-23,79.99,0.0,79.99,100.0,1,79.99,0,0,6.34,Prata,sem_dado,0.09,tiktok_seller_center,4,1,1,0,,1,19999.059999999998,16237.119999999999,273,3761.94,22,11,1511.64,5,2026-01,2026-05
JESIANEALVESCREATOR,2026-05,2026-05-01,2026-05-23,94.9,94.9,0.0,0.0,1,94.9,0,0,7.91,Ferro,sem_dado,0.05,tiktok_seller_center,1,0,1,0,,1,1244.11,1073.2599999999998,14,170.85,18,0,53.67,5,2026-01,2026-05
JESIEE.LIST,2026-04,2026-04-01,2026-04-30,0.0,0.0,0.0,0.0,0,0.0,5,0,0.0,Ferro,sem_dado,0.05,tiktok_seller_center,0,0,0,0,,,0.0,0.0,0,0.0,5,0,0.0,1,2026-04,2026-04
JESS.JAN22,2026-05,2026-05-01,2026-05-23,99.9,99.9,0.0,0.0,1,99.9,0,0,7.99,Ferro,sem_dado,0.05,tiktok_seller_center,1,0,1,0,,1,808.84,731.34,10,77.5,0,1,36.58,4,2026-01,2026-05
JESS.SHOPCREATOR,2026-05,2026-05-01,2026-05-23,0.0,0.0,0.0,0.0,0,0.0,0,1,0.0,Ferro,sem_dado,0.05,tiktok_seller_center,0,0,0,0,,0,0.0,0.0,0,0.0,0,10,0.0,4,2026-01,2026-05
JESSI.FERRAZZZ,2026-02,2026-02-01,2026-02-28,0.0,0.0,0.0,0.0,0,0.0,1,0,0.0,Ferro,sem_dado,0.05,tiktok_seller_center,0,0,0,0,,,0.0,0.0,0,0.0,1,0,0.0,1,2026-02,2026-02
JESSIANECABRALPSI,2026-03,2026-03-01,2026-03-31,0.0,0.0,0.0,0.0,0,0.0,0,1,0.0,Ferro,sem_dado,0.05,tiktok_seller_center,0,0,0,0,,,0.0,0.0,0,0.0,0,1,0.0,1,2026-03,2026-03
JESSICA.BARREIRO,2026-03,2026-03-01,2026-03-31,0.0,0.0,0.0,0.0,0,0.0,2,0,0.0,Ferro,sem_dado,0.05,tiktok_seller_center,0,0,0,0,,,161.8,161.8,1,0.0,2,0,8.09,2,2026-02,2026-03
JESSICA.RSAVIO,2026-05,2026-05-01,2026-05-23,0.0,0.0,0.0,0.0,0,0.0,0,2,0.0,Ferro,sem_dado,0.05,tiktok_seller_center,,0,0,0,,0,0.0,0.0,0,0.0,0,2,0.0,1,2026-05,2026-05
JESSICA.TIKTOKSHOP6,2026-03,2026-03-01,2026-03-31,0.0,0.0,0.0,0.0,0,0.0,1,0,0.0,Ferro,sem_dado,0.05,tiktok_seller_center,0,0,0,0,,,0.0,0.0,0,0.0,1,0,0.0,1,2026-03,2026-03
JESSICAALVESCREATOR,2026-02,2026-02-01,2026-02-28,0.0,0.0,0.0,0.0,0,0.0,4,0,0.0,Ferro,sem_dado,0.05,tiktok_seller_center,0,0,0,0,,,0.0,0.0,0,0.0,7,0,0.0,2,2026-01,2026-02
JESSICAALVESSILVAAA,2026-02,2026-02-01,2026-02-28,0.0,0.0,0.0,0.0,0,0.0,3,0,0.0,Ferro,sem_dado,0.05,tiktok_seller_center,0,0,0,0,,,0.0,0.0,0,0.0,7,0,0.0,2,2026-01,2026-02
JESSICAB.TIKTOKSHOP,2026-05,2026-05-01,2026-05-23,0.0,0.0,0.0,0.0,0,0.0,0,1,0.0,Ferro,sem_dado,0.05,tiktok_seller_center,0,0,0,0,,0,164.13,164.13,2,0.0,2,29,8.21,5,2026-01,2026-05
JESSICABRASIL.CREATOR,2026-05,2026-05-01,2026-05-23,0.0,0.0,0.0,0.0,0,0.0,0,1,0.0,Ferro,sem_dado,0.05,tiktok_seller_center,0,0,0,0,,0,0.0,0.0,0,0.0,0,5,0.0,3,2026-03,2026-05
JESSICABRUNASEGREDOBARAT,2026-05,2026-05-01,2026-05-23,0.0,0.0,0.0,0.0,0,0.0,0,1,0.0,Ferro,sem_dado,0.05,tiktok_seller_center,,0,0,0,,0,0.0,0.0,0,0.0,0,1,0.0,1,2026-05,2026-05
JESSICADR__,2026-05,2026-05-01,2026-05-23,0.0,0.0,0.0,0.0,0,0.0,0,1,0.0,Ferro,sem_dado,0.05,tiktok_seller_center,,0,0,0,,0,0.0,0.0,0,0.0,0,1,0.0,1,2026-05,2026-05
JESSICAEOCTAVIO,2026-01,2026-01-06,2026-01-31,79.99,79.99,0.0,0.0,1,79.99,0,0,8.0,Ferro,sem_dado,0.05,tiktok_seller_center,1,0,1,0,,,79.99,79.99,1,0.0,0,0,4.0,1,2026-01,2026-01
JESSICAFERREIRA150212,2026-05,2026-05-01,2026-05-23,0.0,0.0,0.0,0.0,0,0.0,0,2,0.0,Ferro,sem_dado,0.05,tiktok_seller_center,0,0,0,0,,0,0.0,0.0,0,0.0,0,4,0.0,2,2026-03,2026-05
JESSICAFRANCACS,2026-02,2026-02-01,2026-02-28,0.0,0.0,0.0,0.0,0,0.0,0,16,0.0,Ferro,sem_dado,0.05,tiktok_seller_center,0,0,0,0,,,0.0,0.0,0,0.0,0,26,0.0,2,2026-01,2026-02
JESSICAGEROMINI,2026-05,2026-05-01,2026-05-23,0.0,0.0,0.0,0.0,0,0.0,0,38,0.0,Ferro,sem_dado,0.05,tiktok_seller_center,0,0,0,0,,0,0.0,0.0,0,0.0,0,60,0.0,2,2026-04,2026-05
JESSICAJJM5,2026-05,2026-05-01,2026-05-23,0.0,0.0,0.0,0.0,0,0.0,1,0,0.0,Ferro,sem_dado,0.05,tiktok_seller_center,,0,0,0,,0,0.0,0.0,0,0.0,1,0,0.0,1,2026-05,2026-05
JESSICAJJURASKI,2026-03,2026-03-01,2026-03-31,0.0,0.0,0.0,0.0,0,0.0,0,1,0.0,Ferro,sem_dado,0.05,tiktok_seller_center,0,0,0,0,,,0.0,0.0,0,0.0,0,4,0.0,2,2026-02,2026-03
JESSICALEANDRA._,2026-05,2026-05-01,2026-05-23,0.0,0.0,0.0,0.0,0,0.0,0,11,0.0,Ferro,sem_dado,0.05,tiktok_seller_center,,0,0,0,,0,0.0,0.0,0,0.0,0,11,0.0,1,2026-05,2026-05
JESSICALIMAINDICA,2026-04,2026-04-01,2026-04-30,0.0,0.0,0.0,0.0,0,0.0,0,10,0.0,Ferro,sem_dado,0.05,tiktok_seller_center,0,0,0,0,,,0.0,0.0,0,0.0,0,24,0.0,3,2026-01,2026-04
JESSICALIMAMELO,2026-04,2026-04-01,2026-04-30,0.0,0.0,0.0,0.0,0,0.0,0,1,0.0,Ferro,sem_dado,0.05,tiktok_seller_center,0,0,0,0,,,0.0,0.0,0,0.0,0,1,0.0,1,2026-04,2026-04
JESSICAMESANT,2026-05,2026-05-01,2026-05-23,1734.25,1734.25,0.0,0.0,16,108.39,8,0,197.42,Prata,sem_dado,0.09,tiktok_seller_center,36,0,2,3,,17,27877.89,23470.590000000004,326,4407.3,12,12,1801.22,5,2026-01,2026-05
JESSICAMMACHADOO,2026-05,2026-05-01,2026-05-23,0.0,0.0,0.0,0.0,0,0.0,0,1,0.0,Ferro,sem_dado,0.05,tiktok_seller_center,,0,0,0,,0,0.0,0.0,0,0.0,0,1,0.0,1,2026-05,2026-05
JESSICAOLIVXX,2026-04,2026-04-01,2026-04-30,0.0,0.0,0.0,0.0,0,0.0,2,0,0.0,Ferro,sem_dado,0.05,tiktok_seller_center,0,0,0,0,,,0.0,0.0,0,0.0,7,1,0.0,2,2026-03,2026-04
JESSICAP.BRAZ,2026-03,2026-03-01,2026-03-31,389.66,389.66,0.0,0.0,5,77.93,5,1,39.55,Ferro,sem_dado,0.05,tiktok_seller_center,5,0,1,0,,,1794.64,1794.64,24,0.0,12,6,89.73,2,2026-02,2026-03
JESSICASANTANASHOP,2026-05,2026-05-01,2026-05-23,0.0,0.0,0.0,0.0,0,0.0,1,0,0.0,Ferro,sem_dado,0.05,tiktok_seller_center,0,0,0,0,,0,0.0,0.0,0,0.0,2,0,0.0,2,2026-04,2026-05
JESSICATANARA1,2026-05,2026-05-01,2026-05-23,174.79,174.79,0.0,0.0,1,174.79,0,68,17.48,Ferro,sem_dado,0.05,tiktok_seller_center,1,0,1,0,,2,344.19,344.19,3,0.0,4,224,17.22,3,2026-03,2026-05
JESSICAUHDRELIMA,2026-02,2026-02-01,2026-02-28,0.0,0.0,0.0,0.0,0,0.0,0,1,0.0,Ferro,sem_dado,0.05,tiktok_seller_center,0,0,0,0,,,0.0,0.0,0,0.0,0,1,0.0,1,2026-02,2026-02
JESSICA_BLG_OFERTAS,2026-02,2026-02-01,2026-02-28,0.0,0.0,0.0,0.0,0,0.0,1,0,0.0,Ferro,sem_dado,0.05,tiktok_seller_center,0,0,0,0,,,0.0,0.0,0,0.0,1,0,0.0,1,2026-02,2026-02
JESSIE.LIST,2026-03,2026-03-01,2026-03-31,0.0,0.0,0.0,0.0,0,0.0,2,1,0.0,Ferro,sem_dado,0.05,tiktok_seller_center,0,0,0,0,,,0.0,0.0,0,0.0,2,1,0.0,1,2026-03,2026-03
JESSIICA.MIG,2026-03,2026-03-01,2026-03-31,0.0,0.0,0.0,0.0,0,0.0,1,0,0.0,Ferro,sem_dado,0.05,tiktok_seller_center,0,0,0,0,,,0.0,0.0,0,0.0,1,0,0.0,1,2026-03,2026-03
JESSIKAARAUJOP,2026-03,2026-03-01,2026-03-31,0.0,0.0,0.0,0.0,0,0.0,1,0,0.0,Ferro,sem_dado,0.05,tiktok_seller_center,0,0,0,0,,,0.0,0.0,0,0.0,1,0,0.0,1,2026-03,2026-03
JESSIMARASOUZA_,2026-02,2026-02-01,2026-02-28,0.0,0.0,0.0,0.0,0,0.0,0,1,0.0,Ferro,sem_dado,0.05,tiktok_seller_center,0,0,0,0,,,0.0,0.0,0,0.0,0,1,0.0,1,2026-02,2026-02
JESSIQUINHA673,2026-05,2026-05-01,2026-05-23,0.0,0.0,0.0,0.0,0,0.0,0,2,0.0,Ferro,sem_dado,0.05,tiktok_seller_center,0,0,0,0,,0,83.1,83.1,1,0.0,1,7,4.16,4,2026-02,2026-05
JESSIQUINHASHOP,2026-01,2026-01-06,2026-01-31,0.0,0.0,0.0,0.0,0,0.0,1,0,0.0,Ferro,sem_dado,0.05,tiktok_seller_center,0,0,0,0,,,0.0,0.0,0,0.0,1,0,0.0,1,2026-01,2026-01
JESSWALDOW_,2026-05,2026-05-01,2026-05-23,0.0,0.0,0.0,0.0,0,0.0,0,21,0.0,Ferro,sem_dado,0.05,tiktok_seller_center,0,0,0,0,,0,0.0,0.0,0,0.0,0,62,0.0,4,2026-02,2026-05
JESSYDAMACEDO,2026-04,2026-04-01,2026-04-30,0.0,0.0,0.0,0.0,0,0.0,0,1,0.0,Ferro,sem_dado,0.05,tiktok_seller_center,0,0,0,0,,,0.0,0.0,0,0.0,0,1,0.0,1,2026-04,2026-04
JESUINA.MA,2026-04,2026-04-01,2026-04-30,0.0,0.0,0.0,0.0,0,0.0,0,1,0.0,Ferro,sem_dado,0.05,tiktok_seller_center,0,0,0,0,,,0.0,0.0,0,0.0,0,5,0.0,3,2026-02,2026-04
JESUS.CRISTO978,2026-05,2026-05-01,2026-05-23,0.0,0.0,0.0,0.0,0,0.0,3,0,0.0,Ferro,sem_dado,0.05,tiktok_seller_center,,0,0,0,,0,0.0,0.0,0,0.0,3,0,0.0,1,2026-05,2026-05
JESUSFALANDOO,2026-01,2026-01-06,2026-01-31,0.0,0.0,0.0,0.0,0,0.0,4,0,0.0,Ferro,sem_dado,0.05,tiktok_seller_center,0,0,0,0,,,0.0,0.0,0,0.0,4,0,0.0,1,2026-01,2026-01
JEVERSONTATI.ARTE,2026-03,2026-03-01,2026-03-31,0.0,0.0,0.0,0.0,0,0.0,0,2,0.0,Ferro,sem_dado,0.05,tiktok_seller_center,0,0,0,0,,,0.0,0.0,0,0.0,0,11,0.0,2,2026-02,2026-03
JEZICARIBEIRO,2026-04,2026-04-01,2026-04-30,0.0,0.0,0.0,0.0,0,0.0,0,1,0.0,Ferro,sem_dado,0.05,tiktok_seller_center,0,0,0,0,,,0.0,0.0,0,0.0,0,1,0.0,1,2026-04,2026-04
JGHEAOZSK1,2026-04,2026-04-01,2026-04-30,0.0,0.0,0.0,0.0,0,0.0,1,0,0.0,Ferro,sem_dado,0.05,tiktok_seller_center,0,0,0,0,,,0.0,0.0,0,0.0,1,0,0.0,1,2026-04,2026-04
JHASMINSHOP1,2026-03,2026-03-01,2026-03-31,0.0,0.0,0.0,0.0,0,0.0,1,0,0.0,Ferro,sem_dado,0.05,tiktok_seller_center,0,0,0,0,,,0.0,0.0,0,0.0,1,0,0.0,1,2026-03,2026-03
JHENNYSHOP.IA,2026-02,2026-02-01,2026-02-28,0.0,0.0,0.0,0.0,0,0.0,6,0,0.0,Ferro,sem_dado,0.05,tiktok_seller_center,0,0,0,0,,,0.0,0.0,0,0.0,6,0,0.0,1,2026-02,2026-02
JHENNYTHH,2026-04,2026-04-01,2026-04-30,109.2,109.2,0.0,0.0,1,109.2,0,0,8.29,Ferro,sem_dado,0.05,tiktok_seller_center,1,0,1,0,,,810.35,810.35,9,0.0,9,0,40.519999999999996,4,2026-01,2026-04
JHESINDICA,2026-05,2026-05-01,2026-05-23,0.0,0.0,0.0,0.0,0,0.0,1,0,0.0,Ferro,sem_dado,0.05,tiktok_seller_center,0,0,0,0,,0,0.0,0.0,0,0.0,1,1,0.0,2,2026-02,2026-05
JHONESSHOP,2026-05,2026-05-01,2026-05-23,0.0,0.0,0.0,0.0,0,0.0,0,3,0.0,Ferro,sem_dado,0.05,tiktok_seller_center,0,0,0,0,,0,0.0,0.0,0,0.0,1,3,0.0,2,2026-01,2026-05
JHOSYSILVAA,2026-05,2026-05-01,2026-05-23,0.0,0.0,0.0,0.0,0,0.0,0,4,0.0,Ferro,sem_dado,0.05,tiktok_seller_center,1,0,0,0,,0,94.9,94.9,1,0.0,2,23,4.75,4,2026-02,2026-05
JHOW.CREATORSHOP,2026-03,2026-03-01,2026-03-31,0.0,0.0,0.0,0.0,0,0.0,0,4,0.0,Ferro,sem_dado,0.05,tiktok_seller_center,0,0,0,0,,,0.0,0.0,0,0.0,0,4,0.0,1,2026-03,2026-03
JHU.ANAVI,2026-05,2026-05-01,2026-05-23,0.0,0.0,0.0,0.0,0,0.0,0,1,0.0,Ferro,sem_dado,0.05,tiktok_seller_center,,0,0,0,,0,0.0,0.0,0,0.0,0,1,0.0,1,2026-05,2026-05
JHUINDICA,2026-02,2026-02-01,2026-02-28,0.0,0.0,0.0,0.0,0,0.0,1,0,0.0,Ferro,sem_dado,0.05,tiktok_seller_center,0,0,0,0,,,0.0,0.0,0,0.0,1,0,0.0,1,2026-02,2026-02
JHULLYSILLVAA05,2026-03,2026-03-01,2026-03-31,0.0,0.0,0.0,0.0,0,0.0,1,0,0.0,Ferro,sem_dado,0.05,tiktok_seller_center,0,0,0,0,,,0.0,0.0,0,0.0,1,0,0.0,1,2026-03,2026-03
JHULYAGABRIELLA.A,2026-05,2026-05-01,2026-05-23,203.5,203.5,0.0,0.0,1,203.5,3,1,16.78,Ferro,sem_dado,0.05,tiktok_seller_center,,0,1,0,,2,203.5,203.5,1,0.0,3,1,10.18,1,2026-05,2026-05
JK.VENDAS5,2026-03,2026-03-01,2026-03-31,0.0,0.0,0.0,0.0,0,0.0,1,0,0.0,Ferro,sem_dado,0.05,tiktok_seller_center,0,0,0,0,,,0.0,0.0,0,0.0,1,0,0.0,1,2026-03,2026-03
JKBFX0,2026-03,2026-03-01,2026-03-31,0.0,0.0,0.0,0.0,0,0.0,1,0,0.0,Ferro,sem_dado,0.05,tiktok_seller_center,0,0,0,0,,,0.0,0.0,0,0.0,1,0,0.0,1,2026-03,2026-03
JKRUBENSLIMA,2026-05,2026-05-01,2026-05-23,0.0,0.0,0.0,0.0,0,0.0,0,1,0.0,Ferro,sem_dado,0.05,tiktok_seller_center,0,0,0,0,,0,0.0,0.0,0,0.0,1,11,0.0,2,2026-04,2026-05
JOAGRO83,2026-03,2026-03-01,2026-03-31,0.0,0.0,0.0,0.0,0,0.0,1,0,0.0,Ferro,sem_dado,0.05,tiktok_seller_center,0,0,0,0,,,0.0,0.0,0,0.0,1,0,0.0,1,2026-03,2026-03
JOALMEIDASHOP,2026-02,2026-02-01,2026-02-28,0.0,0.0,0.0,0.0,0,0.0,0,1,0.0,Ferro,sem_dado,0.05,tiktok_seller_center,0,0,0,0,,,0.0,0.0,0,0.0,0,1,0.0,1,2026-02,2026-02
JOANAA_SIILVA,2026-02,2026-02-01,2026-02-28,320.4,320.4,0.0,0.0,4,80.1,4,0,31.64,Ferro,sem_dado,0.05,tiktok_seller_center,4,0,1,0,,,320.4,320.4,4,0.0,4,0,16.02,1,2026-02,2026-02
JOANAH_TIKTOKSHOP,2026-03,2026-03-01,2026-03-31,0.0,0.0,0.0,0.0,0,0.0,1,0,0.0,Ferro,sem_dado,0.05,tiktok_seller_center,0,0,0,0,,,0.0,0.0,0,0.0,1,0,0.0,1,2026-03,2026-03
JOANAPATRICIAA,2026-04,2026-04-01,2026-04-30,0.0,0.0,0.0,0.0,0,0.0,1,0,0.0,Ferro,sem_dado,0.05,tiktok_seller_center,0,0,0,0,,,0.0,0.0,0,0.0,1,0,0.0,1,2026-04,2026-04
JOANATEREZINHAHABOSKI,2026-05,2026-05-01,2026-05-23,0.0,0.0,0.0,0.0,0,0.0,1,0,0.0,Ferro,sem_dado,0.05,tiktok_seller_center,,0,0,0,,0,0.0,0.0,0,0.0,1,0,0.0,1,2026-05,2026-05
JOAOFERNANDO99908,2026-02,2026-02-01,2026-02-28,0.0,0.0,0.0,0.0,0,0.0,1,0,0.0,Ferro,sem_dado,0.05,tiktok_seller_center,0,0,0,0,,,0.0,0.0,0,0.0,1,0,0.0,1,2026-02,2026-02
JOAOPAULOPENIDOOFI,2026-05,2026-05-01,2026-05-23,0.0,0.0,0.0,0.0,0,0.0,0,1,0.0,Ferro,sem_dado,0.05,tiktok_seller_center,,0,0,0,,0,0.0,0.0,0,0.0,0,1,0.0,1,2026-05,2026-05
JOCARDOSOOFICIAL,2026-03,2026-03-01,2026-03-31,0.0,0.0,0.0,0.0,0,0.0,0,9,0.0,Ferro,sem_dado,0.05,tiktok_seller_center,0,0,0,0,,,0.0,0.0,0,0.0,8,9,0.0,3,2026-01,2026-03
JOCASSIA88,2026-04,2026-04-01,2026-04-30,0.0,0.0,0.0,0.0,0,0.0,0,1,0.0,Ferro,sem_dado,0.05,tiktok_seller_center,0,0,0,0,,,0.0,0.0,0,0.0,0,1,0.0,1,2026-04,2026-04
JOCIMARTINS3,2026-03,2026-03-01,2026-03-31,0.0,0.0,0.0,0.0,0,0.0,0,2,0.0,Ferro,sem_dado,0.05,tiktok_seller_center,0,0,0,0,,,0.0,0.0,0,0.0,0,3,0.0,2,2026-02,2026-03
JOCIRLAMSEVERO,2026-05,2026-05-01,2026-05-23,0.0,0.0,0.0,0.0,0,0.0,0,3,0.0,Ferro,sem_dado,0.05,tiktok_seller_center,0,0,0,0,,0,0.0,0.0,0,0.0,0,5,0.0,2,2026-04,2026-05
JOCIVALDOALMEIDAD1,2026-05,2026-05-01,2026-05-23,0.0,0.0,0.0,0.0,0,0.0,0,1,0.0,Ferro,sem_dado,0.05,tiktok_seller_center,,0,0,0,,0,0.0,0.0,0,0.0,0,1,0.0,1,2026-05,2026-05
JOELIAFERREIRA680,2026-04,2026-04-01,2026-04-30,0.0,0.0,0.0,0.0,0,0.0,0,1,0.0,Ferro,sem_dado,0.05,tiktok_seller_center,0,0,0,0,,,0.0,0.0,0,0.0,0,1,0.0,1,2026-04,2026-04
JOELICE.CRISTINA,2026-03,2026-03-01,2026-03-31,0.0,0.0,0.0,0.0,0,0.0,8,0,0.0,Ferro,sem_dado,0.05,tiktok_seller_center,0,0,0,0,,,0.0,0.0,0,0.0,8,0,0.0,1,2026-03,2026-03
JOELMAARAUJO150,2026-01,2026-01-06,2026-01-31,0.0,0.0,0.0,0.0,0,0.0,1,0,0.0,Ferro,sem_dado,0.05,tiktok_seller_center,0,0,0,0,,,0.0,0.0,0,0.0,1,0,0.0,1,2026-01,2026-01
JOELMALIVE1,2026-04,2026-04-01,2026-04-30,0.0,0.0,0.0,0.0,0,0.0,0,1,0.0,Ferro,sem_dado,0.05,tiktok_seller_center,0,0,0,0,,,0.0,0.0,0,0.0,0,1,0.0,1,2026-04,2026-04
JOELMAOLIVEIRANODIGITAL,2026-05,2026-05-01,2026-05-23,0.0,0.0,0.0,0.0,0,0.0,0,1,0.0,Ferro,sem_dado,0.05,tiktok_seller_center,,0,0,0,,0,0.0,0.0,0,0.0,0,1,0.0,1,2026-05,2026-05
JOHNZAIRAOFICIAL,2026-04,2026-04-01,2026-04-30,0.0,0.0,0.0,0.0,0,0.0,0,4,0.0,Ferro,sem_dado,0.05,tiktok_seller_center,0,0,0,0,,,0.0,0.0,0,0.0,0,4,0.0,1,2026-04,2026-04
JOICE.GOMES403,2026-04,2026-04-01,2026-04-30,0.0,0.0,0.0,0.0,0,0.0,7,0,0.0,Ferro,sem_dado,0.05,tiktok_seller_center,0,0,0,0,,,0.0,0.0,0,0.0,7,0,0.0,1,2026-04,2026-04
JOICEINACIO230970,2026-05,2026-05-01,2026-05-23,0.0,0.0,0.0,0.0,0,0.0,0,1,0.0,Ferro,sem_dado,0.05,tiktok_seller_center,0,0,0,0,,0,0.0,0.0,0,0.0,0,4,0.0,2,2026-04,2026-05
JOICELEITE6,2026-02,2026-02-01,2026-02-28,0.0,0.0,0.0,0.0,0,0.0,0,1,0.0,Ferro,sem_dado,0.05,tiktok_seller_center,0,0,0,0,,,0.0,0.0,0,0.0,0,2,0.0,2,2026-01,2026-02
JOICESHOPCREATOR,2026-01,2026-01-06,2026-01-31,0.0,0.0,0.0,0.0,0,0.0,1,0,0.0,Ferro,sem_dado,0.05,tiktok_seller_center,0,0,0,0,,,0.0,0.0,0,0.0,1,0,0.0,1,2026-01,2026-01
JOICE_ESCOBAR,2026-05,2026-05-01,2026-05-23,0.0,0.0,0.0,0.0,0,0.0,0,1,0.0,Ferro,sem_dado,0.05,tiktok_seller_center,,0,0,0,,0,0.0,0.0,0,0.0,0,1,0.0,1,2026-05,2026-05
JOLI5453,2026-04,2026-04-01,2026-04-30,0.0,0.0,0.0,0.0,0,0.0,0,1,0.0,Ferro,sem_dado,0.05,tiktok_seller_center,0,0,0,0,,,0.0,0.0,0,0.0,0,1,0.0,1,2026-04,2026-04
JONASROCHA740TROPADOJHON,2026-02,2026-02-01,2026-02-28,0.0,0.0,0.0,0.0,0,0.0,0,2,0.0,Ferro,sem_dado,0.05,tiktok_seller_center,0,0,0,0,,,0.0,0.0,0,0.0,0,2,0.0,1,2026-02,2026-02
JONATAN.CRISTIAN78,2026-03,2026-03-01,2026-03-31,0.0,0.0,0.0,0.0,0,0.0,2,0,0.0,Ferro,sem_dado,0.05,tiktok_seller_center,0,0,0,0,,,0.0,0.0,0,0.0,2,0,0.0,1,2026-03,2026-03
JONISASOUZA4,2026-04,2026-04-01,2026-04-30,0.0,0.0,0.0,0.0,0,0.0,6,6,0.0,Ferro,sem_dado,0.05,tiktok_seller_center,0,0,0,0,,,78.8,78.8,1,0.0,7,7,3.94,2,2026-03,2026-04
JORDANADIASS4,2026-03,2026-03-01,2026-03-31,0.0,0.0,0.0,0.0,0,0.0,0,1,0.0,Ferro,sem_dado,0.05,tiktok_seller_center,0,0,0,0,,,0.0,0.0,0,0.0,0,1,0.0,1,2026-03,2026-03
JORDANADPAIVA,2026-03,2026-03-01,2026-03-31,0.0,0.0,0.0,0.0,0,0.0,1,0,0.0,Ferro,sem_dado,0.05,tiktok_seller_center,0,0,0,0,,,0.0,0.0,0,0.0,1,0,0.0,1,2026-03,2026-03
JORDANARAIELES,2026-05,2026-05-01,2026-05-23,0.0,0.0,0.0,0.0,0,0.0,0,1,0.0,Ferro,sem_dado,0.05,tiktok_seller_center,0,0,0,0,,0,0.0,0.0,0,0.0,2,4,0.0,2,2026-04,2026-05
JORGEHREZENDEE,2026-02,2026-02-01,2026-02-28,98.1,98.1,0.0,0.0,1,98.1,0,0,9.49,Ferro,sem_dado,0.05,tiktok_seller_center,1,0,1,0,,,98.1,98.1,1,0.0,0,0,4.91,1,2026-02,2026-02
JOSEANAMATIAS.ADV,2026-03,2026-03-01,2026-03-31,0.0,0.0,0.0,0.0,0,0.0,0,1,0.0,Ferro,sem_dado,0.05,tiktok_seller_center,0,0,0,0,,,0.0,0.0,0,0.0,0,1,0.0,1,2026-03,2026-03
JOSEANE_DICAS,2026-04,2026-04-01,2026-04-30,0.0,0.0,0.0,0.0,0,0.0,0,3,0.0,Ferro,sem_dado,0.05,tiktok_seller_center,0,0,0,0,,,0.0,0.0,0,0.0,1,26,0.0,4,2026-01,2026-04
JOSELIAPLANTINHAS1,2026-03,2026-03-01,2026-03-31,0.0,0.0,0.0,0.0,0,0.0,2,0,0.0,Ferro,sem_dado,0.05,tiktok_seller_center,0,0,0,0,,,98.1,98.1,1,0.0,4,0,4.91,3,2026-01,2026-03
JOSELIA_JS,2026-04,2026-04-01,2026-04-30,0.0,0.0,0.0,0.0,0,0.0,0,3,0.0,Ferro,sem_dado,0.05,tiktok_seller_center,0,0,0,0,,,0.0,0.0,0,0.0,1,3,0.0,2,2026-01,2026-04
JOSEMARIOMSM,2026-02,2026-02-01,2026-02-28,166.08,166.08,0.0,0.0,2,83.04,0,0,15.98,Ferro,sem_dado,0.05,tiktok_seller_center,2,0,1,0,,,166.08,166.08,2,0.0,0,0,8.3,1,2026-02,2026-02
JOSENILDO_BARB,2026-03,2026-03-01,2026-03-31,0.0,0.0,0.0,0.0,0,0.0,1,0,0.0,Ferro,sem_dado,0.05,tiktok_seller_center,0,0,0,0,,,0.0,0.0,0,0.0,1,0,0.0,1,2026-03,2026-03
JOSEWEDSON078,2026-04,2026-04-01,2026-04-30,0.0,0.0,0.0,0.0,0,0.0,0,1,0.0,Ferro,sem_dado,0.05,tiktok_seller_center,0,0,0,0,,,0.0,0.0,0,0.0,0,19,0.0,3,2026-02,2026-04
JOSI.FERREIRA19,2026-02,2026-02-01,2026-02-28,0.0,0.0,0.0,0.0,0,0.0,1,0,0.0,Ferro,sem_dado,0.05,tiktok_seller_center,0,0,0,0,,,0.0,0.0,0,0.0,1,0,0.0,1,2026-02,2026-02
JOSI43023,2026-04,2026-04-01,2026-04-30,0.0,0.0,0.0,0.0,0,0.0,0,1,0.0,Ferro,sem_dado,0.05,tiktok_seller_center,0,0,0,0,,,0.0,0.0,0,0.0,0,1,0.0,1,2026-04,2026-04
JOSIANE.AFONSO23,2026-05,2026-05-01,2026-05-23,0.0,0.0,0.0,0.0,0,0.0,0,1,0.0,Ferro,sem_dado,0.05,tiktok_seller_center,,0,0,0,,0,0.0,0.0,0,0.0,0,1,0.0,1,2026-05,2026-05
JOSIANE.DESCHAMPS,2026-05,2026-05-01,2026-05-23,189.8,15.0,174.8,92.1,2,94.9,0,4,14.38,Ferro,sem_dado,0.05,tiktok_seller_center,1,2,1,0,,2,269.70000000000005,94.9,3,174.8,0,4,4.75,2,2026-04,2026-05
JOSIELEMORAIS25,2026-01,2026-01-06,2026-01-31,0.0,0.0,0.0,0.0,0,0.0,0,8,0.0,Ferro,sem_dado,0.05,tiktok_seller_center,0,0,0,0,,,0.0,0.0,0,0.0,0,8,0.0,1,2026-01,2026-01
JOSIINDICAA,2026-04,2026-04-01,2026-04-30,0.0,0.0,0.0,0.0,0,0.0,2,10,0.0,Ferro,sem_dado,0.05,tiktok_seller_center,0,0,0,0,,,0.0,0.0,0,0.0,2,10,0.0,1,2026-04,2026-04
JOSILENE474,2026-03,2026-03-01,2026-03-31,0.0,0.0,0.0,0.0,0,0.0,0,1,0.0,Ferro,sem_dado,0.05,tiktok_seller_center,0,0,0,0,,,0.0,0.0,0,0.0,0,1,0.0,1,2026-03,2026-03
JOSIMAR.LEONEL4,2026-01,2026-01-06,2026-01-31,0.0,0.0,0.0,0.0,0,0.0,1,0,0.0,Ferro,sem_dado,0.05,tiktok_seller_center,0,0,0,0,,,0.0,0.0,0,0.0,1,0,0.0,1,2026-01,2026-01
JOSIRESENDE_,2026-05,2026-05-01,2026-05-23,78.76,78.76,0.0,0.0,1,78.76,0,0,6.63,Ferro,sem_dado,0.05,tiktok_seller_center,,0,1,0,,1,78.76,78.76,1,0.0,0,0,3.94,1,2026-05,2026-05
JOSYALBAGARCIA,2026-04,2026-04-01,2026-04-30,0.0,0.0,0.0,0.0,0,0.0,4,0,0.0,Ferro,sem_dado,0.05,tiktok_seller_center,0,0,0,0,,,0.0,0.0,0,0.0,7,0,0.0,3,2026-01,2026-04
JOSYCREATOR,2026-03,2026-03-01,2026-03-31,0.0,0.0,0.0,0.0,0,0.0,4,0,0.0,Ferro,sem_dado,0.05,tiktok_seller_center,0,0,0,0,,,0.0,0.0,0,0.0,4,0,0.0,1,2026-03,2026-03
JOSYMARRENTINHA1,2026-01,2026-01-06,2026-01-31,0.0,0.0,0.0,0.0,0,0.0,1,0,0.0,Ferro,sem_dado,0.05,tiktok_seller_center,0,0,0,0,,,0.0,0.0,0,0.0,1,0,0.0,1,2026-01,2026-01
JOSYPESTANASHOP,2026-04,2026-04-01,2026-04-30,77.04,77.04,0.0,0.0,1,77.04,0,0,6.39,Ferro,sem_dado,0.05,tiktok_seller_center,1,0,1,0,,,77.04,77.04,1,0.0,0,0,3.85,1,2026-04,2026-04
JOTAEMEEIOLANDA,2026-04,2026-04-01,2026-04-30,0.0,0.0,0.0,0.0,0,0.0,0,1,0.0,Ferro,sem_dado,0.05,tiktok_seller_center,0,0,0,0,,,0.0,0.0,0,0.0,0,1,0.0,1,2026-04,2026-04
JOTAREZI,2026-03,2026-03-01,2026-03-31,92.05,92.05,0.0,0.0,1,92.05,0,0,9.96,Ferro,sem_dado,0.05,tiktok_seller_center,1,0,1,0,,,92.05,92.05,1,0.0,0,0,4.6,1,2026-03,2026-03
JOTAVARES33,2026-04,2026-04-01,2026-04-30,0.0,0.0,0.0,0.0,0,0.0,0,6,0.0,Ferro,sem_dado,0.05,tiktok_seller_center,0,0,0,0,,,0.0,0.0,0,0.0,0,13,0.0,3,2026-01,2026-04
JOYCAHRECUG,2026-04,2026-04-01,2026-04-30,0.0,0.0,0.0,0.0,0,0.0,12,0,0.0,Ferro,sem_dado,0.05,tiktok_seller_center,0,0,0,0,,,0.0,0.0,0,0.0,12,0,0.0,1,2026-04,2026-04
JOYCE.INDICA1,2026-02,2026-02-01,2026-02-28,0.0,0.0,0.0,0.0,0,0.0,0,8,0.0,Ferro,sem_dado,0.05,tiktok_seller_center,0,0,0,1,,,0.0,0.0,0,0.0,0,8,0.0,1,2026-02,2026-02
JOYCEDWSAMZ,2026-04,2026-04-01,2026-04-30,0.0,0.0,0.0,0.0,0,0.0,0,1,0.0,Ferro,sem_dado,0.05,tiktok_seller_center,0,0,0,0,,,0.0,0.0,0,0.0,0,1,0.0,1,2026-04,2026-04
JOYCEESILVEIRA,2026-01,2026-01-06,2026-01-31,0.0,0.0,0.0,0.0,0,0.0,0,1,0.0,Ferro,sem_dado,0.05,tiktok_seller_center,0,0,0,0,,,0.0,0.0,0,0.0,0,1,0.0,1,2026-01,2026-01
JOYCEKELLY.CARVALHO,2026-02,2026-02-01,2026-02-28,0.0,0.0,0.0,0.0,0,0.0,2,0,0.0,Ferro,sem_dado,0.05,tiktok_seller_center,0,0,0,0,,,0.0,0.0,0,0.0,2,0,0.0,1,2026-02,2026-02
JOYCERAMOSOFICIAL,2026-03,2026-03-01,2026-03-31,0.0,0.0,0.0,0.0,0,0.0,0,1,0.0,Ferro,sem_dado,0.05,tiktok_seller_center,0,0,0,0,,,0.0,0.0,0,0.0,0,1,0.0,1,2026-03,2026-03
JOYSHOPOFICIAL,2026-03,2026-03-01,2026-03-31,0.0,0.0,0.0,0.0,0,0.0,1,0,0.0,Ferro,sem_dado,0.05,tiktok_seller_center,0,0,0,0,,,0.0,0.0,0,0.0,1,0,0.0,1,2026-03,2026-03
JOYYCEDELIMA14,2026-05,2026-05-01,2026-05-23,0.0,0.0,0.0,0.0,0,0.0,0,2,0.0,Ferro,sem_dado,0.05,tiktok_seller_center,,0,0,0,,0,0.0,0.0,0,0.0,0,2,0.0,1,2026-05,2026-05
JPBSHOPP,2026-03,2026-03-01,2026-03-31,0.0,0.0,0.0,0.0,0,0.0,1,0,0.0,Ferro,sem_dado,0.05,tiktok_seller_center,0,0,0,0,,,0.0,0.0,0,0.0,1,0,0.0,1,2026-03,2026-03
JTGT27,2026-04,2026-04-01,2026-04-30,0.0,0.0,0.0,0.0,0,0.0,2,0,0.0,Ferro,sem_dado,0.05,tiktok_seller_center,0,0,0,0,,,0.0,0.0,0,0.0,2,0,0.0,1,2026-04,2026-04
JTNBGZXYH2,2026-04,2026-04-01,2026-04-30,0.0,0.0,0.0,0.0,0,0.0,1,0,0.0,Ferro,sem_dado,0.05,tiktok_seller_center,0,0,0,0,,,0.0,0.0,0,0.0,1,0,0.0,1,2026-04,2026-04
JU.INDICA__,2026-05,2026-05-01,2026-05-23,0.0,0.0,0.0,0.0,0,0.0,4,0,0.0,Ferro,sem_dado,0.05,tiktok_seller_center,,0,0,0,,0,0.0,0.0,0,0.0,4,0,0.0,1,2026-05,2026-05
JU.POLONI,2026-05,2026-05-01,2026-05-23,0.0,0.0,0.0,0.0,0,0.0,3,0,0.0,Ferro,sem_dado,0.05,tiktok_seller_center,0,0,0,0,,0,249.33,166.74,3,82.59,16,36,8.34,5,2026-01,2026-05
JU1501LOPEZ,2026-04,2026-04-01,2026-04-30,0.0,0.0,0.0,0.0,0,0.0,0,1,0.0,Ferro,sem_dado,0.05,tiktok_seller_center,0,0,0,0,,,0.0,0.0,0,0.0,0,1,0.0,1,2026-04,2026-04
JU283004,2026-02,2026-02-01,2026-02-28,0.0,0.0,0.0,0.0,0,0.0,1,0,0.0,Ferro,sem_dado,0.05,tiktok_seller_center,0,0,0,0,,,0.0,0.0,0,0.0,1,0,0.0,1,2026-02,2026-02
JU443660,2026-03,2026-03-01,2026-03-31,0.0,0.0,0.0,0.0,0,0.0,0,5,0.0,Ferro,sem_dado,0.05,tiktok_seller_center,0,0,0,0,,,0.0,0.0,0,0.0,0,5,0.0,1,2026-03,2026-03
JUALVES.MACHADO,2026-03,2026-03-01,2026-03-31,0.0,0.0,0.0,0.0,0,0.0,0,1,0.0,Ferro,sem_dado,0.05,tiktok_seller_center,0,0,0,0,,,0.0,0.0,0,0.0,0,1,0.0,1,2026-03,2026-03
JUCAROLINEL,2026-05,2026-05-01,2026-05-23,0.0,0.0,0.0,0.0,0,0.0,0,1,0.0,Ferro,sem_dado,0.05,tiktok_seller_center,,0,0,0,,0,0.0,0.0,0,0.0,0,1,0.0,1,2026-05,2026-05
JUCELIASILVA1341,2026-02,2026-02-01,2026-02-28,76.9,76.9,0.0,0.0,1,76.9,1,14,7.99,Ferro,sem_dado,0.05,tiktok_seller_center,1,0,1,0,,,76.9,76.9,1,0.0,1,14,3.85,1,2026-02,2026-02
JUCIELIKIZEMA,2026-02,2026-02-01,2026-02-28,0.0,0.0,0.0,0.0,0,0.0,0,1,0.0,Ferro,sem_dado,0.05,tiktok_seller_center,0,0,0,0,,,0.0,0.0,0,0.0,0,1,0.0,1,2026-02,2026-02
JUCIELYSHOP,2026-02,2026-02-01,2026-02-28,0.0,0.0,0.0,0.0,0,0.0,0,4,0.0,Ferro,sem_dado,0.05,tiktok_seller_center,0,0,0,0,,,0.0,0.0,0,0.0,0,6,0.0,2,2026-01,2026-02
JUCIELYSHOPP,2026-01,2026-01-06,2026-01-31,0.0,0.0,0.0,0.0,0,0.0,0,2,0.0,Ferro,sem_dado,0.05,tiktok_seller_center,0,0,0,0,,,0.0,0.0,0,0.0,0,2,0.0,1,2026-01,2026-01
JUCIMARASILVA04,2026-03,2026-03-01,2026-03-31,0.0,0.0,0.0,0.0,0,0.0,2,0,0.0,Ferro,sem_dado,0.05,tiktok_seller_center,0,0,0,0,,,0.0,0.0,0,0.0,2,0,0.0,1,2026-03,2026-03
JUCOELHOMORAES,2026-05,2026-05-01,2026-05-23,0.0,0.0,0.0,0.0,0,0.0,0,1,0.0,Ferro,sem_dado,0.05,tiktok_seller_center,2,0,0,0,,0,159.8,159.8,2,0.0,9,2,7.99,2,2026-04,2026-05
JUDIVAMILIONQUEEN,2026-05,2026-05-01,2026-05-23,0.0,0.0,0.0,0.0,0,0.0,0,1,0.0,Ferro,sem_dado,0.05,tiktok_seller_center,,0,0,0,,0,0.0,0.0,0,0.0,0,1,0.0,1,2026-05,2026-05
JUESTEVAMOFICIAL,2026-02,2026-02-01,2026-02-28,79.9,79.9,0.0,0.0,1,79.9,0,6,7.99,Ferro,sem_dado,0.05,tiktok_seller_center,1,0,1,0,,,79.9,79.9,1,0.0,0,6,4.0,1,2026-02,2026-02
JUGINEZCREATORSHOP,2026-03,2026-03-01,2026-03-31,305.96,163.51999999999998,142.44,46.56,4,76.49,1,0,30.88,Ferro,sem_dado,0.05,tiktok_seller_center,4,2,1,0,,,572.1800000000001,429.74,7,142.44,2,0,21.490000000000002,2,2026-02,2026-03
JUGQUEVEDO,2026-02,2026-02-01,2026-02-28,0.0,0.0,0.0,0.0,0,0.0,3,0,0.0,Ferro,sem_dado,0.05,tiktok_seller_center,0,0,0,0,,,0.0,0.0,0,0.0,3,0,0.0,1,2026-02,2026-02
JUH.FRIBEIRO,2026-05,2026-05-01,2026-05-23,163.0,163.0,0.0,0.0,2,81.5,13,18,13.58,Ferro,sem_dado,0.05,tiktok_seller_center,0,0,1,0,,2,163.0,163.0,2,0.0,22,26,8.15,4,2026-02,2026-05
JUHACHADINHO,2026-01,2026-01-06,2026-01-31,0.0,0.0,0.0,0.0,0,0.0,1,0,0.0,Ferro,sem_dado,0.05,tiktok_seller_center,0,0,0,0,,,0.0,0.0,0,0.0,1,0,0.0,1,2026-01,2026-01
JUHCOSTA3611,2026-01,2026-01-06,2026-01-31,0.0,0.0,0.0,0.0,0,0.0,0,1,0.0,Ferro,sem_dado,0.05,tiktok_seller_center,0,0,0,0,,,0.0,0.0,0,0.0,0,1,0.0,1,2026-01,2026-01
JUINDICA._SHOP,2026-05,2026-05-01,2026-05-23,0.0,0.0,0.0,0.0,0,0.0,13,0,0.0,Ferro,sem_dado,0.05,tiktok_seller_center,,0,0,0,,0,0.0,0.0,0,0.0,13,0,0.0,1,2026-05,2026-05
JUINDICA18,2026-02,2026-02-01,2026-02-28,79.9,79.9,0.0,0.0,1,79.9,1,0,4.0,Ferro,sem_dado,0.05,tiktok_seller_center,1,0,1,0,,,79.9,79.9,1,0.0,1,0,4.0,1,2026-02,2026-02
JUINDICACREATOR,2026-04,2026-04-01,2026-04-30,0.0,0.0,0.0,0.0,0,0.0,1,0,0.0,Ferro,sem_dado,0.05,tiktok_seller_center,0,0,0,0,,,0.0,0.0,0,0.0,1,0,0.0,1,2026-04,2026-04
JUJUAYLASHOP,2026-03,2026-03-01,2026-03-31,0.0,0.0,0.0,0.0,0,0.0,1,0,0.0,Ferro,sem_dado,0.05,tiktok_seller_center,0,0,0,0,,,0.0,0.0,0,0.0,1,0,0.0,1,2026-03,2026-03
JUJUDAUR,2026-03,2026-03-01,2026-03-31,0.0,0.0,0.0,0.0,0,0.0,1,0,0.0,Ferro,sem_dado,0.05,tiktok_seller_center,0,0,0,0,,,0.0,0.0,0,0.0,1,0,0.0,1,2026-03,2026-03
JUJUGUIIMARAES,2026-04,2026-04-01,2026-04-30,0.0,0.0,0.0,0.0,0,0.0,3,0,0.0,Ferro,sem_dado,0.05,tiktok_seller_center,0,0,0,0,,,0.0,0.0,0,0.0,3,0,0.0,1,2026-04,2026-04
JUJUSHOP24,2026-05,2026-05-01,2026-05-23,0.0,0.0,0.0,0.0,0,0.0,2,0,0.0,Ferro,sem_dado,0.05,tiktok_seller_center,,0,0,0,,0,0.0,0.0,0,0.0,2,0,0.0,1,2026-05,2026-05
JUJUVITRINE360,2026-01,2026-01-06,2026-01-31,0.0,0.0,0.0,0.0,0,0.0,1,0,0.0,Ferro,sem_dado,0.05,tiktok_seller_center,0,0,0,0,,,0.0,0.0,0,0.0,1,0,0.0,1,2026-01,2026-01
JULABANCASHOP,2026-05,2026-05-01,2026-05-23,0.0,0.0,0.0,0.0,0,0.0,32,37,0.0,Ferro,sem_dado,0.05,tiktok_seller_center,1,0,0,0,,0,79.9,79.9,1,0.0,34,161,4.0,5,2026-01,2026-05
JULIA.FERRAZ00,2026-02,2026-02-01,2026-02-28,79.9,79.9,0.0,0.0,1,79.9,0,0,7.99,Ferro,sem_dado,0.05,tiktok_seller_center,1,0,1,0,,,79.9,79.9,1,0.0,1,0,4.0,2,2026-01,2026-02
JULIA.RODRIGUES351,2026-04,2026-04-01,2026-04-30,0.0,0.0,0.0,0.0,0,0.0,1,0,0.0,Ferro,sem_dado,0.05,tiktok_seller_center,0,0,0,0,,,0.0,0.0,0,0.0,1,0,0.0,1,2026-04,2026-04
JULIA34_50,2026-04,2026-04-01,2026-04-30,0.0,0.0,0.0,0.0,0,0.0,1,0,0.0,Ferro,sem_dado,0.05,tiktok_seller_center,0,0,0,0,,,0.0,0.0,0,0.0,1,0,0.0,1,2026-04,2026-04
JULIAALCANTARASHOP,2026-04,2026-04-01,2026-04-30,0.0,0.0,0.0,0.0,0,0.0,1,0,0.0,Ferro,sem_dado,0.05,tiktok_seller_center,0,0,0,0,,,0.0,0.0,0,0.0,1,0,0.0,1,2026-04,2026-04
JULIACOUTINHODX,2026-04,2026-04-01,2026-04-30,0.0,0.0,0.0,0.0,0,0.0,0,1,0.0,Ferro,sem_dado,0.05,tiktok_seller_center,0,0,0,0,,,0.0,0.0,0,0.0,0,1,0.0,1,2026-04,2026-04
JULIAD.SHOP.CREATOR,2026-04,2026-04-01,2026-04-30,0.0,0.0,0.0,0.0,0,0.0,0,2,0.0,Ferro,sem_dado,0.05,tiktok_seller_center,0,0,0,0,,,0.0,0.0,0,0.0,0,2,0.0,1,2026-04,2026-04
JULIADAILYIA,2026-05,2026-05-01,2026-05-23,0.0,0.0,0.0,0.0,0,0.0,1,0,0.0,Ferro,sem_dado,0.05,tiktok_seller_center,,0,0,0,,0,0.0,0.0,0,0.0,1,0,0.0,1,2026-05,2026-05
JULIADANTAS20,2026-04,2026-04-01,2026-04-30,0.0,0.0,0.0,0.0,0,0.0,0,3,0.0,Ferro,sem_dado,0.05,tiktok_seller_center,0,0,0,0,,,0.0,0.0,0,0.0,0,5,0.0,2,2026-03,2026-04
JULIAGABRIELAFEITOSA,2026-05,2026-05-01,2026-05-23,0.0,0.0,0.0,0.0,0,0.0,1,0,0.0,Ferro,sem_dado,0.05,tiktok_seller_center,0,0,0,0,,0,0.0,0.0,0,0.0,1,4,0.0,2,2026-04,2026-05
JULIALAIS65,2026-03,2026-03-01,2026-03-31,0.0,0.0,0.0,0.0,0,0.0,1,0,0.0,Ferro,sem_dado,0.05,tiktok_seller_center,0,0,0,0,,,0.0,0.0,0,0.0,1,0,0.0,1,2026-03,2026-03
JULIAMAGALHAESFN,2026-03,2026-03-01,2026-03-31,0.0,0.0,0.0,0.0,0,0.0,1,0,0.0,Ferro,sem_dado,0.05,tiktok_seller_center,0,0,0,0,,,0.0,0.0,0,0.0,1,0,0.0,1,2026-03,2026-03
JULIANA.ALESSIO,2026-05,2026-05-01,2026-05-23,0.0,0.0,0.0,0.0,0,0.0,0,1,0.0,Ferro,sem_dado,0.05,tiktok_seller_center,0,0,0,0,,0,0.0,0.0,0,0.0,0,2,0.0,2,2026-04,2026-05
JULIANA.BUCHMANN,2026-03,2026-03-01,2026-03-31,0.0,0.0,0.0,0.0,0,0.0,0,1,0.0,Ferro,sem_dado,0.05,tiktok_seller_center,0,0,0,0,,,0.0,0.0,0,0.0,0,1,0.0,1,2026-03,2026-03
JULIANABMSHOP,2026-02,2026-02-01,2026-02-28,91.78,91.78,0.0,0.0,1,91.78,6,0,7.99,Ferro,sem_dado,0.05,tiktok_seller_center,1,0,1,0,,,91.78,91.78,1,0.0,6,0,4.59,1,2026-02,2026-02
JULIANACOTTI,2026-03,2026-03-01,2026-03-31,0.0,0.0,0.0,0.0,0,0.0,0,4,0.0,Ferro,sem_dado,0.05,tiktok_seller_center,0,0,0,0,,,0.0,0.0,0,0.0,0,4,0.0,1,2026-03,2026-03
JULIANAGABRIELACREATOR,2026-04,2026-04-01,2026-04-30,0.0,0.0,0.0,0.0,0,0.0,2,0,0.0,Ferro,sem_dado,0.05,tiktok_seller_center,0,0,0,0,,,0.0,0.0,0,0.0,2,0,0.0,1,2026-04,2026-04
JULIANAGOP,2026-04,2026-04-01,2026-04-30,0.0,0.0,0.0,0.0,0,0.0,1,0,0.0,Ferro,sem_dado,0.05,tiktok_seller_center,0,0,0,0,,,151.63,151.63,2,0.0,5,5,7.59,3,2026-02,2026-04
JULIANALAIS26,2026-02,2026-02-01,2026-02-28,0.0,0.0,0.0,0.0,0,0.0,2,0,0.0,Ferro,sem_dado,0.05,tiktok_seller_center,0,0,0,0,,,0.0,0.0,0,0.0,2,0,0.0,1,2026-02,2026-02
JULIANALOMAS7,2026-04,2026-04-01,2026-04-30,0.0,0.0,0.0,0.0,0,0.0,2,0,0.0,Ferro,sem_dado,0.05,tiktok_seller_center,0,0,0,0,,,0.0,0.0,0,0.0,2,0,0.0,1,2026-04,2026-04
JULIANANOLIBOS7,2026-03,2026-03-01,2026-03-31,79.9,79.9,0.0,0.0,1,79.9,2,0,7.99,Ferro,sem_dado,0.05,tiktok_seller_center,1,0,1,0,,,79.9,79.9,1,0.0,2,0,4.0,1,2026-03,2026-03
JULIANARODRIGFICIAL,2026-04,2026-04-01,2026-04-30,0.0,0.0,0.0,0.0,0,0.0,0,2,0.0,Ferro,sem_dado,0.05,tiktok_seller_center,0,0,0,0,,,0.0,0.0,0,0.0,0,2,0.0,1,2026-04,2026-04
JULIANASANTANA128,2026-05,2026-05-01,2026-05-23,0.0,0.0,0.0,0.0,0,0.0,0,1,0.0,Ferro,sem_dado,0.05,tiktok_seller_center,0,0,0,0,,0,0.0,0.0,0,0.0,0,2,0.0,2,2026-04,2026-05
JULIANASOARES0307,2026-04,2026-04-01,2026-04-30,79.9,79.9,0.0,0.0,1,79.9,0,0,7.99,Ferro,sem_dado,0.05,tiktok_seller_center,1,0,1,0,,,79.9,79.9,1,0.0,0,0,4.0,1,2026-04,2026-04
JULIANASOUZACORREIA,2026-04,2026-04-01,2026-04-30,0.0,0.0,0.0,0.0,0,0.0,0,2,0.0,Ferro,sem_dado,0.05,tiktok_seller_center,0,0,0,0,,,0.0,0.0,0,0.0,0,2,0.0,1,2026-04,2026-04
JULIANATENORIO.P,2026-03,2026-03-01,2026-03-31,80.7,80.7,0.0,0.0,1,80.7,5,2,7.91,Ferro,sem_dado,0.05,tiktok_seller_center,1,0,1,0,,,167.89,167.89,2,0.0,17,4,8.4,2,2026-02,2026-03
JULIANA_DAMARES1,2026-05,2026-05-01,2026-05-23,0.0,0.0,0.0,0.0,0,0.0,2,4,0.0,Ferro,sem_dado,0.05,tiktok_seller_center,0,0,0,0,,0,0.0,0.0,0,0.0,2,8,0.0,2,2026-04,2026-05
JULIANE.SANTOS..1,2026-05,2026-05-01,2026-05-23,0.0,0.0,0.0,0.0,0,0.0,0,1,0.0,Ferro,sem_dado,0.05,tiktok_seller_center,,0,0,0,,0,0.0,0.0,0,0.0,0,1,0.0,1,2026-05,2026-05
JULIATIKTOKSHOPP,2026-01,2026-01-06,2026-01-31,0.0,0.0,0.0,0.0,0,0.0,3,0,0.0,Ferro,sem_dado,0.05,tiktok_seller_center,0,0,0,0,,,0.0,0.0,0,0.0,3,0,0.0,1,2026-01,2026-01
JULIATKTK2,2026-05,2026-05-01,2026-05-23,0.0,0.0,0.0,0.0,0,0.0,1,0,0.0,Ferro,sem_dado,0.05,tiktok_seller_center,,0,0,0,,0,0.0,0.0,0,0.0,1,0,0.0,1,2026-05,2026-05
JULIATOKSHOP,2026-03,2026-03-01,2026-03-31,0.0,0.0,0.0,0.0,0,0.0,4,0,0.0,Ferro,sem_dado,0.05,tiktok_seller_center,0,0,0,0,,,0.0,0.0,0,0.0,4,0,0.0,1,2026-03,2026-03
JULIATTO7,2026-05,2026-05-01,2026-05-23,0.0,0.0,0.0,0.0,0,0.0,2,3,0.0,Ferro,sem_dado,0.05,tiktok_seller_center,0,0,0,0,,0,0.0,0.0,0,0.0,2,4,0.0,2,2026-02,2026-05
JULIE.MAIRI,2026-03,2026-03-01,2026-03-31,0.0,0.0,0.0,0.0,0,0.0,0,1,0.0,Ferro,sem_dado,0.05,tiktok_seller_center,0,0,0,0,,,0.0,0.0,0,0.0,0,1,0.0,1,2026-03,2026-03
JULKASSI,2026-02,2026-02-01,2026-02-28,0.0,0.0,0.0,0.0,0,0.0,0,1,0.0,Ferro,sem_dado,0.05,tiktok_seller_center,0,0,0,0,,,0.0,0.0,0,0.0,0,2,0.0,2,2026-01,2026-02
JULLIANATHALIE.BE,2026-05,2026-05-01,2026-05-23,0.0,0.0,0.0,0.0,0,0.0,0,5,0.0,Ferro,sem_dado,0.05,tiktok_seller_center,0,0,0,0,,0,72.79,0.0,1,72.79,0,77,0.0,4,2026-02,2026-05
JULLY.DAYLI,2026-04,2026-04-01,2026-04-30,0.0,0.0,0.0,0.0,0,0.0,2,0,0.0,Ferro,sem_dado,0.05,tiktok_seller_center,0,0,0,0,,,148.56,148.56,2,0.0,8,0,7.43,3,2026-02,2026-04
JULYANEASSIS1,2026-04,2026-04-01,2026-04-30,0.0,0.0,0.0,0.0,0,0.0,0,2,0.0,Ferro,sem_dado,0.05,tiktok_seller_center,0,0,0,0,,,0.0,0.0,0,0.0,0,2,0.0,1,2026-04,2026-04
JULYCREATORSHOP,2026-02,2026-02-01,2026-02-28,0.0,0.0,0.0,0.0,0,0.0,1,0,0.0,Ferro,sem_dado,0.05,tiktok_seller_center,0,0,0,0,,,0.0,0.0,0,0.0,1,0,0.0,1,2026-02,2026-02
JULYPRIIME,2026-03,2026-03-01,2026-03-31,0.0,0.0,0.0,0.0,0,0.0,0,2,0.0,Ferro,sem_dado,0.05,tiktok_seller_center,0,0,0,0,,,0.0,0.0,0,0.0,6,2,0.0,2,2026-01,2026-03
JULYSILVA_IA,2026-04,2026-04-01,2026-04-30,0.0,0.0,0.0,0.0,0,0.0,1,0,0.0,Ferro,sem_dado,0.05,tiktok_seller_center,0,0,0,0,,,0.0,0.0,0,0.0,1,0,0.0,1,2026-04,2026-04
JUNICAROLINA,2026-03,2026-03-01,2026-03-31,0.0,0.0,0.0,0.0,0,0.0,0,1,0.0,Ferro,sem_dado,0.05,tiktok_seller_center,0,0,0,0,,,0.0,0.0,0,0.0,2,1,0.0,2,2026-02,2026-03
JUNIO.P2026,2026-02,2026-02-01,2026-02-28,0.0,0.0,0.0,0.0,0,0.0,1,0,0.0,Ferro,sem_dado,0.05,tiktok_seller_center,0,0,0,0,,,0.0,0.0,0,0.0,1,0,0.0,1,2026-02,2026-02
JUNIORLIMAAS,2026-04,2026-04-01,2026-04-30,108.44,108.44,0.0,0.0,1,108.44,0,0,7.59,Ferro,sem_dado,0.05,tiktok_seller_center,1,0,1,0,,,108.44,108.44,1,0.0,0,0,5.42,1,2026-04,2026-04
JUNIOROFICIALBR,2026-03,2026-03-01,2026-03-31,0.0,0.0,0.0,0.0,0,0.0,1,0,0.0,Ferro,sem_dado,0.05,tiktok_seller_center,0,0,0,0,,,0.0,0.0,0,0.0,1,0,0.0,1,2026-03,2026-03
JUPEREIRAOFICIALL,2026-02,2026-02-01,2026-02-28,0.0,0.0,0.0,0.0,0,0.0,1,0,0.0,Ferro,sem_dado,0.05,tiktok_seller_center,0,0,0,0,,,0.0,0.0,0,0.0,1,0,0.0,1,2026-02,2026-02
JUPUGLIESI83,2026-04,2026-04-01,2026-04-30,0.0,0.0,0.0,0.0,0,0.0,0,1,0.0,Ferro,sem_dado,0.05,tiktok_seller_center,0,0,0,0,,,0.0,0.0,0,0.0,0,1,0.0,1,2026-04,2026-04
JURUPITA84,2026-05,2026-05-01,2026-05-23,0.0,0.0,0.0,0.0,0,0.0,0,1,0.0,Ferro,sem_dado,0.05,tiktok_seller_center,0,0,0,0,,0,0.0,0.0,0,0.0,0,2,0.0,2,2026-04,2026-05
JUSOARESSXX,2026-05,2026-05-01,2026-05-23,0.0,0.0,0.0,0.0,0,0.0,0,4,0.0,Ferro,sem_dado,0.05,tiktok_seller_center,,0,0,0,,0,0.0,0.0,0,0.0,0,4,0.0,1,2026-05,2026-05
JUSSARAGOMESS1104,2026-05,2026-05-01,2026-05-23,0.0,0.0,0.0,0.0,0,0.0,2,0,0.0,Ferro,sem_dado,0.05,tiktok_seller_center,0,0,0,0,,0,0.0,0.0,0,0.0,15,4,0.0,3,2026-03,2026-05
JUU.SILVA001,2026-05,2026-05-01,2026-05-23,0.0,0.0,0.0,0.0,0,0.0,0,1,0.0,Ferro,sem_dado,0.05,tiktok_seller_center,0,0,0,0,,0,0.0,0.0,0,0.0,0,9,0.0,3,2026-03,2026-05
JUUHFERNANDES007,2026-04,2026-04-01,2026-04-30,0.0,0.0,0.0,0.0,0,0.0,0,2,0.0,Ferro,sem_dado,0.05,tiktok_seller_center,0,0,0,0,,,0.0,0.0,0,0.0,0,4,0.0,2,2026-03,2026-04
JUUOM,2026-02,2026-02-01,2026-02-28,0.0,0.0,0.0,0.0,0,0.0,0,1,0.0,Ferro,sem_dado,0.05,tiktok_seller_center,0,0,0,0,,,0.0,0.0,0,0.0,0,8,0.0,2,2026-01,2026-02
JU_PORAI,2026-02,2026-02-01,2026-02-28,0.0,0.0,0.0,0.0,0,0.0,0,3,0.0,Ferro,sem_dado,0.05,tiktok_seller_center,0,0,0,0,,,0.0,0.0,0,0.0,0,3,0.0,1,2026-02,2026-02
JWBR004,2026-04,2026-04-01,2026-04-30,0.0,0.0,0.0,0.0,0,0.0,1,0,0.0,Ferro,sem_dado,0.05,tiktok_seller_center,0,0,0,0,,,0.0,0.0,0,0.0,1,0,0.0,1,2026-04,2026-04
K.S_581,2026-05,2026-05-01,2026-05-23,0.0,0.0,0.0,0.0,0,0.0,0,1,0.0,Ferro,sem_dado,0.05,tiktok_seller_center,0,0,0,0,,0,0.0,0.0,0,0.0,0,142,0.0,4,2026-02,2026-05
KA.STORESHOP,2026-03,2026-03-01,2026-03-31,0.0,0.0,0.0,0.0,0,0.0,0,1,0.0,Ferro,sem_dado,0.05,tiktok_seller_center,0,0,0,0,,,0.0,0.0,0,0.0,0,1,0.0,1,2026-03,2026-03
KAAH.ESTILOFEMININO,2026-02,2026-02-01,2026-02-28,0.0,0.0,0.0,0.0,0,0.0,3,0,0.0,Ferro,sem_dado,0.05,tiktok_seller_center,0,0,0,0,,,0.0,0.0,0,0.0,3,0,0.0,1,2026-02,2026-02
KAAHSHOPPE,2026-02,2026-02-01,2026-02-28,0.0,0.0,0.0,0.0,0,0.0,1,0,0.0,Ferro,sem_dado,0.05,tiktok_seller_center,0,0,0,0,,,0.0,0.0,0,0.0,1,0,0.0,1,2026-02,2026-02
KABORTONE,2026-04,2026-04-01,2026-04-30,0.0,0.0,0.0,0.0,0,0.0,1,1,0.0,Ferro,sem_dado,0.05,tiktok_seller_center,0,0,0,0,,,0.0,0.0,0,0.0,1,1,0.0,1,2026-04,2026-04
KAH.SHOP3,2026-05,2026-05-01,2026-05-23,0.0,0.0,0.0,0.0,0,0.0,0,1,0.0,Ferro,sem_dado,0.05,tiktok_seller_center,0,0,0,0,,0,0.0,0.0,0,0.0,0,8,0.0,2,2026-04,2026-05
KAHROUUL,2026-04,2026-04-01,2026-04-30,0.0,0.0,0.0,0.0,0,0.0,0,2,0.0,Ferro,sem_dado,0.05,tiktok_seller_center,0,0,0,0,,,138.87,138.87,2,0.0,0,41,6.94,4,2026-01,2026-04
KAH_LOOK,2026-03,2026-03-01,2026-03-31,0.0,0.0,0.0,0.0,0,0.0,5,0,0.0,Ferro,sem_dado,0.05,tiktok_seller_center,0,0,0,0,,,0.0,0.0,0,0.0,5,0,0.0,1,2026-03,2026-03
KAKACHIC.SHOP,2026-04,2026-04-01,2026-04-30,77.16,77.16,0.0,0.0,1,77.16,0,8,7.99,Ferro,sem_dado,0.05,tiktok_seller_center,1,0,1,0,,,77.16,77.16,1,0.0,0,16,3.86,3,2026-02,2026-04
KAKAUU881,2026-02,2026-02-01,2026-02-28,0.0,0.0,0.0,0.0,0,0.0,0,3,0.0,Ferro,sem_dado,0.05,tiktok_seller_center,0,0,0,0,,,0.0,0.0,0,0.0,0,3,0.0,1,2026-02,2026-02
KALILARIBEIRO,2026-02,2026-02-01,2026-02-28,0.0,0.0,0.0,0.0,0,0.0,2,0,0.0,Ferro,sem_dado,0.05,tiktok_seller_center,0,0,0,0,,,0.0,0.0,0,0.0,2,0,0.0,1,2026-02,2026-02
KAMARA096,2026-05,2026-05-01,2026-05-23,0.0,0.0,0.0,0.0,0,0.0,0,1,0.0,Ferro,sem_dado,0.05,tiktok_seller_center,0,0,0,0,,0,0.0,0.0,0,0.0,0,3,0.0,2,2026-04,2026-05
KAMILLA.DIAMOND,2026-03,2026-03-01,2026-03-31,0.0,0.0,0.0,0.0,0,0.0,0,1,0.0,Ferro,sem_dado,0.05,tiktok_seller_center,0,0,0,0,,,0.0,0.0,0,0.0,0,1,0.0,1,2026-03,2026-03
KAMILLA_CREATOR,2026-04,2026-04-01,2026-04-30,0.0,0.0,0.0,0.0,0,0.0,2,0,0.0,Ferro,sem_dado,0.05,tiktok_seller_center,0,0,0,0,,,0.0,0.0,0,0.0,2,0,0.0,1,2026-04,2026-04
KAMILLA_SHOPCREATOR,2026-01,2026-01-06,2026-01-31,0.0,0.0,0.0,0.0,0,0.0,0,1,0.0,Ferro,sem_dado,0.05,tiktok_seller_center,0,0,0,0,,,0.0,0.0,0,0.0,0,1,0.0,1,2026-01,2026-01
KAMILLEINGREED,2026-01,2026-01-06,2026-01-31,97.5,97.5,0.0,0.0,1,97.5,0,0,9.96,Ferro,sem_dado,0.05,tiktok_seller_center,1,0,1,0,,,97.5,97.5,1,0.0,0,0,4.88,1,2026-01,2026-01
KAMIMILA1,2026-05,2026-05-01,2026-05-23,0.0,0.0,0.0,0.0,0,0.0,1,0,0.0,Ferro,sem_dado,0.05,tiktok_seller_center,0,0,0,0,,0,0.0,0.0,0,0.0,5,1,0.0,3,2026-02,2026-05
KARA_SHOP26,2026-02,2026-02-01,2026-02-28,0.0,0.0,0.0,0.0,0,0.0,2,0,0.0,Ferro,sem_dado,0.05,tiktok_seller_center,0,0,0,0,,,0.0,0.0,0,0.0,2,0,0.0,1,2026-02,2026-02
KAREMALVES10,2026-05,2026-05-01,2026-05-23,0.0,0.0,0.0,0.0,0,0.0,1,0,0.0,Ferro,sem_dado,0.05,tiktok_seller_center,,0,0,0,,0,0.0,0.0,0,0.0,1,0,0.0,1,2026-05,2026-05
KAREN.REIS093,2026-03,2026-03-01,2026-03-31,0.0,0.0,0.0,0.0,0,0.0,0,1,0.0,Ferro,sem_dado,0.05,tiktok_seller_center,0,0,0,0,,,0.0,0.0,0,0.0,0,1,0.0,1,2026-03,2026-03
KARENANDRADES2,2026-05,2026-05-01,2026-05-23,0.0,0.0,0.0,0.0,0,0.0,0,1,0.0,Ferro,sem_dado,0.05,tiktok_seller_center,,0,0,0,,0,0.0,0.0,0,0.0,0,1,0.0,1,2026-05,2026-05
KARENBIASIDACOSTA,2026-01,2026-01-06,2026-01-31,0.0,0.0,0.0,0.0,0,0.0,1,0,0.0,Ferro,sem_dado,0.05,tiktok_seller_center,0,0,0,0,,,0.0,0.0,0,0.0,1,0,0.0,1,2026-01,2026-01
KARENROSINKE,2026-01,2026-01-06,2026-01-31,0.0,0.0,0.0,0.0,0,0.0,1,0,0.0,Ferro,sem_dado,0.05,tiktok_seller_center,0,0,0,0,,,0.0,0.0,0,0.0,1,0,0.0,1,2026-01,2026-01
KARINABEATRIZP,2026-05,2026-05-01,2026-05-23,0.0,0.0,0.0,0.0,0,0.0,0,2,0.0,Ferro,sem_dado,0.05,tiktok_seller_center,0,0,0,0,,0,0.0,0.0,0,0.0,0,3,0.0,2,2026-04,2026-05
KARINABORBAA,2026-05,2026-05-01,2026-05-23,0.0,0.0,0.0,0.0,0,0.0,0,0,0.0,Ferro,sem_dado,0.05,tiktok_seller_center,,0,0,4,,0,0.0,0.0,0,0.0,0,0,0.0,1,2026-05,2026-05
KARINACREATORSHOP,2026-03,2026-03-01,2026-03-31,0.0,0.0,0.0,0.0,0,0.0,0,2,0.0,Ferro,sem_dado,0.05,tiktok_seller_center,0,0,0,0,,,0.0,0.0,0,0.0,0,9,0.0,2,2026-01,2026-03
KARINALORENZETII,2026-04,2026-04-01,2026-04-30,164.43,164.43,0.0,0.0,2,82.22,0,0,16.58,Ferro,sem_dado,0.05,tiktok_seller_center,2,0,1,0,,,327.43,164.43,4,163.0,13,0,8.22,4,2026-01,2026-04
KARINARAUBACH,2026-05,2026-05-01,2026-05-23,0.0,0.0,0.0,0.0,0,0.0,0,1,0.0,Ferro,sem_dado,0.05,tiktok_seller_center,1,0,0,0,,0,77.5,77.5,1,0.0,0,8,3.88,2,2026-04,2026-05
KARINARSOUSA1,2026-05,2026-05-01,2026-05-23,99.99,99.99,0.0,0.0,1,99.99,0,0,7.92,Ferro,sem_dado,0.05,tiktok_seller_center,2,0,1,0,,1,257.83,257.83,3,0.0,6,0,12.89,2,2026-02,2026-05
KARINASALES16,2026-03,2026-03-01,2026-03-31,0.0,0.0,0.0,0.0,0,0.0,0,1,0.0,Ferro,sem_dado,0.05,tiktok_seller_center,0,0,0,0,,,0.0,0.0,0,0.0,0,1,0.0,1,2026-03,2026-03
KARINASCARAMBONE,2026-04,2026-04-01,2026-04-30,0.0,0.0,0.0,0.0,0,0.0,0,2,0.0,Ferro,sem_dado,0.05,tiktok_seller_center,0,0,0,0,,,0.0,0.0,0,0.0,0,2,0.0,1,2026-04,2026-04
KARINASOUSILVA,2026-03,2026-03-01,2026-03-31,79.9,0.0,79.9,100.0,1,79.9,0,0,7.91,Ferro,sem_dado,0.05,tiktok_seller_center,1,1,1,0,,,79.9,0.0,1,79.9,0,0,0.0,1,2026-03,2026-03
KARINATHAYSS,2026-05,2026-05-01,2026-05-23,0.0,0.0,0.0,0.0,0,0.0,0,3,0.0,Ferro,sem_dado,0.05,tiktok_seller_center,0,0,0,0,,0,0.0,0.0,0,0.0,0,22,0.0,2,2026-04,2026-05
KARINRODRIGUESS,2026-03,2026-03-01,2026-03-31,0.0,0.0,0.0,0.0,0,0.0,0,1,0.0,Ferro,sem_dado,0.05,tiktok_seller_center,0,0,0,0,,,0.0,0.0,0,0.0,0,2,0.0,2,2026-02,2026-03
KARINY063,2026-05,2026-05-01,2026-05-23,0.0,0.0,0.0,0.0,0,0.0,0,1,0.0,Ferro,sem_dado,0.05,tiktok_seller_center,,0,0,0,,0,0.0,0.0,0,0.0,0,1,0.0,1,2026-05,2026-05
KARITAS.DEVILLART,2026-05,2026-05-01,2026-05-23,0.0,0.0,0.0,0.0,0,0.0,2,52,0.0,Ferro,sem_dado,0.05,tiktok_seller_center,2,0,0,0,,0,165.52,83.62,2,81.9,18,90,4.18,2,2026-04,2026-05
KARLA.REIS_OFICIAL,2026-01,2026-01-06,2026-01-31,0.0,0.0,0.0,0.0,0,0.0,0,2,0.0,Ferro,sem_dado,0.05,tiktok_seller_center,0,0,0,0,,,0.0,0.0,0,0.0,0,2,0.0,1,2026-01,2026-01
KARLADALETEINDICA,2026-01,2026-01-06,2026-01-31,0.0,0.0,0.0,0.0,0,0.0,0,1,0.0,Ferro,sem_dado,0.05,tiktok_seller_center,0,0,0,0,,,0.0,0.0,0,0.0,0,1,0.0,1,2026-01,2026-01
KARLINHAFOC,2026-05,2026-05-01,2026-05-23,0.0,0.0,0.0,0.0,0,0.0,0,8,0.0,Ferro,sem_dado,0.05,tiktok_seller_center,,0,0,0,,0,0.0,0.0,0,0.0,0,8,0.0,1,2026-05,2026-05
KAROLACHOU_,2026-03,2026-03-01,2026-03-31,0.0,0.0,0.0,0.0,0,0.0,0,1,0.0,Ferro,sem_dado,0.05,tiktok_seller_center,0,0,0,0,,,0.0,0.0,0,0.0,2,1,0.0,2,2026-02,2026-03
KAROLCASAPRATICA,2026-04,2026-04-01,2026-04-30,77.21,77.21,0.0,0.0,1,77.21,0,0,6.39,Ferro,sem_dado,0.05,tiktok_seller_center,1,0,1,0,,,77.21,77.21,1,0.0,0,0,3.86,1,2026-04,2026-04
KAROLCOMUNICA,2026-02,2026-02-01,2026-02-28,0.0,0.0,0.0,0.0,0,0.0,1,0,0.0,Ferro,sem_dado,0.05,tiktok_seller_center,0,0,0,0,,,0.0,0.0,0,0.0,1,0,0.0,1,2026-02,2026-02
KAROLDIAAS8,2026-05,2026-05-01,2026-05-23,0.0,0.0,0.0,0.0,0,0.0,0,4,0.0,Ferro,sem_dado,0.05,tiktok_seller_center,0,0,0,0,,0,0.0,0.0,0,0.0,0,10,0.0,2,2026-04,2026-05
KAROLLCARVALHO___,2026-04,2026-04-01,2026-04-30,0.0,0.0,0.0,0.0,0,0.0,2,0,0.0,Ferro,sem_dado,0.05,tiktok_seller_center,0,0,0,0,,,0.0,0.0,0,0.0,2,0,0.0,1,2026-04,2026-04
KAROLLYNE_CARVALHO1,2026-03,2026-03-01,2026-03-31,0.0,0.0,0.0,0.0,0,0.0,0,5,0.0,Ferro,sem_dado,0.05,tiktok_seller_center,0,0,0,0,,,0.0,0.0,0,0.0,0,5,0.0,1,2026-03,2026-03
KAROL_BENEDETTI,2026-03,2026-03-01,2026-03-31,0.0,0.0,0.0,0.0,0,0.0,0,1,0.0,Ferro,sem_dado,0.05,tiktok_seller_center,0,0,0,0,,,0.0,0.0,0,0.0,0,1,0.0,1,2026-03,2026-03
KARYNEOTTOOFICIAL,2026-01,2026-01-06,2026-01-31,0.0,0.0,0.0,0.0,0,0.0,2,1,0.0,Ferro,sem_dado,0.05,tiktok_seller_center,0,0,0,0,,,0.0,0.0,0,0.0,2,1,0.0,1,2026-01,2026-01
KASSIANEOLIVEEIRA,2026-03,2026-03-01,2026-03-31,0.0,0.0,0.0,0.0,0,0.0,1,0,0.0,Ferro,sem_dado,0.05,tiktok_seller_center,0,0,0,0,,,0.0,0.0,0,0.0,1,0,0.0,1,2026-03,2026-03
KASSIASILVEIRA1,2026-04,2026-04-01,2026-04-30,0.0,0.0,0.0,0.0,0,0.0,0,1,0.0,Ferro,sem_dado,0.05,tiktok_seller_center,0,0,0,0,,,0.0,0.0,0,0.0,0,1,0.0,1,2026-04,2026-04
KAT.CRISTINA,2026-03,2026-03-01,2026-03-31,0.0,0.0,0.0,0.0,0,0.0,1,0,0.0,Ferro,sem_dado,0.05,tiktok_seller_center,0,0,0,0,,,0.0,0.0,0,0.0,1,0,0.0,1,2026-03,2026-03
KATHERIINERESENDE,2026-05,2026-05-01,2026-05-23,0.0,0.0,0.0,0.0,0,0.0,0,13,0.0,Ferro,sem_dado,0.05,tiktok_seller_center,0,0,0,0,,0,0.0,0.0,0,0.0,4,31,0.0,3,2026-03,2026-05
KATHLEEN.KEKE,2026-05,2026-05-01,2026-05-23,0.0,0.0,0.0,0.0,0,0.0,0,2,0.0,Ferro,sem_dado,0.05,tiktok_seller_center,,0,0,0,,0,0.0,0.0,0,0.0,0,2,0.0,1,2026-05,2026-05
KATHYINDICA,2026-05,2026-05-01,2026-05-23,0.0,0.0,0.0,0.0,0,0.0,0,3,0.0,Ferro,sem_dado,0.05,tiktok_seller_center,,0,0,0,,0,0.0,0.0,0,0.0,0,3,0.0,1,2026-05,2026-05
KATIA.JANESHOP,2026-05,2026-05-01,2026-05-23,0.0,0.0,0.0,0.0,0,0.0,0,3,0.0,Ferro,sem_dado,0.05,tiktok_seller_center,,0,0,0,,0,0.0,0.0,0,0.0,0,3,0.0,1,2026-05,2026-05
KATIA.TORRES6292,2026-05,2026-05-01,2026-05-23,0.0,0.0,0.0,0.0,0,0.0,2,3,0.0,Ferro,sem_dado,0.05,tiktok_seller_center,0,0,0,0,,0,0.0,0.0,0,0.0,2,4,0.0,2,2026-04,2026-05
KATIANE.ALEX,2026-03,2026-03-01,2026-03-31,0.0,0.0,0.0,0.0,0,0.0,0,2,0.0,Ferro,sem_dado,0.05,tiktok_seller_center,0,0,0,0,,,0.0,0.0,0,0.0,0,4,0.0,2,2026-02,2026-03
KATIANEUGCREATOR,2026-03,2026-03-01,2026-03-31,0.0,0.0,0.0,0.0,0,0.0,0,1,0.0,Ferro,sem_dado,0.05,tiktok_seller_center,0,0,0,0,,,0.0,0.0,0,0.0,0,1,0.0,1,2026-03,2026-03
KATIAREZENDEMONTEIRO,2026-02,2026-02-01,2026-02-28,0.0,0.0,0.0,0.0,0,0.0,2,1,0.0,Ferro,sem_dado,0.05,tiktok_seller_center,0,0,0,0,,,0.0,0.0,0,0.0,2,3,0.0,2,2026-01,2026-02
KATITABEAUTY_,2026-05,2026-05-01,2026-05-23,0.0,0.0,0.0,0.0,0,0.0,0,1,0.0,Ferro,sem_dado,0.05,tiktok_seller_center,,0,0,0,,0,0.0,0.0,0,0.0,0,1,0.0,1,2026-05,2026-05
KATIUSELORRAINE,2026-05,2026-05-01,2026-05-23,0.0,0.0,0.0,0.0,0,0.0,14,1,0.0,Ferro,sem_dado,0.05,tiktok_seller_center,1,0,0,0,,0,74.88,74.88,1,0.0,21,3,3.74,2,2026-04,2026-05
KATSILVA5,2026-03,2026-03-01,2026-03-31,0.0,0.0,0.0,0.0,0,0.0,1,0,0.0,Ferro,sem_dado,0.05,tiktok_seller_center,0,0,0,0,,,0.0,0.0,0,0.0,1,0,0.0,1,2026-03,2026-03
KATYINDICA,2026-03,2026-03-01,2026-03-31,0.0,0.0,0.0,0.0,0,0.0,0,4,0.0,Ferro,sem_dado,0.05,tiktok_seller_center,0,0,0,0,,,0.0,0.0,0,0.0,0,4,0.0,1,2026-03,2026-03
KA_PIRES91,2026-03,2026-03-01,2026-03-31,0.0,0.0,0.0,0.0,0,0.0,1,0,0.0,Ferro,sem_dado,0.05,tiktok_seller_center,0,0,0,0,,,0.0,0.0,0,0.0,1,0,0.0,1,2026-03,2026-03
KCOMKARINA,2026-05,2026-05-01,2026-05-23,0.0,0.0,0.0,0.0,0,0.0,0,4,0.0,Bronze,sem_dado,0.07,tiktok_seller_center,0,0,0,0,,0,4112.79,2715.91,51,1396.88,24,39,184.91,4,2026-02,2026-05
KDMEUSACHADINHOS,2026-03,2026-03-01,2026-03-31,0.0,0.0,0.0,0.0,0,0.0,2,0,0.0,Ferro,sem_dado,0.05,tiktok_seller_center,0,0,0,0,,,0.0,0.0,0,0.0,2,0,0.0,1,2026-03,2026-03
KEDMILASILVA,2026-02,2026-02-01,2026-02-28,0.0,0.0,0.0,0.0,0,0.0,0,5,0.0,Ferro,sem_dado,0.05,tiktok_seller_center,0,0,0,0,,,0.0,0.0,0,0.0,0,5,0.0,1,2026-02,2026-02
KEICYLOPESS,2026-03,2026-03-01,2026-03-31,74.57,74.57,0.0,0.0,1,74.57,0,0,7.99,Ferro,sem_dado,0.05,tiktok_seller_center,1,0,1,0,,,74.57,74.57,1,0.0,0,0,3.73,1,2026-03,2026-03
KEILA.ALMEIDA219,2026-03,2026-03-01,2026-03-31,0.0,0.0,0.0,0.0,0,0.0,0,1,0.0,Ferro,sem_dado,0.05,tiktok_seller_center,0,0,0,0,,,0.0,0.0,0,0.0,0,1,0.0,1,2026-03,2026-03
KEILA.DIAZ62,2026-03,2026-03-01,2026-03-31,0.0,0.0,0.0,0.0,0,0.0,0,2,0.0,Ferro,sem_dado,0.05,tiktok_seller_center,0,0,0,0,,,0.0,0.0,0,0.0,0,2,0.0,1,2026-03,2026-03
KEILACREATOR1,2026-04,2026-04-01,2026-04-30,0.0,0.0,0.0,0.0,0,0.0,0,2,0.0,Ferro,sem_dado,0.05,tiktok_seller_center,0,0,0,0,,,0.0,0.0,0,0.0,0,2,0.0,1,2026-04,2026-04
KEILACREATORSHOP,2026-04,2026-04-01,2026-04-30,0.0,0.0,0.0,0.0,0,0.0,1,0,0.0,Ferro,sem_dado,0.05,tiktok_seller_center,0,0,0,0,,,0.0,0.0,0,0.0,1,0,0.0,1,2026-04,2026-04
KEILAKY2,2026-03,2026-03-01,2026-03-31,0.0,0.0,0.0,0.0,0,0.0,1,0,0.0,Ferro,sem_dado,0.05,tiktok_seller_center,0,0,0,0,,,0.0,0.0,0,0.0,1,0,0.0,1,2026-03,2026-03
KEILLAHIDALGO,2026-01,2026-01-06,2026-01-31,0.0,0.0,0.0,0.0,0,0.0,1,0,0.0,Ferro,sem_dado,0.05,tiktok_seller_center,0,0,0,0,,,0.0,0.0,0,0.0,1,0,0.0,1,2026-01,2026-01
KEILOBSHOP03,2026-05,2026-05-01,2026-05-23,0.0,0.0,0.0,0.0,0,0.0,0,8,0.0,Ferro,sem_dado,0.05,tiktok_seller_center,0,0,0,0,,0,0.0,0.0,0,0.0,0,30,0.0,3,2026-03,2026-05
KELIM1000,2026-03,2026-03-01,2026-03-31,0.0,0.0,0.0,0.0,0,0.0,0,1,0.0,Ferro,sem_dado,0.05,tiktok_seller_center,0,0,0,0,,,0.0,0.0,0,0.0,0,1,0.0,1,2026-03,2026-03
KELINE.GAMA,2026-03,2026-03-01,2026-03-31,0.0,0.0,0.0,0.0,0,0.0,6,0,0.0,Ferro,sem_dado,0.05,tiktok_seller_center,0,0,0,0,,,0.0,0.0,0,0.0,6,0,0.0,1,2026-03,2026-03
KELLENALVES_,2026-02,2026-02-01,2026-02-28,0.0,0.0,0.0,0.0,0,0.0,0,1,0.0,Ferro,sem_dado,0.05,tiktok_seller_center,0,0,0,0,,,0.0,0.0,0,0.0,0,1,0.0,1,2026-02,2026-02
KELLINHAAVELAR,2026-03,2026-03-01,2026-03-31,0.0,0.0,0.0,0.0,0,0.0,1,0,0.0,Ferro,sem_dado,0.05,tiktok_seller_center,0,0,0,0,,,0.0,0.0,0,0.0,1,0,0.0,1,2026-03,2026-03
KELLY._.BRITO,2026-05,2026-05-01,2026-05-23,0.0,0.0,0.0,0.0,0,0.0,0,4,0.0,Ferro,sem_dado,0.05,tiktok_seller_center,0,0,0,0,,0,0.0,0.0,0,0.0,0,5,0.0,2,2026-04,2026-05
KELLYADRIANA5,2026-02,2026-02-01,2026-02-28,0.0,0.0,0.0,0.0,0,0.0,0,1,0.0,Ferro,sem_dado,0.05,tiktok_seller_center,0,0,0,0,,,0.0,0.0,0,0.0,0,1,0.0,1,2026-02,2026-02
KELLYAPROVOU,2026-02,2026-02-01,2026-02-28,0.0,0.0,0.0,0.0,0,0.0,0,7,0.0,Ferro,sem_dado,0.05,tiktok_seller_center,0,0,0,0,,,0.0,0.0,0,0.0,0,39,0.0,2,2026-01,2026-02
KELLYCOUTIINHO_,2026-02,2026-02-01,2026-02-28,0.0,0.0,0.0,0.0,0,0.0,1,0,0.0,Ferro,sem_dado,0.05,tiktok_seller_center,0,0,0,0,,,0.0,0.0,0,0.0,1,0,0.0,1,2026-02,2026-02
KELLYCRISTINAIMPERATRIZ,2026-01,2026-01-06,2026-01-31,0.0,0.0,0.0,0.0,0,0.0,0,1,0.0,Ferro,sem_dado,0.05,tiktok_seller_center,0,0,0,0,,,0.0,0.0,0,0.0,0,1,0.0,1,2026-01,2026-01
KELLYDAIANYM,2026-04,2026-04-01,2026-04-30,0.0,0.0,0.0,0.0,0,0.0,0,3,0.0,Ferro,sem_dado,0.05,tiktok_seller_center,0,0,0,0,,,0.0,0.0,0,0.0,0,6,0.0,3,2026-02,2026-04
KELLYGRAZIAGUIAR,2026-04,2026-04-01,2026-04-30,0.0,0.0,0.0,0.0,0,0.0,0,10,0.0,Ferro,sem_dado,0.05,tiktok_seller_center,0,0,0,0,,,0.0,0.0,0,0.0,0,31,0.0,2,2026-03,2026-04
KELLYLAVIECREATOR,2026-04,2026-04-01,2026-04-30,0.0,0.0,0.0,0.0,0,0.0,0,1,0.0,Ferro,sem_dado,0.05,tiktok_seller_center,0,0,0,0,,,0.0,0.0,0,0.0,0,1,0.0,1,2026-04,2026-04
KELLYMELLOSHOP,2026-03,2026-03-01,2026-03-31,0.0,0.0,0.0,0.0,0,0.0,0,1,0.0,Ferro,sem_dado,0.05,tiktok_seller_center,0,0,0,0,,,0.0,0.0,0,0.0,0,4,0.0,3,2026-01,2026-03
KELLYNASCIMENTO0411,2026-04,2026-04-01,2026-04-30,0.0,0.0,0.0,0.0,0,0.0,0,1,0.0,Ferro,sem_dado,0.05,tiktok_seller_center,0,0,0,0,,,0.0,0.0,0,0.0,0,1,0.0,1,2026-04,2026-04
KELLYVIAL,2026-04,2026-04-01,2026-04-30,0.0,0.0,0.0,0.0,0,0.0,5,0,0.0,Ferro,sem_dado,0.05,tiktok_seller_center,0,0,0,0,,,0.0,0.0,0,0.0,5,0,0.0,1,2026-04,2026-04
KELYNASCIMENTO7,2026-05,2026-05-01,2026-05-23,0.0,0.0,0.0,0.0,0,0.0,0,3,0.0,Ferro,sem_dado,0.05,tiktok_seller_center,0,0,0,0,,0,0.0,0.0,0,0.0,0,4,0.0,2,2026-04,2026-05
KEMILLYMILLAN,2026-02,2026-02-01,2026-02-28,0.0,0.0,0.0,0.0,0,0.0,0,1,0.0,Ferro,sem_dado,0.05,tiktok_seller_center,0,0,0,0,,,0.0,0.0,0,0.0,0,1,0.0,1,2026-02,2026-02
KENIAGAME2,2026-05,2026-05-01,2026-05-23,0.0,0.0,0.0,0.0,0,0.0,0,6,0.0,Ferro,sem_dado,0.05,tiktok_seller_center,0,0,0,0,,0,0.0,0.0,0,0.0,31,22,0.0,3,2026-03,2026-05
KESIACOELHO.UGC,2026-03,2026-03-01,2026-03-31,0.0,0.0,0.0,0.0,0,0.0,0,1,0.0,Ferro,sem_dado,0.05,tiktok_seller_center,0,0,0,0,,,0.0,0.0,0,0.0,0,1,0.0,1,2026-03,2026-03
KESSIAARRUDAA,2026-05,2026-05-01,2026-05-23,476.07,279.81,196.26,41.23,5,95.21,0,32,38.78,Ferro,sem_dado,0.05,tiktok_seller_center,,2,1,0,,5,476.07,279.81,5,196.26,0,32,13.99,1,2026-05,2026-05
KETELYNPARAVIDINI,2026-02,2026-02-01,2026-02-28,0.0,0.0,0.0,0.0,0,0.0,0,1,0.0,Ferro,sem_dado,0.05,tiktok_seller_center,0,0,0,0,,,0.0,0.0,0,0.0,0,4,0.0,2,2026-01,2026-02
KETHYLOPES0,2026-01,2026-01-06,2026-01-31,0.0,0.0,0.0,0.0,0,0.0,3,0,0.0,Ferro,sem_dado,0.05,tiktok_seller_center,0,0,0,0,,,0.0,0.0,0,0.0,3,0,0.0,1,2026-01,2026-01
KETILLY.INFLUECIADORA,2026-03,2026-03-01,2026-03-31,0.0,0.0,0.0,0.0,0,0.0,1,0,0.0,Ferro,sem_dado,0.05,tiktok_seller_center,0,0,0,0,,,0.0,0.0,0,0.0,1,0,0.0,1,2026-03,2026-03
KEYCAPELLARI,2026-05,2026-05-01,2026-05-23,0.0,0.0,0.0,0.0,0,0.0,0,1,0.0,Ferro,sem_dado,0.05,tiktok_seller_center,,0,0,0,,0,0.0,0.0,0,0.0,0,1,0.0,1,2026-05,2026-05
KEYLASBRAGA,2026-05,2026-05-01,2026-05-23,219.8,219.8,0.0,0.0,2,109.9,1,0,6.54,Ferro,sem_dado,0.05,tiktok_seller_center,0,0,1,1,,2,219.8,219.8,2,0.0,3,0,10.99,2,2026-04,2026-05
KEYLAZARAM,2026-04,2026-04-01,2026-04-30,0.0,0.0,0.0,0.0,0,0.0,0,1,0.0,Ferro,sem_dado,0.05,tiktok_seller_center,0,0,0,0,,,0.0,0.0,0,0.0,0,1,0.0,1,2026-04,2026-04
KEYOLLIVEIRA,2026-04,2026-04-01,2026-04-30,0.0,0.0,0.0,0.0,0,0.0,0,12,0.0,Ferro,sem_dado,0.05,tiktok_seller_center,0,0,0,0,,,0.0,0.0,0,0.0,0,20,0.0,2,2026-03,2026-04
KHACREATOR,2026-05,2026-05-01,2026-05-23,0.0,0.0,0.0,0.0,0,0.0,0,1,0.0,Ferro,sem_dado,0.05,tiktok_seller_center,0,0,0,0,,0,0.0,0.0,0,0.0,0,2,0.0,2,2026-02,2026-05
KHN28T7,2026-05,2026-05-01,2026-05-23,0.0,0.0,0.0,0.0,0,0.0,1,0,0.0,Ferro,sem_dado,0.05,tiktok_seller_center,0,0,0,0,,0,0.0,0.0,0,0.0,3,0,0.0,2,2026-04,2026-05
KIKAINDICA,2026-05,2026-05-01,2026-05-23,0.0,0.0,0.0,0.0,0,0.0,0,1,0.0,Ferro,sem_dado,0.05,tiktok_seller_center,0,0,0,0,,0,0.0,0.0,0,0.0,0,5,0.0,4,2026-01,2026-05
KIKIDICAS,2026-01,2026-01-06,2026-01-31,72.19,72.19,0.0,0.0,1,72.19,0,0,7.15,Ferro,sem_dado,0.05,tiktok_seller_center,1,0,1,0,,,72.19,72.19,1,0.0,0,0,3.61,1,2026-01,2026-01
KILVIANARDIANE,2026-05,2026-05-01,2026-05-23,0.0,0.0,0.0,0.0,0,0.0,12,0,0.0,Ferro,sem_dado,0.05,tiktok_seller_center,,0,0,0,,0,0.0,0.0,0,0.0,12,0,0.0,1,2026-05,2026-05
KIVIATHIALITA,2026-03,2026-03-01,2026-03-31,0.0,0.0,0.0,0.0,0,0.0,1,0,0.0,Ferro,sem_dado,0.05,tiktok_seller_center,0,0,0,0,,,0.0,0.0,0,0.0,1,0,0.0,1,2026-03,2026-03
KLA28650,2026-04,2026-04-01,2026-04-30,0.0,0.0,0.0,0.0,0,0.0,0,5,0.0,Ferro,sem_dado,0.05,tiktok_seller_center,0,0,0,0,,,0.0,0.0,0,0.0,0,5,0.0,1,2026-04,2026-04
KLEITON834,2026-03,2026-03-01,2026-03-31,0.0,0.0,0.0,0.0,0,0.0,0,1,0.0,Ferro,sem_dado,0.05,tiktok_seller_center,0,0,0,0,,,0.0,0.0,0,0.0,0,1,0.0,1,2026-03,2026-03
KLEOBOTELHO,2026-05,2026-05-01,2026-05-23,0.0,-84.28,84.28,0.0,0,0.0,0,42,0.0,Ferro,sem_dado,0.05,tiktok_seller_center,4,1,0,0,,0,343.57,259.28999999999996,4,84.28,0,114,12.969999999999999,2,2026-04,2026-05
KLONDERO,2026-05,2026-05-01,2026-05-23,0.0,0.0,0.0,0.0,0,0.0,4,3,0.0,Ferro,sem_dado,0.05,tiktok_seller_center,0,0,0,0,,0,0.0,0.0,0,0.0,20,3,0.0,3,2026-03,2026-05
KONUGCCREATOR,2026-04,2026-04-01,2026-04-30,0.0,0.0,0.0,0.0,0,0.0,0,1,0.0,Ferro,sem_dado,0.05,tiktok_seller_center,0,0,0,0,,,0.0,0.0,0,0.0,0,1,0.0,1,2026-04,2026-04
KOSINSKIKATIA0,2026-05,2026-05-01,2026-05-23,0.0,0.0,0.0,0.0,0,0.0,0,22,0.0,Ferro,sem_dado,0.05,tiktok_seller_center,0,0,0,0,,0,0.0,0.0,0,0.0,0,25,0.0,2,2026-04,2026-05
KRISTEN.SHOP.BRASIL,2026-04,2026-04-01,2026-04-30,0.0,0.0,0.0,0.0,0,0.0,1,0,0.0,Ferro,sem_dado,0.05,tiktok_seller_center,0,0,0,0,,,0.0,0.0,0,0.0,2,0,0.0,2,2026-02,2026-04
KVITORIA_2025,2026-03,2026-03-01,2026-03-31,0.0,0.0,0.0,0.0,0,0.0,1,0,0.0,Ferro,sem_dado,0.05,tiktok_seller_center,0,0,0,0,,,0.0,0.0,0,0.0,1,0,0.0,1,2026-03,2026-03
KYLVORA.SHOP,2026-02,2026-02-01,2026-02-28,0.0,0.0,0.0,0.0,0,0.0,1,0,0.0,Ferro,sem_dado,0.05,tiktok_seller_center,0,0,0,0,,,0.0,0.0,0,0.0,1,0,0.0,1,2026-02,2026-02
KYRAOFICIALRIO,2026-02,2026-02-01,2026-02-28,0.0,0.0,0.0,0.0,0,0.0,1,0,0.0,Ferro,sem_dado,0.05,tiktok_seller_center,0,0,0,0,,,0.0,0.0,0,0.0,1,0,0.0,1,2026-02,2026-02
L.IAGPT,2026-01,2026-01-06,2026-01-31,0.0,0.0,0.0,0.0,0,0.0,1,0,0.0,Ferro,sem_dado,0.05,tiktok_seller_center,0,0,0,0,,,0.0,0.0,0,0.0,1,0,0.0,1,2026-01,2026-01
L.M.RODR,2026-05,2026-05-01,2026-05-23,0.0,0.0,0.0,0.0,0,0.0,0,1,0.0,Ferro,sem_dado,0.05,tiktok_seller_center,,0,0,0,,0,0.0,0.0,0,0.0,0,1,0.0,1,2026-05,2026-05
L9Q4UJVQJ2,2026-03,2026-03-01,2026-03-31,0.0,0.0,0.0,0.0,0,0.0,1,0,0.0,Ferro,sem_dado,0.05,tiktok_seller_center,0,0,0,0,,,0.0,0.0,0,0.0,1,0,0.0,1,2026-03,2026-03
LA.FREITAS23,2026-03,2026-03-01,2026-03-31,0.0,0.0,0.0,0.0,0,0.0,0,1,0.0,Ferro,sem_dado,0.05,tiktok_seller_center,0,0,0,0,,,0.0,0.0,0,0.0,0,1,0.0,1,2026-03,2026-03
LACK.ROUPAS,2026-03,2026-03-01,2026-03-31,82.5,82.5,0.0,0.0,1,82.5,1,0,7.99,Ferro,sem_dado,0.05,tiktok_seller_center,1,0,1,0,,,82.5,82.5,1,0.0,1,0,4.12,1,2026-03,2026-03
LADYCABRAL1920,2026-04,2026-04-01,2026-04-30,0.0,0.0,0.0,0.0,0,0.0,3,7,0.0,Ferro,sem_dado,0.05,tiktok_seller_center,0,0,0,0,,,0.0,0.0,0,0.0,4,10,0.0,2,2026-03,2026-04
LADYLIMMA,2026-03,2026-03-01,2026-03-31,0.0,0.0,0.0,0.0,0,0.0,1,0,0.0,Ferro,sem_dado,0.05,tiktok_seller_center,0,0,0,0,,,0.0,0.0,0,0.0,1,0,0.0,1,2026-03,2026-03
LADYQUADROS1,2026-05,2026-05-01,2026-05-23,0.0,0.0,0.0,0.0,0,0.0,3,1,0.0,Ferro,sem_dado,0.05,tiktok_seller_center,,0,0,0,,0,0.0,0.0,0,0.0,3,1,0.0,1,2026-05,2026-05
LADYSHOPP6,2026-02,2026-02-01,2026-02-28,0.0,0.0,0.0,0.0,0,0.0,1,0,0.0,Ferro,sem_dado,0.05,tiktok_seller_center,0,0,0,0,,,0.0,0.0,0,0.0,1,0,0.0,1,2026-02,2026-02
LADY_MUGINGA,2026-04,2026-04-01,2026-04-30,0.0,0.0,0.0,0.0,0,0.0,0,6,0.0,Ferro,sem_dado,0.05,tiktok_seller_center,0,0,0,0,,,0.0,0.0,0,0.0,0,6,0.0,1,2026-04,2026-04
LAELLMAFEITOSA,2026-03,2026-03-01,2026-03-31,0.0,0.0,0.0,0.0,0,0.0,1,0,0.0,Ferro,sem_dado,0.05,tiktok_seller_center,0,0,0,0,,,0.0,0.0,0,0.0,1,0,0.0,1,2026-03,2026-03
LAH_LOURENCO,2026-04,2026-04-01,2026-04-30,0.0,0.0,0.0,0.0,0,0.0,3,0,0.0,Ferro,sem_dado,0.05,tiktok_seller_center,0,0,0,0,,,0.0,0.0,0,0.0,3,0,0.0,1,2026-04,2026-04
LAI.SHOP5,2026-05,2026-05-01,2026-05-23,0.0,0.0,0.0,0.0,0,0.0,0,1,0.0,Ferro,sem_dado,0.05,tiktok_seller_center,0,0,0,0,,0,0.0,0.0,0,0.0,1,1,0.0,2,2026-04,2026-05
LAIANEAPARECIDA_,2026-04,2026-04-01,2026-04-30,98.2,98.2,0.0,0.0,1,98.2,0,0,7.59,Ferro,sem_dado,0.05,tiktok_seller_center,1,0,1,0,,,98.2,98.2,1,0.0,0,0,4.91,1,2026-04,2026-04
LAIANENOVAISSS,2026-05,2026-05-01,2026-05-23,5441.9,4640.11,801.79,14.73,54,100.78,0,0,554.57,Diamante,sem_dado,0.13,tiktok_seller_center,347,10,2,0,,55,88183.31,77129.02,1068,11054.29,12,0,6848.82,5,2026-01,2026-05
LAINEBASSET,2026-03,2026-03-01,2026-03-31,0.0,0.0,0.0,0.0,0,0.0,1,0,0.0,Ferro,sem_dado,0.05,tiktok_seller_center,0,0,0,0,,,0.0,0.0,0,0.0,1,0,0.0,1,2026-03,2026-03
LAINERIBEIRO089,2026-03,2026-03-01,2026-03-31,0.0,0.0,0.0,0.0,0,0.0,0,2,0.0,Ferro,sem_dado,0.05,tiktok_seller_center,0,0,0,0,,,0.0,0.0,0,0.0,0,2,0.0,1,2026-03,2026-03
LAINE_FASHIONSHOP,2026-03,2026-03-01,2026-03-31,0.0,0.0,0.0,0.0,0,0.0,1,0,0.0,Ferro,sem_dado,0.05,tiktok_seller_center,0,0,0,0,,,0.0,0.0,0,0.0,1,0,0.0,1,2026-03,2026-03
LAIS.GABRIELA_0,2026-04,2026-04-01,2026-04-30,0.0,0.0,0.0,0.0,0,0.0,0,2,0.0,Ferro,sem_dado,0.05,tiktok_seller_center,0,0,0,0,,,0.0,0.0,0,0.0,0,6,0.0,2,2026-03,2026-04
LAISA.PEREIRAA,2026-03,2026-03-01,2026-03-31,0.0,0.0,0.0,0.0,0,0.0,0,2,0.0,Ferro,sem_dado,0.05,tiktok_seller_center,0,0,0,0,,,0.0,0.0,0,0.0,0,2,0.0,1,2026-03,2026-03
LAISACREATOR30,2026-03,2026-03-01,2026-03-31,0.0,0.0,0.0,0.0,0,0.0,0,1,0.0,Ferro,sem_dado,0.05,tiktok_seller_center,0,0,0,0,,,0.0,0.0,0,0.0,0,1,0.0,1,2026-03,2026-03
LAISALMEIDA531,2026-04,2026-04-01,2026-04-30,0.0,0.0,0.0,0.0,0,0.0,0,1,0.0,Ferro,sem_dado,0.05,tiktok_seller_center,0,0,0,0,,,159.41,83.95,2,75.46,0,7,4.2,2,2026-03,2026-04
LAISANAVARROGAGO,2026-01,2026-01-06,2026-01-31,139.29,63.19,76.1,54.63,1,139.29,0,0,16.65,Ferro,sem_dado,0.05,tiktok_seller_center,2,1,1,0,,,139.29,63.19,1,76.1,0,0,3.16,1,2026-01,2026-01
LAISEARAUJOCL,2026-02,2026-02-01,2026-02-28,0.0,0.0,0.0,0.0,0,0.0,0,1,0.0,Ferro,sem_dado,0.05,tiktok_seller_center,0,0,0,0,,,0.0,0.0,0,0.0,0,1,0.0,1,2026-02,2026-02
LAISFLORENCA,2026-01,2026-01-06,2026-01-31,0.0,0.0,0.0,0.0,0,0.0,1,0,0.0,Ferro,sem_dado,0.05,tiktok_seller_center,0,0,0,0,,,0.0,0.0,0,0.0,1,0,0.0,1,2026-01,2026-01
LAISGABRIELLEF,2026-01,2026-01-06,2026-01-31,0.0,0.0,0.0,0.0,0,0.0,0,3,0.0,Ferro,sem_dado,0.05,tiktok_seller_center,0,0,0,0,,,0.0,0.0,0,0.0,0,3,0.0,1,2026-01,2026-01
LAISILVERIO,2026-05,2026-05-01,2026-05-23,482.83,482.83,0.0,0.0,4,120.71,2,11,39.95,Ferro,sem_dado,0.05,tiktok_seller_center,,0,1,0,,5,482.83,482.83,4,0.0,2,11,24.14,1,2026-05,2026-05
LAISSOSSAI,2026-03,2026-03-01,2026-03-31,0.0,0.0,0.0,0.0,0,0.0,2,0,0.0,Ferro,sem_dado,0.05,tiktok_seller_center,0,0,0,0,,,0.0,0.0,0,0.0,2,0,0.0,1,2026-03,2026-03
LAISSTEFANYDAILY,2026-04,2026-04-01,2026-04-30,0.0,0.0,0.0,0.0,0,0.0,6,0,0.0,Ferro,sem_dado,0.05,tiktok_seller_center,0,0,0,0,,,0.0,0.0,0,0.0,6,0,0.0,1,2026-04,2026-04
LAIZABORGESF,2026-04,2026-04-01,2026-04-30,68.64,68.64,0.0,0.0,1,68.64,0,0,5.72,Ferro,sem_dado,0.05,tiktok_seller_center,1,0,1,0,,,68.64,68.64,1,0.0,0,0,3.43,1,2026-04,2026-04
LAIZABORGESFERRARI,2026-05,2026-05-01,2026-05-23,0.0,0.0,0.0,0.0,0,0.0,0,11,0.0,Ferro,sem_dado,0.05,tiktok_seller_center,4,0,0,0,,0,687.15,687.15,8,0.0,4,78,34.349999999999994,4,2026-02,2026-05
LAIZDAILY,2026-05,2026-05-01,2026-05-23,115.7,115.7,0.0,0.0,1,115.7,2,0,3.3,Ferro,sem_dado,0.05,tiktok_seller_center,,0,1,0,,1,115.7,115.7,1,0.0,2,0,5.79,1,2026-05,2026-05
LAIZMACANEIRO,2026-05,2026-05-01,2026-05-23,3037.44,2848.4,189.04,6.22,32,94.92,13,0,131.74,Bronze,sem_dado,0.07,tiktok_seller_center,,2,1,0,,32,3037.44,2848.4,32,189.04,13,0,199.39,1,2026-05,2026-05
LAMAISMARISS,2026-04,2026-04-01,2026-04-30,64.63,0.0,64.63,100.0,1,64.63,0,0,7.22,Ferro,sem_dado,0.05,tiktok_seller_center,1,1,1,0,,,64.63,0.0,1,64.63,0,0,0.0,1,2026-04,2026-04
LANA_SHOP26,2026-05,2026-05-01,2026-05-23,93.9,93.9,0.0,0.0,1,93.9,0,0,7.99,Ferro,sem_dado,0.05,tiktok_seller_center,,0,1,0,,1,93.9,93.9,1,0.0,0,0,4.7,1,2026-05,2026-05
LANE.KIHARA,2026-05,2026-05-01,2026-05-23,0.0,0.0,0.0,0.0,0,0.0,0,1,0.0,Ferro,sem_dado,0.05,tiktok_seller_center,,0,0,0,,0,0.0,0.0,0,0.0,0,1,0.0,1,2026-05,2026-05
LANESHOPCREATOR,2026-03,2026-03-01,2026-03-31,76.74,76.74,0.0,0.0,1,76.74,0,0,7.22,Ferro,sem_dado,0.05,tiktok_seller_center,1,0,1,0,,,76.74,76.74,1,0.0,0,0,3.84,1,2026-03,2026-03
LANESOUZA888,2026-04,2026-04-01,2026-04-30,0.0,0.0,0.0,0.0,0,0.0,0,2,0.0,Ferro,sem_dado,0.05,tiktok_seller_center,0,0,0,0,,,0.0,0.0,0,0.0,0,3,0.0,2,2026-03,2026-04
LANNARCH,2026-04,2026-04-01,2026-04-30,0.0,0.0,0.0,0.0,0,0.0,1,0,0.0,Ferro,sem_dado,0.05,tiktok_seller_center,0,0,0,0,,,0.0,0.0,0,0.0,1,0,0.0,1,2026-04,2026-04
LANNYSAN30,2026-05,2026-05-01,2026-05-23,0.0,0.0,0.0,0.0,0,0.0,0,5,0.0,Ferro,sem_dado,0.05,tiktok_seller_center,0,0,0,0,,0,0.0,0.0,0,0.0,1,57,0.0,5,2026-01,2026-05
LAPRETTITA,2026-04,2026-04-01,2026-04-30,0.0,0.0,0.0,0.0,0,0.0,2,0,0.0,Ferro,sem_dado,0.05,tiktok_seller_center,0,0,0,0,,,79.9,79.9,1,0.0,2,22,4.0,4,2026-01,2026-04
LARA.SHOP_1,2026-04,2026-04-01,2026-04-30,0.0,0.0,0.0,0.0,0,0.0,1,0,0.0,Ferro,sem_dado,0.05,tiktok_seller_center,0,0,0,0,,,0.0,0.0,0,0.0,1,0,0.0,1,2026-04,2026-04
LARA.VIBES.OFC,2026-01,2026-01-06,2026-01-31,79.9,79.9,0.0,0.0,1,79.9,10,0,7.99,Ferro,sem_dado,0.05,tiktok_seller_center,1,0,1,0,,,79.9,79.9,1,0.0,10,0,4.0,1,2026-01,2026-01
LARAARAUJO354,2026-02,2026-02-01,2026-02-28,88.08,88.08,0.0,0.0,1,88.08,6,2,7.99,Ferro,sem_dado,0.05,tiktok_seller_center,1,0,1,0,,,88.08,88.08,1,0.0,6,2,4.4,1,2026-02,2026-02
LARAATILIO7,2026-03,2026-03-01,2026-03-31,0.0,0.0,0.0,0.0,0,0.0,0,5,0.0,Ferro,sem_dado,0.05,tiktok_seller_center,0,0,0,0,,,0.0,0.0,0,0.0,0,9,0.0,2,2026-02,2026-03
LARABEATRIZ_159,2026-03,2026-03-01,2026-03-31,0.0,0.0,0.0,0.0,0,0.0,2,0,0.0,Ferro,sem_dado,0.05,tiktok_seller_center,0,0,0,0,,,0.0,0.0,0,0.0,2,0,0.0,1,2026-03,2026-03
LARACRUZBARROSO,2026-05,2026-05-01,2026-05-23,0.0,0.0,0.0,0.0,0,0.0,1,0,0.0,Ferro,sem_dado,0.05,tiktok_seller_center,,0,0,0,,0,0.0,0.0,0,0.0,1,0,0.0,1,2026-05,2026-05
LARAFREITAXS,2026-05,2026-05-01,2026-05-23,0.0,0.0,0.0,0.0,0,0.0,0,4,0.0,Ferro,sem_dado,0.05,tiktok_seller_center,,0,0,0,,0,0.0,0.0,0,0.0,0,4,0.0,1,2026-05,2026-05
LARAGARCIACREATOR,2026-05,2026-05-01,2026-05-23,0.0,0.0,0.0,0.0,0,0.0,1,0,0.0,Ferro,sem_dado,0.05,tiktok_seller_center,,0,0,0,,0,0.0,0.0,0,0.0,1,0,0.0,1,2026-05,2026-05
LARAMARTINELLIDAILY,2026-04,2026-04-01,2026-04-30,0.0,0.0,0.0,0.0,0,0.0,0,2,0.0,Ferro,sem_dado,0.05,tiktok_seller_center,0,0,0,0,,,0.0,0.0,0,0.0,1,3,0.0,3,2026-02,2026-04
LARASHOP33,2026-04,2026-04-01,2026-04-30,0.0,0.0,0.0,0.0,0,0.0,2,0,0.0,Ferro,sem_dado,0.05,tiktok_seller_center,0,0,0,0,,,0.0,0.0,0,0.0,2,0,0.0,1,2026-04,2026-04
LARASHOPFIT,2026-01,2026-01-06,2026-01-31,0.0,0.0,0.0,0.0,0,0.0,1,0,0.0,Ferro,sem_dado,0.05,tiktok_seller_center,0,0,0,0,,,0.0,0.0,0,0.0,1,0,0.0,1,2026-01,2026-01
LARASILVASDSF,2026-05,2026-05-01,2026-05-23,0.0,0.0,0.0,0.0,0,0.0,2,0,0.0,Ferro,sem_dado,0.05,tiktok_seller_center,,0,0,0,,0,0.0,0.0,0,0.0,2,0,0.0,1,2026-05,2026-05
LARAVBMOURA,2026-03,2026-03-01,2026-03-31,0.0,0.0,0.0,0.0,0,0.0,1,0,0.0,Ferro,sem_dado,0.05,tiktok_seller_center,0,0,0,0,,,0.0,0.0,0,0.0,1,0,0.0,1,2026-03,2026-03
LARA_OLIVER_PRODUTOS,2026-05,2026-05-01,2026-05-23,0.0,0.0,0.0,0.0,0,0.0,0,5,0.0,Ferro,sem_dado,0.05,tiktok_seller_center,0,0,0,0,,0,0.0,0.0,0,0.0,0,21,0.0,3,2026-02,2026-05
LARI.FITBEAUTY,2026-05,2026-05-01,2026-05-23,0.0,0.0,0.0,0.0,0,0.0,0,37,0.0,Ferro,sem_dado,0.05,tiktok_seller_center,0,0,0,0,,0,319.76,319.76,4,0.0,0,160,15.990000000000002,5,2026-01,2026-05
LARI.INDICA85,2026-04,2026-04-01,2026-04-30,0.0,0.0,0.0,0.0,0,0.0,0,1,0.0,Ferro,sem_dado,0.05,tiktok_seller_center,0,0,0,0,,,0.0,0.0,0,0.0,0,1,0.0,1,2026-04,2026-04
LARI.QUARESMA,2026-04,2026-04-01,2026-04-30,951.05,951.05,0.0,0.0,11,86.46,0,1,78.34,Bronze,sem_dado,0.07,tiktok_seller_center,12,0,1,0,,,2537.76,2537.76,31,0.0,1,4,126.89,3,2026-02,2026-04
LARI.SHOPP,2026-05,2026-05-01,2026-05-23,0.0,0.0,0.0,0.0,0,0.0,1,0,0.0,Ferro,sem_dado,0.05,tiktok_seller_center,0,0,0,0,,0,0.0,0.0,0,0.0,2,0,0.0,2,2026-03,2026-05
LARIANNY.FERREIRA,2026-05,2026-05-01,2026-05-23,0.0,0.0,0.0,0.0,0,0.0,0,13,0.0,Ferro,sem_dado,0.05,tiktok_seller_center,0,0,0,0,,0,0.0,0.0,0,0.0,0,15,0.0,2,2026-04,2026-05
LARIBARB.CREATOR,2026-05,2026-05-01,2026-05-23,0.0,0.0,0.0,0.0,0,0.0,3,3,0.0,Ferro,sem_dado,0.05,tiktok_seller_center,0,0,0,0,,0,0.0,0.0,0,0.0,10,3,0.0,2,2026-04,2026-05
LARIDESAHPEREIRA,2026-05,2026-05-01,2026-05-23,0.0,0.0,0.0,0.0,0,0.0,0,1,0.0,Ferro,sem_dado,0.05,tiktok_seller_center,0,0,0,0,,0,0.0,0.0,0,0.0,0,3,0.0,2,2026-04,2026-05
LARIFREITAX,2026-04,2026-04-01,2026-04-30,0.0,0.0,0.0,0.0,0,0.0,0,2,0.0,Ferro,sem_dado,0.05,tiktok_seller_center,0,0,0,0,,,0.0,-69.32,0,69.32,1,6,-3.47,3,2026-01,2026-04
LARIIGNACIOCREATOR,2026-03,2026-03-01,2026-03-31,0.0,0.0,0.0,0.0,0,0.0,0,5,0.0,Ferro,sem_dado,0.05,tiktok_seller_center,0,0,0,0,,,0.0,0.0,0,0.0,0,5,0.0,1,2026-03,2026-03
LARIIIWOLFF,2026-04,2026-04-01,2026-04-30,0.0,0.0,0.0,0.0,0,0.0,0,2,0.0,Ferro,sem_dado,0.05,tiktok_seller_center,0,0,0,0,,,0.0,0.0,0,0.0,0,2,0.0,1,2026-04,2026-04
LARIISSAPL,2026-04,2026-04-01,2026-04-30,0.0,0.0,0.0,0.0,0,0.0,0,1,0.0,Ferro,sem_dado,0.05,tiktok_seller_center,0,0,0,0,,,0.0,0.0,0,0.0,0,1,0.0,1,2026-04,2026-04
LARILEALL5,2026-05,2026-05-01,2026-05-23,0.0,0.0,0.0,0.0,0,0.0,0,1,0.0,Ferro,sem_dado,0.05,tiktok_seller_center,0,0,0,0,,0,0.0,0.0,0,0.0,4,1,0.0,3,2026-01,2026-05
LARIMCRUZZ,2026-02,2026-02-01,2026-02-28,0.0,0.0,0.0,0.0,0,0.0,2,0,0.0,Ferro,sem_dado,0.05,tiktok_seller_center,0,0,0,0,,,0.0,0.0,0,0.0,2,0,0.0,1,2026-02,2026-02
LARISHOP.COMTIKTOK,2026-01,2026-01-06,2026-01-31,0.0,0.0,0.0,0.0,0,0.0,0,2,0.0,Ferro,sem_dado,0.05,tiktok_seller_center,0,0,0,0,,,0.0,0.0,0,0.0,0,2,0.0,1,2026-01,2026-01
LARISSA.SUTTI,2026-04,2026-04-01,2026-04-30,0.0,0.0,0.0,0.0,0,0.0,4,0,0.0,Ferro,sem_dado,0.05,tiktok_seller_center,0,0,0,0,,,0.0,0.0,0,0.0,4,0,0.0,1,2026-04,2026-04
LARISSAAINDICA,2026-03,2026-03-01,2026-03-31,0.0,0.0,0.0,0.0,0,0.0,2,5,0.0,Ferro,sem_dado,0.05,tiktok_seller_center,0,0,0,0,,,0.0,0.0,0,0.0,2,5,0.0,1,2026-03,2026-03
LARISSAASHOP00,2026-05,2026-05-01,2026-05-23,0.0,0.0,0.0,0.0,0,0.0,1,0,0.0,Ferro,sem_dado,0.05,tiktok_seller_center,0,0,0,0,,0,0.0,0.0,0,0.0,2,0,0.0,2,2026-04,2026-05
LARISSAA_FERREIIRA,2026-05,2026-05-01,2026-05-23,0.0,0.0,0.0,0.0,0,0.0,0,1,0.0,Ferro,sem_dado,0.05,tiktok_seller_center,0,0,0,0,,0,0.0,0.0,0,0.0,0,4,0.0,2,2026-04,2026-05
LARISSABUTARELLI,2026-04,2026-04-01,2026-04-30,0.0,0.0,0.0,0.0,0,0.0,0,2,0.0,Ferro,sem_dado,0.05,tiktok_seller_center,0,0,0,0,,,0.0,0.0,0,0.0,0,2,0.0,1,2026-04,2026-04
LARISSAGUIMARAES121,2026-03,2026-03-01,2026-03-31,0.0,0.0,0.0,0.0,0,0.0,1,0,0.0,Ferro,sem_dado,0.05,tiktok_seller_center,0,0,0,0,,,0.0,0.0,0,0.0,1,0,0.0,1,2026-03,2026-03
LARISSAINDICAA,2026-04,2026-04-01,2026-04-30,0.0,0.0,0.0,0.0,0,0.0,4,0,0.0,Ferro,sem_dado,0.05,tiktok_seller_center,0,0,0,0,,,0.0,0.0,0,0.0,4,0,0.0,1,2026-04,2026-04
LARISSAKUHSLER,2026-05,2026-05-01,2026-05-23,118.6,118.6,0.0,0.0,1,118.6,2,0,8.79,Ferro,sem_dado,0.05,tiktok_seller_center,0,0,1,0,,1,118.6,118.6,1,0.0,3,0,5.93,2,2026-04,2026-05
LARISSAMELLO.INDICA,2026-05,2026-05-01,2026-05-23,82.44,82.44,0.0,0.0,1,82.44,1,26,7.13,Ferro,sem_dado,0.05,tiktok_seller_center,5,0,1,0,,1,568.89,448.81,6,120.08,12,41,22.44,3,2026-03,2026-05
LARISSAMELLO.RECOMENDA,2026-03,2026-03-01,2026-03-31,0.0,0.0,0.0,0.0,0,0.0,1,1,0.0,Ferro,sem_dado,0.05,tiktok_seller_center,0,0,0,0,,,0.0,0.0,0,0.0,1,1,0.0,1,2026-03,2026-03
LARISSAMENDESSBEAUTY,2026-05,2026-05-01,2026-05-23,0.0,0.0,0.0,0.0,0,0.0,0,2,0.0,Ferro,sem_dado,0.05,tiktok_seller_center,0,0,0,0,,0,0.0,0.0,0,0.0,0,3,0.0,2,2026-04,2026-05
LARISSANATALLI,2026-05,2026-05-01,2026-05-23,0.0,0.0,0.0,0.0,0,0.0,4,0,0.0,Ferro,sem_dado,0.05,tiktok_seller_center,,0,0,0,,0,0.0,0.0,0,0.0,4,0,0.0,1,2026-05,2026-05
LARISSAPACHECOINDICA,2026-05,2026-05-01,2026-05-23,111.84,111.84,0.0,0.0,1,111.84,0,0,7.99,Bronze,sem_dado,0.07,tiktok_seller_center,3,0,1,0,,1,3677.99,3372.77,43,305.22,11,0,225.51,4,2026-02,2026-05
LARISSAREALL,2026-03,2026-03-01,2026-03-31,0.0,0.0,0.0,0.0,0,0.0,0,1,0.0,Ferro,sem_dado,0.05,tiktok_seller_center,0,0,0,0,,,0.0,0.0,0,0.0,0,1,0.0,1,2026-03,2026-03
LARISSASHOP8,2026-02,2026-02-01,2026-02-28,0.0,0.0,0.0,0.0,0,0.0,0,1,0.0,Ferro,sem_dado,0.05,tiktok_seller_center,0,0,0,0,,,0.0,0.0,0,0.0,0,4,0.0,2,2026-01,2026-02
LARISSASHOPTIKTOK,2026-02,2026-02-01,2026-02-28,0.0,0.0,0.0,0.0,0,0.0,1,0,0.0,Ferro,sem_dado,0.05,tiktok_seller_center,0,0,0,0,,,0.0,0.0,0,0.0,1,0,0.0,1,2026-02,2026-02
LARISSATIKTOKSHOP,2026-01,2026-01-06,2026-01-31,0.0,0.0,0.0,0.0,0,0.0,1,0,0.0,Ferro,sem_dado,0.05,tiktok_seller_center,0,0,0,0,,,0.0,0.0,0,0.0,1,0,0.0,1,2026-01,2026-01
LARISSA_MMOTA,2026-05,2026-05-01,2026-05-23,0.0,0.0,0.0,0.0,0,0.0,1,0,0.0,Ferro,sem_dado,0.05,tiktok_seller_center,,0,0,0,,0,0.0,0.0,0,0.0,1,0,0.0,1,2026-05,2026-05
LARISSE.TIKTOKSHOP,2026-05,2026-05-01,2026-05-23,312.9,312.9,0.0,0.0,2,156.45,3,7,24.77,Ferro,sem_dado,0.05,tiktok_seller_center,,0,1,0,,3,312.9,312.9,2,0.0,3,7,15.64,1,2026-05,2026-05
LARISSHOPCREATOR,2026-05,2026-05-01,2026-05-23,0.0,0.0,0.0,0.0,0,0.0,7,0,0.0,Ferro,sem_dado,0.05,tiktok_seller_center,2,0,0,0,,0,656.42,656.42,8,0.0,16,0,32.82,4,2026-02,2026-05
LARSCHINZEL,2026-03,2026-03-01,2026-03-31,64.94,64.94,0.0,0.0,1,64.94,1,2,7.22,Ferro,sem_dado,0.05,tiktok_seller_center,1,0,1,0,,,64.94,64.94,1,0.0,1,2,3.25,1,2026-03,2026-03
LARYANTU,2026-04,2026-04-01,2026-04-30,0.0,0.0,0.0,0.0,0,0.0,0,2,0.0,Ferro,sem_dado,0.05,tiktok_seller_center,0,0,0,0,,,0.0,0.0,0,0.0,0,2,0.0,1,2026-04,2026-04
LARYOLIVEIIRA_,2026-05,2026-05-01,2026-05-23,214.06,-204.99,419.05,195.76,3,71.35,0,10,18.17,Bronze,sem_dado,0.07,tiktok_seller_center,58,6,1,0,,3,6463.2300000000005,5347.45,78,1115.78,33,86,345.22,3,2026-03,2026-05
LARYSSAGARCIACREATOR,2026-03,2026-03-01,2026-03-31,0.0,0.0,0.0,0.0,0,0.0,0,1,0.0,Ferro,sem_dado,0.05,tiktok_seller_center,0,0,0,0,,,0.0,0.0,0,0.0,0,1,0.0,1,2026-03,2026-03
LAURA.CAPELIN,2026-03,2026-03-01,2026-03-31,0.0,0.0,0.0,0.0,0,0.0,0,2,0.0,Ferro,sem_dado,0.05,tiktok_seller_center,0,0,0,0,,,91.9,91.9,1,0.0,0,2,4.6,2,2026-02,2026-03
LAURAA.GOMESSS,2026-05,2026-05-01,2026-05-23,0.0,0.0,0.0,0.0,0,0.0,0,13,0.0,Ferro,sem_dado,0.05,tiktok_seller_center,0,0,0,0,,0,0.0,0.0,0,0.0,0,97,0.0,4,2026-02,2026-05
LAURAACARDOSSO,2026-04,2026-04-01,2026-04-30,0.0,0.0,0.0,0.0,0,0.0,1,0,0.0,Ferro,sem_dado,0.05,tiktok_seller_center,0,0,0,0,,,0.0,0.0,0,0.0,1,0,0.0,1,2026-04,2026-04
LAURAANDRADE.OFICIAL,2026-02,2026-02-01,2026-02-28,0.0,0.0,0.0,0.0,0,0.0,1,0,0.0,Ferro,sem_dado,0.05,tiktok_seller_center,0,0,0,0,,,0.0,0.0,0,0.0,1,0,0.0,1,2026-02,2026-02
LAURADANTAS.PROF,2026-02,2026-02-01,2026-02-28,109.5,109.5,0.0,0.0,1,109.5,1,0,9.49,Ferro,sem_dado,0.05,tiktok_seller_center,1,0,1,0,,,109.5,109.5,1,0.0,1,0,5.48,1,2026-02,2026-02
LAURAMARTINS7004,2026-04,2026-04-01,2026-04-30,0.0,0.0,0.0,0.0,0,0.0,1,0,0.0,Ferro,sem_dado,0.05,tiktok_seller_center,0,0,0,0,,,0.0,0.0,0,0.0,1,0,0.0,1,2026-04,2026-04
LAURANICEAIRES,2026-02,2026-02-01,2026-02-28,0.0,0.0,0.0,0.0,0,0.0,0,9,0.0,Ferro,sem_dado,0.05,tiktok_seller_center,0,0,0,0,,,0.0,0.0,0,0.0,0,9,0.0,1,2026-02,2026-02
LAURASHOPBR,2026-03,2026-03-01,2026-03-31,0.0,0.0,0.0,0.0,0,0.0,3,0,0.0,Ferro,sem_dado,0.05,tiktok_seller_center,0,0,0,0,,,0.0,0.0,0,0.0,3,0,0.0,1,2026-03,2026-03
LAURASHOP__,2026-02,2026-02-01,2026-02-28,0.0,0.0,0.0,0.0,0,0.0,1,0,0.0,Ferro,sem_dado,0.05,tiktok_seller_center,0,0,0,0,,,0.0,0.0,0,0.0,1,0,0.0,1,2026-02,2026-02
LAURENSHOP_,2026-05,2026-05-01,2026-05-23,0.0,0.0,0.0,0.0,0,0.0,0,2,0.0,Ferro,sem_dado,0.05,tiktok_seller_center,,0,0,0,,0,0.0,0.0,0,0.0,0,2,0.0,1,2026-05,2026-05
LAURENZOGBI,2026-02,2026-02-01,2026-02-28,82.35,82.35,0.0,0.0,1,82.35,0,0,0.0,Ferro,sem_dado,0.05,tiktok_seller_center,1,0,1,0,,,82.35,82.35,1,0.0,0,0,4.12,1,2026-02,2026-02
LAURE_VIANA,2026-05,2026-05-01,2026-05-23,0.0,0.0,0.0,0.0,0,0.0,1,0,0.0,Ferro,sem_dado,0.05,tiktok_seller_center,0,0,0,0,,0,0.0,0.0,0,0.0,6,2,0.0,3,2026-02,2026-05
LAVANDA.MAKEUPOFC,2026-04,2026-04-01,2026-04-30,0.0,0.0,0.0,0.0,0,0.0,0,1,0.0,Ferro,sem_dado,0.05,tiktok_seller_center,0,0,0,0,,,0.0,0.0,0,0.0,0,1,0.0,1,2026-04,2026-04
LAVINIABARCELOSB,2026-02,2026-02-01,2026-02-28,0.0,0.0,0.0,0.0,0,0.0,0,1,0.0,Ferro,sem_dado,0.05,tiktok_seller_center,0,0,0,0,,,0.0,0.0,0,0.0,0,1,0.0,1,2026-02,2026-02
LAVINIAPCH,2026-05,2026-05-01,2026-05-23,0.0,0.0,0.0,0.0,0,0.0,0,3,0.0,Ferro,sem_dado,0.05,tiktok_seller_center,0,0,0,0,,0,0.0,0.0,0,0.0,0,4,0.0,2,2026-04,2026-05
LAVITRINETIKTOK,2026-04,2026-04-01,2026-04-30,0.0,0.0,0.0,0.0,0,0.0,0,1,0.0,Ferro,sem_dado,0.05,tiktok_seller_center,0,0,0,0,,,0.0,0.0,0,0.0,0,1,0.0,1,2026-04,2026-04
LAY.SHOP.CREATOR,2026-04,2026-04-01,2026-04-30,0.0,0.0,0.0,0.0,0,0.0,0,1,0.0,Ferro,sem_dado,0.05,tiktok_seller_center,0,0,0,0,,,0.0,0.0,0,0.0,0,8,0.0,4,2026-01,2026-04
LAYONSHOPING,2026-03,2026-03-01,2026-03-31,159.98,159.98,0.0,0.0,1,159.98,0,0,16.0,Ferro,sem_dado,0.05,tiktok_seller_center,2,0,1,0,,,159.98,159.98,1,0.0,2,0,8.0,3,2026-01,2026-03
LAYSA.LINS,2026-05,2026-05-01,2026-05-23,0.0,0.0,0.0,0.0,0,0.0,1,0,0.0,Ferro,sem_dado,0.05,tiktok_seller_center,,0,0,0,,0,0.0,0.0,0,0.0,1,0,0.0,1,2026-05,2026-05
LAYSEAGUIAR172,2026-05,2026-05-01,2026-05-23,109.81,109.81,0.0,0.0,1,109.81,6,0,7.99,Ferro,sem_dado,0.05,tiktok_seller_center,0,0,1,0,,1,109.81,109.81,1,0.0,13,2,5.49,2,2026-04,2026-05
LAYSEDEBOSSAN,2026-04,2026-04-01,2026-04-30,118.88,118.88,0.0,0.0,1,118.88,1,2,11.56,Ferro,sem_dado,0.05,tiktok_seller_center,2,0,1,0,,,118.88,118.88,1,0.0,1,2,5.94,1,2026-04,2026-04
LAYS_MACHAD,2026-05,2026-05-01,2026-05-23,0.0,0.0,0.0,0.0,0,0.0,0,1,0.0,Ferro,sem_dado,0.05,tiktok_seller_center,,0,0,0,,0,0.0,0.0,0,0.0,0,1,0.0,1,2026-05,2026-05
LC576217Y0O,2026-05,2026-05-01,2026-05-23,0.0,0.0,0.0,0.0,0,0.0,0,1,0.0,Ferro,sem_dado,0.05,tiktok_seller_center,,0,0,0,,0,0.0,0.0,0,0.0,0,1,0.0,1,2026-05,2026-05
LCARVALHOBEAUTY0,2026-02,2026-02-01,2026-02-28,0.0,0.0,0.0,0.0,0,0.0,1,0,0.0,Ferro,sem_dado,0.05,tiktok_seller_center,0,0,0,0,,,0.0,0.0,0,0.0,1,0,0.0,1,2026-02,2026-02
LDAYNUNES,2026-03,2026-03-01,2026-03-31,0.0,0.0,0.0,0.0,0,0.0,0,7,0.0,Ferro,sem_dado,0.05,tiktok_seller_center,0,0,0,0,,,0.0,0.0,0,0.0,0,7,0.0,1,2026-03,2026-03
LE.SHOPCERTO,2026-03,2026-03-01,2026-03-31,0.0,0.0,0.0,0.0,0,0.0,1,0,0.0,Ferro,sem_dado,0.05,tiktok_seller_center,0,0,0,0,,,0.0,0.0,0,0.0,1,0,0.0,1,2026-03,2026-03
LEAH.AZUARA,2026-01,2026-01-06,2026-01-31,0.0,0.0,0.0,0.0,0,0.0,0,2,0.0,Ferro,sem_dado,0.05,tiktok_seller_center,0,0,0,0,,,0.0,0.0,0,0.0,0,2,0.0,1,2026-01,2026-01
LEAH_SHOPCREATOR,2026-03,2026-03-01,2026-03-31,0.0,0.0,0.0,0.0,0,0.0,0,2,0.0,Ferro,sem_dado,0.05,tiktok_seller_center,0,0,0,0,,,0.0,0.0,0,0.0,0,2,0.0,1,2026-03,2026-03
LEANDROBAHIA51,2026-04,2026-04-01,2026-04-30,0.0,0.0,0.0,0.0,0,0.0,0,10,0.0,Ferro,sem_dado,0.05,tiktok_seller_center,0,0,0,0,,,0.0,0.0,0,0.0,0,19,0.0,3,2026-01,2026-04
LEAOREGIANE,2026-03,2026-03-01,2026-03-31,0.0,0.0,0.0,0.0,0,0.0,2,0,0.0,Ferro,sem_dado,0.05,tiktok_seller_center,0,0,0,0,,,0.0,0.0,0,0.0,2,0,0.0,1,2026-03,2026-03
LEARAFAELA29,2026-04,2026-04-01,2026-04-30,0.0,0.0,0.0,0.0,0,0.0,1,0,0.0,Ferro,sem_dado,0.05,tiktok_seller_center,0,0,0,0,,,0.0,0.0,0,0.0,1,0,0.0,1,2026-04,2026-04
LEBARBOSAOFICIAL,2026-04,2026-04-01,2026-04-30,0.0,0.0,0.0,0.0,0,0.0,0,2,0.0,Ferro,sem_dado,0.05,tiktok_seller_center,0,0,0,0,,,0.0,0.0,0,0.0,0,2,0.0,1,2026-04,2026-04
LEEETICIA1,2026-04,2026-04-01,2026-04-30,0.0,0.0,0.0,0.0,0,0.0,0,2,0.0,Ferro,sem_dado,0.05,tiktok_seller_center,0,0,0,0,,,0.0,0.0,0,0.0,0,2,0.0,1,2026-04,2026-04
LEEH.LIAH,2026-02,2026-02-01,2026-02-28,0.0,0.0,0.0,0.0,0,0.0,3,0,0.0,Ferro,sem_dado,0.05,tiktok_seller_center,0,0,0,0,,,0.0,0.0,0,0.0,3,0,0.0,1,2026-02,2026-02
LEGIELLE.ACHADINH,2026-05,2026-05-01,2026-05-23,0.0,0.0,0.0,0.0,0,0.0,0,1,0.0,Ferro,sem_dado,0.05,tiktok_seller_center,,0,0,0,,0,0.0,0.0,0,0.0,0,1,0.0,1,2026-05,2026-05
LEIDE.PS,2026-02,2026-02-01,2026-02-28,0.0,0.0,0.0,0.0,0,0.0,1,0,0.0,Ferro,sem_dado,0.05,tiktok_seller_center,0,0,0,0,,,0.0,0.0,0,0.0,1,0,0.0,1,2026-02,2026-02
LEIDIANE.GOMMES,2026-05,2026-05-01,2026-05-23,0.0,0.0,0.0,0.0,0,0.0,0,1,0.0,Ferro,sem_dado,0.05,tiktok_seller_center,0,0,0,0,,0,89.14,89.14,1,0.0,0,22,4.46,3,2026-03,2026-05
LEIDIANELEITE902,2026-05,2026-05-01,2026-05-23,0.0,0.0,0.0,0.0,0,0.0,1,0,0.0,Ferro,sem_dado,0.05,tiktok_seller_center,,0,0,0,,0,0.0,0.0,0,0.0,1,0,0.0,1,2026-05,2026-05
LEIDIANE_SANTOSS,2026-05,2026-05-01,2026-05-23,0.0,0.0,0.0,0.0,0,0.0,0,1,0.0,Ferro,sem_dado,0.05,tiktok_seller_center,,0,0,0,,0,0.0,0.0,0,0.0,0,1,0.0,1,2026-05,2026-05
LEIDYVIANAA,2026-04,2026-04-01,2026-04-30,0.0,0.0,0.0,0.0,0,0.0,0,1,0.0,Ferro,sem_dado,0.05,tiktok_seller_center,0,0,0,0,,,0.0,0.0,0,0.0,0,1,0.0,1,2026-04,2026-04
LEILA28SHOP,2026-04,2026-04-01,2026-04-30,0.0,0.0,0.0,0.0,0,0.0,1,0,0.0,Ferro,sem_dado,0.05,tiktok_seller_center,0,0,0,0,,,0.0,0.0,0,0.0,1,0,0.0,1,2026-04,2026-04
LEILACRONICASVIDAREAL,2026-03,2026-03-01,2026-03-31,327.78,167.97999999999996,159.8,48.75,4,81.94,0,0,31.96,Ferro,sem_dado,0.05,tiktok_seller_center,4,2,1,0,,,1615.27,1294.87,20,320.40000000000003,0,0,64.74,3,2026-01,2026-03
LEILAEFILHAS,2026-04,2026-04-01,2026-04-30,0.0,0.0,0.0,0.0,0,0.0,0,1,0.0,Ferro,sem_dado,0.05,tiktok_seller_center,0,0,0,0,,,0.0,0.0,0,0.0,0,1,0.0,1,2026-04,2026-04
LEILANE.ANDRADE8,2026-04,2026-04-01,2026-04-30,0.0,0.0,0.0,0.0,0,0.0,0,1,0.0,Ferro,sem_dado,0.05,tiktok_seller_center,0,0,0,0,,,0.0,0.0,0,0.0,1,1,0.0,2,2026-03,2026-04
LEILIFERMINIANO,2026-04,2026-04-01,2026-04-30,514.24,440.79,73.45,14.28,6,85.71,33,11,33.23,Ferro,sem_dado,0.05,tiktok_seller_center,6,1,1,0,,,514.24,440.79,6,73.45,33,11,22.04,1,2026-04,2026-04
LEILLADOSSANTOS1,2026-04,2026-04-01,2026-04-30,0.0,0.0,0.0,0.0,0,0.0,1,0,0.0,Ferro,sem_dado,0.05,tiktok_seller_center,0,0,0,0,,,0.0,0.0,0,0.0,2,0,0.0,2,2026-02,2026-04
LEITETHAISLT,2026-02,2026-02-01,2026-02-28,0.0,0.0,0.0,0.0,0,0.0,0,1,0.0,Ferro,sem_dado,0.05,tiktok_seller_center,0,0,0,0,,,0.0,0.0,0,0.0,0,1,0.0,1,2026-02,2026-02
LEKA.AYSLA,2026-03,2026-03-01,2026-03-31,90.7,90.7,0.0,0.0,1,90.7,0,0,7.99,Ferro,sem_dado,0.05,tiktok_seller_center,1,0,1,0,,,90.7,90.7,1,0.0,0,0,4.54,1,2026-03,2026-03
LELAINDICA1,2026-01,2026-01-06,2026-01-31,0.0,0.0,0.0,0.0,0,0.0,0,2,0.0,Ferro,sem_dado,0.05,tiktok_seller_center,0,0,0,0,,,0.0,0.0,0,0.0,0,2,0.0,1,2026-01,2026-01
LELCES.TEINDICA,2026-02,2026-02-01,2026-02-28,0.0,0.0,0.0,0.0,0,0.0,1,0,0.0,Ferro,sem_dado,0.05,tiktok_seller_center,0,0,0,0,,,0.0,0.0,0,0.0,1,0,0.0,1,2026-02,2026-02
LELCESSHOPCREATOR,2026-02,2026-02-01,2026-02-28,0.0,0.0,0.0,0.0,0,0.0,1,0,0.0,Ferro,sem_dado,0.05,tiktok_seller_center,0,0,0,0,,,0.0,0.0,0,0.0,1,0,0.0,1,2026-02,2026-02
LELE.BATISTA,2026-04,2026-04-01,2026-04-30,0.0,0.0,0.0,0.0,0,0.0,0,1,0.0,Ferro,sem_dado,0.05,tiktok_seller_center,0,0,0,0,,,0.0,0.0,0,0.0,0,1,0.0,1,2026-04,2026-04
LELESHOP0,2026-04,2026-04-01,2026-04-30,79.5,79.5,0.0,0.0,1,79.5,9,6,7.99,Ferro,sem_dado,0.05,tiktok_seller_center,1,0,1,0,,,79.5,79.5,1,0.0,9,6,3.98,1,2026-04,2026-04
LELE_INDICA,2026-02,2026-02-01,2026-02-28,0.0,0.0,0.0,0.0,0,0.0,0,2,0.0,Ferro,sem_dado,0.05,tiktok_seller_center,0,0,0,0,,,0.0,0.0,0,0.0,0,2,0.0,1,2026-02,2026-02
LEMAEDOICARO,2026-04,2026-04-01,2026-04-30,0.0,0.0,0.0,0.0,0,0.0,0,4,0.0,Ferro,sem_dado,0.05,tiktok_seller_center,0,0,0,0,,,0.0,0.0,0,0.0,0,12,0.0,2,2026-03,2026-04
LEMARCADAPROMESSA,2026-05,2026-05-01,2026-05-23,0.0,0.0,0.0,0.0,0,0.0,0,1,0.0,Ferro,sem_dado,0.05,tiktok_seller_center,,0,0,0,,0,0.0,0.0,0,0.0,0,1,0.0,1,2026-05,2026-05
LEMBRANCABOAMUSIC,2026-04,2026-04-01,2026-04-30,0.0,0.0,0.0,0.0,0,0.0,0,1,0.0,Ferro,sem_dado,0.05,tiktok_seller_center,0,0,0,0,,,0.0,0.0,0,0.0,0,2,0.0,2,2026-02,2026-04
LENAROSARIO759,2026-04,2026-04-01,2026-04-30,0.0,0.0,0.0,0.0,0,0.0,0,10,0.0,Ferro,sem_dado,0.05,tiktok_seller_center,0,0,0,0,,,0.0,0.0,0,0.0,0,10,0.0,1,2026-04,2026-04
LENI.TAVARES,2026-03,2026-03-01,2026-03-31,0.0,0.0,0.0,0.0,0,0.0,0,1,0.0,Ferro,sem_dado,0.05,tiktok_seller_center,0,0,0,0,,,0.0,0.0,0,0.0,0,1,0.0,1,2026-03,2026-03
LENICE.FELIZARDO,2026-03,2026-03-01,2026-03-31,0.0,0.0,0.0,0.0,0,0.0,1,0,0.0,Ferro,sem_dado,0.05,tiktok_seller_center,0,0,0,0,,,0.0,0.0,0,0.0,1,0,0.0,1,2026-03,2026-03
LENNESHOP,2026-04,2026-04-01,2026-04-30,0.0,0.0,0.0,0.0,0,0.0,0,2,0.0,Ferro,sem_dado,0.05,tiktok_seller_center,0,0,0,0,,,0.0,0.0,0,0.0,0,2,0.0,1,2026-04,2026-04
LEO.VARIEDADESS,2026-01,2026-01-06,2026-01-31,0.0,0.0,0.0,0.0,0,0.0,1,0,0.0,Ferro,sem_dado,0.05,tiktok_seller_center,0,0,0,0,,,0.0,0.0,0,0.0,1,0,0.0,1,2026-01,2026-01
LEOCHAIDER,2026-02,2026-02-01,2026-02-28,0.0,0.0,0.0,0.0,0,0.0,1,0,0.0,Ferro,sem_dado,0.05,tiktok_seller_center,0,0,0,0,,,0.0,0.0,0,0.0,1,0,0.0,1,2026-02,2026-02
LEOCOMPREITESTEI,2026-05,2026-05-01,2026-05-23,0.0,0.0,0.0,0.0,0,0.0,0,1,0.0,Ferro,sem_dado,0.05,tiktok_seller_center,,0,0,0,,0,0.0,0.0,0,0.0,0,1,0.0,1,2026-05,2026-05
LEONARARP8,2026-05,2026-05-01,2026-05-23,0.0,0.0,0.0,0.0,0,0.0,0,1,0.0,Ferro,sem_dado,0.05,tiktok_seller_center,0,0,0,0,,0,0.0,0.0,0,0.0,0,7,0.0,3,2026-03,2026-05
LEONELACONTRERA7,2026-02,2026-02-01,2026-02-28,0.0,0.0,0.0,0.0,0,0.0,0,1,0.0,Ferro,sem_dado,0.05,tiktok_seller_center,0,0,0,0,,,0.0,0.0,0,0.0,0,1,0.0,1,2026-02,2026-02
LEOSHOP.BARRACAS,2026-02,2026-02-01,2026-02-28,0.0,0.0,0.0,0.0,0,0.0,0,1,0.0,Ferro,sem_dado,0.05,tiktok_seller_center,0,0,0,0,,,0.0,0.0,0,0.0,0,1,0.0,1,2026-02,2026-02
LESLIIEDAILY,2026-02,2026-02-01,2026-02-28,0.0,0.0,0.0,0.0,0,0.0,1,0,0.0,Ferro,sem_dado,0.05,tiktok_seller_center,0,0,0,0,,,0.0,0.0,0,0.0,1,0,0.0,1,2026-02,2026-02
LET.BARREIRO,2026-03,2026-03-01,2026-03-31,0.0,0.0,0.0,0.0,0,0.0,0,1,0.0,Ferro,sem_dado,0.05,tiktok_seller_center,0,0,0,0,,,0.0,0.0,0,0.0,0,1,0.0,1,2026-03,2026-03
LETCALET,2026-02,2026-02-01,2026-02-28,0.0,0.0,0.0,0.0,0,0.0,3,0,0.0,Ferro,sem_dado,0.05,tiktok_seller_center,0,0,0,0,,,0.0,0.0,0,0.0,3,0,0.0,1,2026-02,2026-02
LETEFREITAS19,2026-05,2026-05-01,2026-05-23,0.0,0.0,0.0,0.0,0,0.0,0,2,0.0,Ferro,sem_dado,0.05,tiktok_seller_center,0,0,0,0,,0,0.0,0.0,0,0.0,3,2,0.0,2,2026-04,2026-05
LETICIA.INDICA7,2026-03,2026-03-01,2026-03-31,0.0,0.0,0.0,0.0,0,0.0,0,4,0.0,Ferro,sem_dado,0.05,tiktok_seller_center,0,0,0,0,,,0.0,0.0,0,0.0,0,4,0.0,1,2026-03,2026-03
LETICIAACHADIN,2026-02,2026-02-01,2026-02-28,81.9,81.9,0.0,0.0,1,81.9,0,0,7.99,Ferro,sem_dado,0.05,tiktok_seller_center,1,0,1,0,,,81.9,81.9,1,0.0,1,0,4.1,2,2026-01,2026-02
LETICIAAPEREIRAA_,2026-05,2026-05-01,2026-05-23,0.0,0.0,0.0,0.0,0,0.0,0,1,0.0,Ferro,sem_dado,0.05,tiktok_seller_center,,0,0,0,,0,0.0,0.0,0,0.0,0,1,0.0,1,2026-05,2026-05
LETICIAARAUJOAA,2026-03,2026-03-01,2026-03-31,0.0,0.0,0.0,0.0,0,0.0,0,3,0.0,Ferro,sem_dado,0.05,tiktok_seller_center,0,0,0,0,,,0.0,0.0,0,0.0,0,3,0.0,1,2026-03,2026-03
LETICIABEAUTY123,2026-02,2026-02-01,2026-02-28,0.0,0.0,0.0,0.0,0,0.0,0,1,0.0,Ferro,sem_dado,0.05,tiktok_seller_center,0,0,0,0,,,78.3,78.3,1,0.0,0,7,3.92,2,2026-01,2026-02
LETICIAFARIASARANTES,2026-05,2026-05-01,2026-05-23,0.0,-77.5,77.5,0.0,0,0.0,0,1,0.0,Ferro,sem_dado,0.05,tiktok_seller_center,1,1,0,0,,0,77.5,0.0,1,77.5,0,5,0.0,2,2026-04,2026-05
LETICIAFERNDSS,2026-04,2026-04-01,2026-04-30,0.0,0.0,0.0,0.0,0,0.0,2,0,0.0,Ferro,sem_dado,0.05,tiktok_seller_center,0,0,0,0,,,0.0,0.0,0,0.0,2,0,0.0,1,2026-04,2026-04
LETICIAINDICA0,2026-02,2026-02-01,2026-02-28,0.0,0.0,0.0,0.0,0,0.0,1,0,0.0,Ferro,sem_dado,0.05,tiktok_seller_center,0,0,0,0,,,0.0,0.0,0,0.0,1,0,0.0,1,2026-02,2026-02
LETICIAIZQUIERDO6,2026-01,2026-01-06,2026-01-31,0.0,0.0,0.0,0.0,0,0.0,0,1,0.0,Ferro,sem_dado,0.05,tiktok_seller_center,0,0,0,0,,,0.0,0.0,0,0.0,0,1,0.0,1,2026-01,2026-01
LETICIAMAYARASHOP,2026-03,2026-03-01,2026-03-31,0.0,0.0,0.0,0.0,0,0.0,1,0,0.0,Ferro,sem_dado,0.05,tiktok_seller_center,0,0,0,0,,,0.0,0.0,0,0.0,1,0,0.0,1,2026-03,2026-03
LETICIAMOTA._,2026-05,2026-05-01,2026-05-23,0.0,0.0,0.0,0.0,0,0.0,3,0,0.0,Ferro,sem_dado,0.05,tiktok_seller_center,,0,0,0,,0,0.0,0.0,0,0.0,3,0,0.0,1,2026-05,2026-05
LETICIANUNESSSSS,2026-05,2026-05-01,2026-05-23,103.05,103.05,0.0,0.0,1,103.05,1,0,7.91,Ferro,sem_dado,0.05,tiktok_seller_center,1,0,1,0,,1,258.0,258.0,3,0.0,8,3,12.9,4,2026-01,2026-05
LETICIAPURCINOO,2026-04,2026-04-01,2026-04-30,0.0,0.0,0.0,0.0,0,0.0,4,3,0.0,Ferro,sem_dado,0.05,tiktok_seller_center,0,0,0,0,,,0.0,0.0,0,0.0,4,3,0.0,1,2026-04,2026-04
LETICIASTEINOFICIAL,2026-05,2026-05-01,2026-05-23,0.0,0.0,0.0,0.0,0,0.0,3,0,0.0,Ferro,sem_dado,0.05,tiktok_seller_center,1,0,0,0,,0,143.63,143.63,2,0.0,21,0,7.1899999999999995,3,2026-03,2026-05
LETICIATSEC,2026-05,2026-05-01,2026-05-23,4481.9,3587.7599999999998,894.14,19.95,39,114.92,2,0,257.92,Diamante,sem_dado,0.13,tiktok_seller_center,85,8,1,0,,40,72697.67,65846.5,772,6851.17,10,0,6211.39,5,2026-01,2026-05
LETICIAVARGAS148,2026-02,2026-02-01,2026-02-28,0.0,0.0,0.0,0.0,0,0.0,1,0,0.0,Ferro,sem_dado,0.05,tiktok_seller_center,0,0,0,0,,,0.0,0.0,0,0.0,1,0,0.0,1,2026-02,2026-02
LETICIA_LEAL_43,2026-02,2026-02-01,2026-02-28,0.0,0.0,0.0,0.0,0,0.0,1,0,0.0,Ferro,sem_dado,0.05,tiktok_seller_center,0,0,0,0,,,0.0,0.0,0,0.0,1,0,0.0,1,2026-02,2026-02
LETIS.SHOP,2026-04,2026-04-01,2026-04-30,0.0,0.0,0.0,0.0,0,0.0,0,1,0.0,Ferro,sem_dado,0.05,tiktok_seller_center,0,0,0,0,,,0.0,0.0,0,0.0,0,1,0.0,1,2026-04,2026-04
LETMAYLLA,2026-03,2026-03-01,2026-03-31,0.0,0.0,0.0,0.0,0,0.0,0,2,0.0,Ferro,sem_dado,0.05,tiktok_seller_center,0,0,0,0,,,0.0,0.0,0,0.0,0,2,0.0,1,2026-03,2026-03
LETSOUZASHOP,2026-03,2026-03-01,2026-03-31,0.0,0.0,0.0,0.0,0,0.0,0,1,0.0,Ferro,sem_dado,0.05,tiktok_seller_center,0,0,0,0,,,0.0,0.0,0,0.0,0,1,0.0,1,2026-03,2026-03
LETTKSHOP,2026-04,2026-04-01,2026-04-30,0.0,0.0,0.0,0.0,0,0.0,0,1,0.0,Ferro,sem_dado,0.05,tiktok_seller_center,0,0,0,0,,,0.0,0.0,0,0.0,0,2,0.0,2,2026-02,2026-04
LETYAGUIAR4,2026-03,2026-03-01,2026-03-31,0.0,0.0,0.0,0.0,0,0.0,0,1,0.0,Ferro,sem_dado,0.05,tiktok_seller_center,0,0,0,0,,,0.0,0.0,0,0.0,0,1,0.0,1,2026-03,2026-03
LEYLLA962SHOP,2026-04,2026-04-01,2026-04-30,0.0,0.0,0.0,0.0,0,0.0,1,0,0.0,Ferro,sem_dado,0.05,tiktok_seller_center,0,0,0,0,,,0.0,0.0,0,0.0,1,0,0.0,1,2026-04,2026-04
LF0V4U3,2026-04,2026-04-01,2026-04-30,0.0,0.0,0.0,0.0,0,0.0,1,0,0.0,Ferro,sem_dado,0.05,tiktok_seller_center,0,0,0,0,,,0.0,0.0,0,0.0,1,0,0.0,1,2026-04,2026-04
LHSHOPVITRINE,2026-02,2026-02-01,2026-02-28,0.0,0.0,0.0,0.0,0,0.0,1,0,0.0,Ferro,sem_dado,0.05,tiktok_seller_center,0,0,0,0,,,0.0,0.0,0,0.0,1,0,0.0,1,2026-02,2026-02
LHYALMEIDA2,2026-05,2026-05-01,2026-05-23,0.0,0.0,0.0,0.0,0,0.0,0,9,0.0,Ferro,sem_dado,0.05,tiktok_seller_center,0,0,0,0,,0,0.0,0.0,0,0.0,4,28,0.0,4,2026-02,2026-05
LIA.GLOW.RIES,2026-02,2026-02-01,2026-02-28,0.0,0.0,0.0,0.0,0,0.0,1,0,0.0,Ferro,sem_dado,0.05,tiktok_seller_center,0,0,0,0,,,0.0,0.0,0,0.0,2,0,0.0,2,2026-01,2026-02
LIA.INFLUENCERGPT,2026-02,2026-02-01,2026-02-28,0.0,0.0,0.0,0.0,0,0.0,1,0,0.0,Ferro,sem_dado,0.05,tiktok_seller_center,0,0,0,0,,,0.0,0.0,0,0.0,1,0,0.0,1,2026-02,2026-02
LIA747MARIA,2026-04,2026-04-01,2026-04-30,0.0,0.0,0.0,0.0,0,0.0,1,0,0.0,Ferro,sem_dado,0.05,tiktok_seller_center,0,0,0,0,,,0.0,0.0,0,0.0,1,0,0.0,1,2026-04,2026-04
LIABARROS_7,2026-01,2026-01-06,2026-01-31,0.0,0.0,0.0,0.0,0,0.0,0,2,0.0,Ferro,sem_dado,0.05,tiktok_seller_center,0,0,0,0,,,0.0,0.0,0,0.0,0,2,0.0,1,2026-01,2026-01
LIACARVALHO010,2026-02,2026-02-01,2026-02-28,0.0,0.0,0.0,0.0,0,0.0,1,0,0.0,Ferro,sem_dado,0.05,tiktok_seller_center,0,0,0,0,,,0.0,0.0,0,0.0,1,0,0.0,1,2026-02,2026-02
LIAMODABR,2026-02,2026-02-01,2026-02-28,0.0,0.0,0.0,0.0,0,0.0,3,0,0.0,Ferro,sem_dado,0.05,tiktok_seller_center,0,0,0,0,,,0.0,0.0,0,0.0,3,0,0.0,1,2026-02,2026-02
LIANDRASHOPCREATOR,2026-03,2026-03-01,2026-03-31,0.0,0.0,0.0,0.0,0,0.0,1,0,0.0,Ferro,sem_dado,0.05,tiktok_seller_center,0,0,0,0,,,0.0,0.0,0,0.0,1,0,0.0,1,2026-03,2026-03
LIANOBRES,2026-05,2026-05-01,2026-05-23,0.0,0.0,0.0,0.0,0,0.0,2,0,0.0,Ferro,sem_dado,0.05,tiktok_seller_center,,0,0,0,,0,0.0,0.0,0,0.0,2,0,0.0,1,2026-05,2026-05
LIARASHOP23,2026-04,2026-04-01,2026-04-30,0.0,0.0,0.0,0.0,0,0.0,6,0,0.0,Ferro,sem_dado,0.05,tiktok_seller_center,0,0,0,0,,,0.0,0.0,0,0.0,7,0,0.0,2,2026-03,2026-04
LIATIKTOKSHOP11.11,2026-03,2026-03-01,2026-03-31,0.0,0.0,0.0,0.0,0,0.0,0,1,0.0,Ferro,sem_dado,0.05,tiktok_seller_center,0,0,0,0,,,0.0,0.0,0,0.0,0,1,0.0,1,2026-03,2026-03
LIBERDADE752,2026-03,2026-03-01,2026-03-31,0.0,0.0,0.0,0.0,0,0.0,0,1,0.0,Ferro,sem_dado,0.05,tiktok_seller_center,0,0,0,0,,,0.0,0.0,0,0.0,0,1,0.0,1,2026-03,2026-03
LIBERTESE4,2026-03,2026-03-01,2026-03-31,0.0,0.0,0.0,0.0,0,0.0,3,0,0.0,Ferro,sem_dado,0.05,tiktok_seller_center,0,0,0,0,,,0.0,0.0,0,0.0,3,0,0.0,1,2026-03,2026-03
LICE.TIKTOK.SHOP,2026-03,2026-03-01,2026-03-31,0.0,0.0,0.0,0.0,0,0.0,1,0,0.0,Ferro,sem_dado,0.05,tiktok_seller_center,0,0,0,0,,,0.0,0.0,0,0.0,1,0,0.0,1,2026-03,2026-03
LIDIABRUNARV,2026-02,2026-02-01,2026-02-28,79.9,79.9,0.0,0.0,1,79.9,0,0,7.99,Ferro,sem_dado,0.05,tiktok_seller_center,1,0,1,0,,,79.9,79.9,1,0.0,0,0,4.0,1,2026-02,2026-02
LIDIANE.OLISANTOS,2026-03,2026-03-01,2026-03-31,0.0,0.0,0.0,0.0,0,0.0,0,4,0.0,Ferro,sem_dado,0.05,tiktok_seller_center,0,0,0,0,,,0.0,0.0,0,0.0,3,28,0.0,3,2026-01,2026-03
LIDIANEAMORIIMM,2026-04,2026-04-01,2026-04-30,0.0,0.0,0.0,0.0,0,0.0,0,1,0.0,Ferro,sem_dado,0.05,tiktok_seller_center,0,0,0,0,,,0.0,0.0,0,0.0,0,1,0.0,1,2026-04,2026-04
LIDIANEFSIILVA,2026-03,2026-03-01,2026-03-31,0.0,0.0,0.0,0.0,0,0.0,0,2,0.0,Ferro,sem_dado,0.05,tiktok_seller_center,0,0,0,0,,,0.0,0.0,0,0.0,0,2,0.0,1,2026-03,2026-03
LIDIIANDRADEE,2026-05,2026-05-01,2026-05-23,199.8,199.8,0.0,0.0,2,99.9,5,13,15.82,Ferro,sem_dado,0.05,tiktok_seller_center,0,0,1,0,,2,199.8,199.8,2,0.0,5,14,9.99,2,2026-04,2026-05
LIDIKPF6,2026-05,2026-05-01,2026-05-23,519.57,422.63000000000005,96.94,18.66,5,103.91,2,0,39.95,Prata,sem_dado,0.09,tiktok_seller_center,35,1,1,0,,5,19695.96,17274.97,240,2420.99,21,0,1200.8,5,2026-01,2026-05
LIDI_GIEHL,2026-05,2026-05-01,2026-05-23,0.0,0.0,0.0,0.0,0,0.0,0,3,0.0,Ferro,sem_dado,0.05,tiktok_seller_center,2,0,0,0,,0,499.38,416.28,6,83.1,0,43,20.810000000000002,5,2026-01,2026-05
LIEGEESTIVALLET,2026-02,2026-02-01,2026-02-28,0.0,0.0,0.0,0.0,0,0.0,0,1,0.0,Ferro,sem_dado,0.05,tiktok_seller_center,0,0,0,0,,,0.0,0.0,0,0.0,0,1,0.0,1,2026-02,2026-02
LIFESTYLEDASAMANTA,2026-04,2026-04-01,2026-04-30,0.0,0.0,0.0,0.0,0,0.0,3,0,0.0,Ferro,sem_dado,0.05,tiktok_seller_center,0,0,0,0,,,0.0,0.0,0,0.0,3,0,0.0,1,2026-04,2026-04
LIHSANTOSS1,2026-05,2026-05-01,2026-05-23,329.7,329.7,0.0,0.0,1,329.7,0,0,13.2,Ferro,sem_dado,0.05,tiktok_seller_center,0,0,1,0,,3,329.7,329.7,1,0.0,0,14,16.48,5,2026-01,2026-05
LIKA.HC,2026-03,2026-03-01,2026-03-31,0.0,0.0,0.0,0.0,0,0.0,2,0,0.0,Ferro,sem_dado,0.05,tiktok_seller_center,0,0,0,0,,,0.0,0.0,0,0.0,2,0,0.0,1,2026-03,2026-03
LIKAELOH,2026-03,2026-03-01,2026-03-31,0.0,0.0,0.0,0.0,0,0.0,1,0,0.0,Ferro,sem_dado,0.05,tiktok_seller_center,0,0,0,0,,,0.0,0.0,0,0.0,1,0,0.0,1,2026-03,2026-03
LILASTORE_0,2026-01,2026-01-06,2026-01-31,0.0,0.0,0.0,0.0,0,0.0,3,0,0.0,Ferro,sem_dado,0.05,tiktok_seller_center,0,0,0,0,,,0.0,0.0,0,0.0,3,0,0.0,1,2026-01,2026-01
LILIAN.S.SANCHES,2026-04,2026-04-01,2026-04-30,0.0,0.0,0.0,0.0,0,0.0,0,2,0.0,Ferro,sem_dado,0.05,tiktok_seller_center,0,0,0,0,,,0.0,0.0,0,0.0,0,30,0.0,3,2026-02,2026-04
LILIANABMODAS,2026-04,2026-04-01,2026-04-30,0.0,0.0,0.0,0.0,0,0.0,0,2,0.0,Ferro,sem_dado,0.05,tiktok_seller_center,0,0,0,0,,,0.0,0.0,0,0.0,0,14,0.0,4,2026-01,2026-04
LILIANCARLASHOP,2026-04,2026-04-01,2026-04-30,0.0,0.0,0.0,0.0,0,0.0,0,1,0.0,Ferro,sem_dado,0.05,tiktok_seller_center,0,0,0,0,,,0.0,0.0,0,0.0,0,1,0.0,1,2026-04,2026-04
LILIANEALVES.BR,2026-04,2026-04-01,2026-04-30,0.0,0.0,0.0,0.0,0,0.0,0,17,0.0,Ferro,sem_dado,0.05,tiktok_seller_center,0,0,0,0,,,0.0,0.0,0,0.0,0,54,0.0,4,2026-01,2026-04
LILIANFERRAZ83,2026-03,2026-03-01,2026-03-31,0.0,-96.21,96.21,0.0,0,0.0,0,0,0.0,Ferro,sem_dado,0.05,tiktok_seller_center,0,1,0,0,,,96.21,0.0,1,96.21,0,0,0.0,2,2026-02,2026-03
LILIANSOUZA95,2026-04,2026-04-01,2026-04-30,0.0,0.0,0.0,0.0,0,0.0,0,1,0.0,Ferro,sem_dado,0.05,tiktok_seller_center,0,0,0,0,,,0.0,0.0,0,0.0,0,2,0.0,2,2026-03,2026-04
LILIANZAMP,2026-03,2026-03-01,2026-03-31,0.0,0.0,0.0,0.0,0,0.0,2,0,0.0,Ferro,sem_dado,0.05,tiktok_seller_center,0,0,0,0,,,0.0,0.0,0,0.0,2,0,0.0,1,2026-03,2026-03
LILIAN_RAS,2026-02,2026-02-01,2026-02-28,0.0,0.0,0.0,0.0,0,0.0,1,0,0.0,Ferro,sem_dado,0.05,tiktok_seller_center,0,0,0,0,,,0.0,0.0,0,0.0,1,0,0.0,1,2026-02,2026-02
LILIMSXX,2026-05,2026-05-01,2026-05-23,0.0,0.0,0.0,0.0,0,0.0,2,0,0.0,Ferro,sem_dado,0.05,tiktok_seller_center,1,0,0,0,,0,92.85,92.85,1,0.0,9,3,4.64,3,2026-03,2026-05
LIMAAT15,2026-05,2026-05-01,2026-05-23,0.0,0.0,0.0,0.0,0,0.0,1,2,0.0,Ferro,sem_dado,0.05,tiktok_seller_center,,0,0,0,,0,0.0,0.0,0,0.0,1,2,0.0,1,2026-05,2026-05
LIMARA.DINIZ,2026-05,2026-05-01,2026-05-23,0.0,0.0,0.0,0.0,0,0.0,5,0,0.0,Ferro,sem_dado,0.05,tiktok_seller_center,0,0,0,0,,0,0.0,0.0,0,0.0,8,1,0.0,2,2026-04,2026-05
LINCOLN.GOMESS,2026-04,2026-04-01,2026-04-30,0.0,0.0,0.0,0.0,0,0.0,1,0,0.0,Ferro,sem_dado,0.05,tiktok_seller_center,0,0,0,0,,,0.0,0.0,0,0.0,1,0,0.0,1,2026-04,2026-04
LINDAINDICA1,2026-02,2026-02-01,2026-02-28,0.0,0.0,0.0,0.0,0,0.0,0,1,0.0,Ferro,sem_dado,0.05,tiktok_seller_center,0,0,0,0,,,0.0,0.0,0,0.0,0,1,0.0,1,2026-02,2026-02
LINDALVASHOP,2026-02,2026-02-01,2026-02-28,0.0,0.0,0.0,0.0,0,0.0,0,2,0.0,Ferro,sem_dado,0.05,tiktok_seller_center,0,0,0,0,,,0.0,0.0,0,0.0,0,2,0.0,1,2026-02,2026-02
LINDAMAIS2026,2026-05,2026-05-01,2026-05-23,0.0,0.0,0.0,0.0,0,0.0,1,0,0.0,Ferro,sem_dado,0.05,tiktok_seller_center,,0,0,0,,0,0.0,0.0,0,0.0,1,0,0.0,1,2026-05,2026-05
LINDAPRODUTOSVENDAS,2026-02,2026-02-01,2026-02-28,0.0,0.0,0.0,0.0,0,0.0,0,1,0.0,Ferro,sem_dado,0.05,tiktok_seller_center,0,0,0,0,,,0.0,0.0,0,0.0,0,1,0.0,1,2026-02,2026-02
LINDIN075,2026-04,2026-04-01,2026-04-30,0.0,0.0,0.0,0.0,0,0.0,0,8,0.0,Ferro,sem_dado,0.05,tiktok_seller_center,0,0,0,0,,,0.0,0.0,0,0.0,0,24,0.0,4,2026-01,2026-04
LINDINHASHOP,2026-01,2026-01-06,2026-01-31,0.0,0.0,0.0,0.0,0,0.0,2,0,0.0,Ferro,sem_dado,0.05,tiktok_seller_center,0,0,0,0,,,0.0,0.0,0,0.0,2,0,0.0,1,2026-01,2026-01
LINEGENOVEZ,2026-03,2026-03-01,2026-03-31,0.0,0.0,0.0,0.0,0,0.0,0,1,0.0,Ferro,sem_dado,0.05,tiktok_seller_center,0,0,0,0,,,0.0,0.0,0,0.0,0,1,0.0,1,2026-03,2026-03
LINELIVESELLER,2026-03,2026-03-01,2026-03-31,0.0,0.0,0.0,0.0,0,0.0,0,4,0.0,Ferro,sem_dado,0.05,tiktok_seller_center,0,0,0,0,,,0.0,0.0,0,0.0,0,6,0.0,3,2026-01,2026-03
LINEMV,2026-02,2026-02-01,2026-02-28,0.0,0.0,0.0,0.0,0,0.0,1,0,0.0,Ferro,sem_dado,0.05,tiktok_seller_center,0,0,0,0,,,0.0,0.0,0,0.0,1,0,0.0,1,2026-02,2026-02
LINESHOPK,2026-04,2026-04-01,2026-04-30,0.0,0.0,0.0,0.0,0,0.0,1,0,0.0,Ferro,sem_dado,0.05,tiktok_seller_center,0,0,0,0,,,0.0,0.0,0,0.0,1,0,0.0,1,2026-04,2026-04
LINY1466,2026-05,2026-05-01,2026-05-23,0.0,0.0,0.0,0.0,0,0.0,0,2,0.0,Ferro,sem_dado,0.05,tiktok_seller_center,0,0,0,0,,0,0.0,0.0,0,0.0,0,3,0.0,2,2026-04,2026-05
LISG5422,2026-02,2026-02-01,2026-02-28,0.0,0.0,0.0,0.0,0,0.0,1,2,0.0,Ferro,sem_dado,0.05,tiktok_seller_center,0,0,0,0,,,0.0,0.0,0,0.0,1,2,0.0,1,2026-02,2026-02
LISI.ACHADINHOS.P,2026-03,2026-03-01,2026-03-31,0.0,0.0,0.0,0.0,0,0.0,0,1,0.0,Ferro,sem_dado,0.05,tiktok_seller_center,0,0,0,0,,,0.0,0.0,0,0.0,0,1,0.0,1,2026-03,2026-03
LISIGERMINIANI,2026-04,2026-04-01,2026-04-30,0.0,0.0,0.0,0.0,0,0.0,0,1,0.0,Ferro,sem_dado,0.05,tiktok_seller_center,0,0,0,0,,,0.0,0.0,0,0.0,0,1,0.0,1,2026-04,2026-04
LISIMODAS,2026-02,2026-02-01,2026-02-28,0.0,0.0,0.0,0.0,0,0.0,2,0,0.0,Ferro,sem_dado,0.05,tiktok_seller_center,0,0,0,0,,,0.0,0.0,0,0.0,2,0,0.0,1,2026-02,2026-02
LISMARINHO_,2026-02,2026-02-01,2026-02-28,79.38,79.38,0.0,0.0,1,79.38,1,0,7.99,Ferro,sem_dado,0.05,tiktok_seller_center,1,0,1,0,,,79.38,79.38,1,0.0,8,2,3.97,2,2026-01,2026-02
LISSPIMENTELL,2026-03,2026-03-01,2026-03-31,0.0,0.0,0.0,0.0,0,0.0,3,0,0.0,Ferro,sem_dado,0.05,tiktok_seller_center,0,0,0,0,,,0.0,0.0,0,0.0,3,0,0.0,1,2026-03,2026-03
LISTAFAVORITA_,2026-03,2026-03-01,2026-03-31,0.0,0.0,0.0,0.0,0,0.0,0,1,0.0,Ferro,sem_dado,0.05,tiktok_seller_center,0,0,0,0,,,0.0,0.0,0,0.0,0,1,0.0,1,2026-03,2026-03
LITA80569,2026-04,2026-04-01,2026-04-30,0.0,0.0,0.0,0.0,0,0.0,0,1,0.0,Ferro,sem_dado,0.05,tiktok_seller_center,0,0,0,0,,,0.0,0.0,0,0.0,0,1,0.0,1,2026-04,2026-04
LIVECOMISAMIDPLUS,2026-04,2026-04-01,2026-04-30,0.0,0.0,0.0,0.0,0,0.0,0,2,0.0,Ferro,sem_dado,0.05,tiktok_seller_center,0,0,0,0,,,0.0,0.0,0,0.0,0,5,0.0,2,2026-03,2026-04
LIVEDAMY,2026-03,2026-03-01,2026-03-31,0.0,0.0,0.0,0.0,0,0.0,1,0,0.0,Ferro,sem_dado,0.05,tiktok_seller_center,0,0,0,0,,,0.0,0.0,0,0.0,1,0,0.0,1,2026-03,2026-03
LIVEDASAYO,2026-01,2026-01-06,2026-01-31,67.92,67.92,0.0,0.0,1,67.92,0,1,6.39,Ferro,sem_dado,0.05,tiktok_seller_center,1,0,1,0,,,67.92,67.92,1,0.0,0,1,3.4,1,2026-01,2026-01
LIVIA.BEAU,2026-05,2026-05-01,2026-05-23,0.0,0.0,0.0,0.0,0,0.0,1,0,0.0,Ferro,sem_dado,0.05,tiktok_seller_center,,0,0,0,,0,0.0,0.0,0,0.0,1,0,0.0,1,2026-05,2026-05
LIVIA.FASSARELA,2026-03,2026-03-01,2026-03-31,0.0,0.0,0.0,0.0,0,0.0,0,1,0.0,Ferro,sem_dado,0.05,tiktok_seller_center,0,0,0,0,,,0.0,0.0,0,0.0,0,1,0.0,1,2026-03,2026-03
LIVIA.GMCAMARGO,2026-05,2026-05-01,2026-05-23,0.0,0.0,0.0,0.0,0,0.0,3,1,0.0,Ferro,sem_dado,0.05,tiktok_seller_center,1,0,0,0,,0,80.7,80.7,1,0.0,7,8,4.04,2,2026-04,2026-05
LIVIA.LIH2,2026-05,2026-05-01,2026-05-23,0.0,0.0,0.0,0.0,0,0.0,0,4,0.0,Ferro,sem_dado,0.05,tiktok_seller_center,,0,0,0,,0,0.0,0.0,0,0.0,0,4,0.0,1,2026-05,2026-05
LIVIAAALIMA0,2026-03,2026-03-01,2026-03-31,0.0,0.0,0.0,0.0,0,0.0,0,1,0.0,Ferro,sem_dado,0.05,tiktok_seller_center,0,0,0,0,,,0.0,0.0,0,0.0,1,1,0.0,2,2026-02,2026-03
LIVIAAGABY,2026-04,2026-04-01,2026-04-30,0.0,0.0,0.0,0.0,0,0.0,0,2,0.0,Ferro,sem_dado,0.05,tiktok_seller_center,0,0,0,0,,,0.0,0.0,0,0.0,0,5,0.0,2,2026-03,2026-04
LIVIAA_SILVAA_,2026-02,2026-02-01,2026-02-28,81.9,0.0,81.9,100.0,1,81.9,0,0,7.99,Ferro,sem_dado,0.05,tiktok_seller_center,1,1,1,0,,,81.9,0.0,1,81.9,0,1,0.0,2,2026-01,2026-02
LIVIABRANQUINHOB,2026-03,2026-03-01,2026-03-31,0.0,0.0,0.0,0.0,0,0.0,1,0,0.0,Ferro,sem_dado,0.05,tiktok_seller_center,0,0,0,0,,,0.0,0.0,0,0.0,3,0,0.0,2,2026-02,2026-03
LIVIAFERNANDES.SHOP,2026-02,2026-02-01,2026-02-28,0.0,0.0,0.0,0.0,0,0.0,1,0,0.0,Ferro,sem_dado,0.05,tiktok_seller_center,0,0,0,0,,,0.0,0.0,0,0.0,1,0,0.0,1,2026-02,2026-02
LIVINHAMEIRELES,2026-02,2026-02-01,2026-02-28,0.0,0.0,0.0,0.0,0,0.0,0,2,0.0,Ferro,sem_dado,0.05,tiktok_seller_center,0,0,0,0,,,0.0,0.0,0,0.0,0,2,0.0,1,2026-02,2026-02
LIZANDRO.KEYLLA,2026-05,2026-05-01,2026-05-23,0.0,0.0,0.0,0.0,0,0.0,0,23,0.0,Ferro,sem_dado,0.05,tiktok_seller_center,0,0,0,0,,0,0.0,0.0,0,0.0,0,27,0.0,2,2026-04,2026-05
LIZESTILOREAL,2026-05,2026-05-01,2026-05-23,112.5,112.5,0.0,0.0,1,112.5,0,47,7.91,Ferro,sem_dado,0.05,tiktok_seller_center,0,0,1,0,,1,112.5,112.5,1,0.0,0,48,5.62,2,2026-04,2026-05
LIZIANESHOP,2026-03,2026-03-01,2026-03-31,0.0,0.0,0.0,0.0,0,0.0,1,0,0.0,Ferro,sem_dado,0.05,tiktok_seller_center,0,0,0,0,,,0.0,0.0,0,0.0,1,0,0.0,1,2026-03,2026-03
LIZIEBRAGAINDICA,2026-04,2026-04-01,2026-04-30,0.0,0.0,0.0,0.0,0,0.0,0,2,0.0,Ferro,sem_dado,0.05,tiktok_seller_center,0,0,0,0,,,79.9,79.9,1,0.0,3,2,4.0,3,2026-02,2026-04
LIZMENNEZES,2026-04,2026-04-01,2026-04-30,0.0,0.0,0.0,0.0,0,0.0,1,0,0.0,Ferro,sem_dado,0.05,tiktok_seller_center,0,0,0,0,,,0.0,0.0,0,0.0,1,0,0.0,1,2026-04,2026-04
LIZSHOPP6,2026-01,2026-01-06,2026-01-31,0.0,0.0,0.0,0.0,0,0.0,1,0,0.0,Ferro,sem_dado,0.05,tiktok_seller_center,0,0,0,0,,,0.0,0.0,0,0.0,1,0,0.0,1,2026-01,2026-01
LIZZSOUZA1000,2026-04,2026-04-01,2026-04-30,0.0,0.0,0.0,0.0,0,0.0,0,2,0.0,Ferro,sem_dado,0.05,tiktok_seller_center,0,0,0,0,,,0.0,0.0,0,0.0,0,4,0.0,2,2026-03,2026-04
LKMENGO,2026-03,2026-03-01,2026-03-31,0.0,0.0,0.0,0.0,0,0.0,4,0,0.0,Ferro,sem_dado,0.05,tiktok_seller_center,0,0,0,0,,,0.0,0.0,0,0.0,4,0,0.0,1,2026-03,2026-03
LMECVFIVX6,2026-04,2026-04-01,2026-04-30,0.0,0.0,0.0,0.0,0,0.0,0,11,0.0,Ferro,sem_dado,0.05,tiktok_seller_center,0,0,0,0,,,0.0,0.0,0,0.0,0,23,0.0,2,2026-03,2026-04
LNJBN,2026-04,2026-04-01,2026-04-30,0.0,0.0,0.0,0.0,0,0.0,1,0,0.0,Ferro,sem_dado,0.05,tiktok_seller_center,0,0,0,0,,,83.1,83.1,1,0.0,1,0,4.16,2,2026-03,2026-04
LO.ORRAYNE,2026-01,2026-01-06,2026-01-31,0.0,0.0,0.0,0.0,0,0.0,1,0,0.0,Ferro,sem_dado,0.05,tiktok_seller_center,0,0,0,0,,,0.0,0.0,0,0.0,1,0,0.0,1,2026-01,2026-01
LO815686,2026-03,2026-03-01,2026-03-31,0.0,0.0,0.0,0.0,0,0.0,2,0,0.0,Ferro,sem_dado,0.05,tiktok_seller_center,0,0,0,0,,,0.0,0.0,0,0.0,2,0,0.0,1,2026-03,2026-03
LOAMI.NAAMA,2026-04,2026-04-01,2026-04-30,0.0,0.0,0.0,0.0,0,0.0,0,1,0.0,Ferro,sem_dado,0.05,tiktok_seller_center,0,0,0,0,,,159.8,159.8,2,0.0,0,71,8.0,4,2026-01,2026-04
LOGOSHOPOFC,2026-04,2026-04-01,2026-04-30,79.99,79.99,0.0,0.0,1,79.99,0,0,8.0,Ferro,sem_dado,0.05,tiktok_seller_center,1,0,1,0,,,79.99,79.99,1,0.0,0,1,4.0,2,2026-01,2026-04
LOHAANNAVERLINGUE,2026-04,2026-04-01,2026-04-30,460.84,383.34,77.5,16.82,6,76.81,6,0,47.17,Ferro,sem_dado,0.05,tiktok_seller_center,6,1,1,0,,,460.84,383.34,6,77.5,6,0,19.17,1,2026-04,2026-04
LOHANEPLE,2026-05,2026-05-01,2026-05-23,0.0,0.0,0.0,0.0,0,0.0,1,0,0.0,Ferro,sem_dado,0.05,tiktok_seller_center,,0,0,0,,0,0.0,0.0,0,0.0,1,0,0.0,1,2026-05,2026-05
LOIRAODOTT,2026-02,2026-02-01,2026-02-28,0.0,0.0,0.0,0.0,0,0.0,1,0,0.0,Ferro,sem_dado,0.05,tiktok_seller_center,0,0,0,0,,,0.0,0.0,0,0.0,1,0,0.0,1,2026-02,2026-02
LOJADALARA,2026-03,2026-03-01,2026-03-31,0.0,0.0,0.0,0.0,0,0.0,5,0,0.0,Ferro,sem_dado,0.05,tiktok_seller_center,0,0,0,0,,,0.0,0.0,0,0.0,5,0,0.0,1,2026-03,2026-03
LOJADIGITALSHOPPE,2026-03,2026-03-01,2026-03-31,0.0,0.0,0.0,0.0,0,0.0,2,0,0.0,Ferro,sem_dado,0.05,tiktok_seller_center,0,0,0,0,,,0.0,0.0,0,0.0,2,0,0.0,1,2026-03,2026-03
LOJAFEMININA15,2026-02,2026-02-01,2026-02-28,0.0,0.0,0.0,0.0,0,0.0,1,0,0.0,Ferro,sem_dado,0.05,tiktok_seller_center,0,0,0,0,,,0.0,0.0,0,0.0,1,0,0.0,1,2026-02,2026-02
LOJAGARANTIDANF,2026-04,2026-04-01,2026-04-30,0.0,0.0,0.0,0.0,0,0.0,0,2,0.0,Ferro,sem_dado,0.05,tiktok_seller_center,0,0,0,0,,,0.0,0.0,0,0.0,0,3,0.0,2,2026-03,2026-04
LOJAJULIE,2026-04,2026-04-01,2026-04-30,0.0,0.0,0.0,0.0,0,0.0,0,1,0.0,Ferro,sem_dado,0.05,tiktok_seller_center,0,0,0,0,,,0.0,0.0,0,0.0,0,1,0.0,1,2026-04,2026-04
LOJAMARY6,2026-03,2026-03-01,2026-03-31,0.0,0.0,0.0,0.0,0,0.0,0,4,0.0,Ferro,sem_dado,0.05,tiktok_seller_center,0,0,0,0,,,0.0,0.0,0,0.0,0,4,0.0,1,2026-03,2026-03
LOJAONLINEDALUCIA,2026-05,2026-05-01,2026-05-23,0.0,0.0,0.0,0.0,0,0.0,1,0,0.0,Ferro,sem_dado,0.05,tiktok_seller_center,,0,0,0,,0,0.0,0.0,0,0.0,1,0,0.0,1,2026-05,2026-05
LOJASHOWLIVE,2026-05,2026-05-01,2026-05-23,0.0,0.0,0.0,0.0,0,0.0,0,2,0.0,Ferro,sem_dado,0.05,tiktok_seller_center,,0,0,0,,0,0.0,0.0,0,0.0,0,2,0.0,1,2026-05,2026-05
LOJASROUPAS,2026-05,2026-05-01,2026-05-23,0.0,0.0,0.0,0.0,0,0.0,0,6,0.0,Ferro,sem_dado,0.05,tiktok_seller_center,0,0,0,0,,0,0.0,0.0,0,0.0,0,13,0.0,2,2026-04,2026-05
LOJASVOULEVAR,2026-03,2026-03-01,2026-03-31,0.0,0.0,0.0,0.0,0,0.0,2,0,0.0,Ferro,sem_dado,0.05,tiktok_seller_center,0,0,0,0,,,0.0,0.0,0,0.0,3,0,0.0,2,2026-02,2026-03
LOJA_LUA.SHOP02,2026-03,2026-03-01,2026-03-31,84.9,84.9,0.0,0.0,1,84.9,0,0,8.49,Ferro,sem_dado,0.05,tiktok_seller_center,1,0,1,0,,,84.9,84.9,1,0.0,0,0,4.25,1,2026-03,2026-03
LOJINH.D.AN,2026-04,2026-04-01,2026-04-30,0.0,0.0,0.0,0.0,0,0.0,0,2,0.0,Ferro,sem_dado,0.05,tiktok_seller_center,0,0,0,0,,,0.0,0.0,0,0.0,0,4,0.0,2,2026-02,2026-04
LOJINHADAVALEM,2026-03,2026-03-01,2026-03-31,0.0,0.0,0.0,0.0,0,0.0,1,0,0.0,Ferro,sem_dado,0.05,tiktok_seller_center,0,0,0,0,,,0.0,0.0,0,0.0,1,0,0.0,1,2026-03,2026-03
LOJINHA_DABELLA,2026-01,2026-01-06,2026-01-31,0.0,0.0,0.0,0.0,0,0.0,0,1,0.0,Ferro,sem_dado,0.05,tiktok_seller_center,0,0,0,0,,,0.0,0.0,0,0.0,0,1,0.0,1,2026-01,2026-01
LOOKFAVORITO,2026-01,2026-01-06,2026-01-31,0.0,0.0,0.0,0.0,0,0.0,0,2,0.0,Ferro,sem_dado,0.05,tiktok_seller_center,0,0,0,0,,,0.0,0.0,0,0.0,0,2,0.0,1,2026-01,2026-01
LOOKFITFEMININO,2026-03,2026-03-01,2026-03-31,0.0,0.0,0.0,0.0,0,0.0,1,0,0.0,Ferro,sem_dado,0.05,tiktok_seller_center,0,0,0,0,,,0.0,0.0,0,0.0,1,0,0.0,1,2026-03,2026-03
LOOKSDANATHY,2026-05,2026-05-01,2026-05-23,0.0,0.0,0.0,0.0,0,0.0,1,0,0.0,Ferro,sem_dado,0.05,tiktok_seller_center,,0,0,0,,0,0.0,0.0,0,0.0,1,0,0.0,1,2026-05,2026-05
LOOKSEDECORDERYCA,2026-03,2026-03-01,2026-03-31,0.0,0.0,0.0,0.0,0,0.0,0,1,0.0,Ferro,sem_dado,0.05,tiktok_seller_center,0,0,0,0,,,0.0,0.0,0,0.0,0,1,0.0,1,2026-03,2026-03
LOOKSEDISFARCABARRIGA,2026-03,2026-03-01,2026-03-31,0.0,0.0,0.0,0.0,0,0.0,1,2,0.0,Ferro,sem_dado,0.05,tiktok_seller_center,0,0,0,0,,,0.0,0.0,0,0.0,1,2,0.0,1,2026-03,2026-03
LOOKSISADORA,2026-03,2026-03-01,2026-03-31,0.0,0.0,0.0,0.0,0,0.0,1,0,0.0,Ferro,sem_dado,0.05,tiktok_seller_center,0,0,0,0,,,0.0,0.0,0,0.0,1,0,0.0,1,2026-03,2026-03
LOPESPATI,2026-03,2026-03-01,2026-03-31,0.0,0.0,0.0,0.0,0,0.0,0,5,0.0,Ferro,sem_dado,0.05,tiktok_seller_center,0,0,0,0,,,0.0,0.0,0,0.0,0,5,0.0,1,2026-03,2026-03
LOPESPATRICIAA,2026-02,2026-02-01,2026-02-28,0.0,0.0,0.0,0.0,0,0.0,0,2,0.0,Ferro,sem_dado,0.05,tiktok_seller_center,0,0,0,0,,,0.0,0.0,0,0.0,0,2,0.0,1,2026-02,2026-02
LORA7340,2026-05,2026-05-01,2026-05-23,0.0,0.0,0.0,0.0,0,0.0,0,1,0.0,Ferro,sem_dado,0.05,tiktok_seller_center,0,0,0,0,,0,0.0,0.0,0,0.0,0,2,0.0,2,2026-03,2026-05
LORENAOLIVEIRACHADINHOS,2026-02,2026-02-01,2026-02-28,0.0,0.0,0.0,0.0,0,0.0,0,1,0.0,Ferro,sem_dado,0.05,tiktok_seller_center,0,0,0,0,,,0.0,0.0,0,0.0,0,1,0.0,1,2026-02,2026-02
LORENNALIZOT,2026-02,2026-02-01,2026-02-28,81.9,81.9,0.0,0.0,1,81.9,0,0,7.99,Ferro,sem_dado,0.05,tiktok_seller_center,1,0,1,0,,,81.9,81.9,1,0.0,0,0,4.1,1,2026-02,2026-02
LORIARTUZO,2026-05,2026-05-01,2026-05-23,0.0,0.0,0.0,0.0,0,0.0,4,3,0.0,Ferro,sem_dado,0.05,tiktok_seller_center,,0,0,0,,0,0.0,0.0,0,0.0,4,3,0.0,1,2026-05,2026-05
LORRAINE.RMENDES,2026-03,2026-03-01,2026-03-31,0.0,0.0,0.0,0.0,0,0.0,0,2,0.0,Ferro,sem_dado,0.05,tiktok_seller_center,0,0,0,0,,,0.0,0.0,0,0.0,0,2,0.0,1,2026-03,2026-03
LORRAINE.SHOP,2026-03,2026-03-01,2026-03-31,0.0,0.0,0.0,0.0,0,0.0,0,3,0.0,Ferro,sem_dado,0.05,tiktok_seller_center,0,0,0,0,,,0.0,0.0,0,0.0,0,3,0.0,1,2026-03,2026-03
LORRANE.NAIL,2026-05,2026-05-01,2026-05-23,0.0,0.0,0.0,0.0,0,0.0,0,2,0.0,Ferro,sem_dado,0.05,tiktok_seller_center,,0,0,0,,0,0.0,0.0,0,0.0,0,2,0.0,1,2026-05,2026-05
LORRANERECOMENDA,2026-04,2026-04-01,2026-04-30,0.0,0.0,0.0,0.0,0,0.0,2,3,0.0,Ferro,sem_dado,0.05,tiktok_seller_center,0,0,0,0,,,0.0,0.0,0,0.0,2,3,0.0,1,2026-04,2026-04
LORRANYDUTRA.1,2026-05,2026-05-01,2026-05-23,0.0,0.0,0.0,0.0,0,0.0,0,3,0.0,Ferro,sem_dado,0.05,tiktok_seller_center,0,0,0,0,,0,0.0,0.0,0,0.0,0,4,0.0,2,2026-04,2026-05
LORRAYNEPALMEIDA,2026-05,2026-05-01,2026-05-23,0.0,0.0,0.0,0.0,0,0.0,0,1,0.0,Ferro,sem_dado,0.05,tiktok_seller_center,,0,0,0,,0,0.0,0.0,0,0.0,0,1,0.0,1,2026-05,2026-05
LORYS.SHOP_,2026-05,2026-05-01,2026-05-23,0.0,0.0,0.0,0.0,0,0.0,0,1,0.0,Ferro,sem_dado,0.05,tiktok_seller_center,0,0,0,0,,0,0.0,0.0,0,0.0,0,13,0.0,2,2026-04,2026-05
LOS.GIRL3,2026-04,2026-04-01,2026-04-30,0.0,0.0,0.0,0.0,0,0.0,0,3,0.0,Ferro,sem_dado,0.05,tiktok_seller_center,0,0,0,0,,,0.0,0.0,0,0.0,0,5,0.0,2,2026-03,2026-04
LOUCASPORBELEZAS,2026-04,2026-04-01,2026-04-30,87.4,87.4,0.0,0.0,1,87.4,6,0,6.39,Ferro,sem_dado,0.05,tiktok_seller_center,1,0,1,0,,,87.4,87.4,1,0.0,6,0,4.37,1,2026-04,2026-04
LOUISECITOU,2026-05,2026-05-01,2026-05-23,92.05,92.05,0.0,0.0,1,92.05,0,1,7.99,Ferro,sem_dado,0.05,tiktok_seller_center,0,0,1,0,,1,172.75,172.75,2,0.0,4,2,8.64,3,2026-03,2026-05
LOUISEMODAS,2026-01,2026-01-06,2026-01-31,0.0,0.0,0.0,0.0,0,0.0,2,0,0.0,Ferro,sem_dado,0.05,tiktok_seller_center,0,0,0,0,,,0.0,0.0,0,0.0,2,0,0.0,1,2026-01,2026-01
LOUISSANTOSM,2026-05,2026-05-01,2026-05-23,0.0,0.0,0.0,0.0,0,0.0,0,2,0.0,Ferro,sem_dado,0.05,tiktok_seller_center,,0,0,0,,0,0.0,0.0,0,0.0,0,2,0.0,1,2026-05,2026-05
LOURINSHOP,2026-01,2026-01-06,2026-01-31,0.0,0.0,0.0,0.0,0,0.0,1,0,0.0,Ferro,sem_dado,0.05,tiktok_seller_center,0,0,0,0,,,0.0,0.0,0,0.0,1,0,0.0,1,2026-01,2026-01
LOZERSHOP,2026-03,2026-03-01,2026-03-31,0.0,0.0,0.0,0.0,0,0.0,1,0,0.0,Ferro,sem_dado,0.05,tiktok_seller_center,0,0,0,0,,,0.0,0.0,0,0.0,1,0,0.0,1,2026-03,2026-03
LOZERSHOP.SHOPPE,2026-04,2026-04-01,2026-04-30,67.34,67.34,0.0,0.0,1,67.34,0,0,7.15,Ferro,sem_dado,0.05,tiktok_seller_center,1,0,1,0,,,147.24,147.24,2,0.0,6,2,7.37,3,2026-02,2026-04
LSTIKTOKSHOP1,2026-01,2026-01-06,2026-01-31,0.0,0.0,0.0,0.0,0,0.0,1,0,0.0,Ferro,sem_dado,0.05,tiktok_seller_center,0,0,0,0,,,0.0,0.0,0,0.0,1,0,0.0,1,2026-01,2026-01
LU.FLOR.MORENA.AC,2026-04,2026-04-01,2026-04-30,0.0,0.0,0.0,0.0,0,0.0,0,1,0.0,Ferro,sem_dado,0.05,tiktok_seller_center,0,0,0,0,,,0.0,0.0,0,0.0,0,9,0.0,3,2026-02,2026-04
LU483356,2026-03,2026-03-01,2026-03-31,0.0,0.0,0.0,0.0,0,0.0,1,0,0.0,Ferro,sem_dado,0.05,tiktok_seller_center,0,0,0,0,,,0.0,0.0,0,0.0,1,0,0.0,1,2026-03,2026-03
LUA.NOTIKTOKSHOP,2026-05,2026-05-01,2026-05-23,0.0,0.0,0.0,0.0,0,0.0,1,0,0.0,Ferro,sem_dado,0.05,tiktok_seller_center,,0,0,0,,0,0.0,0.0,0,0.0,1,0,0.0,1,2026-05,2026-05
LUA.SMIRANDA,2026-03,2026-03-01,2026-03-31,0.0,0.0,0.0,0.0,0,0.0,0,2,0.0,Ferro,sem_dado,0.05,tiktok_seller_center,0,0,0,0,,,0.0,0.0,0,0.0,1,4,0.0,2,2026-02,2026-03
LUAANDRADE56,2026-03,2026-03-01,2026-03-31,0.0,0.0,0.0,0.0,0,0.0,2,0,0.0,Ferro,sem_dado,0.05,tiktok_seller_center,0,0,0,0,,,0.0,0.0,0,0.0,2,0,0.0,1,2026-03,2026-03
LUACHADINH0S,2026-04,2026-04-01,2026-04-30,0.0,0.0,0.0,0.0,0,0.0,1,0,0.0,Ferro,sem_dado,0.05,tiktok_seller_center,0,0,0,0,,,0.0,0.0,0,0.0,1,0,0.0,1,2026-04,2026-04
LUADALU,2026-01,2026-01-06,2026-01-31,0.0,0.0,0.0,0.0,0,0.0,1,0,0.0,Ferro,sem_dado,0.05,tiktok_seller_center,0,0,0,0,,,0.0,0.0,0,0.0,1,0,0.0,1,2026-01,2026-01
LUAINDICA2,2026-05,2026-05-01,2026-05-23,0.0,0.0,0.0,0.0,0,0.0,0,3,0.0,Ferro,sem_dado,0.05,tiktok_seller_center,0,0,0,0,,0,0.0,0.0,0,0.0,0,14,0.0,3,2026-03,2026-05
LUANA.D,2026-03,2026-03-01,2026-03-31,0.0,0.0,0.0,0.0,0,0.0,0,1,0.0,Ferro,sem_dado,0.05,tiktok_seller_center,0,0,0,0,,,0.0,0.0,0,0.0,0,1,0.0,1,2026-03,2026-03
LUANABENITE_,2026-05,2026-05-01,2026-05-23,0.0,0.0,0.0,0.0,0,0.0,0,1,0.0,Ferro,sem_dado,0.05,tiktok_seller_center,,0,0,0,,0,0.0,0.0,0,0.0,0,1,0.0,1,2026-05,2026-05
LUANACUSTODIIOO,2026-01,2026-01-06,2026-01-31,0.0,0.0,0.0,0.0,0,0.0,0,1,0.0,Ferro,sem_dado,0.05,tiktok_seller_center,0,0,0,0,,,0.0,0.0,0,0.0,0,1,0.0,1,2026-01,2026-01
LUANADAVEIGAGUTZ,2026-03,2026-03-01,2026-03-31,0.0,0.0,0.0,0.0,0,0.0,0,2,0.0,Ferro,sem_dado,0.05,tiktok_seller_center,0,0,0,0,,,0.0,0.0,0,0.0,0,2,0.0,1,2026-03,2026-03
LUANADICASSHOP,2026-03,2026-03-01,2026-03-31,0.0,0.0,0.0,0.0,0,0.0,1,0,0.0,Ferro,sem_dado,0.05,tiktok_seller_center,0,0,0,0,,,0.0,0.0,0,0.0,1,0,0.0,1,2026-03,2026-03
LUANAGLESSI,2026-02,2026-02-01,2026-02-28,0.0,0.0,0.0,0.0,0,0.0,0,1,0.0,Ferro,sem_dado,0.05,tiktok_seller_center,0,0,0,0,,,0.0,0.0,0,0.0,0,1,0.0,1,2026-02,2026-02
LUANAINDICAMODA,2026-05,2026-05-01,2026-05-23,0.0,0.0,0.0,0.0,0,0.0,14,10,0.0,Ferro,sem_dado,0.05,tiktok_seller_center,,0,0,0,,0,0.0,0.0,0,0.0,14,10,0.0,1,2026-05,2026-05
LUANAINDICA_,2026-03,2026-03-01,2026-03-31,0.0,0.0,0.0,0.0,0,0.0,0,2,0.0,Ferro,sem_dado,0.05,tiktok_seller_center,0,0,0,0,,,0.0,0.0,0,0.0,0,2,0.0,1,2026-03,2026-03
LUANAINDICA_MODAEBELEZA,2026-04,2026-04-01,2026-04-30,74.16,74.16,0.0,0.0,1,74.16,2,8,7.99,Ferro,sem_dado,0.05,tiktok_seller_center,1,0,1,0,,,74.16,74.16,1,0.0,2,8,3.71,1,2026-04,2026-04
LUANAMAGNACARDOSO,2026-05,2026-05-01,2026-05-23,94.27,94.27,0.0,0.0,1,94.27,0,3,7.99,Ferro,sem_dado,0.05,tiktok_seller_center,3,0,1,0,,1,569.18,569.18,7,0.0,12,29,28.46,3,2026-03,2026-05
LUANANOVAES04,2026-04,2026-04-01,2026-04-30,0.0,0.0,0.0,0.0,0,0.0,0,4,0.0,Ferro,sem_dado,0.05,tiktok_seller_center,0,0,0,0,,,0.0,0.0,0,0.0,0,9,0.0,3,2026-02,2026-04
LUANAOLIVEIRA3260,2026-05,2026-05-01,2026-05-23,0.0,0.0,0.0,0.0,0,0.0,0,1,0.0,Ferro,sem_dado,0.05,tiktok_seller_center,0,0,0,0,,0,0.0,0.0,0,0.0,0,3,0.0,2,2026-02,2026-05
LUANAPANIGASSI,2026-03,2026-03-01,2026-03-31,0.0,0.0,0.0,0.0,0,0.0,0,1,0.0,Ferro,sem_dado,0.05,tiktok_seller_center,0,0,0,0,,,0.0,0.0,0,0.0,0,3,0.0,2,2026-02,2026-03
LUANAPRIH,2026-03,2026-03-01,2026-03-31,0.0,0.0,0.0,0.0,0,0.0,3,0,0.0,Ferro,sem_dado,0.05,tiktok_seller_center,0,0,0,0,,,0.0,0.0,0,0.0,3,0,0.0,1,2026-03,2026-03
LUANAREIS320,2026-03,2026-03-01,2026-03-31,0.0,0.0,0.0,0.0,0,0.0,1,0,0.0,Ferro,sem_dado,0.05,tiktok_seller_center,0,0,0,0,,,0.0,0.0,0,0.0,1,0,0.0,1,2026-03,2026-03
LUANARIBEIROJOIAS,2026-05,2026-05-01,2026-05-23,85.1,85.1,0.0,0.0,1,85.1,2,2,6.39,Ferro,sem_dado,0.05,tiktok_seller_center,0,0,1,0,,1,165.0,165.0,2,0.0,12,4,8.25,4,2026-02,2026-05
LUANAROCHA.CREATOR,2026-02,2026-02-01,2026-02-28,0.0,0.0,0.0,0.0,0,0.0,2,0,0.0,Ferro,sem_dado,0.05,tiktok_seller_center,0,0,0,0,,,0.0,0.0,0,0.0,2,0,0.0,1,2026-02,2026-02
LUANAROSAV,2026-05,2026-05-01,2026-05-23,0.0,0.0,0.0,0.0,0,0.0,0,1,0.0,Ferro,sem_dado,0.05,tiktok_seller_center,0,0,0,0,,0,79.9,0.0,1,79.9,15,1,0.0,4,2026-02,2026-05
LUANASILVA_AS,2026-03,2026-03-01,2026-03-31,0.0,0.0,0.0,0.0,0,0.0,1,0,0.0,Ferro,sem_dado,0.05,tiktok_seller_center,0,0,0,0,,,0.0,0.0,0,0.0,6,0,0.0,3,2026-01,2026-03
LUANA_BRASIL_,2026-03,2026-03-01,2026-03-31,0.0,0.0,0.0,0.0,0,0.0,2,4,0.0,Ferro,sem_dado,0.05,tiktok_seller_center,0,0,0,0,,,147.82,147.82,2,0.0,16,20,7.39,3,2026-01,2026-03
LUANE.OLIVEIRAS,2026-05,2026-05-01,2026-05-23,0.0,0.0,0.0,0.0,0,0.0,0,3,0.0,Ferro,sem_dado,0.05,tiktok_seller_center,,0,0,0,,0,0.0,0.0,0,0.0,0,3,0.0,1,2026-05,2026-05
LUANEPASSARONI,2026-04,2026-04-01,2026-04-30,0.0,0.0,0.0,0.0,0,0.0,8,1,0.0,Ferro,sem_dado,0.05,tiktok_seller_center,0,0,0,0,,,0.0,0.0,0,0.0,8,1,0.0,1,2026-04,2026-04
LUANNASHOP3,2026-05,2026-05-01,2026-05-23,0.0,0.0,0.0,0.0,0,0.0,1,0,0.0,Ferro,sem_dado,0.05,tiktok_seller_center,,0,0,0,,0,0.0,0.0,0,0.0,1,0,0.0,1,2026-05,2026-05
LUAN_ALINE_INDICA,2026-05,2026-05-01,2026-05-23,0.0,0.0,0.0,0.0,0,0.0,0,2,0.0,Ferro,sem_dado,0.05,tiktok_seller_center,,0,0,0,,0,0.0,0.0,0,0.0,0,2,0.0,1,2026-05,2026-05
LUARA.VENANCIO,2026-05,2026-05-01,2026-05-23,0.0,0.0,0.0,0.0,0,0.0,0,5,0.0,Ferro,sem_dado,0.05,tiktok_seller_center,0,0,0,0,,0,0.0,0.0,0,0.0,0,12,0.0,3,2026-03,2026-05
LUASANTOS9761,2026-03,2026-03-01,2026-03-31,0.0,0.0,0.0,0.0,0,0.0,2,0,0.0,Ferro,sem_dado,0.05,tiktok_seller_center,0,0,0,0,,,0.0,0.0,0,0.0,2,0,0.0,1,2026-03,2026-03
LUASENA20,2026-05,2026-05-01,2026-05-23,0.0,0.0,0.0,0.0,0,0.0,0,1,0.0,Ferro,sem_dado,0.05,tiktok_seller_center,0,0,0,0,,0,0.0,0.0,0,0.0,0,17,0.0,3,2026-02,2026-05
LUCASGANERS,2026-01,2026-01-06,2026-01-31,0.0,0.0,0.0,0.0,0,0.0,1,0,0.0,Ferro,sem_dado,0.05,tiktok_seller_center,0,0,0,0,,,0.0,0.0,0,0.0,1,0,0.0,1,2026-01,2026-01
LUCASLIVESHOP,2026-04,2026-04-01,2026-04-30,0.0,0.0,0.0,0.0,0,0.0,0,2,0.0,Ferro,sem_dado,0.05,tiktok_seller_center,0,0,0,0,,,0.0,0.0,0,0.0,0,2,0.0,1,2026-04,2026-04
LUCCIANAGOMEES,2026-01,2026-01-06,2026-01-31,0.0,0.0,0.0,0.0,0,0.0,0,5,0.0,Ferro,sem_dado,0.05,tiktok_seller_center,0,0,0,0,,,0.0,0.0,0,0.0,0,5,0.0,1,2026-01,2026-01
LUCELIAAVILAR,2026-04,2026-04-01,2026-04-30,0.0,0.0,0.0,0.0,0,0.0,0,1,0.0,Ferro,sem_dado,0.05,tiktok_seller_center,0,0,0,0,,,224.83,224.83,2,0.0,0,44,11.24,4,2026-01,2026-04
LUCENALC51,2026-04,2026-04-01,2026-04-30,0.0,0.0,0.0,0.0,0,0.0,0,3,0.0,Ferro,sem_dado,0.05,tiktok_seller_center,0,0,0,0,,,0.0,0.0,0,0.0,0,3,0.0,1,2026-04,2026-04
LUCIABORGESINDICA,2026-05,2026-05-01,2026-05-23,0.0,0.0,0.0,0.0,0,0.0,0,5,0.0,Ferro,sem_dado,0.05,tiktok_seller_center,1,0,0,0,,0,93.48,93.48,1,0.0,0,10,4.67,2,2026-04,2026-05
LUCIAHELENAACOSTA,2026-05,2026-05-01,2026-05-23,0.0,0.0,0.0,0.0,0,0.0,0,2,0.0,Ferro,sem_dado,0.05,tiktok_seller_center,,0,0,0,,0,0.0,0.0,0,0.0,0,2,0.0,1,2026-05,2026-05
LUCIAINDICAA,2026-03,2026-03-01,2026-03-31,0.0,0.0,0.0,0.0,0,0.0,0,7,0.0,Ferro,sem_dado,0.05,tiktok_seller_center,0,0,0,0,,,0.0,0.0,0,0.0,0,7,0.0,1,2026-03,2026-03
LUCIANA.F.SOUZA1300,2026-04,2026-04-01,2026-04-30,0.0,0.0,0.0,0.0,0,0.0,1,0,0.0,Ferro,sem_dado,0.05,tiktok_seller_center,0,0,0,0,,,93.1,93.1,1,0.0,2,0,4.66,2,2026-02,2026-04
LUCIANA.PERON56,2026-05,2026-05-01,2026-05-23,0.0,0.0,0.0,0.0,0,0.0,0,2,0.0,Ferro,sem_dado,0.05,tiktok_seller_center,,0,0,0,,0,0.0,0.0,0,0.0,0,2,0.0,1,2026-05,2026-05
LUCIANAALMEIDAA,2026-03,2026-03-01,2026-03-31,0.0,0.0,0.0,0.0,0,0.0,0,3,0.0,Ferro,sem_dado,0.05,tiktok_seller_center,0,0,0,0,,,0.0,0.0,0,0.0,0,10,0.0,3,2026-01,2026-03
LUCIANACJONES,2026-03,2026-03-01,2026-03-31,0.0,0.0,0.0,0.0,0,0.0,5,0,0.0,Ferro,sem_dado,0.05,tiktok_seller_center,0,0,0,0,,,0.0,0.0,0,0.0,5,0,0.0,1,2026-03,2026-03
LUCIANAJANUARIOO,2026-05,2026-05-01,2026-05-23,0.0,0.0,0.0,0.0,0,0.0,0,2,0.0,Ferro,sem_dado,0.05,tiktok_seller_center,,0,0,0,,0,0.0,0.0,0,0.0,0,2,0.0,1,2026-05,2026-05
LUCIANAJANUARIO_,2026-05,2026-05-01,2026-05-23,112.5,112.5,0.0,0.0,1,112.5,3,45,7.59,Ferro,sem_dado,0.05,tiktok_seller_center,0,0,1,1,,1,178.64,112.5,2,66.14,7,168,5.62,4,2026-02,2026-05
LUCIANALACERDASANTOS,2026-05,2026-05-01,2026-05-23,342.83,270.91999999999996,71.91,20.98,3,114.28,8,31,28.76,Ferro,sem_dado,0.05,tiktok_seller_center,3,1,1,0,,4,562.81,490.9,6,71.91,13,44,24.55,2,2026-04,2026-05
LUCIANALIMA0566,2026-05,2026-05-01,2026-05-23,0.0,0.0,0.0,0.0,0,0.0,0,1,0.0,Ferro,sem_dado,0.05,tiktok_seller_center,,0,0,0,,0,0.0,0.0,0,0.0,0,1,0.0,1,2026-05,2026-05
LUCIANALIMARTIST,2026-04,2026-04-01,2026-04-30,0.0,0.0,0.0,0.0,0,0.0,1,0,0.0,Ferro,sem_dado,0.05,tiktok_seller_center,0,0,0,0,,,0.0,0.0,0,0.0,1,0,0.0,1,2026-04,2026-04
LUCIANALU.LIMA,2026-03,2026-03-01,2026-03-31,0.0,0.0,0.0,0.0,0,0.0,3,0,0.0,Ferro,sem_dado,0.05,tiktok_seller_center,0,0,0,0,,,0.0,0.0,0,0.0,3,0,0.0,1,2026-03,2026-03
LUCIANAPASSOS447,2026-02,2026-02-01,2026-02-28,0.0,0.0,0.0,0.0,0,0.0,0,1,0.0,Ferro,sem_dado,0.05,tiktok_seller_center,0,0,0,0,,,0.0,0.0,0,0.0,0,1,0.0,1,2026-02,2026-02
LUCIANAPRADOS84,2026-05,2026-05-01,2026-05-23,0.0,-90.23,90.23,0.0,0,0.0,0,0,0.0,Ferro,sem_dado,0.05,tiktok_seller_center,1,1,0,0,,0,90.23,0.0,1,90.23,0,0,0.0,2,2026-04,2026-05
LUCIANAROQUEEVA,2026-05,2026-05-01,2026-05-23,0.0,0.0,0.0,0.0,0,0.0,0,1,0.0,Ferro,sem_dado,0.05,tiktok_seller_center,0,0,0,0,,0,0.0,0.0,0,0.0,0,14,0.0,3,2026-03,2026-05
LUCIANOLIVESHOP,2026-02,2026-02-01,2026-02-28,0.0,0.0,0.0,0.0,0,0.0,0,1,0.0,Ferro,sem_dado,0.05,tiktok_seller_center,0,0,0,0,,,0.0,0.0,0,0.0,0,2,0.0,2,2026-01,2026-02
LUCICHOP7304,2026-03,2026-03-01,2026-03-31,0.0,0.0,0.0,0.0,0,0.0,2,0,0.0,Ferro,sem_dado,0.05,tiktok_seller_center,0,0,0,0,,,0.0,0.0,0,0.0,2,0,0.0,1,2026-03,2026-03
LUCIENE.JARDIM1,2026-03,2026-03-01,2026-03-31,78.3,0.0,78.3,100.0,1,78.3,0,0,7.99,Ferro,sem_dado,0.05,tiktok_seller_center,1,1,1,0,,,78.3,0.0,1,78.3,0,0,0.0,1,2026-03,2026-03
LUCIENE.SILVA9932,2026-03,2026-03-01,2026-03-31,0.0,0.0,0.0,0.0,0,0.0,0,1,0.0,Ferro,sem_dado,0.05,tiktok_seller_center,0,0,0,0,,,0.0,0.0,0,0.0,0,1,0.0,1,2026-03,2026-03
LUCIENEBANDEIRA.SHOP,2026-03,2026-03-01,2026-03-31,0.0,0.0,0.0,0.0,0,0.0,0,12,0.0,Ferro,sem_dado,0.05,tiktok_seller_center,0,0,0,0,,,0.0,0.0,0,0.0,0,12,0.0,1,2026-03,2026-03
LUCIENEPROMOS,2026-03,2026-03-01,2026-03-31,0.0,0.0,0.0,0.0,0,0.0,1,0,0.0,Ferro,sem_dado,0.05,tiktok_seller_center,0,0,0,0,,,0.0,0.0,0,0.0,1,0,0.0,1,2026-03,2026-03
LUCIENERIOS_,2026-03,2026-03-01,2026-03-31,0.0,0.0,0.0,0.0,0,0.0,0,2,0.0,Ferro,sem_dado,0.05,tiktok_seller_center,0,0,0,0,,,0.0,0.0,0,0.0,0,2,0.0,1,2026-03,2026-03
LUCIIANADEALMEIDA,2026-03,2026-03-01,2026-03-31,0.0,0.0,0.0,0.0,0,0.0,0,1,0.0,Ferro,sem_dado,0.05,tiktok_seller_center,0,0,0,0,,,0.0,0.0,0,0.0,0,1,0.0,1,2026-03,2026-03
LUCILEGOMES.FEM,2026-04,2026-04-01,2026-04-30,0.0,0.0,0.0,0.0,0,0.0,0,2,0.0,Ferro,sem_dado,0.05,tiktok_seller_center,0,0,0,0,,,0.0,0.0,0,0.0,0,2,0.0,1,2026-04,2026-04
LUCIMAR.F.RAMOS.R,2026-03,2026-03-01,2026-03-31,0.0,0.0,0.0,0.0,0,0.0,0,1,0.0,Ferro,sem_dado,0.05,tiktok_seller_center,0,0,0,0,,,0.0,0.0,0,0.0,0,2,0.0,2,2026-02,2026-03
LUCIMARA.SANTOS102,2026-05,2026-05-01,2026-05-23,0.0,0.0,0.0,0.0,0,0.0,0,5,0.0,Ferro,sem_dado,0.05,tiktok_seller_center,0,0,0,0,,0,0.0,0.0,0,0.0,2,8,0.0,3,2026-03,2026-05
LUCINHA_TIKTOKSHOP,2026-03,2026-03-01,2026-03-31,0.0,0.0,0.0,0.0,0,0.0,0,1,0.0,Ferro,sem_dado,0.05,tiktok_seller_center,0,0,0,0,,,0.0,0.0,0,0.0,0,1,0.0,1,2026-03,2026-03
LUCIVANRECOMENDA_SHOP,2026-04,2026-04-01,2026-04-30,0.0,0.0,0.0,0.0,0,0.0,0,2,0.0,Ferro,sem_dado,0.05,tiktok_seller_center,0,0,0,0,,,0.0,0.0,0,0.0,0,65,0.0,3,2026-02,2026-04
LUCKISTOREBR,2026-04,2026-04-01,2026-04-30,0.0,0.0,0.0,0.0,0,0.0,1,0,0.0,Ferro,sem_dado,0.05,tiktok_seller_center,0,0,0,0,,,0.0,0.0,0,0.0,1,0,0.0,1,2026-04,2026-04
LUCUNHA_MODA,2026-04,2026-04-01,2026-04-30,0.0,0.0,0.0,0.0,0,0.0,0,6,0.0,Ferro,sem_dado,0.05,tiktok_seller_center,0,0,0,0,,,0.0,0.0,0,0.0,0,6,0.0,1,2026-04,2026-04
LUDDEBY,2026-05,2026-05-01,2026-05-23,0.0,0.0,0.0,0.0,0,0.0,1,0,0.0,Ferro,sem_dado,0.05,tiktok_seller_center,0,0,0,0,,0,0.0,0.0,0,0.0,6,12,0.0,4,2026-01,2026-05
LUDIMILABITENCOURT,2026-03,2026-03-01,2026-03-31,0.0,0.0,0.0,0.0,0,0.0,0,1,0.0,Ferro,sem_dado,0.05,tiktok_seller_center,0,0,0,0,,,79.9,79.9,1,0.0,0,5,4.0,2,2026-01,2026-03
LUDMILHABRITO,2026-04,2026-04-01,2026-04-30,0.0,0.0,0.0,0.0,0,0.0,0,1,0.0,Ferro,sem_dado,0.05,tiktok_seller_center,0,0,0,0,,,0.0,0.0,0,0.0,0,1,0.0,1,2026-04,2026-04
LUENE,2026-04,2026-04-01,2026-04-30,0.0,0.0,0.0,0.0,0,0.0,1,0,0.0,Ferro,sem_dado,0.05,tiktok_seller_center,0,0,0,0,,,0.0,0.0,0,0.0,1,0,0.0,1,2026-04,2026-04
LUFERNADESOFICIAL,2026-02,2026-02-01,2026-02-28,0.0,0.0,0.0,0.0,0,0.0,0,1,0.0,Ferro,sem_dado,0.05,tiktok_seller_center,0,0,0,0,,,0.0,0.0,0,0.0,0,1,0.0,1,2026-02,2026-02
LUGANDA0,2026-05,2026-05-01,2026-05-23,0.0,0.0,0.0,0.0,0,0.0,0,1,0.0,Ferro,sem_dado,0.05,tiktok_seller_center,0,0,0,0,,0,0.0,0.0,0,0.0,1,1,0.0,2,2026-03,2026-05
LUGARDASOBERANA,2026-04,2026-04-01,2026-04-30,0.0,0.0,0.0,0.0,0,0.0,0,1,0.0,Ferro,sem_dado,0.05,tiktok_seller_center,0,0,0,0,,,0.0,0.0,0,0.0,0,1,0.0,1,2026-04,2026-04
LUGILINDICA,2026-03,2026-03-01,2026-03-31,0.0,0.0,0.0,0.0,0,0.0,1,0,0.0,Ferro,sem_dado,0.05,tiktok_seller_center,0,0,0,0,,,0.0,0.0,0,0.0,1,0,0.0,1,2026-03,2026-03
LUH.ACHADINHOS4,2026-02,2026-02-01,2026-02-28,0.0,0.0,0.0,0.0,0,0.0,0,1,0.0,Ferro,sem_dado,0.05,tiktok_seller_center,0,0,0,0,,,0.0,0.0,0,0.0,0,1,0.0,1,2026-02,2026-02
LUH.LUKAMARAL,2026-03,2026-03-01,2026-03-31,0.0,0.0,0.0,0.0,0,0.0,2,0,0.0,Ferro,sem_dado,0.05,tiktok_seller_center,0,0,0,0,,,0.0,0.0,0,0.0,2,0,0.0,1,2026-03,2026-03
LUH.RODRIIGUES,2026-03,2026-03-01,2026-03-31,0.0,0.0,0.0,0.0,0,0.0,0,1,0.0,Ferro,sem_dado,0.05,tiktok_seller_center,0,0,0,0,,,0.0,0.0,0,0.0,0,1,0.0,1,2026-03,2026-03
LUHACHADINHS,2026-03,2026-03-01,2026-03-31,0.0,0.0,0.0,0.0,0,0.0,0,1,0.0,Ferro,sem_dado,0.05,tiktok_seller_center,0,0,0,0,,,0.0,0.0,0,0.0,0,1,0.0,1,2026-03,2026-03
LUHCOSTA158,2026-02,2026-02-01,2026-02-28,0.0,0.0,0.0,0.0,0,0.0,0,2,0.0,Ferro,sem_dado,0.05,tiktok_seller_center,0,0,0,0,,,0.0,0.0,0,0.0,0,2,0.0,1,2026-02,2026-02
LUHHCR,2026-03,2026-03-01,2026-03-31,0.0,0.0,0.0,0.0,0,0.0,3,0,0.0,Ferro,sem_dado,0.05,tiktok_seller_center,0,0,0,0,,,0.0,0.0,0,0.0,3,0,0.0,1,2026-03,2026-03
LUHOFIX,2026-05,2026-05-01,2026-05-23,0.0,0.0,0.0,0.0,0,0.0,2,0,0.0,Ferro,sem_dado,0.05,tiktok_seller_center,,0,0,0,,0,0.0,0.0,0,0.0,2,0,0.0,1,2026-05,2026-05
LUHRECONENDA,2026-03,2026-03-01,2026-03-31,0.0,-84.49,84.49,0.0,0,0.0,0,0,0.0,Ferro,sem_dado,0.05,tiktok_seller_center,0,1,0,0,,,84.49,0.0,1,84.49,0,0,0.0,2,2026-02,2026-03
LUINDICA54,2026-05,2026-05-01,2026-05-23,0.0,0.0,0.0,0.0,0,0.0,0,11,0.0,Ferro,sem_dado,0.05,tiktok_seller_center,0,0,0,0,,0,0.0,0.0,0,0.0,0,39,0.0,2,2026-04,2026-05
LUISCARLOS.CREATOR,2026-02,2026-02-01,2026-02-28,0.0,0.0,0.0,0.0,0,0.0,1,0,0.0,Ferro,sem_dado,0.05,tiktok_seller_center,0,0,0,0,,,0.0,0.0,0,0.0,1,0,0.0,1,2026-02,2026-02
LUISHENRIQUECDR1,2026-01,2026-01-06,2026-01-31,0.0,0.0,0.0,0.0,0,0.0,1,0,0.0,Ferro,sem_dado,0.05,tiktok_seller_center,0,0,0,0,,,0.0,0.0,0,0.0,1,0,0.0,1,2026-01,2026-01
LUISHOPZ,2026-02,2026-02-01,2026-02-28,0.0,0.0,0.0,0.0,0,0.0,0,1,0.0,Ferro,sem_dado,0.05,tiktok_seller_center,0,0,0,0,,,0.0,0.0,0,0.0,0,1,0.0,1,2026-02,2026-02
LUIZA.POINT,2026-02,2026-02-01,2026-02-28,0.0,0.0,0.0,0.0,0,0.0,1,0,0.0,Ferro,sem_dado,0.05,tiktok_seller_center,0,0,0,0,,,0.0,0.0,0,0.0,1,0,0.0,1,2026-02,2026-02
LUIZAAAA384,2026-04,2026-04-01,2026-04-30,0.0,0.0,0.0,0.0,0,0.0,0,1,0.0,Ferro,sem_dado,0.05,tiktok_seller_center,0,0,0,0,,,0.0,0.0,0,0.0,0,1,0.0,1,2026-04,2026-04
LUIZACOSTA54,2026-05,2026-05-01,2026-05-23,0.0,0.0,0.0,0.0,0,0.0,0,1,0.0,Ferro,sem_dado,0.05,tiktok_seller_center,,0,0,0,,0,0.0,0.0,0,0.0,0,1,0.0,1,2026-05,2026-05
LUIZALIVINAAGUIAR,2026-03,2026-03-01,2026-03-31,0.0,0.0,0.0,0.0,0,0.0,1,0,0.0,Ferro,sem_dado,0.05,tiktok_seller_center,0,0,0,0,,,0.0,0.0,0,0.0,1,0,0.0,1,2026-03,2026-03
LUIZAMACEDOR,2026-05,2026-05-01,2026-05-23,0.0,0.0,0.0,0.0,0,0.0,0,1,0.0,Ferro,sem_dado,0.05,tiktok_seller_center,0,0,0,0,,0,0.0,0.0,0,0.0,0,2,0.0,2,2026-03,2026-05
LUIZAMB88,2026-03,2026-03-01,2026-03-31,0.0,0.0,0.0,0.0,0,0.0,0,2,0.0,Ferro,sem_dado,0.05,tiktok_seller_center,0,0,0,0,,,0.0,0.0,0,0.0,0,6,0.0,2,2026-02,2026-03
LUIZAQUARESMAA,2026-02,2026-02-01,2026-02-28,0.0,0.0,0.0,0.0,0,0.0,1,0,0.0,Ferro,sem_dado,0.05,tiktok_seller_center,0,0,0,0,,,0.0,0.0,0,0.0,1,0,0.0,1,2026-02,2026-02
LUIZATESTOU,2026-03,2026-03-01,2026-03-31,0.0,0.0,0.0,0.0,0,0.0,3,0,0.0,Ferro,sem_dado,0.05,tiktok_seller_center,0,0,0,0,,,0.0,0.0,0,0.0,3,0,0.0,1,2026-03,2026-03
LUIZAVCLEMENTE,2026-04,2026-04-01,2026-04-30,0.0,0.0,0.0,0.0,0,0.0,0,1,0.0,Ferro,sem_dado,0.05,tiktok_seller_center,0,0,0,0,,,0.0,0.0,0,0.0,0,1,0.0,1,2026-04,2026-04
LUIZCOTAINDICA,2026-03,2026-03-01,2026-03-31,0.0,0.0,0.0,0.0,0,0.0,0,1,0.0,Ferro,sem_dado,0.05,tiktok_seller_center,0,0,0,0,,,0.0,0.0,0,0.0,0,1,0.0,1,2026-03,2026-03
LUIZE_MARIA2,2026-03,2026-03-01,2026-03-31,0.0,0.0,0.0,0.0,0,0.0,1,0,0.0,Ferro,sem_dado,0.05,tiktok_seller_center,0,0,0,0,,,0.0,0.0,0,0.0,1,0,0.0,1,2026-03,2026-03
LUIZMARQUESS2,2026-04,2026-04-01,2026-04-30,0.0,0.0,0.0,0.0,0,0.0,0,2,0.0,Ferro,sem_dado,0.05,tiktok_seller_center,0,0,0,0,,,0.0,0.0,0,0.0,1,2,0.0,2,2026-02,2026-04
LUJOESTILOS,2026-05,2026-05-01,2026-05-23,0.0,0.0,0.0,0.0,0,0.0,2,0,0.0,Ferro,sem_dado,0.05,tiktok_seller_center,,0,0,0,,0,0.0,0.0,0,0.0,2,0,0.0,1,2026-05,2026-05
LUKAS.WITH.K,2026-01,2026-01-06,2026-01-31,0.0,0.0,0.0,0.0,0,0.0,4,0,0.0,Ferro,sem_dado,0.05,tiktok_seller_center,0,0,0,0,,,0.0,0.0,0,0.0,4,0,0.0,1,2026-01,2026-01
LULU.SHHOP,2026-03,2026-03-01,2026-03-31,0.0,0.0,0.0,0.0,0,0.0,0,3,0.0,Ferro,sem_dado,0.05,tiktok_seller_center,0,0,0,0,,,0.0,0.0,0,0.0,0,3,0.0,1,2026-03,2026-03
LULUPIMENTEL7,2026-04,2026-04-01,2026-04-30,0.0,0.0,0.0,0.0,0,0.0,0,1,0.0,Ferro,sem_dado,0.05,tiktok_seller_center,0,0,0,0,,,0.0,0.0,0,0.0,0,1,0.0,1,2026-04,2026-04
LULYCASTROLIMA,2026-05,2026-05-01,2026-05-23,0.0,0.0,0.0,0.0,0,0.0,1,0,0.0,Ferro,sem_dado,0.05,tiktok_seller_center,,0,0,0,,0,0.0,0.0,0,0.0,1,0,0.0,1,2026-05,2026-05
LUMENEZES_INDICA,2026-05,2026-05-01,2026-05-23,86.36,86.36,0.0,0.0,1,86.36,7,0,7.99,Ferro,sem_dado,0.05,tiktok_seller_center,2,0,1,0,,1,261.63,261.63,3,0.0,17,0,13.08,2,2026-04,2026-05
LUMINHA333,2026-04,2026-04-01,2026-04-30,0.0,0.0,0.0,0.0,0,0.0,0,8,0.0,Ferro,sem_dado,0.05,tiktok_seller_center,0,0,0,0,,,0.0,0.0,0,0.0,0,8,0.0,1,2026-04,2026-04
LUNA.INFLUENCER28,2026-02,2026-02-01,2026-02-28,0.0,0.0,0.0,0.0,0,0.0,1,0,0.0,Ferro,sem_dado,0.05,tiktok_seller_center,0,0,0,0,,,0.0,0.0,0,0.0,1,0,0.0,1,2026-02,2026-02
LUNA.ONLIVEE,2026-05,2026-05-01,2026-05-23,0.0,0.0,0.0,0.0,0,0.0,0,1,0.0,Ferro,sem_dado,0.05,tiktok_seller_center,1,0,0,0,,0,77.5,77.5,1,0.0,0,1,3.88,2,2026-01,2026-05
LUNAALENCAAR,2026-04,2026-04-01,2026-04-30,0.0,0.0,0.0,0.0,0,0.0,1,0,0.0,Ferro,sem_dado,0.05,tiktok_seller_center,0,0,0,0,,,0.0,0.0,0,0.0,1,0,0.0,1,2026-04,2026-04
LUNAFROSTH,2026-03,2026-03-01,2026-03-31,0.0,0.0,0.0,0.0,0,0.0,2,0,0.0,Ferro,sem_dado,0.05,tiktok_seller_center,0,0,0,0,,,0.0,0.0,0,0.0,2,0,0.0,1,2026-03,2026-03
LUNAMARIAHDAILY,2026-03,2026-03-01,2026-03-31,0.0,0.0,0.0,0.0,0,0.0,1,0,0.0,Ferro,sem_dado,0.05,tiktok_seller_center,0,0,0,0,,,0.0,0.0,0,0.0,1,0,0.0,1,2026-03,2026-03
LUNAMASSARI,2026-03,2026-03-01,2026-03-31,0.0,0.0,0.0,0.0,0,0.0,1,0,0.0,Ferro,sem_dado,0.05,tiktok_seller_center,0,0,0,0,,,0.0,0.0,0,0.0,1,0,0.0,1,2026-03,2026-03
LUNARA.SOARESS,2026-03,2026-03-01,2026-03-31,0.0,0.0,0.0,0.0,0,0.0,0,1,0.0,Ferro,sem_dado,0.05,tiktok_seller_center,0,0,0,0,,,0.0,0.0,0,0.0,0,1,0.0,1,2026-03,2026-03
LUNASHOP1112,2026-03,2026-03-01,2026-03-31,0.0,0.0,0.0,0.0,0,0.0,0,1,0.0,Ferro,sem_dado,0.05,tiktok_seller_center,0,0,0,0,,,0.0,0.0,0,0.0,0,1,0.0,1,2026-03,2026-03
LUNAYASSINE_,2026-05,2026-05-01,2026-05-23,0.0,0.0,0.0,0.0,0,0.0,3,0,0.0,Ferro,sem_dado,0.05,tiktok_seller_center,,0,0,0,,0,0.0,0.0,0,0.0,3,0,0.0,1,2026-05,2026-05
LUNNA.VIEIRAA,2026-05,2026-05-01,2026-05-23,0.0,0.0,0.0,0.0,0,0.0,1,0,0.0,Ferro,sem_dado,0.05,tiktok_seller_center,,0,0,0,,0,0.0,0.0,0,0.0,1,0,0.0,1,2026-05,2026-05
LUPORTELLAAA,2026-02,2026-02-01,2026-02-28,0.0,0.0,0.0,0.0,0,0.0,1,0,0.0,Ferro,sem_dado,0.05,tiktok_seller_center,0,0,0,0,,,0.0,0.0,0,0.0,1,0,0.0,1,2026-02,2026-02
LUSIANAJESUS1,2026-03,2026-03-01,2026-03-31,0.0,0.0,0.0,0.0,0,0.0,0,1,0.0,Ferro,sem_dado,0.05,tiktok_seller_center,0,0,0,0,,,0.0,0.0,0,0.0,0,1,0.0,1,2026-03,2026-03
LUUHVENDAS,2026-01,2026-01-06,2026-01-31,0.0,0.0,0.0,0.0,0,0.0,1,0,0.0,Ferro,sem_dado,0.05,tiktok_seller_center,0,0,0,0,,,0.0,0.0,0,0.0,1,0,0.0,1,2026-01,2026-01
LUUU.JANUARIO,2026-03,2026-03-01,2026-03-31,79.9,79.9,0.0,0.0,1,79.9,7,14,7.99,Ferro,sem_dado,0.05,tiktok_seller_center,1,0,1,0,,,79.9,79.9,1,0.0,7,14,4.0,1,2026-03,2026-03
LUVISHOPS,2026-02,2026-02-01,2026-02-28,0.0,0.0,0.0,0.0,0,0.0,2,0,0.0,Ferro,sem_dado,0.05,tiktok_seller_center,0,0,0,0,,,0.0,0.0,0,0.0,2,0,0.0,1,2026-02,2026-02
LUVITORIA__,2026-04,2026-04-01,2026-04-30,79.9,79.9,0.0,0.0,1,79.9,0,0,6.39,Ferro,sem_dado,0.05,tiktok_seller_center,1,0,1,0,,,79.9,79.9,1,0.0,0,0,4.0,1,2026-04,2026-04
LUXENOR.OFICIAL,2026-04,2026-04-01,2026-04-30,0.0,0.0,0.0,0.0,0,0.0,1,0,0.0,Ferro,sem_dado,0.05,tiktok_seller_center,0,0,0,0,,,0.0,0.0,0,0.0,1,0,0.0,1,2026-04,2026-04
LUXOEESTILOO,2026-02,2026-02-01,2026-02-28,0.0,0.0,0.0,0.0,0,0.0,1,0,0.0,Ferro,sem_dado,0.05,tiktok_seller_center,0,0,0,0,,,0.0,0.0,0,0.0,1,0,0.0,1,2026-02,2026-02
LUXOMODA2,2026-03,2026-03-01,2026-03-31,0.0,0.0,0.0,0.0,0,0.0,0,1,0.0,Ferro,sem_dado,0.05,tiktok_seller_center,0,0,0,0,,,0.0,0.0,0,0.0,0,2,0.0,2,2026-02,2026-03
LUXSHOOPP,2026-01,2026-01-06,2026-01-31,79.9,79.9,0.0,0.0,1,79.9,1,0,7.99,Ferro,sem_dado,0.05,tiktok_seller_center,1,0,1,0,,,79.9,79.9,1,0.0,1,0,4.0,1,2026-01,2026-01
LUZIAINDICA,2026-04,2026-04-01,2026-04-30,0.0,0.0,0.0,0.0,0,0.0,3,0,0.0,Ferro,sem_dado,0.05,tiktok_seller_center,0,0,0,0,,,0.0,0.0,0,0.0,3,1,0.0,2,2026-03,2026-04
LUZIAMOTADASILVASILVA,2026-05,2026-05-01,2026-05-23,0.0,0.0,0.0,0.0,0,0.0,0,1,0.0,Ferro,sem_dado,0.05,tiktok_seller_center,,0,0,0,,0,0.0,0.0,0,0.0,0,1,0.0,1,2026-05,2026-05
LUZIANAJTJE,2026-03,2026-03-01,2026-03-31,0.0,0.0,0.0,0.0,0,0.0,0,1,0.0,Ferro,sem_dado,0.05,tiktok_seller_center,0,0,0,0,,,0.0,0.0,0,0.0,0,2,0.0,2,2026-01,2026-03
LUZIASILV71,2026-03,2026-03-01,2026-03-31,0.0,0.0,0.0,0.0,0,0.0,0,2,0.0,Ferro,sem_dado,0.05,tiktok_seller_center,0,0,0,0,,,0.0,0.0,0,0.0,0,4,0.0,2,2026-02,2026-03
LUZILEIDE32,2026-02,2026-02-01,2026-02-28,0.0,0.0,0.0,0.0,0,0.0,1,0,0.0,Ferro,sem_dado,0.05,tiktok_seller_center,0,0,0,0,,,0.0,0.0,0,0.0,1,0,0.0,1,2026-02,2026-02
LUZINETE.SILVA4967,2026-04,2026-04-01,2026-04-30,0.0,0.0,0.0,0.0,0,0.0,0,3,0.0,Ferro,sem_dado,0.05,tiktok_seller_center,0,0,0,0,,,0.0,0.0,0,0.0,0,27,0.0,3,2026-02,2026-04
LU_DIAS10,2026-04,2026-04-01,2026-04-30,163.81,163.81,0.0,0.0,2,81.9,0,14,17.48,Bronze,sem_dado,0.07,tiktok_seller_center,2,0,1,0,,,4815.6900000000005,4355.71,63,459.98,52,62,294.57,4,2026-01,2026-04
LU_TKSHOP,2026-05,2026-05-01,2026-05-23,0.0,0.0,0.0,0.0,0,0.0,1,0,0.0,Ferro,sem_dado,0.05,tiktok_seller_center,0,0,0,0,,0,0.0,0.0,0,0.0,2,0,0.0,2,2026-04,2026-05
LVITORIASHOP,2026-02,2026-02-01,2026-02-28,0.0,0.0,0.0,0.0,0,0.0,1,0,0.0,Ferro,sem_dado,0.05,tiktok_seller_center,0,0,0,0,,,0.0,0.0,0,0.0,1,0,0.0,1,2026-02,2026-02
LYCIA_INDICASHOP,2026-02,2026-02-01,2026-02-28,0.0,0.0,0.0,0.0,0,0.0,0,1,0.0,Ferro,sem_dado,0.05,tiktok_seller_center,0,0,0,0,,,0.0,0.0,0,0.0,0,1,0.0,1,2026-02,2026-02
LYEKO.SHOP,2026-02,2026-02-01,2026-02-28,0.0,0.0,0.0,0.0,0,0.0,0,1,0.0,Ferro,sem_dado,0.05,tiktok_seller_center,0,0,0,0,,,0.0,0.0,0,0.0,0,1,0.0,1,2026-02,2026-02
LYGIAREAL,2026-04,2026-04-01,2026-04-30,0.0,0.0,0.0,0.0,0,0.0,0,2,0.0,Ferro,sem_dado,0.05,tiktok_seller_center,0,0,0,0,,,0.0,0.0,0,0.0,0,11,0.0,4,2026-01,2026-04
LYN.JIAYI,2026-05,2026-05-01,2026-05-23,104.49,104.49,0.0,0.0,1,104.49,0,0,7.99,Ferro,sem_dado,0.05,tiktok_seller_center,4,0,1,0,,1,428.09000000000003,428.09000000000003,5,0.0,1,8,21.4,2,2026-02,2026-05
LYNPA3,2026-03,2026-03-01,2026-03-31,0.0,0.0,0.0,0.0,0,0.0,0,1,0.0,Ferro,sem_dado,0.05,tiktok_seller_center,0,0,0,0,,,0.0,0.0,0,0.0,0,1,0.0,1,2026-03,2026-03
LYSAUHMANN,2026-04,2026-04-01,2026-04-30,0.0,0.0,0.0,0.0,0,0.0,0,1,0.0,Ferro,sem_dado,0.05,tiktok_seller_center,0,0,0,0,,,0.0,0.0,0,0.0,3,3,0.0,2,2026-03,2026-04
M.TECHERA,2026-03,2026-03-01,2026-03-31,0.0,0.0,0.0,0.0,0,0.0,5,0,0.0,Ferro,sem_dado,0.05,tiktok_seller_center,0,0,0,0,,,0.0,0.0,0,0.0,5,0,0.0,1,2026-03,2026-03
M.V.FASHION,2026-04,2026-04-01,2026-04-30,0.0,0.0,0.0,0.0,0,0.0,1,0,0.0,Ferro,sem_dado,0.05,tiktok_seller_center,0,0,0,0,,,0.0,0.0,0,0.0,1,0,0.0,1,2026-04,2026-04
M1NIMARAVILHAS,2026-03,2026-03-01,2026-03-31,159.8,69.00000000000001,90.8,56.82,2,79.9,0,0,15.98,Ferro,sem_dado,0.05,tiktok_seller_center,2,1,1,0,,,250.60000000000002,159.8,3,90.8,2,0,7.99,2,2026-02,2026-03
MAAADH_,2026-04,2026-04-01,2026-04-30,0.0,0.0,0.0,0.0,0,0.0,0,1,0.0,Ferro,sem_dado,0.05,tiktok_seller_center,0,0,0,0,,,0.0,0.0,0,0.0,0,1,0.0,1,2026-04,2026-04
MAAELVV,2026-05,2026-05-01,2026-05-23,0.0,0.0,0.0,0.0,0,0.0,13,0,0.0,Ferro,sem_dado,0.05,tiktok_seller_center,,0,0,3,,0,0.0,0.0,0,0.0,13,0,0.0,1,2026-05,2026-05
MAAH.LL,2026-05,2026-05-01,2026-05-23,0.0,0.0,0.0,0.0,0,0.0,0,1,0.0,Ferro,sem_dado,0.05,tiktok_seller_center,,0,0,0,,0,0.0,0.0,0,0.0,0,1,0.0,1,2026-05,2026-05
MAAHOFICIAL_,2026-01,2026-01-06,2026-01-31,0.0,0.0,0.0,0.0,0,0.0,1,0,0.0,Ferro,sem_dado,0.05,tiktok_seller_center,0,0,0,0,,,0.0,0.0,0,0.0,1,0,0.0,1,2026-01,2026-01
MAAITE.PACHECO73,2026-05,2026-05-01,2026-05-23,0.0,0.0,0.0,0.0,0,0.0,1,0,0.0,Ferro,sem_dado,0.05,tiktok_seller_center,,0,0,0,,0,0.0,0.0,0,0.0,1,0,0.0,1,2026-05,2026-05
MAALUOLIVEIRAA,2026-02,2026-02-01,2026-02-28,236.74,236.74,0.0,0.0,2,118.37,0,0,23.2,Ferro,sem_dado,0.05,tiktok_seller_center,3,0,1,0,,,236.74,236.74,2,0.0,0,0,11.84,1,2026-02,2026-02
MAAXDGCJGGS,2026-04,2026-04-01,2026-04-30,0.0,0.0,0.0,0.0,0,0.0,1,0,0.0,Ferro,sem_dado,0.05,tiktok_seller_center,0,0,0,0,,,0.0,0.0,0,0.0,1,0,0.0,1,2026-04,2026-04
MACIEL.BRE,2026-05,2026-05-01,2026-05-23,0.0,-95.67,95.67,0.0,0,0.0,1,0,0.0,Ferro,sem_dado,0.05,tiktok_seller_center,2,1,0,0,,0,251.35000000000002,155.68,3,95.67,16,0,7.79,3,2026-03,2026-05
MACIELDALY,2026-03,2026-03-01,2026-03-31,0.0,0.0,0.0,0.0,0,0.0,5,0,0.0,Ferro,sem_dado,0.05,tiktok_seller_center,0,0,0,0,,,0.0,0.0,0,0.0,5,0,0.0,1,2026-03,2026-03
MADALYSHOP,2026-02,2026-02-01,2026-02-28,0.0,0.0,0.0,0.0,0,0.0,2,0,0.0,Ferro,sem_dado,0.05,tiktok_seller_center,0,0,0,0,,,0.0,0.0,0,0.0,2,0,0.0,1,2026-02,2026-02
MADUSHOPCREATOR,2026-04,2026-04-01,2026-04-30,0.0,0.0,0.0,0.0,0,0.0,0,1,0.0,Ferro,sem_dado,0.05,tiktok_seller_center,0,0,0,0,,,0.0,0.0,0,0.0,0,11,0.0,3,2026-02,2026-04
MADU_ALVES763,2026-02,2026-02-01,2026-02-28,0.0,0.0,0.0,0.0,0,0.0,1,0,0.0,Ferro,sem_dado,0.05,tiktok_seller_center,0,0,0,0,,,0.0,0.0,0,0.0,1,0,0.0,1,2026-02,2026-02
MAEFILHAS.SHOP,2026-05,2026-05-01,2026-05-23,0.0,0.0,0.0,0.0,0,0.0,0,1,0.0,Ferro,sem_dado,0.05,tiktok_seller_center,0,0,0,0,,0,0.0,0.0,0,0.0,0,3,0.0,2,2026-04,2026-05
MAELYCUSTODIO,2026-04,2026-04-01,2026-04-30,159.8,159.8,0.0,0.0,2,79.9,0,0,15.98,Ferro,sem_dado,0.05,tiktok_seller_center,2,0,1,0,,,315.4,240.5,4,74.9,5,0,12.02,2,2026-03,2026-04
MAELYOLIVEIRA07,2026-04,2026-04-01,2026-04-30,0.0,0.0,0.0,0.0,0,0.0,0,1,0.0,Ferro,sem_dado,0.05,tiktok_seller_center,0,0,0,0,,,0.0,0.0,0,0.0,9,1,0.0,2,2026-03,2026-04
MAELYTIKTOKSHOPE,2026-05,2026-05-01,2026-05-23,0.0,0.0,0.0,0.0,0,0.0,1,0,0.0,Ferro,sem_dado,0.05,tiktok_seller_center,,0,0,0,,0,0.0,0.0,0,0.0,1,0,0.0,1,2026-05,2026-05
MAESADRIEANA,2026-04,2026-04-01,2026-04-30,0.0,0.0,0.0,0.0,0,0.0,0,2,0.0,Ferro,sem_dado,0.05,tiktok_seller_center,0,0,0,0,,,0.0,0.0,0,0.0,0,2,0.0,1,2026-04,2026-04
MAGA_MIH,2026-04,2026-04-01,2026-04-30,0.0,0.0,0.0,0.0,0,0.0,1,0,0.0,Ferro,sem_dado,0.05,tiktok_seller_center,0,0,0,0,,,0.0,0.0,0,0.0,2,0,0.0,2,2026-03,2026-04
MAGICSTORY03,2026-04,2026-04-01,2026-04-30,0.0,0.0,0.0,0.0,0,0.0,0,1,0.0,Ferro,sem_dado,0.05,tiktok_seller_center,0,0,0,0,,,0.0,0.0,0,0.0,0,1,0.0,1,2026-04,2026-04
MAGIC_TRAD,2026-03,2026-03-01,2026-03-31,0.0,0.0,0.0,0.0,0,0.0,1,0,0.0,Ferro,sem_dado,0.05,tiktok_seller_center,0,0,0,0,,,0.0,0.0,0,0.0,1,0,0.0,1,2026-03,2026-03
MAGSOUZA.SHOP,2026-05,2026-05-01,2026-05-23,0.0,0.0,0.0,0.0,0,0.0,4,1,0.0,Ferro,sem_dado,0.05,tiktok_seller_center,1,0,0,0,,0,79.9,79.9,1,0.0,12,3,4.0,2,2026-04,2026-05
MAH.ALMEIDA.CREATOR,2026-05,2026-05-01,2026-05-23,0.0,0.0,0.0,0.0,0,0.0,5,0,0.0,Ferro,sem_dado,0.05,tiktok_seller_center,1,0,0,0,,0,85.69,85.69,1,0.0,5,0,4.28,2,2026-03,2026-05
MAH.SANTTANA,2026-04,2026-04-01,2026-04-30,0.0,0.0,0.0,0.0,0,0.0,0,3,0.0,Ferro,sem_dado,0.05,tiktok_seller_center,0,0,0,0,,,0.0,0.0,0,0.0,0,3,0.0,1,2026-04,2026-04
MAHARASAMPAIO.L,2026-04,2026-04-01,2026-04-30,0.0,0.0,0.0,0.0,0,0.0,0,2,0.0,Ferro,sem_dado,0.05,tiktok_seller_center,0,0,0,0,,,0.0,0.0,0,0.0,0,2,0.0,1,2026-04,2026-04
MAHPACHESKI,2026-01,2026-01-06,2026-01-31,83.1,83.1,0.0,0.0,1,83.1,0,0,7.99,Ferro,sem_dado,0.05,tiktok_seller_center,1,0,1,0,,,83.1,83.1,1,0.0,0,0,4.16,1,2026-01,2026-01
MAHROBERTII,2026-05,2026-05-01,2026-05-23,0.0,0.0,0.0,0.0,0,0.0,9,0,0.0,Ferro,sem_dado,0.05,tiktok_seller_center,,0,0,0,,0,0.0,0.0,0,0.0,9,0,0.0,1,2026-05,2026-05
MAH_BAPTISTA19,2026-04,2026-04-01,2026-04-30,84.28,84.28,0.0,0.0,1,84.28,0,0,6.39,Ferro,sem_dado,0.05,tiktok_seller_center,1,0,1,0,,,84.28,84.28,1,0.0,0,0,4.21,1,2026-04,2026-04
MAIA14731,2026-04,2026-04-01,2026-04-30,0.0,0.0,0.0,0.0,0,0.0,0,3,0.0,Ferro,sem_dado,0.05,tiktok_seller_center,0,0,0,0,,,0.0,0.0,0,0.0,0,7,0.0,2,2026-03,2026-04
MAIAGONCALVES2,2026-03,2026-03-01,2026-03-31,0.0,0.0,0.0,0.0,0,0.0,2,0,0.0,Ferro,sem_dado,0.05,tiktok_seller_center,0,0,0,0,,,0.0,0.0,0,0.0,2,0,0.0,1,2026-03,2026-03
MAIARA.INFLUENCER,2026-03,2026-03-01,2026-03-31,0.0,0.0,0.0,0.0,0,0.0,1,0,0.0,Ferro,sem_dado,0.05,tiktok_seller_center,0,0,0,0,,,0.0,0.0,0,0.0,2,0,0.0,2,2026-02,2026-03
MAIARAVIEIRAP_,2026-04,2026-04-01,2026-04-30,76.33,76.33,0.0,0.0,1,76.33,0,1,6.39,Ferro,sem_dado,0.05,tiktok_seller_center,1,0,1,0,,,76.33,76.33,1,0.0,0,1,3.82,1,2026-04,2026-04
MAIATIKTOKSHOP0,2026-04,2026-04-01,2026-04-30,0.0,0.0,0.0,0.0,0,0.0,1,0,0.0,Ferro,sem_dado,0.05,tiktok_seller_center,0,0,0,0,,,0.0,0.0,0,0.0,1,0,0.0,1,2026-04,2026-04
MAICONEANDREIA,2026-05,2026-05-01,2026-05-23,53899.39,44670.42,9228.97,17.12,541,99.63,4,1,6819.15,Diamante,sem_dado,0.13,tiktok_seller_center,920,135,2,0,,775,115405.14,101599.51999999999,1380,13805.619999999999,5,16,11175.95,2,2026-04,2026-05
MAICONSANTOSCREATOR,2026-01,2026-01-06,2026-01-31,0.0,0.0,0.0,0.0,0,0.0,1,0,0.0,Ferro,sem_dado,0.05,tiktok_seller_center,0,0,0,0,,,0.0,0.0,0,0.0,1,0,0.0,1,2026-01,2026-01
MAIIARAFERREIRA__,2026-05,2026-05-01,2026-05-23,0.0,0.0,0.0,0.0,0,0.0,0,9,0.0,Ferro,sem_dado,0.05,tiktok_seller_center,0,0,0,0,,0,0.0,0.0,0,0.0,0,28,0.0,2,2026-04,2026-05
MAIORPROMOCAO,2026-05,2026-05-01,2026-05-23,0.0,0.0,0.0,0.0,0,0.0,0,2,0.0,Ferro,sem_dado,0.05,tiktok_seller_center,,0,0,0,,0,0.0,0.0,0,0.0,0,2,0.0,1,2026-05,2026-05
MAIRAGOU,2026-05,2026-05-01,2026-05-23,0.0,0.0,0.0,0.0,0,0.0,1,0,0.0,Ferro,sem_dado,0.05,tiktok_seller_center,,0,0,0,,0,0.0,0.0,0,0.0,1,0,0.0,1,2026-05,2026-05
MAIRAHCARDOSO,2026-01,2026-01-06,2026-01-31,0.0,0.0,0.0,0.0,0,0.0,0,1,0.0,Ferro,sem_dado,0.05,tiktok_seller_center,0,0,0,0,,,0.0,0.0,0,0.0,0,1,0.0,1,2026-01,2026-01
MAIRALIMAOFICIALL,2026-03,2026-03-01,2026-03-31,0.0,0.0,0.0,0.0,0,0.0,0,1,0.0,Ferro,sem_dado,0.05,tiktok_seller_center,0,0,0,0,,,0.0,0.0,0,0.0,0,10,0.0,3,2026-01,2026-03
MAIRARAMOS2026,2026-02,2026-02-01,2026-02-28,0.0,0.0,0.0,0.0,0,0.0,3,5,0.0,Ferro,sem_dado,0.05,tiktok_seller_center,0,0,0,0,,,0.0,0.0,0,0.0,3,5,0.0,1,2026-02,2026-02
MAISVENDIDOSTIKSHOP,2026-04,2026-04-01,2026-04-30,0.0,0.0,0.0,0.0,0,0.0,1,0,0.0,Ferro,sem_dado,0.05,tiktok_seller_center,0,0,0,0,,,0.0,0.0,0,0.0,1,0,0.0,1,2026-04,2026-04
MAIZAMAGALHAEX,2026-03,2026-03-01,2026-03-31,0.0,0.0,0.0,0.0,0,0.0,2,1,0.0,Ferro,sem_dado,0.05,tiktok_seller_center,0,0,0,0,,,0.0,0.0,0,0.0,2,1,0.0,1,2026-03,2026-03
MAIZA_GOMES3,2026-03,2026-03-01,2026-03-31,0.0,0.0,0.0,0.0,0,0.0,0,1,0.0,Ferro,sem_dado,0.05,tiktok_seller_center,0,0,0,0,,,0.0,0.0,0,0.0,0,2,0.0,2,2026-02,2026-03
MAJUSILVERIOG,2026-03,2026-03-01,2026-03-31,0.0,0.0,0.0,0.0,0,0.0,0,1,0.0,Ferro,sem_dado,0.05,tiktok_seller_center,0,0,0,0,,,0.0,0.0,0,0.0,0,2,0.0,2,2026-02,2026-03
MALLENADEPAULA,2026-05,2026-05-01,2026-05-23,0.0,-89.75,89.75,0.0,0,0.0,0,31,0.0,Ferro,sem_dado,0.05,tiktok_seller_center,2,1,0,0,,0,184.65,94.9,2,89.75,0,137,4.74,5,2026-01,2026-05
MALU.AN8,2026-03,2026-03-01,2026-03-31,0.0,0.0,0.0,0.0,0,0.0,0,6,0.0,Ferro,sem_dado,0.05,tiktok_seller_center,0,0,0,0,,,79.9,79.9,1,0.0,0,10,4.0,2,2026-02,2026-03
MALUBEAUTYCREATOR,2026-04,2026-04-01,2026-04-30,87.2,87.2,0.0,0.0,1,87.2,0,0,7.59,Ferro,sem_dado,0.05,tiktok_seller_center,1,0,1,0,,,87.2,87.2,1,0.0,0,0,4.36,1,2026-04,2026-04
MALUBORTELHO,2026-02,2026-02-01,2026-02-28,0.0,0.0,0.0,0.0,0,0.0,1,0,0.0,Ferro,sem_dado,0.05,tiktok_seller_center,0,0,0,0,,,0.0,0.0,0,0.0,1,0,0.0,1,2026-02,2026-02
MALUIRECOMENDA,2026-05,2026-05-01,2026-05-23,0.0,0.0,0.0,0.0,0,0.0,9,0,0.0,Ferro,sem_dado,0.05,tiktok_seller_center,,0,0,0,,0,0.0,0.0,0,0.0,9,0,0.0,1,2026-05,2026-05
MALUMENESESS,2026-01,2026-01-06,2026-01-31,0.0,0.0,0.0,0.0,0,0.0,0,1,0.0,Ferro,sem_dado,0.05,tiktok_seller_center,0,0,0,0,,,0.0,0.0,0,0.0,0,1,0.0,1,2026-01,2026-01
MAMAESDAELISAEGABRIEL,2026-03,2026-03-01,2026-03-31,0.0,0.0,0.0,0.0,0,0.0,0,12,0.0,Ferro,sem_dado,0.05,tiktok_seller_center,0,0,0,0,,,0.0,0.0,0,0.0,0,15,0.0,2,2026-02,2026-03
MAMARTINS406,2026-03,2026-03-01,2026-03-31,0.0,0.0,0.0,0.0,0,0.0,0,4,0.0,Ferro,sem_dado,0.05,tiktok_seller_center,0,0,0,0,,,0.0,0.0,0,0.0,0,4,0.0,1,2026-03,2026-03
MANDIS1982,2026-04,2026-04-01,2026-04-30,0.0,0.0,0.0,0.0,0,0.0,0,1,0.0,Ferro,sem_dado,0.05,tiktok_seller_center,0,0,0,0,,,0.0,0.0,0,0.0,0,3,0.0,2,2026-03,2026-04
MANDY.SHOPCREATOR26,2026-04,2026-04-01,2026-04-30,0.0,0.0,0.0,0.0,0,0.0,1,0,0.0,Ferro,sem_dado,0.05,tiktok_seller_center,0,0,0,0,,,0.0,0.0,0,0.0,2,0,0.0,2,2026-02,2026-04
MANFRIN1969,2026-02,2026-02-01,2026-02-28,0.0,0.0,0.0,0.0,0,0.0,0,1,0.0,Ferro,sem_dado,0.05,tiktok_seller_center,0,0,0,0,,,0.0,0.0,0,0.0,0,1,0.0,1,2026-02,2026-02
MANINHAQUEIROZ379,2026-05,2026-05-01,2026-05-23,0.0,0.0,0.0,0.0,0,0.0,0,5,0.0,Ferro,sem_dado,0.05,tiktok_seller_center,0,0,0,0,,0,0.0,0.0,0,0.0,0,23,0.0,3,2026-03,2026-05
MANOELA.BCMOREIRA,2026-05,2026-05-01,2026-05-23,231.24,231.24,0.0,0.0,2,115.62,24,46,16.78,Ferro,sem_dado,0.05,tiktok_seller_center,0,0,1,0,,2,231.24,231.24,2,0.0,24,54,11.56,2,2026-04,2026-05
MANOELASCHMIDTT,2026-03,2026-03-01,2026-03-31,0.0,0.0,0.0,0.0,0,0.0,0,1,0.0,Ferro,sem_dado,0.05,tiktok_seller_center,0,0,0,0,,,0.0,0.0,0,0.0,0,1,0.0,1,2026-03,2026-03
MANOELAVIZZOTTO,2026-04,2026-04-01,2026-04-30,81.9,81.9,0.0,0.0,1,81.9,0,0,7.99,Ferro,sem_dado,0.05,tiktok_seller_center,1,0,1,0,,,81.9,81.9,1,0.0,4,0,4.1,2,2026-03,2026-04
MANOELLYNASCIMENT84,2026-04,2026-04-01,2026-04-30,0.0,0.0,0.0,0.0,0,0.0,0,1,0.0,Ferro,sem_dado,0.05,tiktok_seller_center,0,0,0,0,,,0.0,0.0,0,0.0,0,3,0.0,2,2026-01,2026-04
MANOEL_M_C,2026-05,2026-05-01,2026-05-23,0.0,0.0,0.0,0.0,0,0.0,1,0,0.0,Ferro,sem_dado,0.05,tiktok_seller_center,,0,0,0,,0,0.0,0.0,0,0.0,1,0,0.0,1,2026-05,2026-05
MANUCAMILA3,2026-02,2026-02-01,2026-02-28,0.0,0.0,0.0,0.0,0,0.0,3,0,0.0,Ferro,sem_dado,0.05,tiktok_seller_center,0,0,0,0,,,0.0,0.0,0,0.0,3,0,0.0,1,2026-02,2026-02
MANUDICAS_1,2026-05,2026-05-01,2026-05-23,106.84,106.84,0.0,0.0,1,106.84,0,0,7.99,Ferro,sem_dado,0.05,tiktok_seller_center,,0,1,0,,1,106.84,106.84,1,0.0,0,0,5.34,1,2026-05,2026-05
MANUELAMACHADOOFICIAL,2026-03,2026-03-01,2026-03-31,0.0,0.0,0.0,0.0,0,0.0,0,1,0.0,Ferro,sem_dado,0.05,tiktok_seller_center,0,0,0,0,,,0.0,0.0,0,0.0,0,2,0.0,2,2026-02,2026-03
MANUELA_DONDOCA,2026-05,2026-05-01,2026-05-23,0.0,0.0,0.0,0.0,0,0.0,4,0,0.0,Ferro,sem_dado,0.05,tiktok_seller_center,0,0,0,0,,0,0.0,0.0,0,0.0,5,0,0.0,2,2026-04,2026-05
MANUELLA.MOREIRA836,2026-05,2026-05-01,2026-05-23,0.0,0.0,0.0,0.0,0,0.0,0,1,0.0,Ferro,sem_dado,0.05,tiktok_seller_center,,0,0,0,,0,0.0,0.0,0,0.0,0,1,0.0,1,2026-05,2026-05
MANUELLATAY,2026-03,2026-03-01,2026-03-31,79.9,79.9,0.0,0.0,1,79.9,2,0,7.99,Ferro,sem_dado,0.05,tiktok_seller_center,1,0,1,0,,,79.9,79.9,1,0.0,2,0,4.0,1,2026-03,2026-03
MANUFREITAX,2026-02,2026-02-01,2026-02-28,0.0,0.0,0.0,0.0,0,0.0,0,1,0.0,Ferro,sem_dado,0.05,tiktok_seller_center,0,0,0,0,,,0.0,0.0,0,0.0,0,1,0.0,1,2026-02,2026-02
MANUMAFRA1018,2026-05,2026-05-01,2026-05-23,0.0,0.0,0.0,0.0,0,0.0,1,0,0.0,Ferro,sem_dado,0.05,tiktok_seller_center,,0,0,0,,0,0.0,0.0,0,0.0,1,0,0.0,1,2026-05,2026-05
MANUMODAFEMININA1,2026-02,2026-02-01,2026-02-28,0.0,0.0,0.0,0.0,0,0.0,0,1,0.0,Ferro,sem_dado,0.05,tiktok_seller_center,0,0,0,0,,,0.0,0.0,0,0.0,0,1,0.0,1,2026-02,2026-02
MANU_NAVAR,2026-05,2026-05-01,2026-05-23,0.0,0.0,0.0,0.0,0,0.0,1,0,0.0,Ferro,sem_dado,0.05,tiktok_seller_center,,0,0,0,,0,0.0,0.0,0,0.0,1,0,0.0,1,2026-05,2026-05
MANU_OUTFITS3,2026-05,2026-05-01,2026-05-23,0.0,0.0,0.0,0.0,0,0.0,1,0,0.0,Ferro,sem_dado,0.05,tiktok_seller_center,,0,0,0,,0,0.0,0.0,0,0.0,1,0,0.0,1,2026-05,2026-05
MANU_VILAR1,2026-03,2026-03-01,2026-03-31,0.0,0.0,0.0,0.0,0,0.0,1,0,0.0,Ferro,sem_dado,0.05,tiktok_seller_center,0,0,0,0,,,0.0,0.0,0,0.0,3,0,0.0,2,2026-02,2026-03
MAQUEDASHOP,2026-04,2026-04-01,2026-04-30,0.0,0.0,0.0,0.0,0,0.0,0,2,0.0,Ferro,sem_dado,0.05,tiktok_seller_center,0,0,0,0,,,0.0,0.0,0,0.0,0,2,0.0,1,2026-04,2026-04
MARACOSTTA32,2026-05,2026-05-01,2026-05-23,0.0,0.0,0.0,0.0,0,0.0,0,1,0.0,Ferro,sem_dado,0.05,tiktok_seller_center,0,0,0,0,,0,0.0,0.0,0,0.0,0,4,0.0,2,2026-04,2026-05
MARALUIZAGUELER,2026-01,2026-01-06,2026-01-31,0.0,0.0,0.0,0.0,0,0.0,0,1,0.0,Ferro,sem_dado,0.05,tiktok_seller_center,0,0,0,0,,,0.0,0.0,0,0.0,0,1,0.0,1,2026-01,2026-01
MARANATA7312,2026-03,2026-03-01,2026-03-31,0.0,0.0,0.0,0.0,0,0.0,1,0,0.0,Ferro,sem_dado,0.05,tiktok_seller_center,0,0,0,0,,,0.0,0.0,0,0.0,1,0,0.0,1,2026-03,2026-03
MARASHOP43,2026-04,2026-04-01,2026-04-30,0.0,0.0,0.0,0.0,0,0.0,1,0,0.0,Ferro,sem_dado,0.05,tiktok_seller_center,0,0,0,0,,,0.0,0.0,0,0.0,1,12,0.0,3,2026-01,2026-04
MARASHOPRECOMENDA,2026-03,2026-03-01,2026-03-31,0.0,0.0,0.0,0.0,0,0.0,0,1,0.0,Ferro,sem_dado,0.05,tiktok_seller_center,0,0,0,0,,,0.0,0.0,0,0.0,0,1,0.0,1,2026-03,2026-03
MARCELACREATORSHOP2,2026-03,2026-03-01,2026-03-31,0.0,0.0,0.0,0.0,0,0.0,0,3,0.0,Ferro,sem_dado,0.05,tiktok_seller_center,0,0,0,0,,,0.0,0.0,0,0.0,0,3,0.0,1,2026-03,2026-03
MARCELAFONTINELLIMODA,2026-02,2026-02-01,2026-02-28,0.0,0.0,0.0,0.0,0,0.0,1,0,0.0,Ferro,sem_dado,0.05,tiktok_seller_center,0,0,0,0,,,0.0,0.0,0,0.0,1,0,0.0,1,2026-02,2026-02
MARCELAFRANCISCATO,2026-02,2026-02-01,2026-02-28,0.0,0.0,0.0,0.0,0,0.0,0,1,0.0,Ferro,sem_dado,0.05,tiktok_seller_center,0,0,0,0,,,0.0,0.0,0,0.0,0,1,0.0,1,2026-02,2026-02
MARCELAPERES_,2026-05,2026-05-01,2026-05-23,0.0,0.0,0.0,0.0,0,0.0,1,0,0.0,Ferro,sem_dado,0.05,tiktok_seller_center,1,0,0,0,,0,81.94,81.94,1,0.0,4,0,4.1,2,2026-04,2026-05
MARCELAPONTELO,2026-05,2026-05-01,2026-05-23,0.0,0.0,0.0,0.0,0,0.0,0,1,0.0,Ferro,sem_dado,0.05,tiktok_seller_center,,0,0,0,,0,0.0,0.0,0,0.0,0,1,0.0,1,2026-05,2026-05
MARCELA_INDICA,2026-03,2026-03-01,2026-03-31,0.0,0.0,0.0,0.0,0,0.0,1,0,0.0,Ferro,sem_dado,0.05,tiktok_seller_center,0,0,0,0,,,0.0,0.0,0,0.0,1,0,0.0,1,2026-03,2026-03
MARCELLA.YAMAZAKI,2026-03,2026-03-01,2026-03-31,0.0,0.0,0.0,0.0,0,0.0,0,4,0.0,Ferro,sem_dado,0.05,tiktok_seller_center,0,0,0,0,,,0.0,0.0,0,0.0,0,4,0.0,1,2026-03,2026-03
MARCELLASASOBRINHO,2026-02,2026-02-01,2026-02-28,107.4,107.4,0.0,0.0,1,107.4,0,0,7.99,Ferro,sem_dado,0.05,tiktok_seller_center,1,0,1,0,,,107.4,107.4,1,0.0,0,0,5.37,1,2026-02,2026-02
MARCELO.O.OLIVEIRA,2026-04,2026-04-01,2026-04-30,240.51,240.51,0.0,0.0,3,80.17,12,0,18.2,Ferro,sem_dado,0.05,tiktok_seller_center,3,0,1,0,,,803.71,803.71,9,0.0,17,0,40.2,4,2026-01,2026-04
MARCELOJOHN297,2026-04,2026-04-01,2026-04-30,0.0,0.0,0.0,0.0,0,0.0,1,0,0.0,Ferro,sem_dado,0.05,tiktok_seller_center,0,0,0,0,,,0.0,0.0,0,0.0,1,0,0.0,1,2026-04,2026-04
MARCELOZOOCAOSCAR,2026-04,2026-04-01,2026-04-30,0.0,0.0,0.0,0.0,0,0.0,1,0,0.0,Ferro,sem_dado,0.05,tiktok_seller_center,0,0,0,0,,,0.0,0.0,0,0.0,1,0,0.0,1,2026-04,2026-04
MARCIA.MATIAS.THEO,2026-03,2026-03-01,2026-03-31,0.0,0.0,0.0,0.0,0,0.0,1,0,0.0,Ferro,sem_dado,0.05,tiktok_seller_center,0,0,0,0,,,0.0,0.0,0,0.0,1,0,0.0,1,2026-03,2026-03
MARCIAAAAA04,2026-01,2026-01-06,2026-01-31,0.0,0.0,0.0,0.0,0,0.0,0,2,0.0,Ferro,sem_dado,0.05,tiktok_seller_center,0,0,0,0,,,0.0,0.0,0,0.0,0,2,0.0,1,2026-01,2026-01
MARCIAFERNANDES6205,2026-04,2026-04-01,2026-04-30,0.0,0.0,0.0,0.0,0,0.0,1,0,0.0,Ferro,sem_dado,0.05,tiktok_seller_center,0,0,0,0,,,0.0,0.0,0,0.0,1,0,0.0,1,2026-04,2026-04
MARCIAMICHELLE._,2026-05,2026-05-01,2026-05-23,0.0,-105.14,105.14,0.0,0,0.0,0,0,0.0,Ferro,sem_dado,0.05,tiktok_seller_center,3,1,0,0,,0,288.82,183.68,3,105.14,0,0,9.18,2,2026-04,2026-05
MARCIANOSCHANG_ACHADINHO,2026-05,2026-05-01,2026-05-23,0.0,0.0,0.0,0.0,0,0.0,1,0,0.0,Ferro,sem_dado,0.05,tiktok_seller_center,1,0,0,0,,0,98.1,98.1,1,0.0,2,0,4.91,2,2026-04,2026-05
MARCIAPAULALIMA,2026-04,2026-04-01,2026-04-30,0.0,0.0,0.0,0.0,0,0.0,1,0,0.0,Ferro,sem_dado,0.05,tiktok_seller_center,0,0,0,0,,,0.0,0.0,0,0.0,1,0,0.0,1,2026-04,2026-04
MARCIATHIELYMACEDO,2026-03,2026-03-01,2026-03-31,0.0,0.0,0.0,0.0,0,0.0,0,1,0.0,Ferro,sem_dado,0.05,tiktok_seller_center,0,0,0,0,,,0.0,0.0,0,0.0,0,1,0.0,1,2026-03,2026-03
MARCIA_ALVES777,2026-04,2026-04-01,2026-04-30,0.0,0.0,0.0,0.0,0,0.0,0,1,0.0,Ferro,sem_dado,0.05,tiktok_seller_center,0,0,0,0,,,0.0,0.0,0,0.0,0,1,0.0,1,2026-04,2026-04
MARCIELICORREA_,2026-04,2026-04-01,2026-04-30,0.0,0.0,0.0,0.0,0,0.0,0,1,0.0,Ferro,sem_dado,0.05,tiktok_seller_center,0,0,0,0,,,0.0,0.0,0,0.0,0,1,0.0,1,2026-04,2026-04
MARCIELLYJOKOSKI,2026-02,2026-02-01,2026-02-28,0.0,0.0,0.0,0.0,0,0.0,0,1,0.0,Ferro,sem_dado,0.05,tiktok_seller_center,0,0,0,0,,,0.0,0.0,0,0.0,0,1,0.0,1,2026-02,2026-02
MARCIIAAROCHAA,2026-03,2026-03-01,2026-03-31,0.0,0.0,0.0,0.0,0,0.0,1,3,0.0,Ferro,sem_dado,0.05,tiktok_seller_center,0,0,0,0,,,0.0,0.0,0,0.0,1,8,0.0,2,2026-02,2026-03
MARCILENELP,2026-04,2026-04-01,2026-04-30,0.0,0.0,0.0,0.0,0,0.0,0,2,0.0,Ferro,sem_dado,0.05,tiktok_seller_center,0,0,0,0,,,0.0,0.0,0,0.0,0,2,0.0,1,2026-04,2026-04
MARCILIAALVARENGA,2026-03,2026-03-01,2026-03-31,0.0,0.0,0.0,0.0,0,0.0,0,1,0.0,Ferro,sem_dado,0.05,tiktok_seller_center,0,0,0,0,,,0.0,0.0,0,0.0,2,1,0.0,2,2026-01,2026-03
MARCIO_DIMARIA,2026-05,2026-05-01,2026-05-23,0.0,0.0,0.0,0.0,0,0.0,0,1,0.0,Ferro,sem_dado,0.05,tiktok_seller_center,0,0,0,0,,0,0.0,0.0,0,0.0,0,3,0.0,2,2026-04,2026-05
MARCO.MUNIZ042,2026-05,2026-05-01,2026-05-23,0.0,0.0,0.0,0.0,0,0.0,1,0,0.0,Ferro,sem_dado,0.05,tiktok_seller_center,,0,0,0,,0,0.0,0.0,0,0.0,1,0,0.0,1,2026-05,2026-05
MARCOS.THURLER,2026-03,2026-03-01,2026-03-31,0.0,0.0,0.0,0.0,0,0.0,1,0,0.0,Ferro,sem_dado,0.05,tiktok_seller_center,0,0,0,0,,,0.0,0.0,0,0.0,1,0,0.0,1,2026-03,2026-03
MARCOSSHOP27,2026-03,2026-03-01,2026-03-31,0.0,0.0,0.0,0.0,0,0.0,0,1,0.0,Ferro,sem_dado,0.05,tiktok_seller_center,0,0,0,0,,,0.0,0.0,0,0.0,0,1,0.0,1,2026-03,2026-03
MARCOS_DAIANA,2026-03,2026-03-01,2026-03-31,0.0,0.0,0.0,0.0,0,0.0,0,1,0.0,Ferro,sem_dado,0.05,tiktok_seller_center,0,0,0,0,,,0.0,0.0,0,0.0,0,1,0.0,1,2026-03,2026-03
MARCRISTALBR,2026-03,2026-03-01,2026-03-31,0.0,0.0,0.0,0.0,0,0.0,0,2,0.0,Ferro,sem_dado,0.05,tiktok_seller_center,0,0,0,0,,,0.0,0.0,0,0.0,0,18,0.0,3,2026-01,2026-03
MAREFUNDINI,2026-05,2026-05-01,2026-05-23,0.0,0.0,0.0,0.0,0,0.0,1,2,0.0,Ferro,sem_dado,0.05,tiktok_seller_center,0,0,0,0,,0,0.0,0.0,0,0.0,1,3,0.0,2,2026-04,2026-05
MARELENA.MARQUES,2026-05,2026-05-01,2026-05-23,0.0,0.0,0.0,0.0,0,0.0,0,1,0.0,Ferro,sem_dado,0.05,tiktok_seller_center,0,0,0,0,,0,0.0,0.0,0,0.0,0,3,0.0,2,2026-04,2026-05
MARHYMACHADOTIKTOKSHOP,2026-02,2026-02-01,2026-02-28,0.0,0.0,0.0,0.0,0,0.0,4,0,0.0,Ferro,sem_dado,0.05,tiktok_seller_center,0,0,0,0,,,0.0,0.0,0,0.0,4,0,0.0,1,2026-02,2026-02
MARI.OFICIAL37,2026-04,2026-04-01,2026-04-30,0.0,0.0,0.0,0.0,0,0.0,0,2,0.0,Ferro,sem_dado,0.05,tiktok_seller_center,0,0,0,0,,,0.0,0.0,0,0.0,4,16,0.0,2,2026-03,2026-04
MARI.SANTOS.CREATOR,2026-04,2026-04-01,2026-04-30,0.0,0.0,0.0,0.0,0,0.0,4,0,0.0,Ferro,sem_dado,0.05,tiktok_seller_center,0,0,0,0,,,0.0,0.0,0,0.0,6,0,0.0,2,2026-03,2026-04
MARI.SHOP40,2026-02,2026-02-01,2026-02-28,80.7,80.7,0.0,0.0,1,80.7,3,0,7.99,Ferro,sem_dado,0.05,tiktok_seller_center,1,0,1,0,,,80.7,80.7,1,0.0,3,0,4.04,1,2026-02,2026-02
MARIA.ACHADINHOS1,2026-03,2026-03-01,2026-03-31,0.0,0.0,0.0,0.0,0,0.0,0,4,0.0,Ferro,sem_dado,0.05,tiktok_seller_center,0,0,0,0,,,0.0,0.0,0,0.0,0,4,0.0,1,2026-03,2026-03
MARIA.CAVALCANTTI,2026-04,2026-04-01,2026-04-30,0.0,0.0,0.0,0.0,0,0.0,3,1,0.0,Ferro,sem_dado,0.05,tiktok_seller_center,0,0,0,0,,,0.0,0.0,0,0.0,3,1,0.0,1,2026-04,2026-04
MARIA.CLAUDIA07,2026-04,2026-04-01,2026-04-30,0.0,0.0,0.0,0.0,0,0.0,2,8,0.0,Ferro,sem_dado,0.05,tiktok_seller_center,0,0,0,0,,,0.0,0.0,0,0.0,2,8,0.0,1,2026-04,2026-04
MARIA.DO.AMPARO.D602,2026-02,2026-02-01,2026-02-28,0.0,0.0,0.0,0.0,0,0.0,0,1,0.0,Ferro,sem_dado,0.05,tiktok_seller_center,0,0,0,0,,,0.0,0.0,0,0.0,0,4,0.0,2,2026-01,2026-02
MARIA.MACIEL756,2026-03,2026-03-01,2026-03-31,0.0,0.0,0.0,0.0,0,0.0,0,4,0.0,Ferro,sem_dado,0.05,tiktok_seller_center,0,0,0,0,,,0.0,0.0,0,0.0,0,4,0.0,1,2026-03,2026-03
MARIA.VITRINESHOP,2026-03,2026-03-01,2026-03-31,0.0,0.0,0.0,0.0,0,0.0,1,0,0.0,Ferro,sem_dado,0.05,tiktok_seller_center,0,0,0,0,,,0.0,0.0,0,0.0,1,0,0.0,1,2026-03,2026-03
MARIA41313,2026-05,2026-05-01,2026-05-23,94.49,94.49,0.0,0.0,1,94.49,0,0,6.4,Ferro,sem_dado,0.05,tiktok_seller_center,,0,1,0,,1,94.49,94.49,1,0.0,0,0,4.72,1,2026-05,2026-05
MARIAALICE.MALI,2026-03,2026-03-01,2026-03-31,0.0,0.0,0.0,0.0,0,0.0,1,0,0.0,Ferro,sem_dado,0.05,tiktok_seller_center,0,0,0,0,,,0.0,0.0,0,0.0,1,0,0.0,1,2026-03,2026-03
MARIAAPARECIDA2110,2026-05,2026-05-01,2026-05-23,0.0,0.0,0.0,0.0,0,0.0,0,6,0.0,Ferro,sem_dado,0.05,tiktok_seller_center,,0,0,0,,0,0.0,0.0,0,0.0,0,6,0.0,1,2026-05,2026-05
MARIAAPARECIDAARAUJOMACE,2026-04,2026-04-01,2026-04-30,0.0,0.0,0.0,0.0,0,0.0,2,2,0.0,Ferro,sem_dado,0.05,tiktok_seller_center,0,0,0,0,,,0.0,0.0,0,0.0,2,2,0.0,1,2026-04,2026-04
MARIAAPARECIDALIVESHOP,2026-02,2026-02-01,2026-02-28,0.0,0.0,0.0,0.0,0,0.0,0,2,0.0,Ferro,sem_dado,0.05,tiktok_seller_center,0,0,0,0,,,0.0,0.0,0,0.0,0,2,0.0,1,2026-02,2026-02
MARIAAPARECIDASBU,2026-02,2026-02-01,2026-02-28,0.0,0.0,0.0,0.0,0,0.0,2,0,0.0,Ferro,sem_dado,0.05,tiktok_seller_center,0,0,0,0,,,0.0,0.0,0,0.0,2,0,0.0,1,2026-02,2026-02
MARIAARLETE537,2026-03,2026-03-01,2026-03-31,0.0,0.0,0.0,0.0,0,0.0,0,1,0.0,Ferro,sem_dado,0.05,tiktok_seller_center,0,0,0,0,,,0.0,0.0,0,0.0,0,1,0.0,1,2026-03,2026-03
MARIAAUGUSTAREISS,2026-05,2026-05-01,2026-05-23,503.14,305.84,197.3,39.21,5,100.63,0,0,39.95,Bronze,sem_dado,0.07,tiktok_seller_center,11,2,1,0,,5,9365.75,7857.320000000001,111,1508.43,1,0,463.34000000000003,5,2026-01,2026-05
MARIABOHRER,2026-04,2026-04-01,2026-04-30,83.86,83.86,0.0,0.0,1,83.86,1,0,7.99,Ferro,sem_dado,0.05,tiktok_seller_center,1,0,1,0,,,150.51,150.51,2,0.0,1,0,7.5200000000000005,2,2026-03,2026-04
MARIABOSCOOO,2026-04,2026-04-01,2026-04-30,407.55,407.55,0.0,0.0,1,407.55,0,0,39.95,Ferro,sem_dado,0.05,tiktok_seller_center,5,0,1,0,,,407.55,407.55,1,0.0,0,0,20.38,1,2026-04,2026-04
MARIACLARAINDICA,2026-02,2026-02-01,2026-02-28,0.0,0.0,0.0,0.0,0,0.0,8,0,0.0,Ferro,sem_dado,0.05,tiktok_seller_center,0,0,0,0,,,0.0,0.0,0,0.0,8,0,0.0,1,2026-02,2026-02
MARIACLARAPRR0,2026-05,2026-05-01,2026-05-23,92.72,0.0,92.72,100.0,1,92.72,14,1,7.99,Ferro,sem_dado,0.05,tiktok_seller_center,0,1,1,0,,1,177.0,84.28,2,92.72,21,2,4.21,3,2026-03,2026-05
MARIADACONCEIO2891,2026-02,2026-02-01,2026-02-28,0.0,0.0,0.0,0.0,0,0.0,1,0,0.0,Ferro,sem_dado,0.05,tiktok_seller_center,0,0,0,0,,,0.0,0.0,0,0.0,1,0,0.0,1,2026-02,2026-02
MARIADAGRACA1964,2026-03,2026-03-01,2026-03-31,0.0,0.0,0.0,0.0,0,0.0,1,0,0.0,Ferro,sem_dado,0.05,tiktok_seller_center,0,0,0,0,,,0.0,0.0,0,0.0,1,0,0.0,1,2026-03,2026-03
MARIADALMAS_,2026-05,2026-05-01,2026-05-23,214.09,214.09,0.0,0.0,2,107.04,5,10,18.48,Ferro,sem_dado,0.05,tiktok_seller_center,1,0,1,0,,2,301.29,301.29,3,0.0,8,19,15.059999999999999,2,2026-04,2026-05
MARIADELOURDESMONTANARI,2026-05,2026-05-01,2026-05-23,0.0,0.0,0.0,0.0,0,0.0,0,6,0.0,Ferro,sem_dado,0.05,tiktok_seller_center,0,0,0,0,,0,0.0,0.0,0,0.0,0,18,0.0,4,2026-02,2026-05
MARIADULCINEIACASTRO,2026-05,2026-05-01,2026-05-23,0.0,0.0,0.0,0.0,0,0.0,0,3,0.0,Ferro,sem_dado,0.05,tiktok_seller_center,0,0,0,0,,0,0.0,0.0,0,0.0,1,17,0.0,4,2026-02,2026-05
MARIAEAURELIO,2026-01,2026-01-06,2026-01-31,0.0,0.0,0.0,0.0,0,0.0,0,1,0.0,Ferro,sem_dado,0.05,tiktok_seller_center,0,0,0,0,,,0.0,0.0,0,0.0,0,1,0.0,1,2026-01,2026-01
MARIAEDUARDAKGUILHERME,2026-05,2026-05-01,2026-05-23,0.0,0.0,0.0,0.0,0,0.0,5,0,0.0,Ferro,sem_dado,0.05,tiktok_seller_center,4,0,0,0,,0,570.76,570.76,7,0.0,37,0,28.55,4,2026-02,2026-05
MARIAELIZABETE4186,2026-05,2026-05-01,2026-05-23,0.0,0.0,0.0,0.0,0,0.0,1,0,0.0,Ferro,sem_dado,0.05,tiktok_seller_center,,0,0,0,,0,0.0,0.0,0,0.0,1,0,0.0,1,2026-05,2026-05
MARIAHBERNARDOO,2026-02,2026-02-01,2026-02-28,0.0,0.0,0.0,0.0,0,0.0,0,14,0.0,Ferro,sem_dado,0.05,tiktok_seller_center,0,0,0,0,,,0.0,0.0,0,0.0,0,61,0.0,2,2026-01,2026-02
MARIAHGRUNER_,2026-04,2026-04-01,2026-04-30,0.0,0.0,0.0,0.0,0,0.0,1,0,0.0,Ferro,sem_dado,0.05,tiktok_seller_center,0,0,0,0,,,0.0,0.0,0,0.0,1,0,0.0,1,2026-04,2026-04
MARIAHILDADASILVASANTOS,2026-05,2026-05-01,2026-05-23,0.0,0.0,0.0,0.0,0,0.0,0,1,0.0,Ferro,sem_dado,0.05,tiktok_seller_center,0,0,0,0,,0,0.0,0.0,0,0.0,1,21,0.0,4,2026-02,2026-05
MARIAH_OFC21,2026-04,2026-04-01,2026-04-30,0.0,0.0,0.0,0.0,0,0.0,0,2,0.0,Ferro,sem_dado,0.05,tiktok_seller_center,0,0,0,0,,,0.0,0.0,0,0.0,0,4,0.0,2,2026-03,2026-04
MARIAINAJALRODRIGUES,2026-01,2026-01-06,2026-01-31,0.0,0.0,0.0,0.0,0,0.0,2,0,0.0,Ferro,sem_dado,0.05,tiktok_seller_center,0,0,0,0,,,0.0,0.0,0,0.0,2,0,0.0,1,2026-01,2026-01
MARIAINES.6925,2026-03,2026-03-01,2026-03-31,0.0,0.0,0.0,0.0,0,0.0,0,1,0.0,Ferro,sem_dado,0.05,tiktok_seller_center,0,0,0,0,,,0.0,0.0,0,0.0,0,2,0.0,2,2026-02,2026-03
MARIAJESUSMOURA5,2026-01,2026-01-06,2026-01-31,0.0,0.0,0.0,0.0,0,0.0,0,1,0.0,Ferro,sem_dado,0.05,tiktok_seller_center,0,0,0,0,,,0.0,0.0,0,0.0,0,1,0.0,1,2026-01,2026-01
MARIALIVESHOP,2026-03,2026-03-01,2026-03-31,0.0,0.0,0.0,0.0,0,0.0,5,0,0.0,Ferro,sem_dado,0.05,tiktok_seller_center,0,0,0,0,,,0.0,0.0,0,0.0,5,0,0.0,1,2026-03,2026-03
MARIALUCIACARDOSO8,2026-04,2026-04-01,2026-04-30,86.26,86.26,0.0,0.0,1,86.26,0,0,6.39,Ferro,sem_dado,0.05,tiktok_seller_center,1,0,1,0,,,86.26,86.26,1,0.0,0,0,4.31,1,2026-04,2026-04
MARIALUIZA2.005,2026-02,2026-02-01,2026-02-28,0.0,0.0,0.0,0.0,0,0.0,1,0,0.0,Ferro,sem_dado,0.05,tiktok_seller_center,0,0,0,0,,,0.0,0.0,0,0.0,1,0,0.0,1,2026-02,2026-02
MARIALUIZAJALES3,2026-04,2026-04-01,2026-04-30,0.0,0.0,0.0,0.0,0,0.0,3,0,0.0,Ferro,sem_dado,0.05,tiktok_seller_center,0,0,0,0,,,0.0,0.0,0,0.0,3,0,0.0,1,2026-04,2026-04
MARIALUIZALLB,2026-01,2026-01-06,2026-01-31,0.0,0.0,0.0,0.0,0,0.0,1,0,0.0,Ferro,sem_dado,0.05,tiktok_seller_center,0,0,0,0,,,0.0,0.0,0,0.0,1,0,0.0,1,2026-01,2026-01
MARIAMALU999,2026-04,2026-04-01,2026-04-30,79.9,79.9,0.0,0.0,1,79.9,2,0,6.39,Ferro,sem_dado,0.05,tiktok_seller_center,1,0,1,0,,,79.9,79.9,1,0.0,2,0,4.0,1,2026-04,2026-04
MARIAMAR1490,2026-04,2026-04-01,2026-04-30,0.0,0.0,0.0,0.0,0,0.0,0,1,0.0,Ferro,sem_dado,0.05,tiktok_seller_center,0,0,0,0,,,0.0,0.0,0,0.0,0,1,0.0,1,2026-04,2026-04
MARIANA.GARCIA.F,2026-03,2026-03-01,2026-03-31,0.0,0.0,0.0,0.0,0,0.0,1,0,0.0,Ferro,sem_dado,0.05,tiktok_seller_center,0,0,0,0,,,0.0,0.0,0,0.0,1,0,0.0,1,2026-03,2026-03
MARIANA.VERDILLE,2026-05,2026-05-01,2026-05-23,0.0,0.0,0.0,0.0,0,0.0,8,0,0.0,Ferro,sem_dado,0.05,tiktok_seller_center,0,0,0,0,,0,0.0,0.0,0,0.0,18,0,0.0,3,2026-03,2026-05
MARIANADELACORTESANCHES,2026-04,2026-04-01,2026-04-30,0.0,0.0,0.0,0.0,0,0.0,0,1,0.0,Ferro,sem_dado,0.05,tiktok_seller_center,0,0,0,0,,,0.0,0.0,0,0.0,0,5,0.0,2,2026-03,2026-04
MARIANADUCA_,2026-01,2026-01-06,2026-01-31,0.0,0.0,0.0,0.0,0,0.0,1,0,0.0,Ferro,sem_dado,0.05,tiktok_seller_center,0,0,0,0,,,0.0,0.0,0,0.0,1,0,0.0,1,2026-01,2026-01
MARIANAFALCAOF,2026-03,2026-03-01,2026-03-31,0.0,0.0,0.0,0.0,0,0.0,2,0,0.0,Ferro,sem_dado,0.05,tiktok_seller_center,0,0,0,0,,,0.0,0.0,0,0.0,2,0,0.0,1,2026-03,2026-03
MARIANAGOMES.OS,2026-03,2026-03-01,2026-03-31,0.0,0.0,0.0,0.0,0,0.0,0,3,0.0,Ferro,sem_dado,0.05,tiktok_seller_center,0,0,0,0,,,0.0,0.0,0,0.0,0,3,0.0,1,2026-03,2026-03
MARIANAMEGAHAIR,2026-04,2026-04-01,2026-04-30,0.0,0.0,0.0,0.0,0,0.0,0,1,0.0,Ferro,sem_dado,0.05,tiktok_seller_center,0,0,0,0,,,0.0,0.0,0,0.0,0,1,0.0,1,2026-04,2026-04
MARIANAPRIMECREATOR,2026-05,2026-05-01,2026-05-23,0.0,0.0,0.0,0.0,0,0.0,1,0,0.0,Ferro,sem_dado,0.05,tiktok_seller_center,,0,0,0,,0,0.0,0.0,0,0.0,1,0,0.0,1,2026-05,2026-05
MARIANARAIANETIKTOK,2026-03,2026-03-01,2026-03-31,0.0,0.0,0.0,0.0,0,0.0,1,1,0.0,Ferro,sem_dado,0.05,tiktok_seller_center,0,0,0,0,,,656.2,246.60000000000002,3,409.6,2,4,12.33,2,2026-02,2026-03
MARIANAVERASOFICIAL,2026-04,2026-04-01,2026-04-30,0.0,0.0,0.0,0.0,0,0.0,0,13,0.0,Ferro,sem_dado,0.05,tiktok_seller_center,0,0,0,0,,,0.0,0.0,0,0.0,0,13,0.0,1,2026-04,2026-04
MARIANA_SCAGGION,2026-05,2026-05-01,2026-05-23,0.0,0.0,0.0,0.0,0,0.0,3,0,0.0,Ferro,sem_dado,0.05,tiktok_seller_center,0,0,0,0,,0,0.0,0.0,0,0.0,6,12,0.0,4,2026-02,2026-05
MARIANE.GONT,2026-03,2026-03-01,2026-03-31,0.0,0.0,0.0,0.0,0,0.0,0,10,0.0,Ferro,sem_dado,0.05,tiktok_seller_center,0,0,0,0,,,0.0,0.0,0,0.0,0,13,0.0,2,2026-02,2026-03
MARIANE.LOOKS,2026-03,2026-03-01,2026-03-31,0.0,0.0,0.0,0.0,0,0.0,1,0,0.0,Ferro,sem_dado,0.05,tiktok_seller_center,0,0,0,0,,,0.0,0.0,0,0.0,1,0,0.0,1,2026-03,2026-03
MARIANE.SANTANA065,2026-01,2026-01-06,2026-01-31,0.0,0.0,0.0,0.0,0,0.0,0,1,0.0,Ferro,sem_dado,0.05,tiktok_seller_center,0,0,0,0,,,0.0,0.0,0,0.0,0,1,0.0,1,2026-01,2026-01
MARIANEMIGUEL6,2026-05,2026-05-01,2026-05-23,0.0,0.0,0.0,0.0,0,0.0,1,5,0.0,Ferro,sem_dado,0.05,tiktok_seller_center,1,0,0,0,,0,84.28,84.28,1,0.0,3,42,4.21,3,2026-03,2026-05
MARIANEMO_,2026-05,2026-05-01,2026-05-23,0.0,0.0,0.0,0.0,0,0.0,0,1,0.0,Ferro,sem_dado,0.05,tiktok_seller_center,,0,0,0,,0,0.0,0.0,0,0.0,0,1,0.0,1,2026-05,2026-05
MARIANESILVAPENTEADOS,2026-04,2026-04-01,2026-04-30,0.0,0.0,0.0,0.0,0,0.0,1,0,0.0,Ferro,sem_dado,0.05,tiktok_seller_center,0,0,0,0,,,67.43,67.43,1,0.0,1,0,3.37,2,2026-01,2026-04
MARIANEVESOFC,2026-05,2026-05-01,2026-05-23,0.0,0.0,0.0,0.0,0,0.0,0,1,0.0,Ferro,sem_dado,0.05,tiktok_seller_center,,0,0,0,,0,0.0,0.0,0,0.0,0,1,0.0,1,2026-05,2026-05
MARIANNEAROSAA,2026-04,2026-04-01,2026-04-30,0.0,0.0,0.0,0.0,0,0.0,0,1,0.0,Ferro,sem_dado,0.05,tiktok_seller_center,0,0,0,0,,,0.0,0.0,0,0.0,0,1,0.0,1,2026-04,2026-04
MARIANUNIO,2026-04,2026-04-01,2026-04-30,0.0,0.0,0.0,0.0,0,0.0,1,0,0.0,Ferro,sem_dado,0.05,tiktok_seller_center,0,0,0,0,,,0.0,0.0,0,0.0,1,0,0.0,1,2026-04,2026-04
MARIANYLUUZ,2026-05,2026-05-01,2026-05-23,79.45,79.45,0.0,0.0,1,79.45,0,0,6.63,Ferro,sem_dado,0.05,tiktok_seller_center,,0,1,0,,1,79.45,79.45,1,0.0,0,0,3.97,1,2026-05,2026-05
MARIAOFICIAL811,2026-04,2026-04-01,2026-04-30,0.0,0.0,0.0,0.0,0,0.0,0,1,0.0,Ferro,sem_dado,0.05,tiktok_seller_center,0,0,0,0,,,0.0,0.0,0,0.0,0,1,0.0,1,2026-04,2026-04
MARIASAMPAIOMODA,2026-04,2026-04-01,2026-04-30,0.0,0.0,0.0,0.0,0,0.0,0,1,0.0,Ferro,sem_dado,0.05,tiktok_seller_center,0,0,0,0,,,0.0,0.0,0,0.0,0,1,0.0,1,2026-04,2026-04
MARIASHELLY1703,2026-04,2026-04-01,2026-04-30,0.0,0.0,0.0,0.0,0,0.0,3,0,0.0,Ferro,sem_dado,0.05,tiktok_seller_center,0,0,0,0,,,0.0,0.0,0,0.0,3,0,0.0,1,2026-04,2026-04
MARIASHOP505,2026-02,2026-02-01,2026-02-28,0.0,0.0,0.0,0.0,0,0.0,1,0,0.0,Ferro,sem_dado,0.05,tiktok_seller_center,0,0,0,0,,,0.0,0.0,0,0.0,1,0,0.0,1,2026-02,2026-02
MARIA_CLARA_DICAS,2026-04,2026-04-01,2026-04-30,0.0,0.0,0.0,0.0,0,0.0,3,0,0.0,Ferro,sem_dado,0.05,tiktok_seller_center,0,0,0,0,,,0.0,0.0,0,0.0,3,0,0.0,1,2026-04,2026-04
MARIA_TIKTOKSHOP0,2026-02,2026-02-01,2026-02-28,0.0,0.0,0.0,0.0,0,0.0,1,0,0.0,Ferro,sem_dado,0.05,tiktok_seller_center,0,0,0,0,,,0.0,0.0,0,0.0,1,0,0.0,1,2026-02,2026-02
MARIBELBORTOLOTTO,2026-02,2026-02-01,2026-02-28,64.94,0.0,64.94,100.0,1,64.94,0,17,7.15,Ferro,sem_dado,0.05,tiktok_seller_center,1,1,1,0,,,64.94,0.0,1,64.94,0,23,0.0,2,2026-01,2026-02
MARIBERTULINO_,2026-05,2026-05-01,2026-05-23,0.0,0.0,0.0,0.0,0,0.0,13,0,0.0,Ferro,sem_dado,0.05,tiktok_seller_center,,0,0,0,,0,0.0,0.0,0,0.0,13,0,0.0,1,2026-05,2026-05
MARIBRESQUI,2026-03,2026-03-01,2026-03-31,0.0,0.0,0.0,0.0,0,0.0,3,0,0.0,Ferro,sem_dado,0.05,tiktok_seller_center,0,0,0,0,,,79.5,79.5,1,0.0,3,0,3.98,2,2026-02,2026-03
MARICABRALOLIVEIRAA,2026-04,2026-04-01,2026-04-30,0.0,0.0,0.0,0.0,0,0.0,2,0,0.0,Ferro,sem_dado,0.05,tiktok_seller_center,0,0,0,0,,,337.6,337.6,3,0.0,5,0,16.88,3,2026-02,2026-04
MARICREATORMG,2026-05,2026-05-01,2026-05-23,0.0,0.0,0.0,0.0,0,0.0,3,0,0.0,Ferro,sem_dado,0.05,tiktok_seller_center,,0,0,0,,0,0.0,0.0,0,0.0,3,0,0.0,1,2026-05,2026-05
MARIDOMINGOS11,2026-04,2026-04-01,2026-04-30,0.0,0.0,0.0,0.0,0,0.0,0,4,0.0,Ferro,sem_dado,0.05,tiktok_seller_center,0,0,0,0,,,0.0,0.0,0,0.0,0,4,0.0,1,2026-04,2026-04
MARIETUTUCA,2026-03,2026-03-01,2026-03-31,0.0,0.0,0.0,0.0,0,0.0,1,0,0.0,Ferro,sem_dado,0.05,tiktok_seller_center,0,0,0,0,,,0.0,0.0,0,0.0,1,0,0.0,1,2026-03,2026-03
MARIFLOR511,2026-01,2026-01-06,2026-01-31,0.0,0.0,0.0,0.0,0,0.0,1,0,0.0,Ferro,sem_dado,0.05,tiktok_seller_center,0,0,0,0,,,0.0,0.0,0,0.0,1,0,0.0,1,2026-01,2026-01
MARIIAP74,2026-02,2026-02-01,2026-02-28,0.0,0.0,0.0,0.0,0,0.0,0,15,0.0,Ferro,sem_dado,0.05,tiktok_seller_center,0,0,0,0,,,0.0,0.0,0,0.0,0,15,0.0,1,2026-02,2026-02
MARIINDICA.SHOP,2026-04,2026-04-01,2026-04-30,0.0,0.0,0.0,0.0,0,0.0,1,0,0.0,Ferro,sem_dado,0.05,tiktok_seller_center,0,0,0,0,,,0.0,0.0,0,0.0,3,0,0.0,2,2026-03,2026-04
MARIJUINDICA,2026-01,2026-01-06,2026-01-31,0.0,0.0,0.0,0.0,0,0.0,0,2,0.0,Ferro,sem_dado,0.05,tiktok_seller_center,0,0,0,0,,,0.0,0.0,0,0.0,0,2,0.0,1,2026-01,2026-01
MARILENAULLER,2026-04,2026-04-01,2026-04-30,0.0,0.0,0.0,0.0,0,0.0,0,1,0.0,Ferro,sem_dado,0.05,tiktok_seller_center,0,0,0,0,,,0.0,0.0,0,0.0,0,5,0.0,3,2026-02,2026-04
MARILIA.CAROL,2026-01,2026-01-06,2026-01-31,0.0,0.0,0.0,0.0,0,0.0,0,2,0.0,Ferro,sem_dado,0.05,tiktok_seller_center,0,0,0,0,,,0.0,0.0,0,0.0,0,2,0.0,1,2026-01,2026-01
MARILIAAVELAR2,2026-05,2026-05-01,2026-05-23,0.0,0.0,0.0,0.0,0,0.0,3,0,0.0,Ferro,sem_dado,0.05,tiktok_seller_center,,0,0,0,,0,0.0,0.0,0,0.0,3,0,0.0,1,2026-05,2026-05
MARILIAFARIASH,2026-04,2026-04-01,2026-04-30,0.0,0.0,0.0,0.0,0,0.0,1,1,0.0,Ferro,sem_dado,0.05,tiktok_seller_center,0,0,0,0,,,0.0,0.0,0,0.0,1,1,0.0,1,2026-04,2026-04
MARILIA_003,2026-05,2026-05-01,2026-05-23,114.11,114.11,0.0,0.0,1,114.11,0,0,7.99,Ferro,sem_dado,0.05,tiktok_seller_center,,0,1,0,,1,114.11,114.11,1,0.0,0,0,5.71,1,2026-05,2026-05
MARIMENDESTK,2026-04,2026-04-01,2026-04-30,0.0,0.0,0.0,0.0,0,0.0,1,0,0.0,Ferro,sem_dado,0.05,tiktok_seller_center,0,0,0,0,,,0.0,0.0,0,0.0,1,0,0.0,1,2026-04,2026-04
MARINA.GENEROSO,2026-04,2026-04-01,2026-04-30,0.0,0.0,0.0,0.0,0,0.0,0,1,0.0,Ferro,sem_dado,0.05,tiktok_seller_center,0,0,0,0,,,0.0,0.0,0,0.0,0,1,0.0,1,2026-04,2026-04
MARINA.PURO.MEL,2026-03,2026-03-01,2026-03-31,0.0,0.0,0.0,0.0,0,0.0,0,6,0.0,Ferro,sem_dado,0.05,tiktok_seller_center,0,0,0,0,,,0.0,0.0,0,0.0,0,9,0.0,2,2026-02,2026-03
MARINADESCOBRE,2026-03,2026-03-01,2026-03-31,0.0,0.0,0.0,0.0,0,0.0,1,0,0.0,Ferro,sem_dado,0.05,tiktok_seller_center,0,0,0,0,,,0.0,0.0,0,0.0,1,0,0.0,1,2026-03,2026-03
MARINALVA.SOUZA098,2026-03,2026-03-01,2026-03-31,0.0,0.0,0.0,0.0,0,0.0,1,0,0.0,Ferro,sem_dado,0.05,tiktok_seller_center,0,0,0,0,,,0.0,0.0,0,0.0,4,0,0.0,2,2026-02,2026-03
MARINATHEESR,2026-04,2026-04-01,2026-04-30,310.62,310.62,0.0,0.0,4,77.66,0,0,26.11,Bronze,sem_dado,0.07,tiktok_seller_center,4,0,1,0,,,4520.9,3795.05,55,725.8499999999999,0,0,250.19,4,2026-01,2026-04
MARISA.VIANAD,2026-05,2026-05-01,2026-05-23,0.0,0.0,0.0,0.0,0,0.0,0,2,0.0,Ferro,sem_dado,0.05,tiktok_seller_center,4,0,0,0,,0,311.23,311.23,4,0.0,0,14,15.56,2,2026-04,2026-05
MARISABUENO369,2026-03,2026-03-01,2026-03-31,0.0,0.0,0.0,0.0,0,0.0,0,3,0.0,Ferro,sem_dado,0.05,tiktok_seller_center,0,0,0,0,,,0.0,0.0,0,0.0,0,3,0.0,1,2026-03,2026-03
MARISA_CARNEIRO15,2026-03,2026-03-01,2026-03-31,0.0,0.0,0.0,0.0,0,0.0,0,1,0.0,Ferro,sem_dado,0.05,tiktok_seller_center,0,0,0,0,,,0.0,0.0,0,0.0,0,1,0.0,1,2026-03,2026-03
MARITALK,2026-03,2026-03-01,2026-03-31,0.0,0.0,0.0,0.0,0,0.0,1,0,0.0,Ferro,sem_dado,0.05,tiktok_seller_center,0,0,0,0,,,0.0,0.0,0,0.0,1,0,0.0,1,2026-03,2026-03
MARITIPS_,2026-05,2026-05-01,2026-05-23,259.74,259.74,0.0,0.0,3,86.58,0,0,23.73,Bronze,sem_dado,0.07,tiktok_seller_center,13,0,1,0,,3,8293.46,7409.219999999999,103,884.24,14,0,497.57,4,2026-02,2026-05
MARI_CLARA51,2026-03,2026-03-01,2026-03-31,0.0,0.0,0.0,0.0,0,0.0,1,0,0.0,Ferro,sem_dado,0.05,tiktok_seller_center,0,0,0,0,,,0.0,0.0,0,0.0,1,0,0.0,1,2026-03,2026-03
MARJO.BASILIO,2026-04,2026-04-01,2026-04-30,0.0,0.0,0.0,0.0,0,0.0,2,0,0.0,Ferro,sem_dado,0.05,tiktok_seller_center,0,0,0,0,,,0.0,0.0,0,0.0,2,0,0.0,1,2026-04,2026-04
MARJORIE2612,2026-03,2026-03-01,2026-03-31,0.0,0.0,0.0,0.0,0,0.0,0,2,0.0,Ferro,sem_dado,0.05,tiktok_seller_center,0,0,0,0,,,61.2,61.2,1,0.0,1,2,3.06,2,2026-01,2026-03
MARKOSTIKTOKCREATOR,2026-01,2026-01-06,2026-01-31,0.0,0.0,0.0,0.0,0,0.0,2,0,0.0,Ferro,sem_dado,0.05,tiktok_seller_center,0,0,0,0,,,0.0,0.0,0,0.0,2,0,0.0,1,2026-01,2026-01
MARLENEBBIS,2026-05,2026-05-01,2026-05-23,0.0,0.0,0.0,0.0,0,0.0,0,5,0.0,Ferro,sem_dado,0.05,tiktok_seller_center,0,0,0,0,,0,0.0,0.0,0,0.0,0,9,0.0,3,2026-03,2026-05
MARLENETAPARI,2026-03,2026-03-01,2026-03-31,0.0,0.0,0.0,0.0,0,0.0,0,56,0.0,Ferro,sem_dado,0.05,tiktok_seller_center,0,0,0,0,,,0.0,0.0,0,0.0,0,56,0.0,1,2026-03,2026-03
MARLENETAPARISHOP,2026-05,2026-05-01,2026-05-23,0.0,0.0,0.0,0.0,0,0.0,0,4,0.0,Ferro,sem_dado,0.05,tiktok_seller_center,0,0,0,0,,0,0.0,0.0,0,0.0,0,8,0.0,2,2026-04,2026-05
MARLENE_EUGENIO,2026-02,2026-02-01,2026-02-28,0.0,0.0,0.0,0.0,0,0.0,0,4,0.0,Ferro,sem_dado,0.05,tiktok_seller_center,0,0,0,0,,,0.0,0.0,0,0.0,0,32,0.0,2,2026-01,2026-02
MARLENILDES,2026-01,2026-01-06,2026-01-31,0.0,0.0,0.0,0.0,0,0.0,0,13,0.0,Ferro,sem_dado,0.05,tiktok_seller_center,0,0,0,0,,,0.0,0.0,0,0.0,0,13,0.0,1,2026-01,2026-01
MARLI.ROCHA478,2026-03,2026-03-01,2026-03-31,0.0,0.0,0.0,0.0,0,0.0,0,1,0.0,Ferro,sem_dado,0.05,tiktok_seller_center,0,0,0,0,,,0.0,0.0,0,0.0,0,1,0.0,1,2026-03,2026-03
MARLONRIBEIRO024,2026-02,2026-02-01,2026-02-28,0.0,0.0,0.0,0.0,0,0.0,0,1,0.0,Ferro,sem_dado,0.05,tiktok_seller_center,0,0,0,0,,,0.0,0.0,0,0.0,0,1,0.0,1,2026-02,2026-02
MARQUESSSI,2026-03,2026-03-01,2026-03-31,0.0,0.0,0.0,0.0,0,0.0,1,0,0.0,Ferro,sem_dado,0.05,tiktok_seller_center,0,0,0,0,,,0.0,0.0,0,0.0,1,0,0.0,1,2026-03,2026-03
MARRLY8,2026-04,2026-04-01,2026-04-30,0.0,0.0,0.0,0.0,0,0.0,0,1,0.0,Ferro,sem_dado,0.05,tiktok_seller_center,0,0,0,0,,,0.0,0.0,0,0.0,0,1,0.0,1,2026-04,2026-04
MARRYE.SHOP,2026-05,2026-05-01,2026-05-23,0.0,0.0,0.0,0.0,0,0.0,0,2,0.0,Ferro,sem_dado,0.05,tiktok_seller_center,1,0,0,0,,0,63.74,63.74,1,0.0,0,14,3.19,5,2026-01,2026-05
MARRYEDICAS_SHOP,2026-05,2026-05-01,2026-05-23,0.0,0.0,0.0,0.0,0,0.0,0,2,0.0,Ferro,sem_dado,0.05,tiktok_seller_center,0,0,0,0,,0,0.0,0.0,0,0.0,0,12,0.0,3,2026-03,2026-05
MARSA_CARVALHO,2026-02,2026-02-01,2026-02-28,0.0,0.0,0.0,0.0,0,0.0,0,1,0.0,Ferro,sem_dado,0.05,tiktok_seller_center,0,0,0,0,,,0.0,0.0,0,0.0,0,1,0.0,1,2026-02,2026-02
MARSHALDAILY,2026-05,2026-05-01,2026-05-23,0.0,0.0,0.0,0.0,0,0.0,1,0,0.0,Ferro,sem_dado,0.05,tiktok_seller_center,,0,0,0,,0,0.0,0.0,0,0.0,1,0,0.0,1,2026-05,2026-05
MARTA.DA.ROCA,2026-02,2026-02-01,2026-02-28,0.0,0.0,0.0,0.0,0,0.0,2,0,0.0,Ferro,sem_dado,0.05,tiktok_seller_center,0,0,0,0,,,0.0,0.0,0,0.0,2,0,0.0,1,2026-02,2026-02
MARTAALENCARCREATOR,2026-03,2026-03-01,2026-03-31,0.0,0.0,0.0,0.0,0,0.0,0,3,0.0,Ferro,sem_dado,0.05,tiktok_seller_center,0,0,0,0,,,0.0,0.0,0,0.0,1,6,0.0,2,2026-02,2026-03
MARTINHACREATOR,2026-04,2026-04-01,2026-04-30,0.0,0.0,0.0,0.0,0,0.0,0,1,0.0,Ferro,sem_dado,0.05,tiktok_seller_center,0,0,0,0,,,0.0,0.0,0,0.0,0,13,0.0,2,2026-03,2026-04
MARTINSHOPP,2026-03,2026-03-01,2026-03-31,0.0,0.0,0.0,0.0,0,0.0,0,1,0.0,Ferro,sem_dado,0.05,tiktok_seller_center,0,0,0,0,,,0.0,0.0,0,0.0,0,1,0.0,1,2026-03,2026-03
MARTTAMARTTINS,2026-05,2026-05-01,2026-05-23,0.0,0.0,0.0,0.0,0,0.0,0,4,0.0,Ferro,sem_dado,0.05,tiktok_seller_center,0,0,0,0,,0,0.0,0.0,0,0.0,0,21,0.0,3,2026-03,2026-05
MARY.CALACIO8,2026-03,2026-03-01,2026-03-31,0.0,0.0,0.0,0.0,0,0.0,1,0,0.0,Ferro,sem_dado,0.05,tiktok_seller_center,0,0,0,0,,,0.0,0.0,0,0.0,1,0,0.0,1,2026-03,2026-03
MARY.ESTERTIKTOK,2026-05,2026-05-01,2026-05-23,0.0,0.0,0.0,0.0,0,0.0,1,0,0.0,Ferro,sem_dado,0.05,tiktok_seller_center,,0,0,0,,0,0.0,0.0,0,0.0,1,0,0.0,1,2026-05,2026-05
MARY.GLOWUP.11,2026-04,2026-04-01,2026-04-30,0.0,0.0,0.0,0.0,0,0.0,1,0,0.0,Ferro,sem_dado,0.05,tiktok_seller_center,0,0,0,0,,,92.8,92.8,1,0.0,1,0,4.64,2,2026-03,2026-04
MARYACHADINHOS3,2026-05,2026-05-01,2026-05-23,0.0,0.0,0.0,0.0,0,0.0,5,26,0.0,Ferro,sem_dado,0.05,tiktok_seller_center,1,0,0,0,,0,79.9,79.9,1,0.0,5,147,4.0,4,2026-02,2026-05
MARYALVES.EUU,2026-05,2026-05-01,2026-05-23,0.0,0.0,0.0,0.0,0,0.0,0,4,0.0,Ferro,sem_dado,0.05,tiktok_seller_center,2,0,0,0,,0,143.82,71.91,2,71.91,0,45,3.6,2,2026-04,2026-05
MARYCARVALHOSHOP,2026-04,2026-04-01,2026-04-30,0.0,0.0,0.0,0.0,0,0.0,2,9,0.0,Ferro,sem_dado,0.05,tiktok_seller_center,0,0,0,0,,,0.0,0.0,0,0.0,2,9,0.0,1,2026-04,2026-04
MARYCREATOR21,2026-03,2026-03-01,2026-03-31,0.0,0.0,0.0,0.0,0,0.0,2,0,0.0,Ferro,sem_dado,0.05,tiktok_seller_center,0,0,0,0,,,0.0,0.0,0,0.0,2,0,0.0,1,2026-03,2026-03
MARYFERARYHT,2026-04,2026-04-01,2026-04-30,79.9,0.0,79.9,100.0,1,79.9,0,0,6.39,Ferro,sem_dado,0.05,tiktok_seller_center,1,1,1,0,,,79.9,0.0,1,79.9,0,0,0.0,1,2026-04,2026-04
MARYFERRAZ.95,2026-05,2026-05-01,2026-05-23,0.0,0.0,0.0,0.0,0,0.0,1,0,0.0,Ferro,sem_dado,0.05,tiktok_seller_center,,0,0,0,,0,0.0,0.0,0,0.0,1,0,0.0,1,2026-05,2026-05
MARYFLOREEE,2026-05,2026-05-01,2026-05-23,0.0,0.0,0.0,0.0,0,0.0,0,1,0.0,Ferro,sem_dado,0.05,tiktok_seller_center,,0,0,0,,0,0.0,0.0,0,0.0,0,1,0.0,1,2026-05,2026-05
MARYIMAMURA,2026-02,2026-02-01,2026-02-28,0.0,0.0,0.0,0.0,0,0.0,1,0,0.0,Ferro,sem_dado,0.05,tiktok_seller_center,0,0,0,0,,,0.0,0.0,0,0.0,1,0,0.0,1,2026-02,2026-02
MARYINSPIRA.OFICIALL,2026-03,2026-03-01,2026-03-31,0.0,0.0,0.0,0.0,0,0.0,0,12,0.0,Ferro,sem_dado,0.05,tiktok_seller_center,0,0,0,0,,,0.0,0.0,0,0.0,0,12,0.0,1,2026-03,2026-03
MARYKRIGUER520,2026-03,2026-03-01,2026-03-31,0.0,0.0,0.0,0.0,0,0.0,0,4,0.0,Ferro,sem_dado,0.05,tiktok_seller_center,0,0,0,0,,,0.0,0.0,0,0.0,1,4,0.0,2,2026-02,2026-03
MARYPURGATTOSHOP,2026-05,2026-05-01,2026-05-23,0.0,0.0,0.0,0.0,0,0.0,0,1,0.0,Ferro,sem_dado,0.05,tiktok_seller_center,,0,0,0,,0,0.0,0.0,0,0.0,0,1,0.0,1,2026-05,2026-05
MARYSHOP2026,2026-03,2026-03-01,2026-03-31,0.0,0.0,0.0,0.0,0,0.0,0,16,0.0,Ferro,sem_dado,0.05,tiktok_seller_center,0,0,0,0,,,0.0,0.0,0,0.0,0,17,0.0,2,2026-02,2026-03
MARYSHOP302,2026-04,2026-04-01,2026-04-30,0.0,0.0,0.0,0.0,0,0.0,0,1,0.0,Ferro,sem_dado,0.05,tiktok_seller_center,0,0,0,0,,,0.0,0.0,0,0.0,0,1,0.0,1,2026-04,2026-04
MARYSILVASHOP,2026-03,2026-03-01,2026-03-31,0.0,0.0,0.0,0.0,0,0.0,0,6,0.0,Ferro,sem_dado,0.05,tiktok_seller_center,0,0,0,0,,,0.0,0.0,0,0.0,0,39,0.0,3,2026-01,2026-03
MASCAGGION,2026-05,2026-05-01,2026-05-23,0.0,0.0,0.0,0.0,0,0.0,0,2,0.0,Ferro,sem_dado,0.05,tiktok_seller_center,,0,0,0,,0,0.0,0.0,0,0.0,0,2,0.0,1,2026-05,2026-05
MATERNIDADEDATREND,2026-03,2026-03-01,2026-03-31,0.0,0.0,0.0,0.0,0,0.0,1,0,0.0,Ferro,sem_dado,0.05,tiktok_seller_center,0,0,0,0,,,0.0,0.0,0,0.0,1,0,0.0,1,2026-03,2026-03
MATERNIDADESEMMANUALBR,2026-04,2026-04-01,2026-04-30,0.0,0.0,0.0,0.0,0,0.0,1,0,0.0,Ferro,sem_dado,0.05,tiktok_seller_center,0,0,0,0,,,0.0,0.0,0,0.0,1,0,0.0,1,2026-04,2026-04
MATEUS16292,2026-02,2026-02-01,2026-02-28,0.0,0.0,0.0,0.0,0,0.0,0,1,0.0,Ferro,sem_dado,0.05,tiktok_seller_center,0,0,0,0,,,0.0,0.0,0,0.0,0,4,0.0,2,2026-01,2026-02
MATHEUSDUTRASHOP,2026-05,2026-05-01,2026-05-23,0.0,0.0,0.0,0.0,0,0.0,45,0,0.0,Ferro,sem_dado,0.05,tiktok_seller_center,0,0,0,0,,0,0.0,0.0,0,0.0,48,0,0.0,2,2026-04,2026-05
MATHEUSFERNANDO.OFC,2026-03,2026-03-01,2026-03-31,0.0,0.0,0.0,0.0,0,0.0,0,1,0.0,Ferro,sem_dado,0.05,tiktok_seller_center,0,0,0,0,,,0.0,0.0,0,0.0,0,1,0.0,1,2026-03,2026-03
MATHEUSLIMASHOP,2026-05,2026-05-01,2026-05-23,55.67,55.67,0.0,0.0,1,55.67,3,0,2.4,Ferro,sem_dado,0.05,tiktok_seller_center,8,0,1,0,,1,1525.01,1365.21,18,159.8,40,0,68.26,4,2026-02,2026-05
MATTOSSHOP,2026-03,2026-03-01,2026-03-31,0.0,0.0,0.0,0.0,0,0.0,1,0,0.0,Ferro,sem_dado,0.05,tiktok_seller_center,0,0,0,0,,,0.0,0.0,0,0.0,1,0,0.0,1,2026-03,2026-03
MAUGOLDNER,2026-03,2026-03-01,2026-03-31,0.0,0.0,0.0,0.0,0,0.0,2,0,0.0,Ferro,sem_dado,0.05,tiktok_seller_center,0,0,0,0,,,169.49,169.49,1,0.0,2,0,8.47,2,2026-02,2026-03
MAURAMARINSFTK,2026-02,2026-02-01,2026-02-28,0.0,0.0,0.0,0.0,0,0.0,0,1,0.0,Ferro,sem_dado,0.05,tiktok_seller_center,0,0,0,0,,,0.0,0.0,0,0.0,0,1,0.0,1,2026-02,2026-02
MAURICELIARECOMENDA,2026-02,2026-02-01,2026-02-28,0.0,0.0,0.0,0.0,0,0.0,2,0,0.0,Ferro,sem_dado,0.05,tiktok_seller_center,0,0,0,0,,,0.0,0.0,0,0.0,3,0,0.0,2,2026-01,2026-02
MAURINERECOMENDA,2026-03,2026-03-01,2026-03-31,0.0,0.0,0.0,0.0,0,0.0,1,0,0.0,Ferro,sem_dado,0.05,tiktok_seller_center,0,0,0,0,,,0.0,0.0,0,0.0,1,0,0.0,1,2026-03,2026-03
MAUROBENGALY23,2026-03,2026-03-01,2026-03-31,80.1,80.1,0.0,0.0,1,80.1,2,0,7.99,Ferro,sem_dado,0.05,tiktok_seller_center,1,0,1,0,,,80.1,80.1,1,0.0,2,0,4.0,1,2026-03,2026-03
MAVICARVALLHO,2026-04,2026-04-01,2026-04-30,0.0,0.0,0.0,0.0,0,0.0,0,56,0.0,Ferro,sem_dado,0.05,tiktok_seller_center,0,0,0,0,,,0.0,0.0,0,0.0,0,57,0.0,2,2026-03,2026-04
MAVIELOMENINO1O,2026-05,2026-05-01,2026-05-23,0.0,0.0,0.0,0.0,0,0.0,0,1,0.0,Ferro,sem_dado,0.05,tiktok_seller_center,0,0,0,0,,0,0.0,0.0,0,0.0,0,28,0.0,4,2026-02,2026-05
MAVI_SOUZA__,2026-05,2026-05-01,2026-05-23,0.0,0.0,0.0,0.0,0,0.0,0,12,0.0,Ferro,sem_dado,0.05,tiktok_seller_center,0,0,0,0,,0,93.86,93.86,1,0.0,7,32,4.69,3,2026-03,2026-05
MAXSHOPCREATOR,2026-05,2026-05-01,2026-05-23,0.0,0.0,0.0,0.0,0,0.0,1,0,0.0,Ferro,sem_dado,0.05,tiktok_seller_center,,0,0,0,,0,0.0,0.0,0,0.0,1,0,0.0,1,2026-05,2026-05
MAXWEL.JUNIO,2026-05,2026-05-01,2026-05-23,0.0,0.0,0.0,0.0,0,0.0,0,1,0.0,Ferro,sem_dado,0.05,tiktok_seller_center,0,0,0,0,,0,0.0,0.0,0,0.0,0,9,0.0,3,2026-03,2026-05
MAYA.FERRAZ73,2026-03,2026-03-01,2026-03-31,0.0,0.0,0.0,0.0,0,0.0,1,0,0.0,Ferro,sem_dado,0.05,tiktok_seller_center,0,0,0,0,,,0.0,0.0,0,0.0,1,0,0.0,1,2026-03,2026-03
MAYA.IA.SHOP,2026-05,2026-05-01,2026-05-23,96.45,96.45,0.0,0.0,1,96.45,0,0,7.99,Ferro,sem_dado,0.05,tiktok_seller_center,0,0,1,0,,1,96.45,96.45,1,0.0,1,0,4.82,2,2026-01,2026-05
MAYABILCHES,2026-05,2026-05-01,2026-05-23,0.0,0.0,0.0,0.0,0,0.0,2,0,0.0,Ferro,sem_dado,0.05,tiktok_seller_center,0,0,0,0,,0,0.0,0.0,0,0.0,3,0,0.0,2,2026-04,2026-05
MAYAFIT1209,2026-04,2026-04-01,2026-04-30,0.0,0.0,0.0,0.0,0,0.0,3,0,0.0,Ferro,sem_dado,0.05,tiktok_seller_center,0,0,0,0,,,0.0,0.0,0,0.0,3,0,0.0,1,2026-04,2026-04
MAYALAURENTT,2026-04,2026-04-01,2026-04-30,0.0,0.0,0.0,0.0,0,0.0,1,0,0.0,Ferro,sem_dado,0.05,tiktok_seller_center,0,0,0,0,,,0.0,0.0,0,0.0,1,0,0.0,1,2026-04,2026-04
MAYALOREN4,2026-03,2026-03-01,2026-03-31,0.0,0.0,0.0,0.0,0,0.0,1,0,0.0,Ferro,sem_dado,0.05,tiktok_seller_center,0,0,0,0,,,0.0,0.0,0,0.0,1,0,0.0,1,2026-03,2026-03
MAYARA.COLOMBO,2026-04,2026-04-01,2026-04-30,0.0,0.0,0.0,0.0,0,0.0,0,3,0.0,Ferro,sem_dado,0.05,tiktok_seller_center,0,0,0,0,,,0.0,0.0,0,0.0,0,3,0.0,1,2026-04,2026-04
MAYARA.RIBEIRO942,2026-03,2026-03-01,2026-03-31,0.0,0.0,0.0,0.0,0,0.0,2,0,0.0,Ferro,sem_dado,0.05,tiktok_seller_center,0,0,0,0,,,0.0,0.0,0,0.0,2,0,0.0,1,2026-03,2026-03
MAYARACAROSA,2026-05,2026-05-01,2026-05-23,0.0,0.0,0.0,0.0,0,0.0,1,0,0.0,Ferro,sem_dado,0.05,tiktok_seller_center,0,0,0,0,,0,0.0,0.0,0,0.0,3,0,0.0,2,2026-04,2026-05
MAYARAJUNY,2026-05,2026-05-01,2026-05-23,0.0,0.0,0.0,0.0,0,0.0,0,1,0.0,Ferro,sem_dado,0.05,tiktok_seller_center,0,0,0,0,,0,0.0,0.0,0,0.0,0,2,0.0,2,2026-04,2026-05
MAYARAPERONIFARIA,2026-05,2026-05-01,2026-05-23,0.0,0.0,0.0,0.0,0,0.0,0,1,0.0,Ferro,sem_dado,0.05,tiktok_seller_center,0,0,0,0,,0,0.0,0.0,0,0.0,0,4,0.0,2,2026-04,2026-05
MAYARECOMENNDA,2026-05,2026-05-01,2026-05-23,0.0,0.0,0.0,0.0,0,0.0,1,0,0.0,Ferro,sem_dado,0.05,tiktok_seller_center,,0,0,0,,0,0.0,0.0,0,0.0,1,0,0.0,1,2026-05,2026-05
MAYARIOS.SHOP,2026-04,2026-04-01,2026-04-30,0.0,0.0,0.0,0.0,0,0.0,1,0,0.0,Ferro,sem_dado,0.05,tiktok_seller_center,0,0,0,0,,,0.0,0.0,0,0.0,1,0,0.0,1,2026-04,2026-04
MAYAROSAAAAA,2026-02,2026-02-01,2026-02-28,0.0,0.0,0.0,0.0,0,0.0,0,1,0.0,Ferro,sem_dado,0.05,tiktok_seller_center,0,0,0,0,,,0.0,0.0,0,0.0,0,1,0.0,1,2026-02,2026-02
MAYASHOPCREATOR_,2026-01,2026-01-06,2026-01-31,0.0,0.0,0.0,0.0,0,0.0,1,0,0.0,Ferro,sem_dado,0.05,tiktok_seller_center,0,0,0,0,,,0.0,0.0,0,0.0,1,0,0.0,1,2026-01,2026-01
MAYATTKSHOP,2026-03,2026-03-01,2026-03-31,0.0,0.0,0.0,0.0,0,0.0,0,6,0.0,Ferro,sem_dado,0.05,tiktok_seller_center,0,0,0,0,,,0.0,0.0,0,0.0,1,6,0.0,2,2026-02,2026-03
MAYBEKUNZLER,2026-05,2026-05-01,2026-05-23,0.0,0.0,0.0,0.0,0,0.0,1,0,0.0,Ferro,sem_dado,0.05,tiktok_seller_center,0,0,0,0,,0,80.7,80.7,1,0.0,65,0,4.04,4,2026-02,2026-05
MAYDOMIGG,2026-04,2026-04-01,2026-04-30,0.0,0.0,0.0,0.0,0,0.0,4,1,0.0,Ferro,sem_dado,0.05,tiktok_seller_center,0,0,0,0,,,0.0,0.0,0,0.0,4,1,0.0,1,2026-04,2026-04
MAYSUMACHI,2026-05,2026-05-01,2026-05-23,0.0,0.0,0.0,0.0,0,0.0,1,3,0.0,Ferro,sem_dado,0.05,tiktok_seller_center,,0,0,0,,0,0.0,0.0,0,0.0,1,3,0.0,1,2026-05,2026-05
MAZA06745,2026-01,2026-01-06,2026-01-31,0.0,0.0,0.0,0.0,0,0.0,4,0,0.0,Ferro,sem_dado,0.05,tiktok_seller_center,0,0,0,0,,,0.0,0.0,0,0.0,4,0,0.0,1,2026-01,2026-01
MAZABRYTO,2026-05,2026-05-01,2026-05-23,0.0,0.0,0.0,0.0,0,0.0,1,0,0.0,Ferro,sem_dado,0.05,tiktok_seller_center,,0,0,0,,0,0.0,0.0,0,0.0,1,0,0.0,1,2026-05,2026-05
MAZALAHOP,2026-03,2026-03-01,2026-03-31,0.0,0.0,0.0,0.0,0,0.0,0,2,0.0,Ferro,sem_dado,0.05,tiktok_seller_center,0,0,0,0,,,0.0,0.0,0,0.0,0,2,0.0,1,2026-03,2026-03
MA_CREATORSHOP,2026-04,2026-04-01,2026-04-30,0.0,0.0,0.0,0.0,0,0.0,0,1,0.0,Ferro,sem_dado,0.05,tiktok_seller_center,0,0,0,0,,,0.0,0.0,0,0.0,0,1,0.0,1,2026-04,2026-04
MA_FERREIRA15,2026-05,2026-05-01,2026-05-23,0.0,0.0,0.0,0.0,0,0.0,0,1,0.0,Ferro,sem_dado,0.05,tiktok_seller_center,,0,0,0,,0,0.0,0.0,0,0.0,0,1,0.0,1,2026-05,2026-05
MCECILIA.ARAUJO1,2026-04,2026-04-01,2026-04-30,95.6,95.6,0.0,0.0,1,95.6,6,2,7.91,Ferro,sem_dado,0.05,tiktok_seller_center,1,0,1,0,,,95.6,95.6,1,0.0,6,2,4.78,1,2026-04,2026-04
MDSV.21,2026-04,2026-04-01,2026-04-30,0.0,0.0,0.0,0.0,0,0.0,1,0,0.0,Ferro,sem_dado,0.05,tiktok_seller_center,0,0,0,0,,,0.0,0.0,0,0.0,1,0,0.0,1,2026-04,2026-04
MDUDALEITEE,2026-05,2026-05-01,2026-05-23,0.0,0.0,0.0,0.0,0,0.0,0,2,0.0,Ferro,sem_dado,0.05,tiktok_seller_center,1,0,0,0,,0,80.7,80.7,1,0.0,0,2,4.04,2,2026-03,2026-05
MEGAMIXVARIEDADES10,2026-05,2026-05-01,2026-05-23,0.0,0.0,0.0,0.0,0,0.0,0,1,0.0,Ferro,sem_dado,0.05,tiktok_seller_center,,0,0,0,,0,0.0,0.0,0,0.0,0,1,0.0,1,2026-05,2026-05
MEGAOFERTASBRASIL6,2026-03,2026-03-01,2026-03-31,0.0,0.0,0.0,0.0,0,0.0,1,1,0.0,Ferro,sem_dado,0.05,tiktok_seller_center,0,0,0,0,,,0.0,0.0,0,0.0,1,1,0.0,1,2026-03,2026-03
MEGASHOP.4,2026-05,2026-05-01,2026-05-23,0.0,0.0,0.0,0.0,0,0.0,3,0,0.0,Ferro,sem_dado,0.05,tiktok_seller_center,,0,0,0,,0,0.0,0.0,0,0.0,3,0,0.0,1,2026-05,2026-05
MEGASHOP285,2026-03,2026-03-01,2026-03-31,0.0,0.0,0.0,0.0,0,0.0,0,1,0.0,Ferro,sem_dado,0.05,tiktok_seller_center,0,0,0,0,,,0.0,0.0,0,0.0,0,1,0.0,1,2026-03,2026-03
MEGATIKSHOP3,2026-02,2026-02-01,2026-02-28,0.0,0.0,0.0,0.0,0,0.0,1,0,0.0,Ferro,sem_dado,0.05,tiktok_seller_center,0,0,0,0,,,0.0,0.0,0,0.0,1,0,0.0,1,2026-02,2026-02
MEIRE.OLIVEIRA573,2026-02,2026-02-01,2026-02-28,0.0,0.0,0.0,0.0,0,0.0,0,1,0.0,Ferro,sem_dado,0.05,tiktok_seller_center,0,0,0,0,,,0.0,0.0,0,0.0,0,1,0.0,1,2026-02,2026-02
MEIREANDRADE350,2026-03,2026-03-01,2026-03-31,0.0,0.0,0.0,0.0,0,0.0,0,2,0.0,Ferro,sem_dado,0.05,tiktok_seller_center,0,0,0,0,,,0.0,0.0,0,0.0,0,2,0.0,1,2026-03,2026-03
MEIREAQUINO345,2026-04,2026-04-01,2026-04-30,0.0,0.0,0.0,0.0,0,0.0,0,4,0.0,Ferro,sem_dado,0.05,tiktok_seller_center,0,0,0,0,,,0.0,0.0,0,0.0,0,4,0.0,1,2026-04,2026-04
MEIREE.LAURENTINO,2026-05,2026-05-01,2026-05-23,0.0,0.0,0.0,0.0,0,0.0,1,1,0.0,Ferro,sem_dado,0.05,tiktok_seller_center,0,0,0,0,,0,0.0,0.0,0,0.0,4,2,0.0,2,2026-04,2026-05
MEIREPORTTO,2026-04,2026-04-01,2026-04-30,0.0,0.0,0.0,0.0,0,0.0,1,0,0.0,Ferro,sem_dado,0.05,tiktok_seller_center,0,0,0,0,,,0.0,0.0,0,0.0,1,0,0.0,1,2026-04,2026-04
MEIRIANELC1,2026-02,2026-02-01,2026-02-28,87.57,87.57,0.0,0.0,1,87.57,0,1,7.22,Ferro,sem_dado,0.05,tiktok_seller_center,1,0,1,0,,,234.87,77.4,3,157.47,0,2,3.87,2,2026-01,2026-02
MEIRILISAMPAIO1,2026-04,2026-04-01,2026-04-30,0.0,0.0,0.0,0.0,0,0.0,2,0,0.0,Ferro,sem_dado,0.05,tiktok_seller_center,0,0,0,0,,,0.0,0.0,0,0.0,2,0,0.0,1,2026-04,2026-04
MEL.E.FAVO,2026-02,2026-02-01,2026-02-28,0.0,0.0,0.0,0.0,0,0.0,0,1,0.0,Ferro,sem_dado,0.05,tiktok_seller_center,0,0,0,0,,,0.0,0.0,0,0.0,0,1,0.0,1,2026-02,2026-02
MEL.OLIVEIRA184,2026-01,2026-01-06,2026-01-31,0.0,0.0,0.0,0.0,0,0.0,2,0,0.0,Ferro,sem_dado,0.05,tiktok_seller_center,0,0,0,0,,,0.0,0.0,0,0.0,2,0,0.0,1,2026-01,2026-01
MELBAUDIN,2026-02,2026-02-01,2026-02-28,0.0,0.0,0.0,0.0,0,0.0,2,0,0.0,Ferro,sem_dado,0.05,tiktok_seller_center,0,0,0,0,,,0.0,0.0,0,0.0,2,0,0.0,1,2026-02,2026-02
MELHOR.OPORTUNIDADE,2026-01,2026-01-06,2026-01-31,0.0,0.0,0.0,0.0,0,0.0,0,2,0.0,Ferro,sem_dado,0.05,tiktok_seller_center,0,0,0,0,,,0.0,0.0,0,0.0,0,2,0.0,1,2026-01,2026-01
MELHORESCOMPRAS42,2026-02,2026-02-01,2026-02-28,0.0,0.0,0.0,0.0,0,0.0,1,0,0.0,Ferro,sem_dado,0.05,tiktok_seller_center,0,0,0,0,,,0.0,0.0,0,0.0,1,0,0.0,1,2026-02,2026-02
MELHORESDICASDATATA,2026-02,2026-02-01,2026-02-28,0.0,0.0,0.0,0.0,0,0.0,0,6,0.0,Ferro,sem_dado,0.05,tiktok_seller_center,0,0,0,0,,,0.0,0.0,0,0.0,0,6,0.0,1,2026-02,2026-02
MELHORESDICAS_BRASIL,2026-01,2026-01-06,2026-01-31,0.0,0.0,0.0,0.0,0,0.0,1,0,0.0,Ferro,sem_dado,0.05,tiktok_seller_center,0,0,0,0,,,0.0,0.0,0,0.0,1,0,0.0,1,2026-01,2026-01
MELHORESDOTIKTOK45,2026-05,2026-05-01,2026-05-23,0.0,0.0,0.0,0.0,0,0.0,0,1,0.0,Ferro,sem_dado,0.05,tiktok_seller_center,0,0,0,0,,0,0.0,0.0,0,0.0,0,3,0.0,2,2026-03,2026-05
MELHORESEUMUNDO,2026-03,2026-03-01,2026-03-31,0.0,0.0,0.0,0.0,0,0.0,0,1,0.0,Ferro,sem_dado,0.05,tiktok_seller_center,0,0,0,0,,,0.0,0.0,0,0.0,0,1,0.0,1,2026-03,2026-03
MELHORESOFERTASENCONTRAM,2026-04,2026-04-01,2026-04-30,0.0,0.0,0.0,0.0,0,0.0,0,5,0.0,Ferro,sem_dado,0.05,tiktok_seller_center,0,0,0,0,,,0.0,0.0,0,0.0,0,5,0.0,1,2026-04,2026-04
MELHORESPRECOS25,2026-04,2026-04-01,2026-04-30,0.0,0.0,0.0,0.0,0,0.0,0,1,0.0,Ferro,sem_dado,0.05,tiktok_seller_center,0,0,0,0,,,0.0,0.0,0,0.0,0,1,0.0,1,2026-04,2026-04
MELHORPRODTIKTOKSHOP2026,2026-03,2026-03-01,2026-03-31,0.0,0.0,0.0,0.0,0,0.0,1,0,0.0,Ferro,sem_dado,0.05,tiktok_seller_center,0,0,0,0,,,0.0,0.0,0,0.0,1,0,0.0,1,2026-03,2026-03
MELINAINDICA,2026-03,2026-03-01,2026-03-31,0.0,0.0,0.0,0.0,0,0.0,1,0,0.0,Ferro,sem_dado,0.05,tiktok_seller_center,0,0,0,0,,,0.0,0.0,0,0.0,1,0,0.0,1,2026-03,2026-03
MELISSAFERREIRAAH,2026-05,2026-05-01,2026-05-23,0.0,0.0,0.0,0.0,0,0.0,1,0,0.0,Ferro,sem_dado,0.05,tiktok_seller_center,,0,0,0,,0,0.0,0.0,0,0.0,1,0,0.0,1,2026-05,2026-05
MELISSAOLIVE00,2026-03,2026-03-01,2026-03-31,0.0,0.0,0.0,0.0,0,0.0,1,0,0.0,Ferro,sem_dado,0.05,tiktok_seller_center,0,0,0,0,,,0.0,0.0,0,0.0,1,0,0.0,1,2026-03,2026-03
MELISSASCOSTAA,2026-02,2026-02-01,2026-02-28,133.4,133.4,0.0,0.0,2,66.7,3,0,14.44,Ferro,sem_dado,0.05,tiktok_seller_center,2,0,1,0,,,133.4,133.4,2,0.0,4,0,6.67,2,2026-01,2026-02
MELISSA_M.C_S,2026-03,2026-03-01,2026-03-31,0.0,0.0,0.0,0.0,0,0.0,2,0,0.0,Ferro,sem_dado,0.05,tiktok_seller_center,0,0,0,0,,,0.0,0.0,0,0.0,2,0,0.0,1,2026-03,2026-03
MELL.TIKSHOP,2026-02,2026-02-01,2026-02-28,0.0,0.0,0.0,0.0,0,0.0,4,0,0.0,Ferro,sem_dado,0.05,tiktok_seller_center,0,0,0,0,,,0.0,0.0,0,0.0,4,0,0.0,1,2026-02,2026-02
MELL87885,2026-03,2026-03-01,2026-03-31,0.0,0.0,0.0,0.0,0,0.0,2,0,0.0,Ferro,sem_dado,0.05,tiktok_seller_center,0,0,0,0,,,0.0,0.0,0,0.0,3,0,0.0,2,2026-02,2026-03
MELLANCCARDI,2026-03,2026-03-01,2026-03-31,0.0,0.0,0.0,0.0,0,0.0,2,0,0.0,Ferro,sem_dado,0.05,tiktok_seller_center,0,0,0,0,,,87.4,87.4,1,0.0,9,0,4.37,2,2026-01,2026-03
MELLDUARTEE1,2026-03,2026-03-01,2026-03-31,0.0,0.0,0.0,0.0,0,0.0,2,0,0.0,Ferro,sem_dado,0.05,tiktok_seller_center,0,0,0,0,,,0.0,0.0,0,0.0,2,0,0.0,1,2026-03,2026-03
MELLOSHOP_,2026-02,2026-02-01,2026-02-28,0.0,0.0,0.0,0.0,0,0.0,0,1,0.0,Ferro,sem_dado,0.05,tiktok_seller_center,0,0,0,0,,,0.0,0.0,0,0.0,0,1,0.0,1,2026-02,2026-02
MELOXISA,2026-01,2026-01-06,2026-01-31,0.0,0.0,0.0,0.0,0,0.0,2,0,0.0,Ferro,sem_dado,0.05,tiktok_seller_center,0,0,0,0,,,0.0,0.0,0,0.0,2,0,0.0,1,2026-01,2026-01
MELPTIKTOKSHOP,2026-04,2026-04-01,2026-04-30,0.0,0.0,0.0,0.0,0,0.0,4,0,0.0,Ferro,sem_dado,0.05,tiktok_seller_center,0,0,0,0,,,0.0,0.0,0,0.0,4,0,0.0,1,2026-04,2026-04
MELSHOPEDICAS,2026-03,2026-03-01,2026-03-31,0.0,0.0,0.0,0.0,0,0.0,1,0,0.0,Ferro,sem_dado,0.05,tiktok_seller_center,0,0,0,0,,,0.0,0.0,0,0.0,1,0,0.0,1,2026-03,2026-03
MELSTORY.STE,2026-05,2026-05-01,2026-05-23,0.0,0.0,0.0,0.0,0,0.0,0,1,0.0,Ferro,sem_dado,0.05,tiktok_seller_center,,0,0,0,,0,0.0,0.0,0,0.0,0,1,0.0,1,2026-05,2026-05
MENDESAMANDA.M,2026-05,2026-05-01,2026-05-23,0.0,0.0,0.0,0.0,0,0.0,1,0,0.0,Ferro,sem_dado,0.05,tiktok_seller_center,1,0,0,0,,0,93.81,93.81,1,0.0,3,0,4.69,2,2026-04,2026-05
MENEGUINISHOP,2026-02,2026-02-01,2026-02-28,0.0,0.0,0.0,0.0,0,0.0,1,0,0.0,Ferro,sem_dado,0.05,tiktok_seller_center,0,0,0,0,,,0.0,0.0,0,0.0,1,0,0.0,1,2026-02,2026-02
MENINA.DA.CAPITAL,2026-05,2026-05-01,2026-05-23,0.0,0.0,0.0,0.0,0,0.0,1,0,0.0,Ferro,sem_dado,0.05,tiktok_seller_center,,0,0,0,,0,0.0,0.0,0,0.0,1,0,0.0,1,2026-05,2026-05
MENINA.GRINGA,2026-05,2026-05-01,2026-05-23,0.0,0.0,0.0,0.0,0,0.0,1,0,0.0,Ferro,sem_dado,0.05,tiktok_seller_center,,0,0,0,,0,0.0,0.0,0,0.0,1,0,0.0,1,2026-05,2026-05
MENINADOMONITORAMENTO,2026-02,2026-02-01,2026-02-28,0.0,-79.9,79.9,0.0,0,0.0,0,0,0.0,Ferro,sem_dado,0.05,tiktok_seller_center,0,1,0,0,,,79.9,0.0,1,79.9,0,0,0.0,2,2026-01,2026-02
MENSAGEIRAMILIONARIA,2026-04,2026-04-01,2026-04-30,0.0,0.0,0.0,0.0,0,0.0,0,2,0.0,Ferro,sem_dado,0.05,tiktok_seller_center,0,0,0,0,,,0.0,0.0,0,0.0,0,2,0.0,1,2026-04,2026-04
MENSAGENSDEFE46,2026-03,2026-03-01,2026-03-31,0.0,0.0,0.0,0.0,0,0.0,1,0,0.0,Ferro,sem_dado,0.05,tiktok_seller_center,0,0,0,0,,,0.0,0.0,0,0.0,1,0,0.0,1,2026-03,2026-03
MENTALIDADEIMPARABLE,2026-03,2026-03-01,2026-03-31,0.0,0.0,0.0,0.0,0,0.0,1,0,0.0,Ferro,sem_dado,0.05,tiktok_seller_center,0,0,0,0,,,0.0,0.0,0,0.0,1,0,0.0,1,2026-03,2026-03
MENTORIAOCULTAML,2026-02,2026-02-01,2026-02-28,0.0,0.0,0.0,0.0,0,0.0,2,0,0.0,Ferro,sem_dado,0.05,tiktok_seller_center,0,0,0,0,,,0.0,0.0,0,0.0,2,0,0.0,1,2026-02,2026-02
MERLIA.VIBESOFC,2026-01,2026-01-06,2026-01-31,0.0,0.0,0.0,0.0,0,0.0,7,0,0.0,Ferro,sem_dado,0.05,tiktok_seller_center,0,0,0,0,,,0.0,0.0,0,0.0,7,0,0.0,1,2026-01,2026-01
MERYROSAFILHO,2026-05,2026-05-01,2026-05-23,0.0,0.0,0.0,0.0,0,0.0,0,1,0.0,Ferro,sem_dado,0.05,tiktok_seller_center,,0,0,0,,0,0.0,0.0,0,0.0,0,1,0.0,1,2026-05,2026-05
METAMORFOSEMAIS,2026-05,2026-05-01,2026-05-23,0.0,0.0,0.0,0.0,0,0.0,0,1,0.0,Ferro,sem_dado,0.05,tiktok_seller_center,0,0,0,0,,0,0.0,0.0,0,0.0,0,8,0.0,4,2026-02,2026-05
MEUCLUBEDEBELEZA,2026-01,2026-01-06,2026-01-31,0.0,0.0,0.0,0.0,0,0.0,0,2,0.0,Ferro,sem_dado,0.05,tiktok_seller_center,0,0,0,0,,,0.0,0.0,0,0.0,0,2,0.0,1,2026-01,2026-01
MEUDAILYAGATHA,2026-03,2026-03-01,2026-03-31,0.0,0.0,0.0,0.0,0,0.0,1,0,0.0,Ferro,sem_dado,0.05,tiktok_seller_center,0,0,0,0,,,0.0,0.0,0,0.0,1,0,0.0,1,2026-03,2026-03
MEUNOMEETAY,2026-04,2026-04-01,2026-04-30,0.0,0.0,0.0,0.0,0,0.0,0,1,0.0,Ferro,sem_dado,0.05,tiktok_seller_center,0,0,0,0,,,0.0,0.0,0,0.0,1,2,0.0,2,2026-02,2026-04
MEUPAI164,2026-04,2026-04-01,2026-04-30,0.0,0.0,0.0,0.0,0,0.0,0,2,0.0,Ferro,sem_dado,0.05,tiktok_seller_center,0,0,0,0,,,0.0,0.0,0,0.0,0,2,0.0,1,2026-04,2026-04
MEUSREVIEWS_,2026-02,2026-02-01,2026-02-28,0.0,0.0,0.0,0.0,0,0.0,1,0,0.0,Ferro,sem_dado,0.05,tiktok_seller_center,0,0,0,0,,,0.0,0.0,0,0.0,2,0,0.0,2,2026-01,2026-02
MGREIS.SHOP,2026-01,2026-01-06,2026-01-31,83.62,83.62,0.0,0.0,1,83.62,1,0,7.99,Ferro,sem_dado,0.05,tiktok_seller_center,1,0,1,0,,,83.62,83.62,1,0.0,1,0,4.18,1,2026-01,2026-01
MI.INDICAAAA,2026-03,2026-03-01,2026-03-31,0.0,0.0,0.0,0.0,0,0.0,0,4,0.0,Ferro,sem_dado,0.05,tiktok_seller_center,0,0,0,0,,,0.0,0.0,0,0.0,0,4,0.0,1,2026-03,2026-03
MIAPRADOSHOP,2026-02,2026-02-01,2026-02-28,0.0,0.0,0.0,0.0,0,0.0,1,0,0.0,Ferro,sem_dado,0.05,tiktok_seller_center,0,0,0,0,,,0.0,0.0,0,0.0,1,0,0.0,1,2026-02,2026-02
MIA_INFLUENCERLINDA,2026-02,2026-02-01,2026-02-28,0.0,0.0,0.0,0.0,0,0.0,0,1,0.0,Ferro,sem_dado,0.05,tiktok_seller_center,0,0,0,0,,,0.0,0.0,0,0.0,0,1,0.0,1,2026-02,2026-02
MICA.R_,2026-05,2026-05-01,2026-05-23,0.0,0.0,0.0,0.0,0,0.0,1,0,0.0,Ferro,sem_dado,0.05,tiktok_seller_center,0,0,0,0,,0,0.0,0.0,0,0.0,10,0,0.0,3,2026-02,2026-05
MICAELEGARCIA4,2026-02,2026-02-01,2026-02-28,79.9,0.0,79.9,100.0,1,79.9,0,8,7.99,Ferro,sem_dado,0.05,tiktok_seller_center,1,1,1,0,,,79.9,0.0,1,79.9,0,8,0.0,1,2026-02,2026-02
MICASOOARES,2026-02,2026-02-01,2026-02-28,0.0,0.0,0.0,0.0,0,0.0,0,8,0.0,Ferro,sem_dado,0.05,tiktok_seller_center,0,0,0,0,,,0.0,0.0,0,0.0,0,8,0.0,1,2026-02,2026-02
MICHAELMARTINSSHOP,2026-04,2026-04-01,2026-04-30,0.0,0.0,0.0,0.0,0,0.0,0,1,0.0,Ferro,sem_dado,0.05,tiktok_seller_center,0,0,0,0,,,0.0,0.0,0,0.0,1,1,0.0,2,2026-02,2026-04
MICHELE.MAYER,2026-02,2026-02-01,2026-02-28,0.0,0.0,0.0,0.0,0,0.0,0,3,0.0,Ferro,sem_dado,0.05,tiktok_seller_center,0,0,0,0,,,0.0,0.0,0,0.0,0,3,0.0,1,2026-02,2026-02
MICHELEBRAZSHOP,2026-04,2026-04-01,2026-04-30,0.0,0.0,0.0,0.0,0,0.0,5,1,0.0,Ferro,sem_dado,0.05,tiktok_seller_center,0,0,0,0,,,0.0,0.0,0,0.0,5,1,0.0,1,2026-04,2026-04
MICHELEREZENDE455,2026-05,2026-05-01,2026-05-23,0.0,0.0,0.0,0.0,0,0.0,0,1,0.0,Ferro,sem_dado,0.05,tiktok_seller_center,0,0,0,0,,0,0.0,0.0,0,0.0,2,3,0.0,2,2026-04,2026-05
MICHELESANTOS.BR,2026-05,2026-05-01,2026-05-23,0.0,0.0,0.0,0.0,0,0.0,0,3,0.0,Ferro,sem_dado,0.05,tiktok_seller_center,0,0,0,0,,0,0.0,0.0,0,0.0,0,48,0.0,3,2026-03,2026-05
MICHELIBATISTA754,2026-05,2026-05-01,2026-05-23,0.0,0.0,0.0,0.0,0,0.0,0,3,0.0,Ferro,sem_dado,0.05,tiktok_seller_center,0,0,0,0,,0,0.0,0.0,0,0.0,0,24,0.0,3,2026-03,2026-05
MICHELINHA6834,2026-02,2026-02-01,2026-02-28,0.0,0.0,0.0,0.0,0,0.0,0,1,0.0,Ferro,sem_dado,0.05,tiktok_seller_center,0,0,0,0,,,0.0,0.0,0,0.0,0,1,0.0,1,2026-02,2026-02
MICHELLE.DGOMES,2026-04,2026-04-01,2026-04-30,0.0,0.0,0.0,0.0,0,0.0,0,2,0.0,Ferro,sem_dado,0.05,tiktok_seller_center,0,0,0,0,,,0.0,0.0,0,0.0,0,3,0.0,2,2026-03,2026-04
MICHELLE.REIS960,2026-05,2026-05-01,2026-05-23,0.0,0.0,0.0,0.0,0,0.0,3,0,0.0,Ferro,sem_dado,0.05,tiktok_seller_center,,0,0,0,,0,0.0,0.0,0,0.0,3,0,0.0,1,2026-05,2026-05
MICHELLE.SOUZA464,2026-03,2026-03-01,2026-03-31,0.0,0.0,0.0,0.0,0,0.0,0,1,0.0,Ferro,sem_dado,0.05,tiktok_seller_center,0,0,0,0,,,0.0,0.0,0,0.0,0,1,0.0,1,2026-03,2026-03
MICHELLEGALLINA2,2026-04,2026-04-01,2026-04-30,0.0,0.0,0.0,0.0,0,0.0,0,2,0.0,Ferro,sem_dado,0.05,tiktok_seller_center,0,0,0,0,,,0.0,0.0,0,0.0,0,2,0.0,1,2026-04,2026-04
MICHELLELEAN15,2026-04,2026-04-01,2026-04-30,0.0,0.0,0.0,0.0,0,0.0,0,1,0.0,Ferro,sem_dado,0.05,tiktok_seller_center,0,0,0,0,,,0.0,0.0,0,0.0,0,1,0.0,1,2026-04,2026-04
MICHELLEPENZE,2026-05,2026-05-01,2026-05-23,0.0,0.0,0.0,0.0,0,0.0,0,1,0.0,Ferro,sem_dado,0.05,tiktok_seller_center,0,0,0,0,,0,0.0,0.0,0,0.0,0,23,0.0,5,2026-01,2026-05
MICHELLEROCHA.N,2026-04,2026-04-01,2026-04-30,165.15,165.15,0.0,0.0,2,82.58,0,0,15.82,Ferro,sem_dado,0.05,tiktok_seller_center,2,0,1,0,,,645.35,645.35,8,0.0,2,0,32.28,4,2026-01,2026-04
MICHELLETTKSHOP,2026-05,2026-05-01,2026-05-23,0.0,0.0,0.0,0.0,0,0.0,0,2,0.0,Ferro,sem_dado,0.05,tiktok_seller_center,0,0,0,0,,0,0.0,0.0,0,0.0,0,5,0.0,2,2026-04,2026-05
MICHELLE_FERNANDES_LIMA,2026-02,2026-02-01,2026-02-28,0.0,0.0,0.0,0.0,0,0.0,4,0,0.0,Ferro,sem_dado,0.05,tiktok_seller_center,0,0,0,0,,,0.0,0.0,0,0.0,4,0,0.0,1,2026-02,2026-02
MICHELLY.MODOLO,2026-05,2026-05-01,2026-05-23,0.0,0.0,0.0,0.0,0,0.0,0,1,0.0,Ferro,sem_dado,0.05,tiktok_seller_center,1,0,0,0,,0,77.5,0.0,1,77.5,10,5,0.0,3,2026-03,2026-05
MICHELLYLUZCREATOR,2026-04,2026-04-01,2026-04-30,0.0,0.0,0.0,0.0,0,0.0,0,3,0.0,Ferro,sem_dado,0.05,tiktok_seller_center,0,0,0,0,,,0.0,0.0,0,0.0,0,3,0.0,1,2026-04,2026-04
MICOELHOF,2026-05,2026-05-01,2026-05-23,0.0,0.0,0.0,0.0,0,0.0,1,0,0.0,Ferro,sem_dado,0.05,tiktok_seller_center,,0,0,0,,0,0.0,0.0,0,0.0,1,0,0.0,1,2026-05,2026-05
MIFREMA0,2026-05,2026-05-01,2026-05-23,0.0,0.0,0.0,0.0,0,0.0,0,2,0.0,Ferro,sem_dado,0.05,tiktok_seller_center,0,0,0,0,,0,0.0,0.0,0,0.0,3,2,0.0,2,2026-04,2026-05
MIH.SIBELI,2026-03,2026-03-01,2026-03-31,77.7,77.7,0.0,0.0,1,77.7,1,0,7.91,Ferro,sem_dado,0.05,tiktok_seller_center,1,0,1,0,,,77.7,77.7,1,0.0,1,0,3.89,1,2026-03,2026-03
MIHHVARGAS.7,2026-04,2026-04-01,2026-04-30,0.0,0.0,0.0,0.0,0,0.0,0,1,0.0,Ferro,sem_dado,0.05,tiktok_seller_center,0,0,0,0,,,0.0,0.0,0,0.0,0,11,0.0,3,2026-02,2026-04
MIHLOPESTKSHOP10,2026-04,2026-04-01,2026-04-30,87.76,0.0,87.76,100.0,1,87.76,0,0,7.99,Ferro,sem_dado,0.05,tiktok_seller_center,1,1,1,0,,,87.76,0.0,1,87.76,0,2,0.0,2,2026-03,2026-04
MIIIHFREIREE,2026-04,2026-04-01,2026-04-30,0.0,0.0,0.0,0.0,0,0.0,6,0,0.0,Ferro,sem_dado,0.05,tiktok_seller_center,0,0,0,0,,,91.57,91.57,1,0.0,19,0,4.58,3,2026-01,2026-04
MIIIIHPIRES,2026-04,2026-04-01,2026-04-30,0.0,-80.7,80.7,0.0,0,0.0,0,0,0.0,Ferro,sem_dado,0.05,tiktok_seller_center,0,1,0,0,,,166.52,85.82000000000001,2,80.7,5,1,4.29,2,2026-03,2026-04
MIILEEN4,2026-02,2026-02-01,2026-02-28,0.0,0.0,0.0,0.0,0,0.0,1,0,0.0,Ferro,sem_dado,0.05,tiktok_seller_center,0,0,0,0,,,0.0,0.0,0,0.0,1,0,0.0,1,2026-02,2026-02
MIILLA.SJ,2026-04,2026-04-01,2026-04-30,0.0,0.0,0.0,0.0,0,0.0,5,0,0.0,Ferro,sem_dado,0.05,tiktok_seller_center,0,0,0,0,,,0.0,0.0,0,0.0,5,0,0.0,1,2026-04,2026-04
MIINDICA02,2026-02,2026-02-01,2026-02-28,0.0,0.0,0.0,0.0,0,0.0,1,0,0.0,Ferro,sem_dado,0.05,tiktok_seller_center,0,0,0,0,,,0.0,0.0,0,0.0,1,0,0.0,1,2026-02,2026-02
MIIXSHOPBR,2026-04,2026-04-01,2026-04-30,0.0,0.0,0.0,0.0,0,0.0,1,0,0.0,Ferro,sem_dado,0.05,tiktok_seller_center,0,0,0,0,,,0.0,0.0,0,0.0,1,0,0.0,1,2026-04,2026-04
MIKAELLE.MATOS,2026-04,2026-04-01,2026-04-30,79.23,0.0,79.23,100.0,1,79.23,0,0,6.39,Ferro,sem_dado,0.05,tiktok_seller_center,1,1,1,0,,,79.23,0.0,1,79.23,0,0,0.0,1,2026-04,2026-04
MILA.SHOPPING,2026-03,2026-03-01,2026-03-31,0.0,0.0,0.0,0.0,0,0.0,0,1,0.0,Ferro,sem_dado,0.05,tiktok_seller_center,0,0,0,0,,,0.0,0.0,0,0.0,0,1,0.0,1,2026-03,2026-03
MILAFELICIANO,2026-04,2026-04-01,2026-04-30,0.0,0.0,0.0,0.0,0,0.0,0,1,0.0,Ferro,sem_dado,0.05,tiktok_seller_center,0,0,0,0,,,0.0,0.0,0,0.0,0,1,0.0,1,2026-04,2026-04
MILALOVO0,2026-03,2026-03-01,2026-03-31,0.0,0.0,0.0,0.0,0,0.0,0,1,0.0,Ferro,sem_dado,0.05,tiktok_seller_center,0,0,0,0,,,0.0,-79.9,0,79.9,0,2,-4.0,3,2026-01,2026-03
MILANI.ALBUQUERQU,2026-04,2026-04-01,2026-04-30,0.0,0.0,0.0,0.0,0,0.0,0,7,0.0,Ferro,sem_dado,0.05,tiktok_seller_center,0,0,0,0,,,0.0,0.0,0,0.0,0,25,0.0,2,2026-03,2026-04
MILCA.ROMO,2026-04,2026-04-01,2026-04-30,0.0,0.0,0.0,0.0,0,0.0,0,1,0.0,Ferro,sem_dado,0.05,tiktok_seller_center,0,0,0,0,,,90.7,90.7,1,0.0,0,5,4.54,4,2026-01,2026-04
MILDICAS4,2026-04,2026-04-01,2026-04-30,0.0,0.0,0.0,0.0,0,0.0,0,3,0.0,Ferro,sem_dado,0.05,tiktok_seller_center,0,0,0,0,,,0.0,0.0,0,0.0,0,3,0.0,1,2026-04,2026-04
MILEEH800,2026-01,2026-01-06,2026-01-31,0.0,0.0,0.0,0.0,0,0.0,1,0,0.0,Ferro,sem_dado,0.05,tiktok_seller_center,0,0,0,0,,,0.0,0.0,0,0.0,1,0,0.0,1,2026-01,2026-01
MILENABORGESGPT,2026-03,2026-03-01,2026-03-31,0.0,0.0,0.0,0.0,0,0.0,1,0,0.0,Ferro,sem_dado,0.05,tiktok_seller_center,0,0,0,0,,,0.0,0.0,0,0.0,1,0,0.0,1,2026-03,2026-03
MILENAC_RAMOS,2026-01,2026-01-06,2026-01-31,0.0,0.0,0.0,0.0,0,0.0,0,3,0.0,Ferro,sem_dado,0.05,tiktok_seller_center,0,0,0,0,,,0.0,0.0,0,0.0,0,3,0.0,1,2026-01,2026-01
MILENALIVESHOP,2026-02,2026-02-01,2026-02-28,0.0,0.0,0.0,0.0,0,0.0,0,1,0.0,Ferro,sem_dado,0.05,tiktok_seller_center,0,0,0,0,,,0.0,0.0,0,0.0,0,1,0.0,1,2026-02,2026-02
MILENAMEDINAOFICIALL,2026-04,2026-04-01,2026-04-30,0.0,0.0,0.0,0.0,0,0.0,0,4,0.0,Ferro,sem_dado,0.05,tiktok_seller_center,0,0,0,0,,,0.0,0.0,0,0.0,0,4,0.0,1,2026-04,2026-04
MILENARZATKINUNES1,2026-04,2026-04-01,2026-04-30,0.0,0.0,0.0,0.0,0,0.0,2,0,0.0,Ferro,sem_dado,0.05,tiktok_seller_center,0,0,0,0,,,0.0,0.0,0,0.0,2,0,0.0,1,2026-04,2026-04
MILENEEBRANDAO,2026-03,2026-03-01,2026-03-31,0.0,0.0,0.0,0.0,0,0.0,0,1,0.0,Ferro,sem_dado,0.05,tiktok_seller_center,0,0,0,0,,,0.0,0.0,0,0.0,0,1,0.0,1,2026-03,2026-03
MILINDA.ALMEIDA,2026-04,2026-04-01,2026-04-30,0.0,0.0,0.0,0.0,0,0.0,2,0,0.0,Ferro,sem_dado,0.05,tiktok_seller_center,0,0,0,0,,,0.0,0.0,0,0.0,2,0,0.0,1,2026-04,2026-04
MILLA.OLIVEIRA7,2026-03,2026-03-01,2026-03-31,0.0,0.0,0.0,0.0,0,0.0,0,3,0.0,Ferro,sem_dado,0.05,tiktok_seller_center,0,0,0,0,,,0.0,0.0,0,0.0,0,3,0.0,1,2026-03,2026-03
MILLACREATORSHOP,2026-01,2026-01-06,2026-01-31,0.0,0.0,0.0,0.0,0,0.0,0,3,0.0,Ferro,sem_dado,0.05,tiktok_seller_center,0,0,0,0,,,0.0,0.0,0,0.0,0,3,0.0,1,2026-01,2026-01
MILTONDALBEN1,2026-05,2026-05-01,2026-05-23,0.0,0.0,0.0,0.0,0,0.0,2,0,0.0,Ferro,sem_dado,0.05,tiktok_seller_center,,0,0,0,,0,0.0,0.0,0,0.0,2,0,0.0,1,2026-05,2026-05
MILYSHOPBR,2026-03,2026-03-01,2026-03-31,0.0,0.0,0.0,0.0,0,0.0,1,0,0.0,Ferro,sem_dado,0.05,tiktok_seller_center,0,0,0,0,,,0.0,0.0,0,0.0,1,0,0.0,1,2026-03,2026-03
MIMACEDO19,2026-04,2026-04-01,2026-04-30,0.0,0.0,0.0,0.0,0,0.0,0,6,0.0,Ferro,sem_dado,0.05,tiktok_seller_center,0,0,0,0,,,0.0,0.0,0,0.0,0,6,0.0,1,2026-04,2026-04
MIMIE.MTT,2026-01,2026-01-06,2026-01-31,0.0,0.0,0.0,0.0,0,0.0,0,1,0.0,Ferro,sem_dado,0.05,tiktok_seller_center,0,0,0,0,,,0.0,0.0,0,0.0,0,1,0.0,1,2026-01,2026-01
MINDICANDO,2026-04,2026-04-01,2026-04-30,0.0,0.0,0.0,0.0,0,0.0,0,1,0.0,Ferro,sem_dado,0.05,tiktok_seller_center,0,0,0,0,,,0.0,0.0,0,0.0,0,1,0.0,1,2026-04,2026-04
MINEIRINHA_VLOGS,2026-03,2026-03-01,2026-03-31,0.0,0.0,0.0,0.0,0,0.0,0,1,0.0,Ferro,sem_dado,0.05,tiktok_seller_center,0,0,0,0,,,0.0,0.0,0,0.0,0,1,0.0,1,2026-03,2026-03
MINHACASA.ACHADINHOSS,2026-03,2026-03-01,2026-03-31,0.0,0.0,0.0,0.0,0,0.0,3,0,0.0,Ferro,sem_dado,0.05,tiktok_seller_center,0,0,0,0,,,0.0,0.0,0,0.0,3,0,0.0,1,2026-03,2026-03
MINHALOJAFAVORITA01,2026-03,2026-03-01,2026-03-31,0.0,0.0,0.0,0.0,0,0.0,0,17,0.0,Ferro,sem_dado,0.05,tiktok_seller_center,0,0,0,0,,,0.0,0.0,0,0.0,0,45,0.0,3,2026-01,2026-03
MINHASOFERTAS0,2026-03,2026-03-01,2026-03-31,0.0,0.0,0.0,0.0,0,0.0,1,0,0.0,Ferro,sem_dado,0.05,tiktok_seller_center,0,0,0,0,,,0.0,0.0,0,0.0,1,0,0.0,1,2026-03,2026-03
MINISHOPPIING,2026-01,2026-01-06,2026-01-31,0.0,0.0,0.0,0.0,0,0.0,1,0,0.0,Ferro,sem_dado,0.05,tiktok_seller_center,0,0,0,0,,,0.0,0.0,0,0.0,1,0,0.0,1,2026-01,2026-01
MINISNOVELASDORAMAS,2026-04,2026-04-01,2026-04-30,76.05,76.05,0.0,0.0,1,76.05,0,0,6.39,Ferro,sem_dado,0.05,tiktok_seller_center,1,0,1,0,,,76.05,76.05,1,0.0,0,0,3.8,1,2026-04,2026-04
MINUTO.FINAL2,2026-04,2026-04-01,2026-04-30,0.0,0.0,0.0,0.0,0,0.0,0,2,0.0,Ferro,sem_dado,0.05,tiktok_seller_center,0,0,0,0,,,80.7,80.7,1,0.0,0,4,4.04,2,2026-03,2026-04
MINUTOS.COM.DEUS.17,2026-04,2026-04-01,2026-04-30,0.0,0.0,0.0,0.0,0,0.0,0,1,0.0,Ferro,sem_dado,0.05,tiktok_seller_center,0,0,0,0,,,0.0,0.0,0,0.0,0,1,0.0,1,2026-04,2026-04
MIRA.MARKS,2026-03,2026-03-01,2026-03-31,0.0,0.0,0.0,0.0,0,0.0,1,0,0.0,Ferro,sem_dado,0.05,tiktok_seller_center,0,0,0,0,,,0.0,0.0,0,0.0,1,0,0.0,1,2026-03,2026-03
MIRAMOTO.ALINE,2026-02,2026-02-01,2026-02-28,0.0,0.0,0.0,0.0,0,0.0,4,0,0.0,Ferro,sem_dado,0.05,tiktok_seller_center,0,0,0,0,,,0.0,0.0,0,0.0,5,0,0.0,2,2026-01,2026-02
MIRANDA.SHOP9,2026-04,2026-04-01,2026-04-30,0.0,0.0,0.0,0.0,0,0.0,1,0,0.0,Ferro,sem_dado,0.05,tiktok_seller_center,0,0,0,0,,,0.0,0.0,0,0.0,1,0,0.0,1,2026-04,2026-04
MIRANSOUZAM,2026-02,2026-02-01,2026-02-28,0.0,0.0,0.0,0.0,0,0.0,0,1,0.0,Ferro,sem_dado,0.05,tiktok_seller_center,0,0,0,0,,,0.0,0.0,0,0.0,0,1,0.0,1,2026-02,2026-02
MIRELASHOPCREATOR,2026-03,2026-03-01,2026-03-31,0.0,0.0,0.0,0.0,0,0.0,0,1,0.0,Ferro,sem_dado,0.05,tiktok_seller_center,0,0,0,0,,,0.0,0.0,0,0.0,0,1,0.0,1,2026-03,2026-03
MIRELLAVILAS,2026-05,2026-05-01,2026-05-23,0.0,0.0,0.0,0.0,0,0.0,0,1,0.0,Ferro,sem_dado,0.05,tiktok_seller_center,1,0,0,0,,0,94.92,94.92,1,0.0,4,11,4.75,2,2026-04,2026-05
MIRELLYMARTINSS,2026-05,2026-05-01,2026-05-23,0.0,0.0,0.0,0.0,0,0.0,0,3,0.0,Ferro,sem_dado,0.05,tiktok_seller_center,0,0,0,0,,0,0.0,0.0,0,0.0,0,22,0.0,2,2026-04,2026-05
MIRELLYROODRIGUES,2026-04,2026-04-01,2026-04-30,0.0,0.0,0.0,0.0,0,0.0,0,3,0.0,Ferro,sem_dado,0.05,tiktok_seller_center,0,0,0,0,,,0.0,0.0,0,0.0,0,4,0.0,2,2026-03,2026-04
MIRIAGOULARTT,2026-05,2026-05-01,2026-05-23,0.0,0.0,0.0,0.0,0,0.0,0,2,0.0,Ferro,sem_dado,0.05,tiktok_seller_center,0,0,0,0,,0,0.0,0.0,0,0.0,0,8,0.0,2,2026-04,2026-05
MIRIAM.CARVALHO6388,2026-04,2026-04-01,2026-04-30,0.0,0.0,0.0,0.0,0,0.0,2,1,0.0,Ferro,sem_dado,0.05,tiktok_seller_center,0,0,0,0,,,84.94,84.94,1,0.0,8,1,4.25,2,2026-03,2026-04
MIRIAM.PEREIRA672,2026-05,2026-05-01,2026-05-23,0.0,0.0,0.0,0.0,0,0.0,0,2,0.0,Ferro,sem_dado,0.05,tiktok_seller_center,0,0,0,0,,0,0.0,0.0,0,0.0,0,5,0.0,2,2026-04,2026-05
MIRIAMSILVAC25,2026-03,2026-03-01,2026-03-31,0.0,0.0,0.0,0.0,0,0.0,3,0,0.0,Ferro,sem_dado,0.05,tiktok_seller_center,0,0,0,0,,,0.0,0.0,0,0.0,3,0,0.0,1,2026-03,2026-03
MIRIAN.MELO04,2026-04,2026-04-01,2026-04-30,0.0,0.0,0.0,0.0,0,0.0,1,0,0.0,Ferro,sem_dado,0.05,tiktok_seller_center,0,0,0,0,,,0.0,0.0,0,0.0,1,0,0.0,1,2026-04,2026-04
MIRY53525,2026-04,2026-04-01,2026-04-30,0.0,0.0,0.0,0.0,0,0.0,0,3,0.0,Ferro,sem_dado,0.05,tiktok_seller_center,0,0,0,0,,,0.0,0.0,0,0.0,0,4,0.0,2,2026-03,2026-04
MISIANE.SOUZA,2026-03,2026-03-01,2026-03-31,0.0,0.0,0.0,0.0,0,0.0,0,2,0.0,Ferro,sem_dado,0.05,tiktok_seller_center,0,0,0,0,,,0.0,0.0,0,0.0,0,2,0.0,1,2026-03,2026-03
MISLAYNEBRANDAO,2026-03,2026-03-01,2026-03-31,77.5,77.5,0.0,0.0,1,77.5,0,2,7.99,Ferro,sem_dado,0.05,tiktok_seller_center,1,0,1,0,,,77.5,77.5,1,0.0,0,7,3.88,2,2026-02,2026-03
MISSALVEES,2026-05,2026-05-01,2026-05-23,0.0,0.0,0.0,0.0,0,0.0,0,5,0.0,Ferro,sem_dado,0.05,tiktok_seller_center,0,0,0,0,,0,0.0,0.0,0,0.0,0,18,0.0,4,2026-02,2026-05
MITIKO265,2026-04,2026-04-01,2026-04-30,0.0,0.0,0.0,0.0,0,0.0,0,2,0.0,Ferro,sem_dado,0.05,tiktok_seller_center,0,0,0,0,,,0.0,0.0,0,0.0,0,2,0.0,1,2026-04,2026-04
MITREND26,2026-03,2026-03-01,2026-03-31,0.0,0.0,0.0,0.0,0,0.0,1,0,0.0,Ferro,sem_dado,0.05,tiktok_seller_center,0,0,0,0,,,0.0,0.0,0,0.0,1,0,0.0,1,2026-03,2026-03
MI_FACILITA,2026-03,2026-03-01,2026-03-31,80.7,80.7,0.0,0.0,1,80.7,0,0,7.99,Ferro,sem_dado,0.05,tiktok_seller_center,1,0,1,0,,,80.7,80.7,1,0.0,0,0,4.04,1,2026-03,2026-03
MI_SANTOS38,2026-04,2026-04-01,2026-04-30,0.0,0.0,0.0,0.0,0,0.0,0,2,0.0,Ferro,sem_dado,0.05,tiktok_seller_center,0,0,0,0,,,1902.57,1691.5,23,211.07000000000002,5,22,84.58,3,2026-02,2026-04
MJRD23,2026-05,2026-05-01,2026-05-23,0.0,0.0,0.0,0.0,0,0.0,0,2,0.0,Ferro,sem_dado,0.05,tiktok_seller_center,0,0,0,0,,0,0.0,0.0,0,0.0,0,27,0.0,5,2026-01,2026-05
MKTGJRNWO7,2026-04,2026-04-01,2026-04-30,0.0,0.0,0.0,0.0,0,0.0,1,0,0.0,Ferro,sem_dado,0.05,tiktok_seller_center,0,0,0,0,,,0.0,0.0,0,0.0,1,0,0.0,1,2026-04,2026-04
ML5LHBAZC2,2026-05,2026-05-01,2026-05-23,0.0,-107.46,107.46,0.0,0,0.0,0,0,0.0,Ferro,sem_dado,0.05,tiktok_seller_center,6,1,0,0,,0,558.28,450.82,6,107.46,1,0,22.54,2,2026-04,2026-05
MMARCIAOLIVE28,2026-05,2026-05-01,2026-05-23,0.0,0.0,0.0,0.0,0,0.0,0,1,0.0,Ferro,sem_dado,0.05,tiktok_seller_center,,0,0,0,,0,0.0,0.0,0,0.0,0,1,0.0,1,2026-05,2026-05
MMARTINSSHOP,2026-05,2026-05-01,2026-05-23,0.0,0.0,0.0,0.0,0,0.0,2,0,0.0,Ferro,sem_dado,0.05,tiktok_seller_center,0,0,0,0,,0,0.0,0.0,0,0.0,10,0,0.0,2,2026-04,2026-05
MMILENAMOREAU,2026-03,2026-03-01,2026-03-31,0.0,0.0,0.0,0.0,0,0.0,0,1,0.0,Ferro,sem_dado,0.05,tiktok_seller_center,0,0,0,0,,,0.0,0.0,0,0.0,0,3,0.0,2,2026-02,2026-03
MMMADA81,2026-05,2026-05-01,2026-05-23,0.0,0.0,0.0,0.0,0,0.0,0,1,0.0,Ferro,sem_dado,0.05,tiktok_seller_center,0,0,0,0,,0,0.0,0.0,0,0.0,0,4,0.0,2,2026-04,2026-05
MNICA.SANTOS252,2026-05,2026-05-01,2026-05-23,0.0,0.0,0.0,0.0,0,0.0,1,0,0.0,Ferro,sem_dado,0.05,tiktok_seller_center,,0,0,0,,0,0.0,0.0,0,0.0,1,0,0.0,1,2026-05,2026-05
MO.JOANAA,2026-04,2026-04-01,2026-04-30,299.51,299.51,0.0,0.0,4,74.88,0,0,31.96,Bronze,sem_dado,0.07,tiktok_seller_center,4,0,1,0,,,2994.38,2670.78,35,323.6,9,0,174.79000000000002,3,2026-02,2026-04
MODA.ESTILO17,2026-03,2026-03-01,2026-03-31,0.0,0.0,0.0,0.0,0,0.0,1,0,0.0,Ferro,sem_dado,0.05,tiktok_seller_center,0,0,0,0,,,0.0,0.0,0,0.0,1,0,0.0,1,2026-03,2026-03
MODA.ESTILO2026,2026-02,2026-02-01,2026-02-28,0.0,0.0,0.0,0.0,0,0.0,1,0,0.0,Ferro,sem_dado,0.05,tiktok_seller_center,0,0,0,0,,,0.0,0.0,0,0.0,1,0,0.0,1,2026-02,2026-02
MODA.INTUITIVA88,2026-03,2026-03-01,2026-03-31,0.0,-80.7,80.7,0.0,0,0.0,0,0,0.0,Ferro,sem_dado,0.05,tiktok_seller_center,0,1,0,0,,,80.7,0.0,1,80.7,0,0,0.0,2,2026-02,2026-03
MODA.NAVEIA,2026-03,2026-03-01,2026-03-31,0.0,0.0,0.0,0.0,0,0.0,0,1,0.0,Ferro,sem_dado,0.05,tiktok_seller_center,0,0,0,0,,,0.0,0.0,0,0.0,0,1,0.0,1,2026-03,2026-03
MODA.PRA.ARRASAR,2026-04,2026-04-01,2026-04-30,0.0,0.0,0.0,0.0,0,0.0,0,1,0.0,Ferro,sem_dado,0.05,tiktok_seller_center,0,0,0,0,,,0.0,0.0,0,0.0,0,1,0.0,1,2026-04,2026-04
MODA.PRIMEE,2026-01,2026-01-06,2026-01-31,0.0,0.0,0.0,0.0,0,0.0,1,0,0.0,Ferro,sem_dado,0.05,tiktok_seller_center,0,0,0,0,,,0.0,0.0,0,0.0,1,0,0.0,1,2026-01,2026-01
MODACRISTA2008,2026-02,2026-02-01,2026-02-28,0.0,0.0,0.0,0.0,0,0.0,1,0,0.0,Ferro,sem_dado,0.05,tiktok_seller_center,0,0,0,0,,,0.0,0.0,0,0.0,1,0,0.0,1,2026-02,2026-02
MODAEBELEZADAKEZIA,2026-05,2026-05-01,2026-05-23,0.0,0.0,0.0,0.0,0,0.0,0,1,0.0,Ferro,sem_dado,0.05,tiktok_seller_center,0,0,0,0,,0,0.0,0.0,0,0.0,0,26,0.0,2,2026-04,2026-05
MODAEESTILOREAL,2026-05,2026-05-01,2026-05-23,0.0,0.0,0.0,0.0,0,0.0,0,1,0.0,Ferro,sem_dado,0.05,tiktok_seller_center,,0,0,0,,0,0.0,0.0,0,0.0,0,1,0.0,1,2026-05,2026-05
MODAMIX001,2026-01,2026-01-06,2026-01-31,0.0,0.0,0.0,0.0,0,0.0,1,0,0.0,Ferro,sem_dado,0.05,tiktok_seller_center,0,0,0,0,,,0.0,0.0,0,0.0,1,0,0.0,1,2026-01,2026-01
MODAPARAMULHERESAC,2026-04,2026-04-01,2026-04-30,0.0,0.0,0.0,0.0,0,0.0,0,1,0.0,Ferro,sem_dado,0.05,tiktok_seller_center,0,0,0,0,,,0.0,0.0,0,0.0,0,1,0.0,1,2026-04,2026-04
MODAPARATODAMULHER,2026-05,2026-05-01,2026-05-23,0.0,0.0,0.0,0.0,0,0.0,0,1,0.0,Ferro,sem_dado,0.05,tiktok_seller_center,0,0,0,0,,0,0.0,0.0,0,0.0,0,2,0.0,2,2026-04,2026-05
MODERNINHA.ANTENA,2026-05,2026-05-01,2026-05-23,0.0,0.0,0.0,0.0,0,0.0,0,2,0.0,Ferro,sem_dado,0.05,tiktok_seller_center,0,0,0,0,,0,0.0,0.0,0,0.0,0,5,0.0,3,2026-03,2026-05
MODOCHRISON,2026-02,2026-02-01,2026-02-28,0.0,0.0,0.0,0.0,0,0.0,1,0,0.0,Ferro,sem_dado,0.05,tiktok_seller_center,0,0,0,0,,,0.0,0.0,0,0.0,1,0,0.0,1,2026-02,2026-02
MODORESTEOFICIAL,2026-03,2026-03-01,2026-03-31,0.0,0.0,0.0,0.0,0,0.0,0,1,0.0,Ferro,sem_dado,0.05,tiktok_seller_center,0,0,0,0,,,0.0,0.0,0,0.0,0,1,0.0,1,2026-03,2026-03
MOISES__PEREIRA,2026-03,2026-03-01,2026-03-31,0.0,0.0,0.0,0.0,0,0.0,0,6,0.0,Ferro,sem_dado,0.05,tiktok_seller_center,0,0,0,0,,,0.0,0.0,0,0.0,0,6,0.0,1,2026-03,2026-03
MOMENTOSDAVIDA57,2026-03,2026-03-01,2026-03-31,0.0,0.0,0.0,0.0,0,0.0,3,0,0.0,Ferro,sem_dado,0.05,tiktok_seller_center,0,0,0,0,,,0.0,0.0,0,0.0,3,0,0.0,1,2026-03,2026-03
MONAHMOURAD,2026-02,2026-02-01,2026-02-28,0.0,0.0,0.0,0.0,0,0.0,0,3,0.0,Ferro,sem_dado,0.05,tiktok_seller_center,0,0,0,0,,,0.0,0.0,0,0.0,0,3,0.0,1,2026-02,2026-02
MONIBALDOLIVEIRA,2026-03,2026-03-01,2026-03-31,0.0,0.0,0.0,0.0,0,0.0,2,1,0.0,Ferro,sem_dado,0.05,tiktok_seller_center,0,0,0,0,,,0.0,0.0,0,0.0,2,1,0.0,1,2026-03,2026-03
MONICA.NUNES98,2026-04,2026-04-01,2026-04-30,134.98,134.98,0.0,0.0,2,67.49,1,3,14.0,Ferro,sem_dado,0.05,tiktok_seller_center,2,0,1,0,,,210.18,210.18,3,0.0,1,3,10.51,2,2026-03,2026-04
MONICA.TELESBEAUTY,2026-04,2026-04-01,2026-04-30,0.0,0.0,0.0,0.0,0,0.0,1,0,0.0,Ferro,sem_dado,0.05,tiktok_seller_center,0,0,0,0,,,0.0,0.0,0,0.0,1,0,0.0,1,2026-04,2026-04
MONICAAMORAA7,2026-03,2026-03-01,2026-03-31,79.78,79.78,0.0,0.0,1,79.78,0,0,9.49,Ferro,sem_dado,0.05,tiktok_seller_center,1,0,1,0,,,79.78,79.78,1,0.0,9,0,3.99,2,2026-02,2026-03
MONICADIGITAL_,2026-05,2026-05-01,2026-05-23,0.0,0.0,0.0,0.0,0,0.0,3,0,0.0,Ferro,sem_dado,0.05,tiktok_seller_center,0,0,0,0,,0,0.0,0.0,0,0.0,16,0,0.0,2,2026-04,2026-05
MONICAESTEPHANIO,2026-04,2026-04-01,2026-04-30,350.29,350.29,0.0,0.0,3,116.76,1,0,33.46,Ferro,sem_dado,0.05,tiktok_seller_center,4,0,1,0,,,430.19000000000005,430.19000000000005,4,0.0,8,1,21.51,2,2026-03,2026-04
MONICAKARINE45,2026-05,2026-05-01,2026-05-23,0.0,0.0,0.0,0.0,0,0.0,0,1,0.0,Ferro,sem_dado,0.05,tiktok_seller_center,,0,0,0,,0,0.0,0.0,0,0.0,0,1,0.0,1,2026-05,2026-05
MONICALOLA02,2026-03,2026-03-01,2026-03-31,87.2,0.0,87.2,100.0,1,87.2,0,4,9.49,Ferro,sem_dado,0.05,tiktok_seller_center,1,1,1,0,,,87.2,0.0,1,87.2,0,4,0.0,1,2026-03,2026-03
MONICAMENDES_85,2026-05,2026-05-01,2026-05-23,0.0,0.0,0.0,0.0,0,0.0,0,7,0.0,Ferro,sem_dado,0.05,tiktok_seller_center,0,0,0,0,,0,0.0,0.0,0,0.0,0,31,0.0,3,2026-02,2026-05
MONICAP.PEREIRA,2026-05,2026-05-01,2026-05-23,654.75,-24.029999999999973,678.78,103.67,6,109.12,3,0,47.95,Prata,sem_dado,0.09,tiktok_seller_center,61,7,1,0,,6,10239.67,8227.039999999999,109,2012.63,143,7,514.54,5,2026-01,2026-05
MONICA_SHOP77,2026-02,2026-02-01,2026-02-28,80.7,80.7,0.0,0.0,1,80.7,1,0,7.99,Ferro,sem_dado,0.05,tiktok_seller_center,1,0,1,0,,,80.7,80.7,1,0.0,1,0,4.04,1,2026-02,2026-02
MONIKASHOP0,2026-05,2026-05-01,2026-05-23,0.0,0.0,0.0,0.0,0,0.0,1,19,0.0,Ferro,sem_dado,0.05,tiktok_seller_center,0,0,0,0,,0,0.0,0.0,0,0.0,7,44,0.0,2,2026-04,2026-05
MONIKINDICA,2026-05,2026-05-01,2026-05-23,0.0,0.0,0.0,0.0,0,0.0,1,2,0.0,Ferro,sem_dado,0.05,tiktok_seller_center,0,0,0,0,,0,0.0,0.0,0,0.0,1,5,0.0,2,2026-04,2026-05
MONIQUE.GAUCHINHA,2026-02,2026-02-01,2026-02-28,0.0,0.0,0.0,0.0,0,0.0,1,0,0.0,Ferro,sem_dado,0.05,tiktok_seller_center,0,0,0,0,,,0.0,0.0,0,0.0,1,0,0.0,1,2026-02,2026-02
MONIQUE.ROSILVA,2026-05,2026-05-01,2026-05-23,0.0,0.0,0.0,0.0,0,0.0,0,1,0.0,Ferro,sem_dado,0.05,tiktok_seller_center,1,0,0,0,,0,62.54,62.54,1,0.0,0,6,3.13,3,2026-02,2026-05
MONIQUECERRI,2026-03,2026-03-01,2026-03-31,94.4,94.4,0.0,0.0,1,94.4,0,5,8.99,Ferro,sem_dado,0.05,tiktok_seller_center,1,0,1,0,,,94.4,94.4,1,0.0,0,5,4.72,1,2026-03,2026-03
MONIQUEEVA25,2026-04,2026-04-01,2026-04-30,0.0,0.0,0.0,0.0,0,0.0,0,6,0.0,Ferro,sem_dado,0.05,tiktok_seller_center,0,0,0,0,,,643.86,643.86,7,0.0,0,15,32.19,2,2026-03,2026-04
MONIQUEFLORESTA,2026-05,2026-05-01,2026-05-23,0.0,0.0,0.0,0.0,0,0.0,1,0,0.0,Ferro,sem_dado,0.05,tiktok_seller_center,,0,0,0,,0,0.0,0.0,0,0.0,1,0,0.0,1,2026-05,2026-05
MONIQUE_SHOPP,2026-04,2026-04-01,2026-04-30,81.9,1.2000000000000028,80.7,98.53,1,81.9,0,0,7.99,Ferro,sem_dado,0.05,tiktok_seller_center,1,1,1,0,,,540.52,459.82,7,80.7,0,0,23.0,4,2026-01,2026-04
MONISE_VIEIRA,2026-04,2026-04-01,2026-04-30,0.0,0.0,0.0,0.0,0,0.0,0,3,0.0,Ferro,sem_dado,0.05,tiktok_seller_center,0,0,0,0,,,0.0,0.0,0,0.0,0,3,0.0,1,2026-04,2026-04
MONIZECASSIA,2026-05,2026-05-01,2026-05-23,0.0,0.0,0.0,0.0,0,0.0,0,1,0.0,Ferro,sem_dado,0.05,tiktok_seller_center,,0,0,0,,0,0.0,0.0,0,0.0,0,1,0.0,1,2026-05,2026-05
MONNIIKKE,2026-05,2026-05-01,2026-05-23,0.0,0.0,0.0,0.0,0,0.0,0,16,0.0,Ferro,sem_dado,0.05,tiktok_seller_center,0,0,0,0,,0,101.64,101.64,1,0.0,0,65,5.08,4,2026-02,2026-05
MOODMARIA_,2026-03,2026-03-01,2026-03-31,0.0,0.0,0.0,0.0,0,0.0,0,1,0.0,Ferro,sem_dado,0.05,tiktok_seller_center,0,0,0,0,,,0.0,0.0,0,0.0,0,1,0.0,1,2026-03,2026-03
MOORE.DICAS,2026-01,2026-01-06,2026-01-31,0.0,0.0,0.0,0.0,0,0.0,0,5,0.0,Ferro,sem_dado,0.05,tiktok_seller_center,0,0,0,0,,,0.0,0.0,0,0.0,0,5,0.0,1,2026-01,2026-01
MORAES.SHOP,2026-04,2026-04-01,2026-04-30,0.0,0.0,0.0,0.0,0,0.0,1,0,0.0,Ferro,sem_dado,0.05,tiktok_seller_center,0,0,0,0,,,0.0,0.0,0,0.0,2,0,0.0,2,2026-03,2026-04
MORAESPRIH,2026-05,2026-05-01,2026-05-23,0.0,0.0,0.0,0.0,0,0.0,2,7,0.0,Ferro,sem_dado,0.05,tiktok_seller_center,,0,0,0,,0,0.0,0.0,0,0.0,2,7,0.0,1,2026-05,2026-05
MOREIRABIANCA1,2026-04,2026-04-01,2026-04-30,0.0,0.0,0.0,0.0,0,0.0,1,0,0.0,Ferro,sem_dado,0.05,tiktok_seller_center,0,0,0,0,,,0.0,0.0,0,0.0,1,0,0.0,1,2026-04,2026-04
MORENA.PERFIL.OFICIAL,2026-05,2026-05-01,2026-05-23,0.0,0.0,0.0,0.0,0,0.0,1,10,0.0,Ferro,sem_dado,0.05,tiktok_seller_center,,0,0,0,,0,0.0,0.0,0,0.0,1,10,0.0,1,2026-05,2026-05
MORES8665,2026-05,2026-05-01,2026-05-23,0.0,0.0,0.0,0.0,0,0.0,3,0,0.0,Ferro,sem_dado,0.05,tiktok_seller_center,,0,0,0,,0,0.0,0.0,0,0.0,3,0,0.0,1,2026-05,2026-05
MOTIVAO.DIRIA9712,2026-02,2026-02-01,2026-02-28,0.0,0.0,0.0,0.0,0,0.0,1,0,0.0,Ferro,sem_dado,0.05,tiktok_seller_center,0,0,0,0,,,0.0,0.0,0,0.0,1,0,0.0,1,2026-02,2026-02
MOTTA.LU,2026-04,2026-04-01,2026-04-30,81.9,81.9,0.0,0.0,1,81.9,1,10,7.19,Ferro,sem_dado,0.05,tiktok_seller_center,1,0,1,0,,,81.9,81.9,1,0.0,1,10,4.1,1,2026-04,2026-04
MOURATAYNEVES,2026-04,2026-04-01,2026-04-30,154.7,154.7,0.0,0.0,1,154.7,0,0,12.41,Ferro,sem_dado,0.05,tiktok_seller_center,2,0,2,0,,,154.7,154.7,1,0.0,0,0,7.73,1,2026-04,2026-04
MOVIDASHOP.TELLER,2026-02,2026-02-01,2026-02-28,0.0,0.0,0.0,0.0,0,0.0,5,0,0.0,Ferro,sem_dado,0.05,tiktok_seller_center,0,0,0,0,,,0.0,0.0,0,0.0,5,0,0.0,1,2026-02,2026-02
MOZARSHOPCREATOR,2026-02,2026-02-01,2026-02-28,0.0,0.0,0.0,0.0,0,0.0,1,0,0.0,Ferro,sem_dado,0.05,tiktok_seller_center,0,0,0,0,,,0.0,0.0,0,0.0,1,0,0.0,1,2026-02,2026-02
MR.CATARINA1,2026-03,2026-03-01,2026-03-31,0.0,0.0,0.0,0.0,0,0.0,0,1,0.0,Ferro,sem_dado,0.05,tiktok_seller_center,0,0,0,0,,,0.0,0.0,0,0.0,0,1,0.0,1,2026-03,2026-03
MRCIA.GUIMARES65,2026-03,2026-03-01,2026-03-31,0.0,0.0,0.0,0.0,0,0.0,1,0,0.0,Ferro,sem_dado,0.05,tiktok_seller_center,0,0,0,0,,,0.0,0.0,0,0.0,1,0,0.0,1,2026-03,2026-03
MRCIA0506,2026-05,2026-05-01,2026-05-23,0.0,0.0,0.0,0.0,0,0.0,1,0,0.0,Ferro,sem_dado,0.05,tiktok_seller_center,,0,0,0,,0,0.0,0.0,0,0.0,1,0,0.0,1,2026-05,2026-05
MROCHAM,2026-05,2026-05-01,2026-05-23,0.0,0.0,0.0,0.0,0,0.0,0,1,0.0,Ferro,sem_dado,0.05,tiktok_seller_center,0,0,0,0,,0,0.0,0.0,0,0.0,1,12,0.0,3,2026-03,2026-05
MSGDEAMOR23,2026-05,2026-05-01,2026-05-23,109.9,109.9,0.0,0.0,1,109.9,1,0,3.3,Ferro,sem_dado,0.05,tiktok_seller_center,,0,1,0,,1,109.9,109.9,1,0.0,1,0,5.5,1,2026-05,2026-05
MUKA09OFICIALCRIADOR,2026-04,2026-04-01,2026-04-30,0.0,0.0,0.0,0.0,0,0.0,0,55,0.0,Ferro,sem_dado,0.05,tiktok_seller_center,0,0,0,0,,,0.0,0.0,0,0.0,0,102,0.0,3,2026-02,2026-04
MULHERBEREJEIRA,2026-03,2026-03-01,2026-03-31,0.0,0.0,0.0,0.0,0,0.0,3,0,0.0,Ferro,sem_dado,0.05,tiktok_seller_center,0,0,0,0,,,0.0,0.0,0,0.0,3,0,0.0,1,2026-03,2026-03
MULHERESFASHIONSHOPBR,2026-02,2026-02-01,2026-02-28,0.0,0.0,0.0,0.0,0,0.0,1,0,0.0,Ferro,sem_dado,0.05,tiktok_seller_center,0,0,0,0,,,0.0,0.0,0,0.0,1,0,0.0,1,2026-02,2026-02
MULHERES_BEM.SUCEDIDASS,2026-04,2026-04-01,2026-04-30,0.0,0.0,0.0,0.0,0,0.0,2,0,0.0,Ferro,sem_dado,0.05,tiktok_seller_center,0,0,0,0,,,0.0,0.0,0,0.0,2,0,0.0,1,2026-04,2026-04
MULHERNAPECUARIA,2026-02,2026-02-01,2026-02-28,0.0,0.0,0.0,0.0,0,0.0,1,0,0.0,Ferro,sem_dado,0.05,tiktok_seller_center,0,0,0,0,,,0.0,0.0,0,0.0,1,0,0.0,1,2026-02,2026-02
MULT.SHOP_,2026-04,2026-04-01,2026-04-30,0.0,0.0,0.0,0.0,0,0.0,1,0,0.0,Ferro,sem_dado,0.05,tiktok_seller_center,0,0,0,0,,,0.0,0.0,0,0.0,1,0,0.0,1,2026-04,2026-04
MULTILLLIMPO,2026-05,2026-05-01,2026-05-23,0.0,0.0,0.0,0.0,0,0.0,3,0,0.0,Ferro,sem_dado,0.05,tiktok_seller_center,0,0,0,0,,0,77.5,77.5,1,0.0,18,0,3.88,4,2026-02,2026-05
MUNDINHODARO,2026-04,2026-04-01,2026-04-30,0.0,0.0,0.0,0.0,0,0.0,0,3,0.0,Ferro,sem_dado,0.05,tiktok_seller_center,0,0,0,0,,,0.0,0.0,0,0.0,0,3,0.0,1,2026-04,2026-04
MUNDO.DAS.OFERTAS.44,2026-03,2026-03-01,2026-03-31,0.0,0.0,0.0,0.0,0,0.0,1,0,0.0,Ferro,sem_dado,0.05,tiktok_seller_center,0,0,0,0,,,0.0,0.0,0,0.0,1,0,0.0,1,2026-03,2026-03
MUNDODAROSEE,2026-03,2026-03-01,2026-03-31,0.0,0.0,0.0,0.0,0,0.0,0,4,0.0,Ferro,sem_dado,0.05,tiktok_seller_center,0,0,0,0,,,0.0,0.0,0,0.0,0,5,0.0,2,2026-02,2026-03
MUNDODASPATYY,2026-01,2026-01-06,2026-01-31,79.9,79.9,0.0,0.0,1,79.9,0,0,7.99,Ferro,sem_dado,0.05,tiktok_seller_center,1,0,1,0,,,79.9,79.9,1,0.0,0,0,4.0,1,2026-01,2026-01
MUNDODOSACHADINHOSOFC,2026-03,2026-03-01,2026-03-31,0.0,0.0,0.0,0.0,0,0.0,1,0,0.0,Ferro,sem_dado,0.05,tiktok_seller_center,0,0,0,0,,,0.0,0.0,0,0.0,1,0,0.0,1,2026-03,2026-03
MUNDODOSACHADINHOSVIP,2026-03,2026-03-01,2026-03-31,0.0,0.0,0.0,0.0,0,0.0,0,1,0.0,Ferro,sem_dado,0.05,tiktok_seller_center,0,0,0,0,,,0.0,0.0,0,0.0,0,1,0.0,1,2026-03,2026-03
MUNDODOSACHADOSOFICIAL1,2026-03,2026-03-01,2026-03-31,0.0,0.0,0.0,0.0,0,0.0,1,0,0.0,Ferro,sem_dado,0.05,tiktok_seller_center,0,0,0,0,,,0.0,0.0,0,0.0,3,0,0.0,2,2026-01,2026-03
MUNDOMATERNOSHOP,2026-02,2026-02-01,2026-02-28,0.0,0.0,0.0,0.0,0,0.0,1,0,0.0,Ferro,sem_dado,0.05,tiktok_seller_center,0,0,0,0,,,0.0,0.0,0,0.0,1,0,0.0,1,2026-02,2026-02
MUNDOSHOPP,2026-05,2026-05-01,2026-05-23,0.0,0.0,0.0,0.0,0,0.0,1,0,0.0,Ferro,sem_dado,0.05,tiktok_seller_center,,0,0,0,,0,0.0,0.0,0,0.0,1,0,0.0,1,2026-05,2026-05
MUNISSACORDARO,2026-04,2026-04-01,2026-04-30,0.0,0.0,0.0,0.0,0,0.0,1,0,0.0,Ferro,sem_dado,0.05,tiktok_seller_center,0,0,0,0,,,0.0,0.0,0,0.0,1,0,0.0,1,2026-04,2026-04
MVMULHERESVITORIOSAAS2,2026-04,2026-04-01,2026-04-30,0.0,0.0,0.0,0.0,0,0.0,0,29,0.0,Ferro,sem_dado,0.05,tiktok_seller_center,0,0,0,0,,,0.0,0.0,0,0.0,0,34,0.0,2,2026-03,2026-04
MYASTYLE0,2026-02,2026-02-01,2026-02-28,0.0,0.0,0.0,0.0,0,0.0,1,0,0.0,Ferro,sem_dado,0.05,tiktok_seller_center,0,0,0,0,,,0.0,0.0,0,0.0,1,0,0.0,1,2026-02,2026-02
MYINDICAA,2026-05,2026-05-01,2026-05-23,0.0,0.0,0.0,0.0,0,0.0,0,1,0.0,Ferro,sem_dado,0.05,tiktok_seller_center,0,0,0,0,,0,0.0,0.0,0,0.0,0,2,0.0,2,2026-03,2026-05
MYLLENAENNESCREATORS,2026-03,2026-03-01,2026-03-31,0.0,0.0,0.0,0.0,0,0.0,0,6,0.0,Ferro,sem_dado,0.05,tiktok_seller_center,0,0,0,0,,,0.0,0.0,0,0.0,0,9,0.0,2,2026-02,2026-03
MYPEACEJOIAS,2026-05,2026-05-01,2026-05-23,87.76,87.76,0.0,0.0,1,87.76,1,0,7.99,Ferro,sem_dado,0.05,tiktok_seller_center,1,0,1,0,,1,190.47,87.76,2,102.71,2,0,4.39,2,2026-03,2026-05
N8B2VXI2V7,2026-04,2026-04-01,2026-04-30,0.0,0.0,0.0,0.0,0,0.0,1,0,0.0,Ferro,sem_dado,0.05,tiktok_seller_center,0,0,0,0,,,0.0,0.0,0,0.0,1,0,0.0,1,2026-04,2026-04
NA.BEAUTY.LOJA,2026-02,2026-02-01,2026-02-28,0.0,0.0,0.0,0.0,0,0.0,0,6,0.0,Ferro,sem_dado,0.05,tiktok_seller_center,0,0,0,0,,,0.0,0.0,0,0.0,0,6,0.0,1,2026-02,2026-02
NAAH.M,2026-05,2026-05-01,2026-05-23,0.0,0.0,0.0,0.0,0,0.0,2,5,0.0,Ferro,sem_dado,0.05,tiktok_seller_center,,0,0,0,,0,0.0,0.0,0,0.0,2,5,0.0,1,2026-05,2026-05
NAANDAPORTO,2026-05,2026-05-01,2026-05-23,0.0,0.0,0.0,0.0,0,0.0,0,3,0.0,Ferro,sem_dado,0.05,tiktok_seller_center,,0,0,0,,0,0.0,0.0,0,0.0,0,3,0.0,1,2026-05,2026-05
NADIAVERAS585,2026-01,2026-01-06,2026-01-31,0.0,0.0,0.0,0.0,0,0.0,0,4,0.0,Ferro,sem_dado,0.05,tiktok_seller_center,0,0,0,0,,,0.0,0.0,0,0.0,0,4,0.0,1,2026-01,2026-01
NADINEMACIELP,2026-01,2026-01-06,2026-01-31,0.0,0.0,0.0,0.0,0,0.0,0,1,0.0,Ferro,sem_dado,0.05,tiktok_seller_center,0,0,0,0,,,0.0,0.0,0,0.0,0,1,0.0,1,2026-01,2026-01
NADINIBONICK,2026-04,2026-04-01,2026-04-30,0.0,0.0,0.0,0.0,0,0.0,0,2,0.0,Ferro,sem_dado,0.05,tiktok_seller_center,0,0,0,0,,,0.0,0.0,0,0.0,0,6,0.0,3,2026-01,2026-04
NAH.COTTA,2026-03,2026-03-01,2026-03-31,0.0,0.0,0.0,0.0,0,0.0,2,0,0.0,Ferro,sem_dado,0.05,tiktok_seller_center,0,0,0,0,,,98.1,98.1,1,0.0,3,0,4.91,2,2026-02,2026-03
NAIANEBARRETOO,2026-05,2026-05-01,2026-05-23,0.0,0.0,0.0,0.0,0,0.0,0,6,0.0,Ferro,sem_dado,0.05,tiktok_seller_center,,0,0,0,,0,0.0,0.0,0,0.0,0,6,0.0,1,2026-05,2026-05
NAIANY.CAVALCANTE6,2026-05,2026-05-01,2026-05-23,0.0,0.0,0.0,0.0,0,0.0,0,1,0.0,Ferro,sem_dado,0.05,tiktok_seller_center,0,0,0,0,,0,0.0,0.0,0,0.0,0,3,0.0,2,2026-04,2026-05
NAIARAGUEDESH,2026-05,2026-05-01,2026-05-23,0.0,0.0,0.0,0.0,0,0.0,0,5,0.0,Ferro,sem_dado,0.05,tiktok_seller_center,,0,0,0,,0,0.0,0.0,0,0.0,0,5,0.0,1,2026-05,2026-05
NALLAMARIA3,2026-03,2026-03-01,2026-03-31,0.0,0.0,0.0,0.0,0,0.0,5,0,0.0,Ferro,sem_dado,0.05,tiktok_seller_center,0,0,0,0,,,0.0,0.0,0,0.0,5,0,0.0,1,2026-03,2026-03
NALUCREATOR,2026-05,2026-05-01,2026-05-23,0.0,0.0,0.0,0.0,0,0.0,2,0,0.0,Ferro,sem_dado,0.05,tiktok_seller_center,0,0,0,0,,0,0.0,0.0,0,0.0,3,0,0.0,2,2026-04,2026-05
NALUSHOOP_,2026-05,2026-05-01,2026-05-23,0.0,0.0,0.0,0.0,0,0.0,1,0,0.0,Ferro,sem_dado,0.05,tiktok_seller_center,,0,0,0,,0,0.0,0.0,0,0.0,1,0,0.0,1,2026-05,2026-05
NALUVENDAS,2026-03,2026-03-01,2026-03-31,171.4,171.4,0.0,0.0,2,85.7,0,0,15.98,Ferro,sem_dado,0.05,tiktok_seller_center,2,0,1,0,,,171.4,171.4,2,0.0,0,0,8.57,1,2026-03,2026-03
NAMATOKANOVIC,2026-05,2026-05-01,2026-05-23,194.8,194.8,0.0,0.0,2,97.4,1,1,15.98,Ferro,sem_dado,0.05,tiktok_seller_center,1,0,1,0,,2,611.48,521.76,7,89.72,5,1,26.090000000000003,3,2026-03,2026-05
NANA7.COM.BR,2026-03,2026-03-01,2026-03-31,0.0,0.0,0.0,0.0,0,0.0,1,0,0.0,Ferro,sem_dado,0.05,tiktok_seller_center,0,0,0,0,,,0.0,0.0,0,0.0,1,0,0.0,1,2026-03,2026-03
NANACASAGRANDI,2026-05,2026-05-01,2026-05-23,201.54,201.54,0.0,0.0,3,67.18,0,7,16.59,Ferro,sem_dado,0.05,tiktok_seller_center,1,0,1,0,,3,980.26,980.26,12,0.0,3,22,49.01,5,2026-01,2026-05
NANDA.MONTEIRON,2026-05,2026-05-01,2026-05-23,0.0,0.0,0.0,0.0,0,0.0,1,0,0.0,Ferro,sem_dado,0.05,tiktok_seller_center,,0,0,0,,0,0.0,0.0,0,0.0,1,0,0.0,1,2026-05,2026-05
NANDA.TOMIELLO,2026-04,2026-04-01,2026-04-30,0.0,0.0,0.0,0.0,0,0.0,8,0,0.0,Ferro,sem_dado,0.05,tiktok_seller_center,0,0,0,0,,,0.0,0.0,0,0.0,8,0,0.0,1,2026-04,2026-04
NANDACAMELOO,2026-03,2026-03-01,2026-03-31,0.0,0.0,0.0,0.0,0,0.0,0,7,0.0,Ferro,sem_dado,0.05,tiktok_seller_center,0,0,0,0,,,0.0,0.0,0,0.0,0,7,0.0,1,2026-03,2026-03
NANDAMORAESPOP,2026-05,2026-05-01,2026-05-23,104.9,104.9,0.0,0.0,1,104.9,2,0,8.79,Ferro,sem_dado,0.05,tiktok_seller_center,,0,1,0,,1,104.9,104.9,1,0.0,2,0,5.25,1,2026-05,2026-05
NANDASHOP192,2026-05,2026-05-01,2026-05-23,0.0,0.0,0.0,0.0,0,0.0,1,0,0.0,Ferro,sem_dado,0.05,tiktok_seller_center,,0,0,0,,0,0.0,0.0,0,0.0,1,0,0.0,1,2026-05,2026-05
NANDASHOP4,2026-03,2026-03-01,2026-03-31,0.0,0.0,0.0,0.0,0,0.0,0,2,0.0,Ferro,sem_dado,0.05,tiktok_seller_center,0,0,0,0,,,0.0,0.0,0,0.0,0,2,0.0,1,2026-03,2026-03
NANDASOUZZA18,2026-04,2026-04-01,2026-04-30,0.0,0.0,0.0,0.0,0,0.0,0,1,0.0,Ferro,sem_dado,0.05,tiktok_seller_center,0,0,0,0,,,0.0,0.0,0,0.0,0,1,0.0,1,2026-04,2026-04
NANDAVALENTY,2026-04,2026-04-01,2026-04-30,0.0,0.0,0.0,0.0,0,0.0,2,0,0.0,Ferro,sem_dado,0.05,tiktok_seller_center,0,0,0,0,,,0.0,0.0,0,0.0,2,0,0.0,1,2026-04,2026-04
NANDA_CARVALHOCES,2026-05,2026-05-01,2026-05-23,0.0,0.0,0.0,0.0,0,0.0,0,2,0.0,Ferro,sem_dado,0.05,tiktok_seller_center,0,0,0,0,,0,0.0,0.0,0,0.0,0,5,0.0,2,2026-03,2026-05
NANDDA.10,2026-02,2026-02-01,2026-02-28,0.0,0.0,0.0,0.0,0,0.0,0,7,0.0,Ferro,sem_dado,0.05,tiktok_seller_center,0,0,0,0,,,0.0,0.0,0,0.0,0,7,0.0,1,2026-02,2026-02
NANDINHA.MN,2026-03,2026-03-01,2026-03-31,0.0,0.0,0.0,0.0,0,0.0,1,0,0.0,Ferro,sem_dado,0.05,tiktok_seller_center,0,0,0,0,,,0.0,0.0,0,0.0,1,0,0.0,1,2026-03,2026-03
NANDINHAROCHA01,2026-05,2026-05-01,2026-05-23,0.0,0.0,0.0,0.0,0,0.0,1,0,0.0,Ferro,sem_dado,0.05,tiktok_seller_center,,0,0,0,,0,0.0,0.0,0,0.0,1,0,0.0,1,2026-05,2026-05
NANDSSHOP1,2026-03,2026-03-01,2026-03-31,0.0,0.0,0.0,0.0,0,0.0,2,2,0.0,Ferro,sem_dado,0.05,tiktok_seller_center,0,0,0,0,,,0.0,0.0,0,0.0,2,2,0.0,1,2026-03,2026-03
NANIGABARDO,2026-03,2026-03-01,2026-03-31,0.0,0.0,0.0,0.0,0,0.0,1,0,0.0,Ferro,sem_dado,0.05,tiktok_seller_center,0,0,0,0,,,0.0,0.0,0,0.0,1,0,0.0,1,2026-03,2026-03
NANYSOUZASHOP,2026-04,2026-04-01,2026-04-30,0.0,0.0,0.0,0.0,0,0.0,5,0,0.0,Ferro,sem_dado,0.05,tiktok_seller_center,0,0,0,0,,,0.0,0.0,0,0.0,5,1,0.0,2,2026-03,2026-04
NAOPRECISOMAISCOMPREI,2026-04,2026-04-01,2026-04-30,0.0,0.0,0.0,0.0,0,0.0,1,0,0.0,Ferro,sem_dado,0.05,tiktok_seller_center,0,0,0,0,,,0.0,0.0,0,0.0,1,0,0.0,1,2026-04,2026-04
NARA.E.BORGES,2026-04,2026-04-01,2026-04-30,325.49,325.49,0.0,0.0,4,81.37,0,5,26.37,Ferro,sem_dado,0.05,tiktok_seller_center,4,0,2,0,,,325.49,325.49,4,0.0,0,5,16.27,1,2026-04,2026-04
NARASHOPTKK,2026-03,2026-03-01,2026-03-31,277.5,145.31,132.19,47.64,3,92.5,2,0,30.42,Ferro,sem_dado,0.05,tiktok_seller_center,4,2,1,0,,,772.09,639.9000000000001,9,132.19,4,8,32.0,3,2026-01,2026-03
NARE.JOAO,2026-05,2026-05-01,2026-05-23,0.0,0.0,0.0,0.0,0,0.0,0,1,0.0,Ferro,sem_dado,0.05,tiktok_seller_center,0,0,0,0,,0,0.0,0.0,0,0.0,0,14,0.0,4,2026-02,2026-05
NASTASIASHOP,2026-02,2026-02-01,2026-02-28,0.0,0.0,0.0,0.0,0,0.0,2,0,0.0,Ferro,sem_dado,0.05,tiktok_seller_center,0,0,0,0,,,0.0,0.0,0,0.0,2,0,0.0,1,2026-02,2026-02
NATACHAMERA1,2026-02,2026-02-01,2026-02-28,0.0,0.0,0.0,0.0,0,0.0,1,0,0.0,Ferro,sem_dado,0.05,tiktok_seller_center,0,0,0,0,,,0.0,0.0,0,0.0,1,0,0.0,1,2026-02,2026-02
NATACHANERYY,2026-04,2026-04-01,2026-04-30,0.0,0.0,0.0,0.0,0,0.0,0,1,0.0,Ferro,sem_dado,0.05,tiktok_seller_center,0,0,0,0,,,0.0,0.0,0,0.0,0,1,0.0,1,2026-04,2026-04
NATALIACORDEIRO24,2026-04,2026-04-01,2026-04-30,0.0,0.0,0.0,0.0,0,0.0,0,1,0.0,Ferro,sem_dado,0.05,tiktok_seller_center,0,0,0,0,,,0.0,0.0,0,0.0,0,3,0.0,2,2026-03,2026-04
NATALIACRUVIINEL,2026-05,2026-05-01,2026-05-23,0.0,0.0,0.0,0.0,0,0.0,0,10,0.0,Ferro,sem_dado,0.05,tiktok_seller_center,3,0,0,0,,0,556.23,394.90000000000003,7,161.32999999999998,4,69,19.75,3,2026-03,2026-05
NATALIAKELVIALIMA,2026-02,2026-02-01,2026-02-28,0.0,0.0,0.0,0.0,0,0.0,1,0,0.0,Ferro,sem_dado,0.05,tiktok_seller_center,0,0,0,0,,,0.0,0.0,0,0.0,1,0,0.0,1,2026-02,2026-02
NATALIAOLIVEIRA974,2026-05,2026-05-01,2026-05-23,0.0,0.0,0.0,0.0,0,0.0,0,5,0.0,Ferro,sem_dado,0.05,tiktok_seller_center,,0,0,0,,0,0.0,0.0,0,0.0,0,5,0.0,1,2026-05,2026-05
NATALIASERAFIIM,2026-05,2026-05-01,2026-05-23,104.9,104.9,0.0,0.0,1,104.9,0,0,8.79,Ferro,sem_dado,0.05,tiktok_seller_center,,0,1,0,,1,104.9,104.9,1,0.0,0,0,5.25,1,2026-05,2026-05
NATALIASHOP31,2026-05,2026-05-01,2026-05-23,0.0,0.0,0.0,0.0,0,0.0,1,0,0.0,Ferro,sem_dado,0.05,tiktok_seller_center,,0,0,0,,0,0.0,0.0,0,0.0,1,0,0.0,1,2026-05,2026-05
NATALIA_CREATOR5,2026-03,2026-03-01,2026-03-31,0.0,0.0,0.0,0.0,0,0.0,0,2,0.0,Ferro,sem_dado,0.05,tiktok_seller_center,0,0,0,0,,,0.0,0.0,0,0.0,0,2,0.0,1,2026-03,2026-03
NATALILEMOS,2026-03,2026-03-01,2026-03-31,79.9,79.9,0.0,0.0,1,79.9,2,2,7.99,Ferro,sem_dado,0.05,tiktok_seller_center,1,0,1,0,,,79.9,79.9,1,0.0,5,6,4.0,2,2026-02,2026-03
NATALLIA.ROCHA,2026-01,2026-01-06,2026-01-31,0.0,0.0,0.0,0.0,0,0.0,2,0,0.0,Ferro,sem_dado,0.05,tiktok_seller_center,0,0,0,0,,,0.0,0.0,0,0.0,2,0,0.0,1,2026-01,2026-01
NATALY.SANCHES8,2026-05,2026-05-01,2026-05-23,0.0,0.0,0.0,0.0,0,0.0,0,6,0.0,Ferro,sem_dado,0.05,tiktok_seller_center,,0,0,0,,0,0.0,0.0,0,0.0,0,6,0.0,1,2026-05,2026-05
NATALYAPANIAGO,2026-03,2026-03-01,2026-03-31,0.0,0.0,0.0,0.0,0,0.0,0,2,0.0,Ferro,sem_dado,0.05,tiktok_seller_center,0,0,0,0,,,0.0,0.0,0,0.0,0,4,0.0,2,2026-02,2026-03
NATALYWASSERMANN,2026-04,2026-04-01,2026-04-30,0.0,0.0,0.0,0.0,0,0.0,0,1,0.0,Ferro,sem_dado,0.05,tiktok_seller_center,0,0,0,0,,,0.0,0.0,0,0.0,0,1,0.0,1,2026-04,2026-04
NATASHABARBE_,2026-05,2026-05-01,2026-05-23,0.0,0.0,0.0,0.0,0,0.0,0,2,0.0,Ferro,sem_dado,0.05,tiktok_seller_center,0,0,0,0,,0,0.0,0.0,0,0.0,0,3,0.0,2,2026-04,2026-05
NATCORREAINDICA,2026-05,2026-05-01,2026-05-23,0.0,0.0,0.0,0.0,0,0.0,0,20,0.0,Ferro,sem_dado,0.05,tiktok_seller_center,0,0,0,0,,0,0.0,0.0,0,0.0,0,28,0.0,2,2026-04,2026-05
NATH01035,2026-05,2026-05-01,2026-05-23,0.0,0.0,0.0,0.0,0,0.0,2,0,0.0,Ferro,sem_dado,0.05,tiktok_seller_center,,0,0,0,,0,0.0,0.0,0,0.0,2,0,0.0,1,2026-05,2026-05
NATHANACHAGAS,2026-03,2026-03-01,2026-03-31,0.0,-78.3,78.3,0.0,0,0.0,0,0,0.0,Ferro,sem_dado,0.05,tiktok_seller_center,0,1,0,0,,,78.3,0.0,1,78.3,5,0,0.0,2,2026-02,2026-03
NATHCORTEZ,2026-05,2026-05-01,2026-05-23,0.0,0.0,0.0,0.0,0,0.0,4,0,0.0,Ferro,sem_dado,0.05,tiktok_seller_center,,0,0,0,,0,0.0,0.0,0,0.0,4,0,0.0,1,2026-05,2026-05
NATHIMALDONADOO,2026-04,2026-04-01,2026-04-30,0.0,0.0,0.0,0.0,0,0.0,0,3,0.0,Ferro,sem_dado,0.05,tiktok_seller_center,0,0,0,0,,,64.94,0.0,1,64.94,0,3,0.0,2,2026-03,2026-04
NATHYSHOP04,2026-02,2026-02-01,2026-02-28,0.0,0.0,0.0,0.0,0,0.0,1,0,0.0,Ferro,sem_dado,0.05,tiktok_seller_center,0,0,0,0,,,0.0,0.0,0,0.0,1,0,0.0,1,2026-02,2026-02
NATI.SHOP,2026-04,2026-04-01,2026-04-30,104.05,104.05,0.0,0.0,1,104.05,0,5,9.49,Ferro,sem_dado,0.05,tiktok_seller_center,1,0,1,0,,,104.05,104.05,1,0.0,0,13,5.2,2,2026-03,2026-04
NATIELE.ORTIZ,2026-03,2026-03-01,2026-03-31,0.0,0.0,0.0,0.0,0,0.0,0,1,0.0,Ferro,sem_dado,0.05,tiktok_seller_center,0,0,0,0,,,0.0,0.0,0,0.0,0,2,0.0,2,2026-02,2026-03
NATINHA8698,2026-04,2026-04-01,2026-04-30,0.0,0.0,0.0,0.0,0,0.0,0,2,0.0,Ferro,sem_dado,0.05,tiktok_seller_center,0,0,0,0,,,0.0,0.0,0,0.0,0,11,0.0,3,2026-02,2026-04
NATIROMEU,2026-05,2026-05-01,2026-05-23,0.0,0.0,0.0,0.0,0,0.0,0,2,0.0,Ferro,sem_dado,0.05,tiktok_seller_center,,0,0,0,,0,0.0,0.0,0,0.0,0,2,0.0,1,2026-05,2026-05
NATI_SUS,2026-05,2026-05-01,2026-05-23,3824.26,3530.32,293.94,7.69,33,115.89,39,0,397.73,Prata,sem_dado,0.09,tiktok_seller_center,80,3,2,3,,35,17728.71,16107.99,182,1620.72,279,5,1127.56,4,2026-02,2026-05
NATMARQUESVI,2026-05,2026-05-01,2026-05-23,27469.93,12821.31,14648.62,53.33,329,83.5,18,32,3196.11,Diamante,sem_dado,0.13,tiktok_seller_center,2061,200,3,0,,352,541451.75,457373.98,6825,84077.77,147,240,57424.67,5,2026-01,2026-05
NATNUNES.SHOP,2026-04,2026-04-01,2026-04-30,0.0,0.0,0.0,0.0,0,0.0,0,4,0.0,Ferro,sem_dado,0.05,tiktok_seller_center,0,0,0,0,,,0.0,0.0,0,0.0,0,5,0.0,2,2026-03,2026-04
NATSVETTORAZZI,2026-04,2026-04-01,2026-04-30,0.0,-66.14,66.14,0.0,0,0.0,3,0,0.0,Ferro,sem_dado,0.05,tiktok_seller_center,0,1,0,0,,,66.14,0.0,1,66.14,6,0,0.0,2,2026-03,2026-04
NATTHY_50,2026-01,2026-01-06,2026-01-31,0.0,0.0,0.0,0.0,0,0.0,0,1,0.0,Ferro,sem_dado,0.05,tiktok_seller_center,0,0,0,0,,,0.0,0.0,0,0.0,0,1,0.0,1,2026-01,2026-01
NATURALOCULTO,2026-03,2026-03-01,2026-03-31,0.0,0.0,0.0,0.0,0,0.0,1,0,0.0,Ferro,sem_dado,0.05,tiktok_seller_center,0,0,0,0,,,0.0,0.0,0,0.0,1,0,0.0,1,2026-03,2026-03
NATUZA.SHOP,2026-02,2026-02-01,2026-02-28,0.0,0.0,0.0,0.0,0,0.0,1,0,0.0,Ferro,sem_dado,0.05,tiktok_seller_center,0,0,0,0,,,0.0,0.0,0,0.0,3,0,0.0,2,2026-01,2026-02
NATY.BRITO94,2026-05,2026-05-01,2026-05-23,0.0,0.0,0.0,0.0,0,0.0,3,11,0.0,Ferro,sem_dado,0.05,tiktok_seller_center,0,0,0,0,,0,158.47,158.47,2,0.0,15,247,7.92,5,2026-01,2026-05
NATY.INFLUENCER,2026-02,2026-02-01,2026-02-28,0.0,0.0,0.0,0.0,0,0.0,3,0,0.0,Ferro,sem_dado,0.05,tiktok_seller_center,0,0,0,0,,,0.0,0.0,0,0.0,3,0,0.0,1,2026-02,2026-02
NATY.SHOPP,2026-05,2026-05-01,2026-05-23,0.0,0.0,0.0,0.0,0,0.0,1,0,0.0,Ferro,sem_dado,0.05,tiktok_seller_center,0,0,0,0,,0,0.0,0.0,0,0.0,2,0,0.0,2,2026-03,2026-05
NATYINDICA_,2026-05,2026-05-01,2026-05-23,0.0,0.0,0.0,0.0,0,0.0,0,1,0.0,Ferro,sem_dado,0.05,tiktok_seller_center,0,0,0,0,,0,0.0,0.0,0,0.0,1,1,0.0,2,2026-03,2026-05
NATYNR1992,2026-04,2026-04-01,2026-04-30,0.0,0.0,0.0,0.0,0,0.0,1,0,0.0,Ferro,sem_dado,0.05,tiktok_seller_center,0,0,0,0,,,0.0,0.0,0,0.0,1,0,0.0,1,2026-04,2026-04
NATYVITRINE,2026-05,2026-05-01,2026-05-23,0.0,0.0,0.0,0.0,0,0.0,0,1,0.0,Ferro,sem_dado,0.05,tiktok_seller_center,,0,0,0,,0,0.0,0.0,0,0.0,0,1,0.0,1,2026-05,2026-05
NATYYINDICA,2026-05,2026-05-01,2026-05-23,0.0,0.0,0.0,0.0,0,0.0,0,5,0.0,Ferro,sem_dado,0.05,tiktok_seller_center,0,0,0,0,,0,0.0,0.0,0,0.0,3,29,0.0,3,2026-03,2026-05
NATY_OOLIVEIRA,2026-02,2026-02-01,2026-02-28,0.0,0.0,0.0,0.0,0,0.0,2,0,0.0,Ferro,sem_dado,0.05,tiktok_seller_center,0,0,0,0,,,0.0,0.0,0,0.0,3,0,0.0,2,2026-01,2026-02
NAY.95_,2026-02,2026-02-01,2026-02-28,79.9,79.9,0.0,0.0,1,79.9,0,1,7.99,Ferro,sem_dado,0.05,tiktok_seller_center,1,0,1,0,,,79.9,79.9,1,0.0,0,1,4.0,1,2026-02,2026-02
NAY.TARCIA,2026-05,2026-05-01,2026-05-23,0.0,0.0,0.0,0.0,0,0.0,5,0,0.0,Ferro,sem_dado,0.05,tiktok_seller_center,0,0,0,0,,0,982.8,982.8,12,0.0,11,26,49.14,4,2026-02,2026-05
NAYAINDICA,2026-04,2026-04-01,2026-04-30,0.0,0.0,0.0,0.0,0,0.0,5,0,0.0,Ferro,sem_dado,0.05,tiktok_seller_center,0,0,0,0,,,0.0,0.0,0,0.0,5,0,0.0,1,2026-04,2026-04
NAYANALIMASZ,2026-05,2026-05-01,2026-05-23,0.0,0.0,0.0,0.0,0,0.0,0,1,0.0,Ferro,sem_dado,0.05,tiktok_seller_center,,0,0,0,,0,0.0,0.0,0,0.0,0,1,0.0,1,2026-05,2026-05
NAYANNE.MAGALHAESS,2026-03,2026-03-01,2026-03-31,0.0,0.0,0.0,0.0,0,0.0,0,6,0.0,Ferro,sem_dado,0.05,tiktok_seller_center,0,0,0,0,,,0.0,0.0,0,0.0,0,6,0.0,1,2026-03,2026-03
NAYARA.PIRES41,2026-03,2026-03-01,2026-03-31,0.0,0.0,0.0,0.0,0,0.0,1,0,0.0,Ferro,sem_dado,0.05,tiktok_seller_center,0,0,0,0,,,0.0,0.0,0,0.0,1,0,0.0,1,2026-03,2026-03
NAYDOMINGOSOFICIAL,2026-05,2026-05-01,2026-05-23,0.0,0.0,0.0,0.0,0,0.0,0,14,0.0,Ferro,sem_dado,0.05,tiktok_seller_center,0,0,0,0,,0,0.0,0.0,0,0.0,0,28,0.0,3,2026-03,2026-05
NAYELENMELO,2026-02,2026-02-01,2026-02-28,0.0,0.0,0.0,0.0,0,0.0,1,0,0.0,Ferro,sem_dado,0.05,tiktok_seller_center,0,0,0,0,,,0.0,0.0,0,0.0,1,0,0.0,1,2026-02,2026-02
NAYINDICA02,2026-04,2026-04-01,2026-04-30,0.0,0.0,0.0,0.0,0,0.0,0,1,0.0,Ferro,sem_dado,0.05,tiktok_seller_center,0,0,0,0,,,0.0,0.0,0,0.0,0,1,0.0,1,2026-04,2026-04
NAYINDICA1,2026-04,2026-04-01,2026-04-30,0.0,0.0,0.0,0.0,0,0.0,0,2,0.0,Ferro,sem_dado,0.05,tiktok_seller_center,0,0,0,0,,,0.0,0.0,0,0.0,1,5,0.0,3,2026-02,2026-04
NAYINDICOU,2026-02,2026-02-01,2026-02-28,0.0,0.0,0.0,0.0,0,0.0,0,1,0.0,Ferro,sem_dado,0.05,tiktok_seller_center,0,0,0,0,,,0.0,0.0,0,0.0,0,1,0.0,1,2026-02,2026-02
NAYRATRENDS,2026-03,2026-03-01,2026-03-31,0.0,0.0,0.0,0.0,0,0.0,1,0,0.0,Ferro,sem_dado,0.05,tiktok_seller_center,0,0,0,0,,,0.0,0.0,0,0.0,1,0,0.0,1,2026-03,2026-03
NAZA9110,2026-02,2026-02-01,2026-02-28,0.0,0.0,0.0,0.0,0,0.0,0,2,0.0,Ferro,sem_dado,0.05,tiktok_seller_center,0,0,0,0,,,0.0,0.0,0,0.0,0,2,0.0,1,2026-02,2026-02
NBXGUQZM,2026-03,2026-03-01,2026-03-31,0.0,0.0,0.0,0.0,0,0.0,1,0,0.0,Ferro,sem_dado,0.05,tiktok_seller_center,0,0,0,0,,,0.0,0.0,0,0.0,1,0,0.0,1,2026-03,2026-03
NCSHOP33,2026-05,2026-05-01,2026-05-23,0.0,0.0,0.0,0.0,0,0.0,2,0,0.0,Ferro,sem_dado,0.05,tiktok_seller_center,1,0,0,0,,0,80.7,80.7,1,0.0,2,0,4.04,2,2026-04,2026-05
NDYC60,2026-03,2026-03-01,2026-03-31,0.0,0.0,0.0,0.0,0,0.0,1,0,0.0,Ferro,sem_dado,0.05,tiktok_seller_center,0,0,0,0,,,0.0,0.0,0,0.0,1,0,0.0,1,2026-03,2026-03
NE66GO4,2026-02,2026-02-01,2026-02-28,0.0,0.0,0.0,0.0,0,0.0,1,0,0.0,Ferro,sem_dado,0.05,tiktok_seller_center,0,0,0,0,,,0.0,0.0,0,0.0,1,0,0.0,1,2026-02,2026-02
NEGABURATO,2026-05,2026-05-01,2026-05-23,0.0,0.0,0.0,0.0,0,0.0,0,2,0.0,Ferro,sem_dado,0.05,tiktok_seller_center,0,0,0,0,,0,0.0,0.0,0,0.0,0,6,0.0,3,2026-02,2026-05
NEGRAOSHOP,2026-02,2026-02-01,2026-02-28,79.9,79.9,0.0,0.0,1,79.9,0,0,7.99,Ferro,sem_dado,0.05,tiktok_seller_center,1,0,1,0,,,79.9,79.9,1,0.0,0,0,4.0,1,2026-02,2026-02
NEIBLACKBARBER,2026-02,2026-02-01,2026-02-28,0.0,0.0,0.0,0.0,0,0.0,1,0,0.0,Ferro,sem_dado,0.05,tiktok_seller_center,0,0,0,0,,,0.0,0.0,0,0.0,1,0,0.0,1,2026-02,2026-02
NEIDELOPESS_,2026-03,2026-03-01,2026-03-31,0.0,0.0,0.0,0.0,0,0.0,0,1,0.0,Ferro,sem_dado,0.05,tiktok_seller_center,0,0,0,0,,,0.0,0.0,0,0.0,2,2,0.0,2,2026-01,2026-03
NEIMAR_LOPES,2026-01,2026-01-06,2026-01-31,0.0,0.0,0.0,0.0,0,0.0,0,27,0.0,Ferro,sem_dado,0.05,tiktok_seller_center,0,0,0,0,,,0.0,0.0,0,0.0,0,27,0.0,1,2026-01,2026-01
NEINHAACHADINHOSHOP,2026-03,2026-03-01,2026-03-31,72.99,72.99,0.0,0.0,1,72.99,0,20,7.59,Ferro,sem_dado,0.05,tiktok_seller_center,1,0,1,0,,,72.99,72.99,1,0.0,0,29,3.65,3,2026-01,2026-03
NEINHACOURASHOP,2026-05,2026-05-01,2026-05-23,0.0,0.0,0.0,0.0,0,0.0,0,1,0.0,Ferro,sem_dado,0.05,tiktok_seller_center,1,0,0,0,,0,80.7,7.710000000000008,1,72.99,0,7,0.39,2,2026-04,2026-05
NELDICASDEMODA,2026-05,2026-05-01,2026-05-23,0.0,0.0,0.0,0.0,0,0.0,1,0,0.0,Ferro,sem_dado,0.05,tiktok_seller_center,5,0,0,0,,0,409.42999999999995,409.42999999999995,3,0.0,14,74,20.470000000000002,4,2026-02,2026-05
NELEUS88,2026-03,2026-03-01,2026-03-31,0.0,0.0,0.0,0.0,0,0.0,0,1,0.0,Ferro,sem_dado,0.05,tiktok_seller_center,0,0,0,0,,,0.0,0.0,0,0.0,0,1,0.0,1,2026-03,2026-03
NERCICARDOSO09,2026-03,2026-03-01,2026-03-31,0.0,0.0,0.0,0.0,0,0.0,0,3,0.0,Ferro,sem_dado,0.05,tiktok_seller_center,0,0,0,0,,,0.0,0.0,0,0.0,0,3,0.0,1,2026-03,2026-03
NERITZA.EN.TIKTOSHOP,2026-01,2026-01-06,2026-01-31,0.0,0.0,0.0,0.0,0,0.0,0,2,0.0,Ferro,sem_dado,0.05,tiktok_seller_center,0,0,0,0,,,0.0,0.0,0,0.0,0,2,0.0,1,2026-01,2026-01
NESSASIL_,2026-05,2026-05-01,2026-05-23,0.0,0.0,0.0,0.0,0,0.0,3,0,0.0,Ferro,sem_dado,0.05,tiktok_seller_center,0,0,0,0,,0,0.0,0.0,0,0.0,12,0,0.0,2,2026-04,2026-05
NESSA_FIG_,2026-04,2026-04-01,2026-04-30,0.0,0.0,0.0,0.0,0,0.0,0,5,0.0,Ferro,sem_dado,0.05,tiktok_seller_center,0,0,0,0,,,0.0,0.0,0,0.0,0,16,0.0,2,2026-03,2026-04
NESSETEMPO,2026-03,2026-03-01,2026-03-31,0.0,0.0,0.0,0.0,0,0.0,2,0,0.0,Ferro,sem_dado,0.05,tiktok_seller_center,0,0,0,0,,,0.0,0.0,0,0.0,3,0,0.0,2,2026-02,2026-03
NETEREIS045,2026-04,2026-04-01,2026-04-30,0.0,0.0,0.0,0.0,0,0.0,0,1,0.0,Ferro,sem_dado,0.05,tiktok_seller_center,0,0,0,0,,,0.0,0.0,0,0.0,0,1,0.0,1,2026-04,2026-04
NETTISTORE,2026-03,2026-03-01,2026-03-31,0.0,0.0,0.0,0.0,0,0.0,0,3,0.0,Ferro,sem_dado,0.05,tiktok_seller_center,0,0,0,0,,,0.0,0.0,0,0.0,0,3,0.0,1,2026-03,2026-03
NEUMANQ,2026-04,2026-04-01,2026-04-30,0.0,0.0,0.0,0.0,0,0.0,0,15,0.0,Ferro,sem_dado,0.05,tiktok_seller_center,0,0,0,0,,,0.0,0.0,0,0.0,0,35,0.0,2,2026-03,2026-04
NEUSISHOP,2026-03,2026-03-01,2026-03-31,0.0,0.0,0.0,0.0,0,0.0,0,2,0.0,Ferro,sem_dado,0.05,tiktok_seller_center,0,0,0,0,,,0.0,0.0,0,0.0,0,2,0.0,1,2026-03,2026-03
NEUZIANEADV,2026-05,2026-05-01,2026-05-23,0.0,-79.9,79.9,0.0,0,0.0,0,0,0.0,Ferro,sem_dado,0.05,tiktok_seller_center,1,1,0,0,,0,79.9,0.0,1,79.9,0,0,0.0,2,2026-04,2026-05
NICIELI.COIMBRA,2026-04,2026-04-01,2026-04-30,0.0,0.0,0.0,0.0,0,0.0,0,1,0.0,Ferro,sem_dado,0.05,tiktok_seller_center,0,0,0,0,,,0.0,0.0,0,0.0,0,1,0.0,1,2026-04,2026-04
NIDIASANTIAGO,2026-04,2026-04-01,2026-04-30,0.0,0.0,0.0,0.0,0,0.0,1,0,0.0,Ferro,sem_dado,0.05,tiktok_seller_center,0,0,0,0,,,0.0,0.0,0,0.0,5,0,0.0,3,2026-02,2026-04
NIEGESEVERO,2026-02,2026-02-01,2026-02-28,0.0,0.0,0.0,0.0,0,0.0,0,1,0.0,Ferro,sem_dado,0.05,tiktok_seller_center,0,0,0,0,,,0.0,0.0,0,0.0,0,1,0.0,1,2026-02,2026-02
NIHURBANJOS,2026-01,2026-01-06,2026-01-31,0.0,0.0,0.0,0.0,0,0.0,0,1,0.0,Ferro,sem_dado,0.05,tiktok_seller_center,0,0,0,0,,,0.0,0.0,0,0.0,0,1,0.0,1,2026-01,2026-01
NIINACREATOR4,2026-04,2026-04-01,2026-04-30,0.0,0.0,0.0,0.0,0,0.0,1,0,0.0,Ferro,sem_dado,0.05,tiktok_seller_center,0,0,0,0,,,0.0,0.0,0,0.0,1,0,0.0,1,2026-04,2026-04
NILCE.FERREIRA.IMAGEM,2026-05,2026-05-01,2026-05-23,0.0,-91.26,91.26,0.0,0,0.0,0,0,0.0,Ferro,sem_dado,0.05,tiktok_seller_center,1,1,0,0,,0,91.26,0.0,1,91.26,0,0,0.0,2,2026-04,2026-05
NILDAMARIASOUZASILVA,2026-05,2026-05-01,2026-05-23,0.0,0.0,0.0,0.0,0,0.0,0,19,0.0,Ferro,sem_dado,0.05,tiktok_seller_center,,0,0,0,,0,0.0,0.0,0,0.0,0,19,0.0,1,2026-05,2026-05
NILDAMJ2,2026-01,2026-01-06,2026-01-31,0.0,0.0,0.0,0.0,0,0.0,0,1,0.0,Ferro,sem_dado,0.05,tiktok_seller_center,0,0,0,0,,,0.0,0.0,0,0.0,0,1,0.0,1,2026-01,2026-01
NILDAVENDASOFICIAL,2026-05,2026-05-01,2026-05-23,0.0,0.0,0.0,0.0,0,0.0,0,7,0.0,Ferro,sem_dado,0.05,tiktok_seller_center,0,0,0,0,,0,147.02,147.02,2,0.0,0,45,7.35,5,2026-01,2026-05
NILJUJU_MOTIVASHOP,2026-03,2026-03-01,2026-03-31,0.0,0.0,0.0,0.0,0,0.0,0,1,0.0,Ferro,sem_dado,0.05,tiktok_seller_center,0,0,0,0,,,0.0,0.0,0,0.0,0,2,0.0,2,2026-01,2026-03
NILRESENDE,2026-03,2026-03-01,2026-03-31,0.0,0.0,0.0,0.0,0,0.0,1,0,0.0,Ferro,sem_dado,0.05,tiktok_seller_center,0,0,0,0,,,0.0,0.0,0,0.0,1,0,0.0,1,2026-03,2026-03
NILTON_RESENDE,2026-03,2026-03-01,2026-03-31,0.0,0.0,0.0,0.0,0,0.0,2,0,0.0,Ferro,sem_dado,0.05,tiktok_seller_center,0,0,0,0,,,0.0,0.0,0,0.0,2,0,0.0,1,2026-03,2026-03
NILVABATISTA05,2026-04,2026-04-01,2026-04-30,0.0,0.0,0.0,0.0,0,0.0,0,3,0.0,Ferro,sem_dado,0.05,tiktok_seller_center,0,0,0,0,,,0.0,0.0,0,0.0,0,3,0.0,1,2026-04,2026-04
NINA.GURGEL,2026-04,2026-04-01,2026-04-30,0.0,0.0,0.0,0.0,0,0.0,0,4,0.0,Ferro,sem_dado,0.05,tiktok_seller_center,0,0,0,0,,,0.0,0.0,0,0.0,0,6,0.0,2,2026-03,2026-04
NINA.MARIE.IGO,2026-04,2026-04-01,2026-04-30,0.0,0.0,0.0,0.0,0,0.0,3,0,0.0,Ferro,sem_dado,0.05,tiktok_seller_center,0,0,0,0,,,0.0,0.0,0,0.0,3,0,0.0,1,2026-04,2026-04
NINA.MRODRIGUES,2026-03,2026-03-01,2026-03-31,0.0,0.0,0.0,0.0,0,0.0,5,0,0.0,Ferro,sem_dado,0.05,tiktok_seller_center,0,0,0,0,,,0.0,0.0,0,0.0,5,0,0.0,1,2026-03,2026-03
NINA.P.RANGEL,2026-05,2026-05-01,2026-05-23,0.0,0.0,0.0,0.0,0,0.0,0,1,0.0,Ferro,sem_dado,0.05,tiktok_seller_center,,0,0,0,,0,0.0,0.0,0,0.0,0,1,0.0,1,2026-05,2026-05
NINAAMISAEL,2026-04,2026-04-01,2026-04-30,0.0,0.0,0.0,0.0,0,0.0,1,0,0.0,Ferro,sem_dado,0.05,tiktok_seller_center,0,0,0,0,,,0.0,0.0,0,0.0,1,0,0.0,1,2026-04,2026-04
NINACASTRO90,2026-04,2026-04-01,2026-04-30,0.0,0.0,0.0,0.0,0,0.0,0,3,0.0,Ferro,sem_dado,0.05,tiktok_seller_center,0,0,0,0,,,0.0,0.0,0,0.0,0,3,0.0,1,2026-04,2026-04
NINACHADINHOSNOTAMIL,2026-03,2026-03-01,2026-03-31,0.0,0.0,0.0,0.0,0,0.0,1,0,0.0,Ferro,sem_dado,0.05,tiktok_seller_center,0,0,0,0,,,0.0,0.0,0,0.0,1,0,0.0,1,2026-03,2026-03
NINACOMPRINHAS,2026-02,2026-02-01,2026-02-28,0.0,0.0,0.0,0.0,0,0.0,1,0,0.0,Ferro,sem_dado,0.05,tiktok_seller_center,0,0,0,0,,,0.0,0.0,0,0.0,1,0,0.0,1,2026-02,2026-02
NINADAGRINGA,2026-01,2026-01-06,2026-01-31,0.0,0.0,0.0,0.0,0,0.0,1,0,0.0,Ferro,sem_dado,0.05,tiktok_seller_center,0,0,0,0,,,0.0,0.0,0,0.0,1,0,0.0,1,2026-01,2026-01
NINAHGAMACREATOR,2026-05,2026-05-01,2026-05-23,0.0,0.0,0.0,0.0,0,0.0,0,1,0.0,Ferro,sem_dado,0.05,tiktok_seller_center,,0,0,0,,0,0.0,0.0,0,0.0,0,1,0.0,1,2026-05,2026-05
NINHADICASDODIAADIA,2026-04,2026-04-01,2026-04-30,0.0,0.0,0.0,0.0,0,0.0,0,4,0.0,Ferro,sem_dado,0.05,tiktok_seller_center,0,0,0,0,,,0.0,0.0,0,0.0,0,4,0.0,1,2026-04,2026-04
NINHARODRIGUES03,2026-04,2026-04-01,2026-04-30,0.0,0.0,0.0,0.0,0,0.0,0,1,0.0,Ferro,sem_dado,0.05,tiktok_seller_center,0,0,0,0,,,0.0,0.0,0,0.0,0,2,0.0,2,2026-03,2026-04
NININHARODRIGUES85,2026-05,2026-05-01,2026-05-23,0.0,0.0,0.0,0.0,0,0.0,1,0,0.0,Ferro,sem_dado,0.05,tiktok_seller_center,,0,0,0,,0,0.0,0.0,0,0.0,1,0,0.0,1,2026-05,2026-05
NINNAINDICA,2026-02,2026-02-01,2026-02-28,0.0,0.0,0.0,0.0,0,0.0,2,0,0.0,Ferro,sem_dado,0.05,tiktok_seller_center,0,0,0,0,,,0.0,0.0,0,0.0,2,0,0.0,1,2026-02,2026-02
NINNAROMANNO,2026-05,2026-05-01,2026-05-23,0.0,0.0,0.0,0.0,0,0.0,0,8,0.0,Ferro,sem_dado,0.05,tiktok_seller_center,1,0,0,0,,0,80.7,80.7,1,0.0,3,15,4.04,2,2026-04,2026-05
NINNYANE,2026-04,2026-04-01,2026-04-30,0.0,0.0,0.0,0.0,0,0.0,0,20,0.0,Ferro,sem_dado,0.05,tiktok_seller_center,0,0,0,0,,,228.45,228.45,2,0.0,1,48,11.420000000000002,3,2026-02,2026-04
NIVIANYSHOP,2026-03,2026-03-01,2026-03-31,0.0,0.0,0.0,0.0,0,0.0,0,12,0.0,Ferro,sem_dado,0.05,tiktok_seller_center,0,0,0,0,,,0.0,0.0,0,0.0,0,23,0.0,2,2026-02,2026-03
NIVNIA.ROCHA,2026-01,2026-01-06,2026-01-31,0.0,0.0,0.0,0.0,0,0.0,1,0,0.0,Ferro,sem_dado,0.05,tiktok_seller_center,0,0,0,0,,,0.0,0.0,0,0.0,1,0,0.0,1,2026-01,2026-01
NKDYXSBI,2026-03,2026-03-01,2026-03-31,0.0,0.0,0.0,0.0,0,0.0,1,0,0.0,Ferro,sem_dado,0.05,tiktok_seller_center,0,0,0,0,,,0.0,0.0,0,0.0,1,0,0.0,1,2026-03,2026-03
NMCJTDAJZ3,2026-04,2026-04-01,2026-04-30,0.0,0.0,0.0,0.0,0,0.0,1,0,0.0,Ferro,sem_dado,0.05,tiktok_seller_center,0,0,0,0,,,0.0,0.0,0,0.0,2,0,0.0,2,2026-03,2026-04
NNCUI556,2026-03,2026-03-01,2026-03-31,0.0,0.0,0.0,0.0,0,0.0,1,0,0.0,Ferro,sem_dado,0.05,tiktok_seller_center,0,0,0,0,,,0.0,0.0,0,0.0,1,0,0.0,1,2026-03,2026-03
NNYCOLE,2026-02,2026-02-01,2026-02-28,0.0,0.0,0.0,0.0,0,0.0,0,3,0.0,Ferro,sem_dado,0.05,tiktok_seller_center,0,0,0,0,,,0.0,0.0,0,0.0,0,3,0.0,1,2026-02,2026-02
NOEMI_SHOP01,2026-03,2026-03-01,2026-03-31,0.0,0.0,0.0,0.0,0,0.0,0,1,0.0,Ferro,sem_dado,0.05,tiktok_seller_center,0,0,0,0,,,0.0,0.0,0,0.0,0,1,0.0,1,2026-03,2026-03
NOEMYBARBOSA28,2026-02,2026-02-01,2026-02-28,0.0,0.0,0.0,0.0,0,0.0,0,1,0.0,Ferro,sem_dado,0.05,tiktok_seller_center,0,0,0,0,,,0.0,0.0,0,0.0,0,1,0.0,1,2026-02,2026-02
NOFLUXO.DIGITAL,2026-05,2026-05-01,2026-05-23,0.0,0.0,0.0,0.0,0,0.0,1,0,0.0,Ferro,sem_dado,0.05,tiktok_seller_center,,0,0,0,,0,0.0,0.0,0,0.0,1,0,0.0,1,2026-05,2026-05
NOHARASOARES0,2026-04,2026-04-01,2026-04-30,0.0,0.0,0.0,0.0,0,0.0,0,2,0.0,Ferro,sem_dado,0.05,tiktok_seller_center,0,0,0,0,,,0.0,0.0,0,0.0,0,2,0.0,1,2026-04,2026-04
NORMANDAGOMES4,2026-01,2026-01-06,2026-01-31,0.0,0.0,0.0,0.0,0,0.0,1,0,0.0,Ferro,sem_dado,0.05,tiktok_seller_center,0,0,0,0,,,0.0,0.0,0,0.0,1,0,0.0,1,2026-01,2026-01
NOSSACASA47_,2026-02,2026-02-01,2026-02-28,0.0,0.0,0.0,0.0,0,0.0,0,1,0.0,Ferro,sem_dado,0.05,tiktok_seller_center,0,0,0,0,,,0.0,0.0,0,0.0,0,1,0.0,1,2026-02,2026-02
NOSSOUNIVERSO.FEMININO,2026-04,2026-04-01,2026-04-30,0.0,0.0,0.0,0.0,0,0.0,1,0,0.0,Ferro,sem_dado,0.05,tiktok_seller_center,0,0,0,0,,,0.0,0.0,0,0.0,1,0,0.0,1,2026-04,2026-04
NOTICIASCURIOSIDADESNEWS,2026-03,2026-03-01,2026-03-31,0.0,0.0,0.0,0.0,0,0.0,0,1,0.0,Ferro,sem_dado,0.05,tiktok_seller_center,0,0,0,0,,,0.0,0.0,0,0.0,0,1,0.0,1,2026-03,2026-03
NOVAERASTORE4,2026-05,2026-05-01,2026-05-23,0.0,0.0,0.0,0.0,0,0.0,0,3,0.0,Ferro,sem_dado,0.05,tiktok_seller_center,0,0,0,0,,0,0.0,0.0,0,0.0,0,12,0.0,2,2026-04,2026-05
NOVELASACHADINHOS,2026-05,2026-05-01,2026-05-23,0.0,0.0,0.0,0.0,0,0.0,1,0,0.0,Ferro,sem_dado,0.05,tiktok_seller_center,,0,0,0,,0,0.0,0.0,0,0.0,1,0,0.0,1,2026-05,2026-05
NOVIDADESVIRAL1000,2026-02,2026-02-01,2026-02-28,0.0,0.0,0.0,0.0,0,0.0,0,1,0.0,Ferro,sem_dado,0.05,tiktok_seller_center,0,0,0,0,,,0.0,0.0,0,0.0,0,1,0.0,1,2026-02,2026-02
NOVOTEMPO_2026,2026-05,2026-05-01,2026-05-23,0.0,0.0,0.0,0.0,0,0.0,0,1,0.0,Ferro,sem_dado,0.05,tiktok_seller_center,0,0,0,0,,0,0.0,0.0,0,0.0,0,3,0.0,2,2026-04,2026-05
NPOSSEBON,2026-03,2026-03-01,2026-03-31,744.68,651.5799999999999,93.1,12.5,9,82.74,2,0,70.37,Ferro,sem_dado,0.05,tiktok_seller_center,9,1,1,0,,,744.68,651.5799999999999,9,93.1,3,0,32.58,2,2026-02,2026-03
NUBIACARLAA,2026-05,2026-05-01,2026-05-23,0.0,0.0,0.0,0.0,0,0.0,0,3,0.0,Ferro,sem_dado,0.05,tiktok_seller_center,0,0,0,0,,0,0.0,0.0,0,0.0,10,3,0.0,3,2026-03,2026-05
NUBIARODRIGUES8,2026-05,2026-05-01,2026-05-23,0.0,0.0,0.0,0.0,0,0.0,1,16,0.0,Ferro,sem_dado,0.05,tiktok_seller_center,1,0,0,0,,0,72.95,72.95,1,0.0,5,132,3.65,5,2026-01,2026-05
NUMARCHI,2026-05,2026-05-01,2026-05-23,5973.31,5649.900000000001,323.41,5.41,62,96.34,9,0,598.71,Diamante,sem_dado,0.13,tiktok_seller_center,157,4,2,4,,64,108756.14,96858.66,1330,11897.48,40,0,9843.44,5,2026-01,2026-05
NUSA.MARIA,2026-03,2026-03-01,2026-03-31,0.0,0.0,0.0,0.0,0,0.0,0,1,0.0,Ferro,sem_dado,0.05,tiktok_seller_center,0,0,0,0,,,0.0,0.0,0,0.0,0,1,0.0,1,2026-03,2026-03
NUSAFELIPE,2026-03,2026-03-01,2026-03-31,0.0,0.0,0.0,0.0,0,0.0,0,1,0.0,Ferro,sem_dado,0.05,tiktok_seller_center,0,0,0,0,,,0.0,0.0,0,0.0,0,1,0.0,1,2026-03,2026-03
NUTRII_SHOP,2026-04,2026-04-01,2026-04-30,68.64,68.64,0.0,0.0,1,68.64,0,6,7.22,Ferro,sem_dado,0.05,tiktok_seller_center,1,0,1,0,,,68.64,68.64,1,0.0,6,7,3.43,3,2026-02,2026-04
NUTRIMAX07,2026-02,2026-02-01,2026-02-28,80.7,0.0,80.7,100.0,1,80.7,1,0,7.99,Ferro,sem_dado,0.05,tiktok_seller_center,1,1,1,0,,,80.7,0.0,1,80.7,1,0,0.0,1,2026-02,2026-02
NXJSNAKAH,2026-03,2026-03-01,2026-03-31,0.0,0.0,0.0,0.0,0,0.0,1,0,0.0,Ferro,sem_dado,0.05,tiktok_seller_center,0,0,0,0,,,0.0,0.0,0,0.0,1,0,0.0,1,2026-03,2026-03
NYMORAEES,2026-03,2026-03-01,2026-03-31,0.0,0.0,0.0,0.0,0,0.0,2,0,0.0,Ferro,sem_dado,0.05,tiktok_seller_center,0,0,0,0,,,0.0,0.0,0,0.0,2,0,0.0,1,2026-03,2026-03
NYQUEGATA,2026-05,2026-05-01,2026-05-23,0.0,0.0,0.0,0.0,0,0.0,1,0,0.0,Ferro,sem_dado,0.05,tiktok_seller_center,,0,0,0,,0,0.0,0.0,0,0.0,1,0,0.0,1,2026-05,2026-05
O.QUE.VOCE.FARIA.2026,2026-04,2026-04-01,2026-04-30,76.51,76.51,0.0,0.0,1,76.51,0,0,6.39,Ferro,sem_dado,0.05,tiktok_seller_center,1,0,1,0,,,76.51,76.51,1,0.0,0,0,3.83,1,2026-04,2026-04
OALFAEOMEGACRISTO,2026-02,2026-02-01,2026-02-28,0.0,0.0,0.0,0.0,0,0.0,0,14,0.0,Ferro,sem_dado,0.05,tiktok_seller_center,0,0,0,0,,,0.0,0.0,0,0.0,0,14,0.0,1,2026-02,2026-02
OCASALEMPREENDEDOR0,2026-05,2026-05-01,2026-05-23,0.0,0.0,0.0,0.0,0,0.0,0,3,0.0,Ferro,sem_dado,0.05,tiktok_seller_center,1,0,0,0,,0,77.5,77.5,1,0.0,1,9,3.88,2,2026-04,2026-05
OCASALPROSPRERO7,2026-05,2026-05-01,2026-05-23,0.0,0.0,0.0,0.0,0,0.0,0,1,0.0,Ferro,sem_dado,0.05,tiktok_seller_center,,0,0,0,,0,0.0,0.0,0,0.0,0,1,0.0,1,2026-05,2026-05
OCEANS.VOIDZX2,2026-03,2026-03-01,2026-03-31,0.0,0.0,0.0,0.0,0,0.0,0,2,0.0,Ferro,sem_dado,0.05,tiktok_seller_center,0,0,0,0,,,0.0,0.0,0,0.0,0,2,0.0,1,2026-03,2026-03
OCURIOSODOBRASIL,2026-03,2026-03-01,2026-03-31,0.0,0.0,0.0,0.0,0,0.0,1,0,0.0,Ferro,sem_dado,0.05,tiktok_seller_center,0,0,0,0,,,0.0,0.0,0,0.0,1,0,0.0,1,2026-03,2026-03
OFC_JAQUELINE_REIS,2026-02,2026-02-01,2026-02-28,0.0,0.0,0.0,0.0,0,0.0,0,2,0.0,Ferro,sem_dado,0.05,tiktok_seller_center,0,0,0,0,,,0.0,0.0,0,0.0,0,2,0.0,1,2026-02,2026-02
OFERTAPEGUEIADICA,2026-04,2026-04-01,2026-04-30,0.0,0.0,0.0,0.0,0,0.0,1,0,0.0,Ferro,sem_dado,0.05,tiktok_seller_center,0,0,0,0,,,0.0,0.0,0,0.0,1,0,0.0,1,2026-04,2026-04
OFERTAPRIMEE,2026-01,2026-01-06,2026-01-31,0.0,0.0,0.0,0.0,0,0.0,3,0,0.0,Ferro,sem_dado,0.05,tiktok_seller_center,0,0,0,0,,,0.0,0.0,0,0.0,3,0,0.0,1,2026-01,2026-01
OFERTARELAMPAGO8,2026-03,2026-03-01,2026-03-31,0.0,0.0,0.0,0.0,0,0.0,1,0,0.0,Ferro,sem_dado,0.05,tiktok_seller_center,0,0,0,0,,,0.0,0.0,0,0.0,1,0,0.0,1,2026-03,2026-03
OFERTAS265,2026-04,2026-04-01,2026-04-30,0.0,0.0,0.0,0.0,0,0.0,0,3,0.0,Ferro,sem_dado,0.05,tiktok_seller_center,0,0,0,0,,,0.0,0.0,0,0.0,0,5,0.0,2,2026-03,2026-04
OFERTASALICE,2026-04,2026-04-01,2026-04-30,0.0,0.0,0.0,0.0,0,0.0,3,0,0.0,Ferro,sem_dado,0.05,tiktok_seller_center,0,0,0,0,,,0.0,0.0,0,0.0,3,0,0.0,1,2026-04,2026-04
OFERTASBRASIL.TTK,2026-04,2026-04-01,2026-04-30,0.0,0.0,0.0,0.0,0,0.0,0,1,0.0,Ferro,sem_dado,0.05,tiktok_seller_center,0,0,0,0,,,0.0,0.0,0,0.0,0,2,0.0,2,2026-02,2026-04
OFERTASDABYA,2026-02,2026-02-01,2026-02-28,0.0,0.0,0.0,0.0,0,0.0,0,1,0.0,Ferro,sem_dado,0.05,tiktok_seller_center,0,0,0,0,,,0.0,0.0,0,0.0,0,1,0.0,1,2026-02,2026-02
OFERTASDAGIH8,2026-04,2026-04-01,2026-04-30,84.82,84.82,0.0,0.0,1,84.82,0,0,7.2,Ferro,sem_dado,0.05,tiktok_seller_center,1,0,1,0,,,84.82,84.82,1,0.0,0,0,4.24,1,2026-04,2026-04
OFERTASDAKIKI,2026-02,2026-02-01,2026-02-28,0.0,0.0,0.0,0.0,0,0.0,1,0,0.0,Ferro,sem_dado,0.05,tiktok_seller_center,0,0,0,0,,,0.0,0.0,0,0.0,1,0,0.0,1,2026-02,2026-02
OFERTASDG,2026-03,2026-03-01,2026-03-31,0.0,0.0,0.0,0.0,0,0.0,0,1,0.0,Ferro,sem_dado,0.05,tiktok_seller_center,0,0,0,0,,,0.0,0.0,0,0.0,0,1,0.0,1,2026-03,2026-03
OFERTASEXCLUSIVA3,2026-02,2026-02-01,2026-02-28,0.0,0.0,0.0,0.0,0,0.0,1,0,0.0,Ferro,sem_dado,0.05,tiktok_seller_center,0,0,0,0,,,0.0,0.0,0,0.0,1,0,0.0,1,2026-02,2026-02
OFERTASIMPERDIVEIS26,2026-04,2026-04-01,2026-04-30,0.0,0.0,0.0,0.0,0,0.0,0,1,0.0,Ferro,sem_dado,0.05,tiktok_seller_center,0,0,0,0,,,0.0,0.0,0,0.0,0,3,0.0,2,2026-03,2026-04
OFERTASMII,2026-03,2026-03-01,2026-03-31,0.0,0.0,0.0,0.0,0,0.0,0,3,0.0,Ferro,sem_dado,0.05,tiktok_seller_center,0,0,0,0,,,0.0,0.0,0,0.0,0,3,0.0,1,2026-03,2026-03
OFERTASVIRAIS85,2026-02,2026-02-01,2026-02-28,0.0,0.0,0.0,0.0,0,0.0,1,0,0.0,Ferro,sem_dado,0.05,tiktok_seller_center,0,0,0,0,,,0.0,0.0,0,0.0,1,0,0.0,1,2026-02,2026-02
OFERTINHASDALARII,2026-04,2026-04-01,2026-04-30,0.0,0.0,0.0,0.0,0,0.0,1,0,0.0,Ferro,sem_dado,0.05,tiktok_seller_center,0,0,0,0,,,0.0,0.0,0,0.0,1,0,0.0,1,2026-04,2026-04
OFICIALALCHEADA01,2026-04,2026-04-01,2026-04-30,0.0,0.0,0.0,0.0,0,0.0,1,0,0.0,Ferro,sem_dado,0.05,tiktok_seller_center,0,0,0,0,,,0.0,0.0,0,0.0,1,0,0.0,1,2026-04,2026-04
OFICIALCAPIVARINHA,2026-05,2026-05-01,2026-05-23,0.0,0.0,0.0,0.0,0,0.0,0,9,0.0,Ferro,sem_dado,0.05,tiktok_seller_center,0,0,0,0,,0,0.0,0.0,0,0.0,0,28,0.0,2,2026-04,2026-05
OFICIALGABIBARROS,2026-05,2026-05-01,2026-05-23,115.65,115.65,0.0,0.0,1,115.65,0,0,8.79,Ferro,sem_dado,0.05,tiktok_seller_center,,0,1,0,,1,115.65,115.65,1,0.0,0,0,5.78,1,2026-05,2026-05
OFICIALKELLYBATISTA,2026-04,2026-04-01,2026-04-30,0.0,0.0,0.0,0.0,0,0.0,0,5,0.0,Ferro,sem_dado,0.05,tiktok_seller_center,0,0,0,0,,,0.0,0.0,0,0.0,0,5,0.0,1,2026-04,2026-04
OFICIALMARTA,2026-03,2026-03-01,2026-03-31,63.74,63.74,0.0,0.0,1,63.74,0,0,7.22,Ferro,sem_dado,0.05,tiktok_seller_center,1,0,1,0,,,63.74,63.74,1,0.0,1,0,3.19,2,2026-01,2026-03
OGARIMPODAALANA,2026-01,2026-01-06,2026-01-31,0.0,0.0,0.0,0.0,0,0.0,1,0,0.0,Ferro,sem_dado,0.05,tiktok_seller_center,0,0,0,0,,,0.0,0.0,0,0.0,1,0,0.0,1,2026-01,2026-01
OGARIMPODAMARIA,2026-03,2026-03-01,2026-03-31,89.5,8.799999999999997,80.7,90.17,1,89.5,0,0,7.99,Ferro,sem_dado,0.05,tiktok_seller_center,1,1,1,0,,,852.42,691.5699999999999,9,160.85000000000002,7,0,34.58,3,2026-01,2026-03
OGUI4K,2026-02,2026-02-01,2026-02-28,0.0,0.0,0.0,0.0,0,0.0,0,1,0.0,Ferro,sem_dado,0.05,tiktok_seller_center,0,0,0,0,,,0.0,0.0,0,0.0,0,1,0.0,1,2026-02,2026-02
OHARAINDICA,2026-03,2026-03-01,2026-03-31,83.1,83.1,0.0,0.0,1,83.1,1,0,7.99,Ferro,sem_dado,0.05,tiktok_seller_center,1,0,1,0,,,83.1,83.1,1,0.0,1,0,4.16,1,2026-03,2026-03
OHDICASANNY,2026-04,2026-04-01,2026-04-30,0.0,0.0,0.0,0.0,0,0.0,0,1,0.0,Ferro,sem_dado,0.05,tiktok_seller_center,0,0,0,0,,,0.0,0.0,0,0.0,0,32,0.0,3,2026-01,2026-04
OHGA1KTPC0,2026-05,2026-05-01,2026-05-23,0.0,0.0,0.0,0.0,0,0.0,1,0,0.0,Ferro,sem_dado,0.05,tiktok_seller_center,0,0,0,0,,0,0.0,0.0,0,0.0,3,0,0.0,2,2026-04,2026-05
OHZC2NCNF2,2026-04,2026-04-01,2026-04-30,0.0,0.0,0.0,0.0,0,0.0,1,0,0.0,Ferro,sem_dado,0.05,tiktok_seller_center,0,0,0,0,,,0.0,0.0,0,0.0,1,0,0.0,1,2026-04,2026-04
OI.DUDAOLIVEIRA,2026-05,2026-05-01,2026-05-23,0.0,0.0,0.0,0.0,0,0.0,2,0,0.0,Ferro,sem_dado,0.05,tiktok_seller_center,,0,0,1,,0,0.0,0.0,0,0.0,2,0,0.0,1,2026-05,2026-05
OI.HELEN1,2026-02,2026-02-01,2026-02-28,0.0,0.0,0.0,0.0,0,0.0,1,0,0.0,Ferro,sem_dado,0.05,tiktok_seller_center,0,0,0,0,,,0.0,0.0,0,0.0,1,0,0.0,1,2026-02,2026-02
OIARIEL,2026-05,2026-05-01,2026-05-23,104.9,104.9,0.0,0.0,1,104.9,0,0,8.79,Ferro,sem_dado,0.05,tiktok_seller_center,,0,1,0,,1,104.9,104.9,1,0.0,0,0,5.25,1,2026-05,2026-05
OINENA_,2026-03,2026-03-01,2026-03-31,0.0,0.0,0.0,0.0,0,0.0,0,1,0.0,Ferro,sem_dado,0.05,tiktok_seller_center,0,0,0,0,,,0.0,0.0,0,0.0,0,2,0.0,2,2026-02,2026-03
OLALUISAA,2026-04,2026-04-01,2026-04-30,0.0,0.0,0.0,0.0,0,0.0,1,0,0.0,Ferro,sem_dado,0.05,tiktok_seller_center,0,0,0,0,,,0.0,0.0,0,0.0,1,0,0.0,1,2026-04,2026-04
OLHA.ISSOAGORA,2026-04,2026-04-01,2026-04-30,0.0,0.0,0.0,0.0,0,0.0,1,0,0.0,Ferro,sem_dado,0.05,tiktok_seller_center,0,0,0,0,,,0.0,0.0,0,0.0,6,0,0.0,2,2026-03,2026-04
OLIVERERIKA47,2026-05,2026-05-01,2026-05-23,0.0,0.0,0.0,0.0,0,0.0,0,1,0.0,Ferro,sem_dado,0.05,tiktok_seller_center,,0,0,0,,0,0.0,0.0,0,0.0,0,1,0.0,1,2026-05,2026-05
OLUCASRABELO,2026-03,2026-03-01,2026-03-31,0.0,0.0,0.0,0.0,0,0.0,1,0,0.0,Ferro,sem_dado,0.05,tiktok_seller_center,0,0,0,0,,,0.0,0.0,0,0.0,1,0,0.0,1,2026-03,2026-03
OMANUINDICA,2026-02,2026-02-01,2026-02-28,0.0,0.0,0.0,0.0,0,0.0,0,1,0.0,Ferro,sem_dado,0.05,tiktok_seller_center,0,0,0,0,,,0.0,0.0,0,0.0,0,1,0.0,1,2026-02,2026-02
OMUNDODEANDI,2026-03,2026-03-01,2026-03-31,0.0,0.0,0.0,0.0,0,0.0,0,1,0.0,Ferro,sem_dado,0.05,tiktok_seller_center,0,0,0,0,,,0.0,0.0,0,0.0,0,1,0.0,1,2026-03,2026-03
ONLIVEMODAS,2026-05,2026-05-01,2026-05-23,0.0,0.0,0.0,0.0,0,0.0,0,3,0.0,Ferro,sem_dado,0.05,tiktok_seller_center,0,0,0,0,,0,0.0,0.0,0,0.0,0,12,0.0,5,2026-01,2026-05
OP0AONZV88,2026-05,2026-05-01,2026-05-23,0.0,0.0,0.0,0.0,0,0.0,1,0,0.0,Ferro,sem_dado,0.05,tiktok_seller_center,,0,0,0,,0,0.0,0.0,0,0.0,1,0,0.0,1,2026-05,2026-05
OPAAMAIA_,2026-02,2026-02-01,2026-02-28,0.0,0.0,0.0,0.0,0,0.0,0,2,0.0,Ferro,sem_dado,0.05,tiktok_seller_center,0,0,0,0,,,0.0,0.0,0,0.0,0,2,0.0,1,2026-02,2026-02
OPSJULIANNA,2026-05,2026-05-01,2026-05-23,0.0,0.0,0.0,0.0,0,0.0,6,0,0.0,Ferro,sem_dado,0.05,tiktok_seller_center,,0,0,0,,0,0.0,0.0,0,0.0,6,0,0.0,1,2026-05,2026-05
OQUIZFLOW,2026-05,2026-05-01,2026-05-23,0.0,0.0,0.0,0.0,0,0.0,1,0,0.0,Ferro,sem_dado,0.05,tiktok_seller_center,,0,0,0,,0,0.0,0.0,0,0.0,1,0,0.0,1,2026-05,2026-05
ORACULODIVINO7,2026-02,2026-02-01,2026-02-28,0.0,0.0,0.0,0.0,0,0.0,2,0,0.0,Ferro,sem_dado,0.05,tiktok_seller_center,0,0,0,0,,,0.0,0.0,0,0.0,2,0,0.0,1,2026-02,2026-02
OS1RCU3,2026-04,2026-04-01,2026-04-30,0.0,0.0,0.0,0.0,0,0.0,2,0,0.0,Ferro,sem_dado,0.05,tiktok_seller_center,0,0,0,0,,,0.0,0.0,0,0.0,2,0,0.0,1,2026-04,2026-04
OSACHADINHOSDALOLA,2026-05,2026-05-01,2026-05-23,0.0,0.0,0.0,0.0,0,0.0,0,1,0.0,Ferro,sem_dado,0.05,tiktok_seller_center,0,0,0,0,,0,0.0,0.0,0,0.0,0,3,0.0,2,2026-04,2026-05
OSMI.M,2026-04,2026-04-01,2026-04-30,0.0,0.0,0.0,0.0,0,0.0,0,1,0.0,Ferro,sem_dado,0.05,tiktok_seller_center,0,0,0,0,,,0.0,0.0,0,0.0,0,1,0.0,1,2026-04,2026-04
OTAVIALLI,2026-02,2026-02-01,2026-02-28,0.0,0.0,0.0,0.0,0,0.0,0,2,0.0,Ferro,sem_dado,0.05,tiktok_seller_center,0,0,0,0,,,0.0,0.0,0,0.0,0,2,0.0,1,2026-02,2026-02
OUROSHOPI,2026-03,2026-03-01,2026-03-31,0.0,0.0,0.0,0.0,0,0.0,8,4,0.0,Ferro,sem_dado,0.05,tiktok_seller_center,0,0,0,0,,,0.0,0.0,0,0.0,8,4,0.0,1,2026-03,2026-03
OUTLETDACOZINHAOFICIAL,2026-03,2026-03-01,2026-03-31,0.0,0.0,0.0,0.0,0,0.0,1,0,0.0,Ferro,sem_dado,0.05,tiktok_seller_center,0,0,0,0,,,0.0,0.0,0,0.0,1,0,0.0,1,2026-03,2026-03
O_REI_DAS_VENDAS,2026-03,2026-03-01,2026-03-31,0.0,0.0,0.0,0.0,0,0.0,1,0,0.0,Ferro,sem_dado,0.05,tiktok_seller_center,0,0,0,0,,,0.0,0.0,0,0.0,1,0,0.0,1,2026-03,2026-03
P.AULAP11,2026-02,2026-02-01,2026-02-28,0.0,0.0,0.0,0.0,0,0.0,0,2,0.0,Ferro,sem_dado,0.05,tiktok_seller_center,0,0,0,0,,,0.0,0.0,0,0.0,0,2,0.0,1,2026-02,2026-02
PAALOMAOLIVEIRAA,2026-05,2026-05-01,2026-05-23,261.44,261.44,0.0,0.0,3,87.15,9,3,22.37,Ferro,sem_dado,0.05,tiktok_seller_center,0,0,1,0,,3,261.44,261.44,3,0.0,9,4,13.07,2,2026-04,2026-05
PAATRICIAFAGUNDES,2026-04,2026-04-01,2026-04-30,0.0,0.0,0.0,0.0,0,0.0,0,1,0.0,Ferro,sem_dado,0.05,tiktok_seller_center,0,0,0,0,,,0.0,0.0,0,0.0,0,1,0.0,1,2026-04,2026-04
PABLIANECREATOR,2026-03,2026-03-01,2026-03-31,0.0,0.0,0.0,0.0,0,0.0,0,5,0.0,Ferro,sem_dado,0.05,tiktok_seller_center,0,0,0,0,,,0.0,0.0,0,0.0,2,5,0.0,2,2026-02,2026-03
PABLINEMARTINSV,2026-05,2026-05-01,2026-05-23,599.67,0.0,599.67,100.0,4,149.92,0,3,47.97,Ferro,sem_dado,0.05,tiktok_seller_center,,6,1,0,,6,599.67,0.0,4,599.67,0,3,0.0,1,2026-05,2026-05
PAFERNANDESOFICIAL,2026-05,2026-05-01,2026-05-23,0.0,0.0,0.0,0.0,0,0.0,0,7,0.0,Ferro,sem_dado,0.05,tiktok_seller_center,,0,0,0,,0,0.0,0.0,0,0.0,0,7,0.0,1,2026-05,2026-05
PAIEFILHATIKTOKSHOP,2026-03,2026-03-01,2026-03-31,0.0,0.0,0.0,0.0,0,0.0,1,0,0.0,Ferro,sem_dado,0.05,tiktok_seller_center,0,0,0,0,,,0.0,0.0,0,0.0,1,0,0.0,1,2026-03,2026-03
PAIVAELIANE19,2026-05,2026-05-01,2026-05-23,0.0,0.0,0.0,0.0,0,0.0,0,1,0.0,Ferro,sem_dado,0.05,tiktok_seller_center,0,0,0,0,,0,71.65,0.0,1,71.65,0,58,0.0,4,2026-01,2026-05
PALAVRACOMSILVANA,2026-04,2026-04-01,2026-04-30,0.0,0.0,0.0,0.0,0,0.0,0,1,0.0,Ferro,sem_dado,0.05,tiktok_seller_center,0,0,0,0,,,0.0,0.0,0,0.0,0,1,0.0,1,2026-04,2026-04
PALMIRARRODRIGUES,2026-05,2026-05-01,2026-05-23,0.0,0.0,0.0,0.0,0,0.0,2,0,0.0,Ferro,sem_dado,0.05,tiktok_seller_center,,0,0,0,,0,0.0,0.0,0,0.0,2,0,0.0,1,2026-05,2026-05
PALOMA.MOSAICISTA,2026-05,2026-05-01,2026-05-23,0.0,0.0,0.0,0.0,0,0.0,0,2,0.0,Ferro,sem_dado,0.05,tiktok_seller_center,0,0,0,0,,0,0.0,0.0,0,0.0,2,5,0.0,3,2026-03,2026-05
PALOMACARVALHOLIMA,2026-05,2026-05-01,2026-05-23,0.0,0.0,0.0,0.0,0,0.0,9,17,0.0,Ferro,sem_dado,0.05,tiktok_seller_center,2,0,0,0,,0,155.12,155.12,2,0.0,11,21,7.76,2,2026-04,2026-05
PALOMAINDICAOFICIAL,2026-05,2026-05-01,2026-05-23,0.0,-88.38,88.38,0.0,0,0.0,0,2,0.0,Ferro,sem_dado,0.05,tiktok_seller_center,1,1,0,0,,0,88.38,0.0,1,88.38,0,17,0.0,3,2026-03,2026-05
PALOMAXS2,2026-02,2026-02-01,2026-02-28,0.0,0.0,0.0,0.0,0,0.0,0,5,0.0,Ferro,sem_dado,0.05,tiktok_seller_center,0,0,0,0,,,0.0,0.0,0,0.0,0,5,0.0,1,2026-02,2026-02
PALOMITAVENDASTKS,2026-03,2026-03-01,2026-03-31,0.0,0.0,0.0,0.0,0,0.0,1,2,0.0,Ferro,sem_dado,0.05,tiktok_seller_center,0,0,0,0,,,0.0,0.0,0,0.0,1,2,0.0,1,2026-03,2026-03
PAM.WK,2026-05,2026-05-01,2026-05-23,0.0,0.0,0.0,0.0,0,0.0,19,0,0.0,Ferro,sem_dado,0.05,tiktok_seller_center,0,0,0,6,,0,937.04,861.05,12,75.99,27,0,43.059999999999995,5,2026-01,2026-05
PAMELAJDAMATA,2026-03,2026-03-01,2026-03-31,0.0,0.0,0.0,0.0,0,0.0,1,0,0.0,Ferro,sem_dado,0.05,tiktok_seller_center,0,0,0,0,,,0.0,0.0,0,0.0,1,0,0.0,1,2026-03,2026-03
PAMELAMARQUES.26,2026-04,2026-04-01,2026-04-30,0.0,0.0,0.0,0.0,0,0.0,1,0,0.0,Ferro,sem_dado,0.05,tiktok_seller_center,0,0,0,0,,,0.0,0.0,0,0.0,1,0,0.0,1,2026-04,2026-04
PAMELANERY2920,2026-05,2026-05-01,2026-05-23,0.0,0.0,0.0,0.0,0,0.0,2,0,0.0,Ferro,sem_dado,0.05,tiktok_seller_center,0,0,0,0,,0,0.0,0.0,0,0.0,4,1,0.0,2,2026-04,2026-05
PAMELASANTOSMG,2026-02,2026-02-01,2026-02-28,0.0,0.0,0.0,0.0,0,0.0,0,2,0.0,Ferro,sem_dado,0.05,tiktok_seller_center,0,0,0,0,,,0.0,0.0,0,0.0,0,2,0.0,1,2026-02,2026-02
PAMELAUCHOA08,2026-01,2026-01-06,2026-01-31,0.0,0.0,0.0,0.0,0,0.0,1,0,0.0,Ferro,sem_dado,0.05,tiktok_seller_center,0,0,0,0,,,0.0,0.0,0,0.0,1,0,0.0,1,2026-01,2026-01
PAMELA_MELO1,2026-05,2026-05-01,2026-05-23,0.0,0.0,0.0,0.0,0,0.0,2,0,0.0,Ferro,sem_dado,0.05,tiktok_seller_center,,0,0,0,,0,0.0,0.0,0,0.0,2,0,0.0,1,2026-05,2026-05
PAMELLA.LANDIM,2026-02,2026-02-01,2026-02-28,0.0,0.0,0.0,0.0,0,0.0,0,1,0.0,Ferro,sem_dado,0.05,tiktok_seller_center,0,0,0,0,,,0.0,0.0,0,0.0,0,1,0.0,1,2026-02,2026-02
PAMELLAGOMESS,2026-01,2026-01-06,2026-01-31,0.0,0.0,0.0,0.0,0,0.0,0,1,0.0,Ferro,sem_dado,0.05,tiktok_seller_center,0,0,0,0,,,0.0,0.0,0,0.0,0,1,0.0,1,2026-01,2026-01
PAMELLAGOMS,2026-03,2026-03-01,2026-03-31,0.0,0.0,0.0,0.0,0,0.0,1,0,0.0,Ferro,sem_dado,0.05,tiktok_seller_center,0,0,0,0,,,0.0,0.0,0,0.0,1,0,0.0,1,2026-03,2026-03
PAMEVENITEDAILY,2026-03,2026-03-01,2026-03-31,64.94,64.94,0.0,0.0,1,64.94,0,0,7.22,Ferro,sem_dado,0.05,tiktok_seller_center,1,0,1,0,,,64.94,64.94,1,0.0,0,0,3.25,1,2026-03,2026-03
PAMYDASNEVES,2026-02,2026-02-01,2026-02-28,0.0,0.0,0.0,0.0,0,0.0,0,1,0.0,Ferro,sem_dado,0.05,tiktok_seller_center,0,0,0,0,,,0.0,0.0,0,0.0,0,1,0.0,1,2026-02,2026-02
PANDORA.MARIA.SHIHTZU,2026-04,2026-04-01,2026-04-30,87.2,87.2,0.0,0.0,1,87.2,0,0,7.59,Ferro,sem_dado,0.05,tiktok_seller_center,1,0,1,0,,,87.2,87.2,1,0.0,0,0,4.36,1,2026-04,2026-04
PANDORA589,2026-04,2026-04-01,2026-04-30,0.0,0.0,0.0,0.0,0,0.0,0,1,0.0,Ferro,sem_dado,0.05,tiktok_seller_center,0,0,0,0,,,0.0,0.0,0,0.0,0,1,0.0,1,2026-04,2026-04
PAOLABARBOSA381,2026-05,2026-05-01,2026-05-23,0.0,0.0,0.0,0.0,0,0.0,1,0,0.0,Ferro,sem_dado,0.05,tiktok_seller_center,0,0,0,0,,0,318.0,238.1,4,79.9,7,0,11.91,3,2026-02,2026-05
PAOLALUNA.B,2026-05,2026-05-01,2026-05-23,0.0,0.0,0.0,0.0,0,0.0,1,0,0.0,Ferro,sem_dado,0.05,tiktok_seller_center,1,0,0,0,,0,79.9,0.0,1,79.9,3,0,0.0,2,2026-04,2026-05
PAOLAWINNIE,2026-05,2026-05-01,2026-05-23,0.0,0.0,0.0,0.0,0,0.0,3,5,0.0,Ferro,sem_dado,0.05,tiktok_seller_center,0,0,0,0,,0,88.1,88.1,1,0.0,13,39,4.41,3,2026-03,2026-05
PAOLA_DICAS,2026-04,2026-04-01,2026-04-30,0.0,0.0,0.0,0.0,0,0.0,0,1,0.0,Ferro,sem_dado,0.05,tiktok_seller_center,0,0,0,0,,,0.0,0.0,0,0.0,10,1,0.0,4,2026-01,2026-04
PARETOSHOPGRACA,2026-03,2026-03-01,2026-03-31,0.0,0.0,0.0,0.0,0,0.0,0,9,0.0,Ferro,sem_dado,0.05,tiktok_seller_center,0,0,0,0,,,0.0,0.0,0,0.0,0,31,0.0,2,2026-02,2026-03
PARISCALI1,2026-05,2026-05-01,2026-05-23,0.0,0.0,0.0,0.0,0,0.0,1,0,0.0,Ferro,sem_dado,0.05,tiktok_seller_center,,0,0,0,,0,0.0,0.0,0,0.0,1,0,0.0,1,2026-05,2026-05
PARIS_LIPSYNC,2026-03,2026-03-01,2026-03-31,0.0,0.0,0.0,0.0,0,0.0,0,6,0.0,Ferro,sem_dado,0.05,tiktok_seller_center,0,0,0,0,,,0.0,0.0,0,0.0,1,62,0.0,3,2026-01,2026-03
PATGOUVEIATV,2026-05,2026-05-01,2026-05-23,0.0,0.0,0.0,0.0,0,0.0,0,1,0.0,Ferro,sem_dado,0.05,tiktok_seller_center,0,0,0,0,,0,0.0,0.0,0,0.0,2,1,0.0,2,2026-01,2026-05
PATHYGARCIA42,2026-04,2026-04-01,2026-04-30,0.0,0.0,0.0,0.0,0,0.0,0,1,0.0,Ferro,sem_dado,0.05,tiktok_seller_center,0,0,0,0,,,0.0,0.0,0,0.0,1,8,0.0,3,2026-02,2026-04
PATHYVASCONCELOS,2026-05,2026-05-01,2026-05-23,0.0,0.0,0.0,0.0,0,0.0,2,0,0.0,Ferro,sem_dado,0.05,tiktok_seller_center,0,0,0,0,,0,0.0,0.0,0,0.0,5,0,0.0,2,2026-04,2026-05
PATI_ACHOU_PRA_TI,2026-03,2026-03-01,2026-03-31,0.0,0.0,0.0,0.0,0,0.0,1,0,0.0,Ferro,sem_dado,0.05,tiktok_seller_center,0,0,0,0,,,0.0,0.0,0,0.0,1,0,0.0,1,2026-03,2026-03
PATRICIA.CREATOR1,2026-05,2026-05-01,2026-05-23,0.0,0.0,0.0,0.0,0,0.0,0,1,0.0,Ferro,sem_dado,0.05,tiktok_seller_center,0,0,0,0,,0,83.1,83.1,1,0.0,22,15,4.16,4,2026-02,2026-05
PATRICIA.FELIPE.R8,2026-05,2026-05-01,2026-05-23,94.9,-59.900000000000006,154.8,163.12,1,94.9,0,48,7.99,Ferro,sem_dado,0.05,tiktok_seller_center,2,2,1,0,,1,249.70000000000002,94.9,2,154.8,0,132,4.74,4,2026-02,2026-05
PATRICIAANANIAS3,2026-05,2026-05-01,2026-05-23,0.0,0.0,0.0,0.0,0,0.0,0,2,0.0,Ferro,sem_dado,0.05,tiktok_seller_center,0,0,0,0,,0,94.9,94.9,1,0.0,13,18,4.75,4,2026-02,2026-05
PATRICIABORGESLIVE,2026-05,2026-05-01,2026-05-23,0.0,0.0,0.0,0.0,0,0.0,0,1,0.0,Ferro,sem_dado,0.05,tiktok_seller_center,1,0,0,0,,0,77.5,0.0,1,77.5,0,41,0.0,5,2026-01,2026-05
PATRICIABUESI,2026-04,2026-04-01,2026-04-30,0.0,0.0,0.0,0.0,0,0.0,0,1,0.0,Ferro,sem_dado,0.05,tiktok_seller_center,0,0,0,0,,,0.0,0.0,0,0.0,0,1,0.0,1,2026-04,2026-04
PATRICIACURYBRUXANATURAL,2026-03,2026-03-01,2026-03-31,0.0,0.0,0.0,0.0,0,0.0,1,0,0.0,Ferro,sem_dado,0.05,tiktok_seller_center,0,0,0,0,,,0.0,0.0,0,0.0,1,0,0.0,1,2026-03,2026-03
PATRICIADIONIZIOMAKEUP,2026-05,2026-05-01,2026-05-23,0.0,-77.5,77.5,0.0,0,0.0,0,0,0.0,Ferro,sem_dado,0.05,tiktok_seller_center,1,1,0,0,,0,77.5,0.0,1,77.5,0,0,0.0,2,2026-04,2026-05
PATRICIAFERRANTII,2026-05,2026-05-01,2026-05-23,0.0,0.0,0.0,0.0,0,0.0,0,1,0.0,Ferro,sem_dado,0.05,tiktok_seller_center,0,0,0,0,,0,0.0,0.0,0,0.0,1,35,0.0,4,2026-02,2026-05
PATRICIAFERREIRA027,2026-04,2026-04-01,2026-04-30,0.0,0.0,0.0,0.0,0,0.0,0,2,0.0,Ferro,sem_dado,0.05,tiktok_seller_center,0,0,0,0,,,0.0,0.0,0,0.0,0,2,0.0,1,2026-04,2026-04
PATRICIAFERREIRASHOP,2026-04,2026-04-01,2026-04-30,0.0,0.0,0.0,0.0,0,0.0,0,1,0.0,Ferro,sem_dado,0.05,tiktok_seller_center,0,0,0,0,,,0.0,0.0,0,0.0,0,2,0.0,2,2026-03,2026-04
PATRICIAGTTK,2026-05,2026-05-01,2026-05-23,0.0,0.0,0.0,0.0,0,0.0,1,0,0.0,Ferro,sem_dado,0.05,tiktok_seller_center,,0,0,0,,0,0.0,0.0,0,0.0,1,0,0.0,1,2026-05,2026-05
PATRICIAMELLO.SILVA_,2026-03,2026-03-01,2026-03-31,0.0,0.0,0.0,0.0,0,0.0,12,0,0.0,Ferro,sem_dado,0.05,tiktok_seller_center,0,0,0,0,,,0.0,0.0,0,0.0,12,0,0.0,1,2026-03,2026-03
PATRICIARESENDECROCHE,2026-01,2026-01-06,2026-01-31,0.0,0.0,0.0,0.0,0,0.0,1,0,0.0,Ferro,sem_dado,0.05,tiktok_seller_center,0,0,0,0,,,0.0,0.0,0,0.0,1,0,0.0,1,2026-01,2026-01
PATRICIATAVARES.BEAUTY,2026-04,2026-04-01,2026-04-30,79.9,0.0,79.9,100.0,1,79.9,2,0,6.39,Ferro,sem_dado,0.05,tiktok_seller_center,1,1,1,0,,,79.9,0.0,1,79.9,2,0,0.0,1,2026-04,2026-04
PATRICIATELES41,2026-05,2026-05-01,2026-05-23,0.0,0.0,0.0,0.0,0,0.0,1,1,0.0,Ferro,sem_dado,0.05,tiktok_seller_center,,0,0,0,,0,0.0,0.0,0,0.0,1,1,0.0,1,2026-05,2026-05
PATTI_PAIVA,2026-05,2026-05-01,2026-05-23,0.0,0.0,0.0,0.0,0,0.0,3,0,0.0,Ferro,sem_dado,0.05,tiktok_seller_center,0,0,0,0,,0,0.0,0.0,0,0.0,5,0,0.0,2,2026-04,2026-05
PATTY.SHOP09,2026-05,2026-05-01,2026-05-23,0.0,0.0,0.0,0.0,0,0.0,6,0,0.0,Ferro,sem_dado,0.05,tiktok_seller_center,0,0,0,0,,0,0.0,0.0,0,0.0,7,1,0.0,2,2026-03,2026-05
PATTYAHNERT,2026-04,2026-04-01,2026-04-30,0.0,0.0,0.0,0.0,0,0.0,1,0,0.0,Ferro,sem_dado,0.05,tiktok_seller_center,0,0,0,0,,,0.0,0.0,0,0.0,1,0,0.0,1,2026-04,2026-04
PATTYLAZZAROTTO,2026-05,2026-05-01,2026-05-23,4760.9,3228.2099999999996,1532.69,32.19,47,101.3,6,0,439.48,Diamante,sem_dado,0.13,tiktok_seller_center,230,17,2,4,,48,125475.33,108000.53,1468,17474.8,45,0,11430.18,5,2026-01,2026-05
PATTYVELLOSO_,2026-04,2026-04-01,2026-04-30,0.0,0.0,0.0,0.0,0,0.0,0,1,0.0,Ferro,sem_dado,0.05,tiktok_seller_center,0,0,0,0,,,0.0,0.0,0,0.0,0,1,0.0,1,2026-04,2026-04
PATTY_11113,2026-03,2026-03-01,2026-03-31,0.0,0.0,0.0,0.0,0,0.0,1,0,0.0,Ferro,sem_dado,0.05,tiktok_seller_center,0,0,0,0,,,0.0,0.0,0,0.0,1,0,0.0,1,2026-03,2026-03
PATY36050,2026-04,2026-04-01,2026-04-30,0.0,0.0,0.0,0.0,0,0.0,0,1,0.0,Ferro,sem_dado,0.05,tiktok_seller_center,0,0,0,0,,,0.0,0.0,0,0.0,0,11,0.0,2,2026-03,2026-04
PATYACHADINHOS5,2026-04,2026-04-01,2026-04-30,0.0,0.0,0.0,0.0,0,0.0,0,1,0.0,Ferro,sem_dado,0.05,tiktok_seller_center,0,0,0,0,,,0.0,0.0,0,0.0,0,3,0.0,3,2026-02,2026-04
PATYBYME,2026-04,2026-04-01,2026-04-30,0.0,0.0,0.0,0.0,0,0.0,2,0,0.0,Ferro,sem_dado,0.05,tiktok_seller_center,0,0,0,0,,,0.0,0.0,0,0.0,2,0,0.0,1,2026-04,2026-04
PATYENFF,2026-04,2026-04-01,2026-04-30,0.0,0.0,0.0,0.0,0,0.0,0,5,0.0,Ferro,sem_dado,0.05,tiktok_seller_center,0,0,0,0,,,0.0,0.0,0,0.0,0,33,0.0,3,2026-02,2026-04
PATYLOPESOLIVEIRA,2026-04,2026-04-01,2026-04-30,77.5,77.5,0.0,0.0,1,77.5,0,0,7.91,Ferro,sem_dado,0.05,tiktok_seller_center,1,0,1,0,,,77.5,77.5,1,0.0,0,0,3.88,1,2026-04,2026-04
PATYMELODY.88.JEGMAIL.CO,2026-03,2026-03-01,2026-03-31,0.0,0.0,0.0,0.0,0,0.0,0,1,0.0,Ferro,sem_dado,0.05,tiktok_seller_center,0,0,0,0,,,0.0,0.0,0,0.0,0,1,0.0,1,2026-03,2026-03
PATYMODASPA,2026-04,2026-04-01,2026-04-30,0.0,0.0,0.0,0.0,0,0.0,0,1,0.0,Ferro,sem_dado,0.05,tiktok_seller_center,0,0,0,0,,,0.0,0.0,0,0.0,0,5,0.0,2,2026-03,2026-04
PATYSHOPBLACK,2026-05,2026-05-01,2026-05-23,0.0,0.0,0.0,0.0,0,0.0,0,3,0.0,Ferro,sem_dado,0.05,tiktok_seller_center,0,0,0,0,,0,0.0,0.0,0,0.0,0,7,0.0,3,2026-03,2026-05
PATY_RECOMENDA1,2026-04,2026-04-01,2026-04-30,0.0,0.0,0.0,0.0,0,0.0,0,5,0.0,Ferro,sem_dado,0.05,tiktok_seller_center,0,0,0,0,,,0.0,0.0,0,0.0,0,6,0.0,2,2026-03,2026-04
PATY_TCHURUS,2026-02,2026-02-01,2026-02-28,0.0,0.0,0.0,0.0,0,0.0,0,3,0.0,Ferro,sem_dado,0.05,tiktok_seller_center,0,0,0,0,,,0.0,0.0,0,0.0,0,3,0.0,1,2026-02,2026-02
PAULA.MINATELLY,2026-05,2026-05-01,2026-05-23,0.0,0.0,0.0,0.0,0,0.0,0,1,0.0,Ferro,sem_dado,0.05,tiktok_seller_center,,0,0,0,,0,0.0,0.0,0,0.0,0,1,0.0,1,2026-05,2026-05
PAULABARTH_,2026-04,2026-04-01,2026-04-30,0.0,0.0,0.0,0.0,0,0.0,13,0,0.0,Ferro,sem_dado,0.05,tiktok_seller_center,0,0,0,0,,,0.0,0.0,0,0.0,13,0,0.0,1,2026-04,2026-04
PAULACARVALHO.R,2026-03,2026-03-01,2026-03-31,157.01,0.0,157.01,100.0,1,157.01,2,0,15.98,Ferro,sem_dado,0.05,tiktok_seller_center,2,2,1,0,,,157.01,0.0,1,157.01,2,0,0.0,1,2026-03,2026-03
PAULACOSTA_SHOP,2026-03,2026-03-01,2026-03-31,67.34,67.34,0.0,0.0,1,67.34,0,0,7.22,Ferro,sem_dado,0.05,tiktok_seller_center,1,0,1,0,,,67.34,67.34,1,0.0,0,0,3.37,1,2026-03,2026-03
PAULAFLORENCIO7,2026-05,2026-05-01,2026-05-23,0.0,0.0,0.0,0.0,0,0.0,0,2,0.0,Ferro,sem_dado,0.05,tiktok_seller_center,0,0,0,0,,0,0.0,0.0,0,0.0,0,3,0.0,2,2026-01,2026-05
PAULAMENDES_SHOP,2026-05,2026-05-01,2026-05-23,0.0,0.0,0.0,0.0,0,0.0,0,1,0.0,Ferro,sem_dado,0.05,tiktok_seller_center,,0,0,0,,0,0.0,0.0,0,0.0,0,1,0.0,1,2026-05,2026-05
PAULAMORTARELLI,2026-03,2026-03-01,2026-03-31,0.0,0.0,0.0,0.0,0,0.0,0,1,0.0,Ferro,sem_dado,0.05,tiktok_seller_center,0,0,0,0,,,0.0,0.0,0,0.0,0,1,0.0,1,2026-03,2026-03
PAULANICOLETIDICAS,2026-05,2026-05-01,2026-05-23,0.0,0.0,0.0,0.0,0,0.0,1,0,0.0,Ferro,sem_dado,0.05,tiktok_seller_center,,0,0,0,,0,0.0,0.0,0,0.0,1,0,0.0,1,2026-05,2026-05
PAULAOLIVEIRA12343,2026-03,2026-03-01,2026-03-31,131.07,131.07,0.0,0.0,2,65.54,0,0,14.44,Ferro,sem_dado,0.05,tiktok_seller_center,2,0,1,0,,,131.07,131.07,2,0.0,0,0,6.55,1,2026-03,2026-03
PAULAOLIVEIRAG,2026-02,2026-02-01,2026-02-28,0.0,0.0,0.0,0.0,0,0.0,0,1,0.0,Ferro,sem_dado,0.05,tiktok_seller_center,0,0,0,0,,,0.0,0.0,0,0.0,0,3,0.0,2,2026-01,2026-02
PAULAPENSSE,2026-05,2026-05-01,2026-05-23,0.0,0.0,0.0,0.0,0,0.0,0,46,0.0,Ferro,sem_dado,0.05,tiktok_seller_center,0,0,0,0,,0,0.0,0.0,0,0.0,0,88,0.0,2,2026-04,2026-05
PAULAPENSSE1,2026-05,2026-05-01,2026-05-23,0.0,0.0,0.0,0.0,0,0.0,0,49,0.0,Ferro,sem_dado,0.05,tiktok_seller_center,0,0,0,0,,0,0.0,0.0,0,0.0,0,91,0.0,2,2026-04,2026-05
PAULAREISCINTRA,2026-01,2026-01-06,2026-01-31,0.0,0.0,0.0,0.0,0,0.0,0,3,0.0,Ferro,sem_dado,0.05,tiktok_seller_center,0,0,0,0,,,0.0,0.0,0,0.0,0,3,0.0,1,2026-01,2026-01
PAULAROSBEIROO,2026-05,2026-05-01,2026-05-23,0.0,0.0,0.0,0.0,0,0.0,2,7,0.0,Ferro,sem_dado,0.05,tiktok_seller_center,0,0,0,0,,0,0.0,0.0,0,0.0,20,33,0.0,3,2026-03,2026-05
PAULASANTOSSC,2026-05,2026-05-01,2026-05-23,0.0,0.0,0.0,0.0,0,0.0,0,1,0.0,Ferro,sem_dado,0.05,tiktok_seller_center,,0,0,0,,0,0.0,0.0,0,0.0,0,1,0.0,1,2026-05,2026-05
PAULASPIRLANDELLI,2026-03,2026-03-01,2026-03-31,0.0,-83.62,83.62,0.0,0,0.0,0,0,0.0,Ferro,sem_dado,0.05,tiktok_seller_center,0,1,0,0,,,83.62,0.0,1,83.62,0,0,0.0,2,2026-02,2026-03
PAULA_DURAESS,2026-03,2026-03-01,2026-03-31,0.0,0.0,0.0,0.0,0,0.0,0,1,0.0,Ferro,sem_dado,0.05,tiktok_seller_center,0,0,0,0,,,0.0,0.0,0,0.0,3,4,0.0,2,2026-02,2026-03
PAULINHAAAACOELHO,2026-05,2026-05-01,2026-05-23,0.0,0.0,0.0,0.0,0,0.0,0,1,0.0,Ferro,sem_dado,0.05,tiktok_seller_center,0,0,0,0,,0,0.0,0.0,0,0.0,0,5,0.0,2,2026-04,2026-05
PAULINHASOSOOFICIAL,2026-04,2026-04-01,2026-04-30,0.0,0.0,0.0,0.0,0,0.0,0,4,0.0,Ferro,sem_dado,0.05,tiktok_seller_center,0,0,0,0,,,0.0,0.0,0,0.0,0,5,0.0,2,2026-03,2026-04
PAULLADEOLIV,2026-03,2026-03-01,2026-03-31,0.0,0.0,0.0,0.0,0,0.0,1,0,0.0,Ferro,sem_dado,0.05,tiktok_seller_center,0,0,0,0,,,0.0,0.0,0,0.0,1,0,0.0,1,2026-03,2026-03
PAULO.QUEIROZ848,2026-05,2026-05-01,2026-05-23,0.0,0.0,0.0,0.0,0,0.0,0,5,0.0,Ferro,sem_dado,0.05,tiktok_seller_center,0,0,0,0,,0,0.0,0.0,0,0.0,0,11,0.0,2,2026-04,2026-05
PAULODOINTERIOR26,2026-02,2026-02-01,2026-02-28,0.0,0.0,0.0,0.0,0,0.0,1,0,0.0,Ferro,sem_dado,0.05,tiktok_seller_center,0,0,0,0,,,0.0,0.0,0,0.0,1,0,0.0,1,2026-02,2026-02
PAULOSHOP0,2026-02,2026-02-01,2026-02-28,0.0,0.0,0.0,0.0,0,0.0,1,0,0.0,Ferro,sem_dado,0.05,tiktok_seller_center,0,0,0,0,,,0.0,0.0,0,0.0,1,0,0.0,1,2026-02,2026-02
PAVIN.CAMIS,2026-04,2026-04-01,2026-04-30,0.0,0.0,0.0,0.0,0,0.0,0,2,0.0,Ferro,sem_dado,0.05,tiktok_seller_center,0,0,0,0,,,0.0,0.0,0,0.0,0,2,0.0,1,2026-04,2026-04
PAX.GOODS,2026-05,2026-05-01,2026-05-23,0.0,0.0,0.0,0.0,0,0.0,0,1,0.0,Ferro,sem_dado,0.05,tiktok_seller_center,0,0,0,0,,0,0.0,0.0,0,0.0,0,27,0.0,4,2026-02,2026-05
PECHINCHAOFERTASBR,2026-02,2026-02-01,2026-02-28,0.0,0.0,0.0,0.0,0,0.0,0,2,0.0,Ferro,sem_dado,0.05,tiktok_seller_center,0,0,0,0,,,0.0,0.0,0,0.0,0,2,0.0,1,2026-02,2026-02
PEDRINMTS,2026-02,2026-02-01,2026-02-28,0.0,0.0,0.0,0.0,0,0.0,0,1,0.0,Ferro,sem_dado,0.05,tiktok_seller_center,0,0,0,0,,,0.0,0.0,0,0.0,0,1,0.0,1,2026-02,2026-02
PEDRO.VENDAS2026,2026-05,2026-05-01,2026-05-23,0.0,0.0,0.0,0.0,0,0.0,0,2,0.0,Ferro,sem_dado,0.05,tiktok_seller_center,0,0,0,0,,0,0.0,0.0,0,0.0,0,9,0.0,4,2026-02,2026-05
PEDROATACADO2026,2026-04,2026-04-01,2026-04-30,0.0,0.0,0.0,0.0,0,0.0,0,2,0.0,Ferro,sem_dado,0.05,tiktok_seller_center,0,0,0,0,,,0.0,0.0,0,0.0,0,5,0.0,2,2026-03,2026-04
PEDROATACADO95,2026-02,2026-02-01,2026-02-28,0.0,0.0,0.0,0.0,0,0.0,0,1,0.0,Ferro,sem_dado,0.05,tiktok_seller_center,0,0,0,0,,,0.0,0.0,0,0.0,0,1,0.0,1,2026-02,2026-02
PEDROAUGUSTO.FAZENDA,2026-02,2026-02-01,2026-02-28,0.0,0.0,0.0,0.0,0,0.0,1,0,0.0,Ferro,sem_dado,0.05,tiktok_seller_center,0,0,0,0,,,0.0,0.0,0,0.0,1,0,0.0,1,2026-02,2026-02
PEDRO_VENDAS2026,2026-02,2026-02-01,2026-02-28,0.0,0.0,0.0,0.0,0,0.0,0,2,0.0,Ferro,sem_dado,0.05,tiktok_seller_center,0,0,0,0,,,0.0,0.0,0,0.0,0,2,0.0,1,2026-02,2026-02
PEIREIRA.STYLELOFT,2026-04,2026-04-01,2026-04-30,0.0,0.0,0.0,0.0,0,0.0,1,0,0.0,Ferro,sem_dado,0.05,tiktok_seller_center,0,0,0,0,,,0.0,0.0,0,0.0,1,0,0.0,1,2026-04,2026-04
PELEAFIO,2026-04,2026-04-01,2026-04-30,0.0,0.0,0.0,0.0,0,0.0,1,0,0.0,Ferro,sem_dado,0.05,tiktok_seller_center,0,0,0,0,,,0.0,0.0,0,0.0,1,0,0.0,1,2026-04,2026-04
PEREIRAMODASHOP,2026-03,2026-03-01,2026-03-31,0.0,0.0,0.0,0.0,0,0.0,0,1,0.0,Ferro,sem_dado,0.05,tiktok_seller_center,0,0,0,0,,,0.0,0.0,0,0.0,0,1,0.0,1,2026-03,2026-03
PERFIL300,2026-04,2026-04-01,2026-04-30,0.0,0.0,0.0,0.0,0,0.0,0,1,0.0,Ferro,sem_dado,0.05,tiktok_seller_center,0,0,0,0,,,0.0,0.0,0,0.0,0,1,0.0,1,2026-04,2026-04
PEROLA.TIKTOK01,2026-03,2026-03-01,2026-03-31,83.95,83.95,0.0,0.0,1,83.95,0,0,8.32,Ferro,sem_dado,0.05,tiktok_seller_center,1,0,1,0,,,83.95,83.95,1,0.0,0,0,4.2,1,2026-03,2026-03
PESSOAMICHELLE,2026-03,2026-03-01,2026-03-31,0.0,0.0,0.0,0.0,0,0.0,0,34,0.0,Ferro,sem_dado,0.05,tiktok_seller_center,0,0,0,0,,,0.0,0.0,0,0.0,0,60,0.0,2,2026-02,2026-03
PETTER.BRENDEL,2026-03,2026-03-01,2026-03-31,0.0,0.0,0.0,0.0,0,0.0,0,4,0.0,Ferro,sem_dado,0.05,tiktok_seller_center,0,0,0,0,,,0.0,0.0,0,0.0,0,4,0.0,1,2026-03,2026-03
PFERNANDAHV,2026-02,2026-02-01,2026-02-28,0.0,0.0,0.0,0.0,0,0.0,0,1,0.0,Ferro,sem_dado,0.05,tiktok_seller_center,0,0,0,0,,,0.0,0.0,0,0.0,0,1,0.0,1,2026-02,2026-02
PHAEEX,2026-03,2026-03-01,2026-03-31,0.0,0.0,0.0,0.0,0,0.0,1,0,0.0,Ferro,sem_dado,0.05,tiktok_seller_center,0,0,0,0,,,0.0,0.0,0,0.0,1,0,0.0,1,2026-03,2026-03
PHRASESS37,2026-01,2026-01-06,2026-01-31,0.0,0.0,0.0,0.0,0,0.0,1,0,0.0,Ferro,sem_dado,0.05,tiktok_seller_center,0,0,0,0,,,0.0,0.0,0,0.0,1,0,0.0,1,2026-01,2026-01
PINACOLAU,2026-03,2026-03-01,2026-03-31,0.0,0.0,0.0,0.0,0,0.0,2,0,0.0,Ferro,sem_dado,0.05,tiktok_seller_center,0,0,0,0,,,0.0,0.0,0,0.0,2,0,0.0,1,2026-03,2026-03
PINKAROMAOFICIAL,2026-05,2026-05-01,2026-05-23,0.0,0.0,0.0,0.0,0,0.0,1,0,0.0,Ferro,sem_dado,0.05,tiktok_seller_center,,0,0,0,,0,0.0,0.0,0,0.0,1,0,0.0,1,2026-05,2026-05
PINKCLOSETBR,2026-01,2026-01-06,2026-01-31,0.0,0.0,0.0,0.0,0,0.0,3,0,0.0,Ferro,sem_dado,0.05,tiktok_seller_center,0,0,0,0,,,0.0,0.0,0,0.0,3,0,0.0,1,2026-01,2026-01
PINTOJAINE,2026-02,2026-02-01,2026-02-28,0.0,0.0,0.0,0.0,0,0.0,1,0,0.0,Ferro,sem_dado,0.05,tiktok_seller_center,0,0,0,0,,,0.0,0.0,0,0.0,1,0,0.0,1,2026-02,2026-02
PIROPO42,2026-04,2026-04-01,2026-04-30,0.0,0.0,0.0,0.0,0,0.0,1,2,0.0,Ferro,sem_dado,0.05,tiktok_seller_center,0,0,0,0,,,0.0,0.0,0,0.0,1,11,0.0,3,2026-01,2026-04
PIVETAPATTY,2026-05,2026-05-01,2026-05-23,0.0,0.0,0.0,0.0,0,0.0,0,56,0.0,Ferro,sem_dado,0.05,tiktok_seller_center,0,0,0,0,,0,0.0,0.0,0,0.0,0,179,0.0,4,2026-02,2026-05
POB8VXPCN9,2026-04,2026-04-01,2026-04-30,0.0,0.0,0.0,0.0,0,0.0,1,0,0.0,Ferro,sem_dado,0.05,tiktok_seller_center,0,0,0,0,,,0.0,0.0,0,0.0,1,0,0.0,1,2026-04,2026-04
PODERNATURAL.TTS,2026-02,2026-02-01,2026-02-28,0.0,0.0,0.0,0.0,0,0.0,0,3,0.0,Ferro,sem_dado,0.05,tiktok_seller_center,0,0,0,0,,,0.0,0.0,0,0.0,0,3,0.0,1,2026-02,2026-02
POLIABOVA,2026-04,2026-04-01,2026-04-30,0.0,0.0,0.0,0.0,0,0.0,0,1,0.0,Ferro,sem_dado,0.05,tiktok_seller_center,0,0,0,0,,,0.0,0.0,0,0.0,0,1,0.0,1,2026-04,2026-04
POLIANE.MAYARA8,2026-04,2026-04-01,2026-04-30,0.0,0.0,0.0,0.0,0,0.0,4,2,0.0,Ferro,sem_dado,0.05,tiktok_seller_center,0,0,0,0,,,0.0,0.0,0,0.0,4,2,0.0,1,2026-04,2026-04
POLIANEMAYARAMAKEUP,2026-04,2026-04-01,2026-04-30,0.0,0.0,0.0,0.0,0,0.0,4,2,0.0,Ferro,sem_dado,0.05,tiktok_seller_center,0,0,0,0,,,0.0,0.0,0,0.0,4,2,0.0,1,2026-04,2026-04
POLIDICAS,2026-03,2026-03-01,2026-03-31,0.0,0.0,0.0,0.0,0,0.0,1,11,0.0,Ferro,sem_dado,0.05,tiktok_seller_center,0,0,0,0,,,0.0,0.0,0,0.0,1,11,0.0,1,2026-03,2026-03
POLIFORROZEIRA,2026-01,2026-01-06,2026-01-31,0.0,0.0,0.0,0.0,0,0.0,0,1,0.0,Ferro,sem_dado,0.05,tiktok_seller_center,0,0,0,0,,,0.0,0.0,0,0.0,0,1,0.0,1,2026-01,2026-01
POLISENASHOP,2026-03,2026-03-01,2026-03-31,0.0,0.0,0.0,0.0,0,0.0,0,2,0.0,Ferro,sem_dado,0.05,tiktok_seller_center,0,0,0,0,,,0.0,0.0,0,0.0,0,2,0.0,1,2026-03,2026-03
POLISTRONG,2026-03,2026-03-01,2026-03-31,0.0,0.0,0.0,0.0,0,0.0,0,11,0.0,Ferro,sem_dado,0.05,tiktok_seller_center,0,0,0,0,,,0.0,0.0,0,0.0,0,14,0.0,2,2026-02,2026-03
POLLYANNA.ANDRADE.S,2026-05,2026-05-01,2026-05-23,0.0,-69.99,69.99,0.0,0,0.0,1,30,0.0,Ferro,sem_dado,0.05,tiktok_seller_center,3,1,0,0,,0,230.43,80.79,2,149.64,1,46,4.04,3,2026-03,2026-05
PONTES040,2026-05,2026-05-01,2026-05-23,0.0,0.0,0.0,0.0,0,0.0,1,0,0.0,Ferro,sem_dado,0.05,tiktok_seller_center,,0,0,0,,0,0.0,0.0,0,0.0,1,0,0.0,1,2026-05,2026-05
PONTO.FCIL.COM.A,2026-03,2026-03-01,2026-03-31,0.0,0.0,0.0,0.0,0,0.0,1,0,0.0,Ferro,sem_dado,0.05,tiktok_seller_center,0,0,0,0,,,0.0,0.0,0,0.0,1,0,0.0,1,2026-03,2026-03
PONTOCERTO7,2026-04,2026-04-01,2026-04-30,0.0,0.0,0.0,0.0,0,0.0,1,0,0.0,Ferro,sem_dado,0.05,tiktok_seller_center,0,0,0,0,,,0.0,0.0,0,0.0,1,0,0.0,1,2026-04,2026-04
POOLIANAOLIVEIRAA,2026-04,2026-04-01,2026-04-30,0.0,0.0,0.0,0.0,0,0.0,3,0,0.0,Ferro,sem_dado,0.05,tiktok_seller_center,0,0,0,0,,,0.0,0.0,0,0.0,3,0,0.0,1,2026-04,2026-04
POP.WKI,2026-01,2026-01-06,2026-01-31,0.0,0.0,0.0,0.0,0,0.0,0,1,0.0,Ferro,sem_dado,0.05,tiktok_seller_center,0,0,0,0,,,0.0,0.0,0,0.0,0,1,0.0,1,2026-01,2026-01
PORMAYARACOSTA,2026-05,2026-05-01,2026-05-23,0.0,0.0,0.0,0.0,0,0.0,1,1,0.0,Ferro,sem_dado,0.05,tiktok_seller_center,0,0,0,0,,0,67.41,67.41,1,0.0,5,30,3.37,3,2026-03,2026-05
POTCHADANCE,2026-01,2026-01-06,2026-01-31,0.0,0.0,0.0,0.0,0,0.0,1,0,0.0,Ferro,sem_dado,0.05,tiktok_seller_center,0,0,0,0,,,0.0,0.0,0,0.0,1,0,0.0,1,2026-01,2026-01
PPAULAOFICIAL,2026-01,2026-01-06,2026-01-31,0.0,0.0,0.0,0.0,0,0.0,0,5,0.0,Ferro,sem_dado,0.05,tiktok_seller_center,0,0,0,0,,,0.0,0.0,0,0.0,0,5,0.0,1,2026-01,2026-01
PPEPQD1,2026-05,2026-05-01,2026-05-23,92.05,92.05,0.0,0.0,1,92.05,0,0,0.0,Ferro,sem_dado,0.05,tiktok_seller_center,0,0,1,0,,1,92.05,92.05,1,0.0,1,0,4.6,2,2026-04,2026-05
PRECINHOSDAANA,2026-03,2026-03-01,2026-03-31,0.0,0.0,0.0,0.0,0,0.0,0,3,0.0,Ferro,sem_dado,0.05,tiktok_seller_center,0,0,0,0,,,0.0,0.0,0,0.0,4,11,0.0,3,2026-01,2026-03
PRECISA24,2026-05,2026-05-01,2026-05-23,0.0,0.0,0.0,0.0,0,0.0,0,2,0.0,Ferro,sem_dado,0.05,tiktok_seller_center,0,0,0,0,,0,0.0,0.0,0,0.0,0,26,0.0,3,2026-03,2026-05
PRESENTEI.GIFTS,2026-04,2026-04-01,2026-04-30,0.0,0.0,0.0,0.0,0,0.0,0,1,0.0,Ferro,sem_dado,0.05,tiktok_seller_center,0,0,0,0,,,0.0,0.0,0,0.0,0,1,0.0,1,2026-04,2026-04
PRETAMETIDAA,2026-04,2026-04-01,2026-04-30,0.0,0.0,0.0,0.0,0,0.0,0,1,0.0,Ferro,sem_dado,0.05,tiktok_seller_center,0,0,0,0,,,0.0,0.0,0,0.0,0,2,0.0,2,2026-02,2026-04
PRI.BAPTISTA31,2026-05,2026-05-01,2026-05-23,0.0,0.0,0.0,0.0,0,0.0,9,2,0.0,Ferro,sem_dado,0.05,tiktok_seller_center,,0,0,0,,0,0.0,0.0,0,0.0,9,2,0.0,1,2026-05,2026-05
PRICAETANOCREATOR,2026-05,2026-05-01,2026-05-23,0.0,0.0,0.0,0.0,0,0.0,0,1,0.0,Ferro,sem_dado,0.05,tiktok_seller_center,,0,0,0,,0,0.0,0.0,0,0.0,0,1,0.0,1,2026-05,2026-05
PRIIMESHOPBR,2026-02,2026-02-01,2026-02-28,0.0,0.0,0.0,0.0,0,0.0,2,0,0.0,Ferro,sem_dado,0.05,tiktok_seller_center,0,0,0,0,,,0.0,0.0,0,0.0,2,0,0.0,1,2026-02,2026-02
PRILOVERSSHOP,2026-04,2026-04-01,2026-04-30,0.0,0.0,0.0,0.0,0,0.0,0,1,0.0,Ferro,sem_dado,0.05,tiktok_seller_center,0,0,0,0,,,0.0,0.0,0,0.0,0,1,0.0,1,2026-04,2026-04
PRIMASTROIANNI,2026-03,2026-03-01,2026-03-31,0.0,0.0,0.0,0.0,0,0.0,1,0,0.0,Ferro,sem_dado,0.05,tiktok_seller_center,0,0,0,0,,,80.7,80.7,1,0.0,2,0,4.04,2,2026-02,2026-03
PRIME.SHOPBR,2026-05,2026-05-01,2026-05-23,0.0,0.0,0.0,0.0,0,0.0,0,18,0.0,Ferro,sem_dado,0.05,tiktok_seller_center,0,0,0,0,,0,0.0,0.0,0,0.0,0,29,0.0,2,2026-04,2026-05
PRIME.SHOPPBRASIL,2026-05,2026-05-01,2026-05-23,0.0,0.0,0.0,0.0,0,0.0,1,0,0.0,Ferro,sem_dado,0.05,tiktok_seller_center,,0,0,0,,0,0.0,0.0,0,0.0,1,0,0.0,1,2026-05,2026-05
PRIMEDKWFJK,2026-03,2026-03-01,2026-03-31,0.0,0.0,0.0,0.0,0,0.0,1,0,0.0,Ferro,sem_dado,0.05,tiktok_seller_center,0,0,0,0,,,0.0,0.0,0,0.0,1,0,0.0,1,2026-03,2026-03
PRINCESADAPROMO,2026-02,2026-02-01,2026-02-28,0.0,0.0,0.0,0.0,0,0.0,1,0,0.0,Ferro,sem_dado,0.05,tiktok_seller_center,0,0,0,0,,,0.0,0.0,0,0.0,1,0,0.0,1,2026-02,2026-02
PRISCILAALMEIDAOFICIALL,2026-03,2026-03-01,2026-03-31,0.0,0.0,0.0,0.0,0,0.0,0,1,0.0,Ferro,sem_dado,0.05,tiktok_seller_center,0,0,0,0,,,0.0,0.0,0,0.0,0,4,0.0,2,2026-01,2026-03
PRISCILAAMARALL,2026-04,2026-04-01,2026-04-30,0.0,0.0,0.0,0.0,0,0.0,0,1,0.0,Ferro,sem_dado,0.05,tiktok_seller_center,0,0,0,0,,,0.0,0.0,0,0.0,0,1,0.0,1,2026-04,2026-04
PRISCILAFREITASM,2026-04,2026-04-01,2026-04-30,0.0,0.0,0.0,0.0,0,0.0,7,0,0.0,Ferro,sem_dado,0.05,tiktok_seller_center,0,0,0,0,,,0.0,0.0,0,0.0,7,0,0.0,1,2026-04,2026-04
PRISCILALUISASANTOS,2026-05,2026-05-01,2026-05-23,0.0,0.0,0.0,0.0,0,0.0,0,2,0.0,Ferro,sem_dado,0.05,tiktok_seller_center,,0,0,0,,0,0.0,0.0,0,0.0,0,2,0.0,1,2026-05,2026-05
PRISCILALUTHZ,2026-05,2026-05-01,2026-05-23,97.94,97.94,0.0,0.0,1,97.94,3,5,7.99,Ferro,sem_dado,0.05,tiktok_seller_center,1,0,1,0,,1,177.84,177.84,2,0.0,3,10,8.9,2,2026-04,2026-05
PRISCILANUNESS__,2026-05,2026-05-01,2026-05-23,0.0,0.0,0.0,0.0,0,0.0,0,3,0.0,Ferro,sem_dado,0.05,tiktok_seller_center,0,0,0,0,,0,79.9,79.9,1,0.0,0,23,4.0,4,2026-02,2026-05
PRISCILAREIS.LECAPS,2026-05,2026-05-01,2026-05-23,0.0,0.0,0.0,0.0,0,0.0,0,1,0.0,Ferro,sem_dado,0.05,tiktok_seller_center,0,0,0,0,,0,0.0,0.0,0,0.0,0,2,0.0,2,2026-04,2026-05
PRISCILA_BRITTO,2026-03,2026-03-01,2026-03-31,0.0,0.0,0.0,0.0,0,0.0,3,0,0.0,Ferro,sem_dado,0.05,tiktok_seller_center,0,0,0,0,,,0.0,0.0,0,0.0,3,0,0.0,1,2026-03,2026-03
PRISCILLAA.OFICIAL,2026-04,2026-04-01,2026-04-30,0.0,0.0,0.0,0.0,0,0.0,0,3,0.0,Ferro,sem_dado,0.05,tiktok_seller_center,0,0,0,0,,,0.0,0.0,0,0.0,0,3,0.0,1,2026-04,2026-04
PRISCILLALEALCREATOR,2026-03,2026-03-01,2026-03-31,0.0,0.0,0.0,0.0,0,0.0,2,0,0.0,Ferro,sem_dado,0.05,tiktok_seller_center,0,0,0,0,,,0.0,0.0,0,0.0,2,0,0.0,1,2026-03,2026-03
PRISCYLLAAMENEZES,2026-03,2026-03-01,2026-03-31,164.18,164.18,0.0,0.0,2,82.09,8,0,15.9,Ferro,sem_dado,0.05,tiktok_seller_center,2,0,1,0,,,164.18,164.18,2,0.0,8,0,8.21,1,2026-03,2026-03
PRITESTEEDICAS,2026-04,2026-04-01,2026-04-30,0.0,0.0,0.0,0.0,0,0.0,4,0,0.0,Ferro,sem_dado,0.05,tiktok_seller_center,0,0,0,0,,,0.0,0.0,0,0.0,4,0,0.0,1,2026-04,2026-04
PRIYASHOPP,2026-02,2026-02-01,2026-02-28,0.0,0.0,0.0,0.0,0,0.0,1,0,0.0,Ferro,sem_dado,0.05,tiktok_seller_center,0,0,0,0,,,0.0,0.0,0,0.0,1,0,0.0,1,2026-02,2026-02
PRODUTINHOSONLINEE,2026-01,2026-01-06,2026-01-31,0.0,0.0,0.0,0.0,0,0.0,0,3,0.0,Ferro,sem_dado,0.05,tiktok_seller_center,0,0,0,0,,,0.0,0.0,0,0.0,0,3,0.0,1,2026-01,2026-01
PRODUTOSDOPAI,2026-03,2026-03-01,2026-03-31,0.0,0.0,0.0,0.0,0,0.0,0,1,0.0,Ferro,sem_dado,0.05,tiktok_seller_center,0,0,0,0,,,0.0,0.0,0,0.0,0,20,0.0,2,2026-02,2026-03
PRODUTOSQUEINDICO,2026-03,2026-03-01,2026-03-31,0.0,0.0,0.0,0.0,0,0.0,0,5,0.0,Ferro,sem_dado,0.05,tiktok_seller_center,0,0,0,0,,,0.0,0.0,0,0.0,0,5,0.0,1,2026-03,2026-03
PRODUTOSTOPDOSTOPS,2026-05,2026-05-01,2026-05-23,0.0,0.0,0.0,0.0,0,0.0,0,5,0.0,Ferro,sem_dado,0.05,tiktok_seller_center,,0,0,0,,0,0.0,0.0,0,0.0,0,5,0.0,1,2026-05,2026-05
PRODUTOS_FASCINANTES,2026-02,2026-02-01,2026-02-28,0.0,0.0,0.0,0.0,0,0.0,1,0,0.0,Ferro,sem_dado,0.05,tiktok_seller_center,0,0,0,0,,,0.0,0.0,0,0.0,1,0,0.0,1,2026-02,2026-02
PROFVNS,2026-03,2026-03-01,2026-03-31,0.0,0.0,0.0,0.0,0,0.0,0,6,0.0,Ferro,sem_dado,0.05,tiktok_seller_center,0,0,0,0,,,0.0,0.0,0,0.0,0,6,0.0,1,2026-03,2026-03
PROGRESSOSHOP,2026-01,2026-01-06,2026-01-31,0.0,0.0,0.0,0.0,0,0.0,1,0,0.0,Ferro,sem_dado,0.05,tiktok_seller_center,0,0,0,0,,,0.0,0.0,0,0.0,1,0,0.0,1,2026-01,2026-01
PROMOBEAUTY01,2026-03,2026-03-01,2026-03-31,0.0,0.0,0.0,0.0,0,0.0,2,0,0.0,Ferro,sem_dado,0.05,tiktok_seller_center,0,0,0,0,,,0.0,0.0,0,0.0,2,0,0.0,1,2026-03,2026-03
PROMOBUGEOFERTA,2026-01,2026-01-06,2026-01-31,0.0,0.0,0.0,0.0,0,0.0,1,0,0.0,Ferro,sem_dado,0.05,tiktok_seller_center,0,0,0,0,,,0.0,0.0,0,0.0,1,0,0.0,1,2026-01,2026-01
PROMOCAOBIASAMPAIO,2026-04,2026-04-01,2026-04-30,0.0,0.0,0.0,0.0,0,0.0,3,0,0.0,Ferro,sem_dado,0.05,tiktok_seller_center,0,0,0,0,,,0.0,0.0,0,0.0,3,0,0.0,1,2026-04,2026-04
PROMOCAOTKTK,2026-04,2026-04-01,2026-04-30,0.0,0.0,0.0,0.0,0,0.0,1,4,0.0,Ferro,sem_dado,0.05,tiktok_seller_center,0,0,0,0,,,0.0,0.0,0,0.0,1,4,0.0,1,2026-04,2026-04
PROMOCOES.FACIL,2026-04,2026-04-01,2026-04-30,0.0,0.0,0.0,0.0,0,0.0,0,1,0.0,Ferro,sem_dado,0.05,tiktok_seller_center,0,0,0,0,,,0.0,0.0,0,0.0,0,1,0.0,1,2026-04,2026-04
PROMODA.SOL,2026-04,2026-04-01,2026-04-30,0.0,0.0,0.0,0.0,0,0.0,0,3,0.0,Ferro,sem_dado,0.05,tiktok_seller_center,0,0,0,0,,,0.0,0.0,0,0.0,0,3,0.0,1,2026-04,2026-04
PROMODABELA10,2026-05,2026-05-01,2026-05-23,0.0,0.0,0.0,0.0,0,0.0,3,0,0.0,Ferro,sem_dado,0.05,tiktok_seller_center,,0,0,0,,0,0.0,0.0,0,0.0,3,0,0.0,1,2026-05,2026-05
PROMODAKATI,2026-04,2026-04-01,2026-04-30,0.0,0.0,0.0,0.0,0,0.0,0,1,0.0,Ferro,sem_dado,0.05,tiktok_seller_center,0,0,0,0,,,0.0,0.0,0,0.0,0,1,0.0,1,2026-04,2026-04
PROMODALILI09,2026-04,2026-04-01,2026-04-30,0.0,0.0,0.0,0.0,0,0.0,1,0,0.0,Ferro,sem_dado,0.05,tiktok_seller_center,0,0,0,0,,,0.0,0.0,0,0.0,1,0,0.0,1,2026-04,2026-04
PROMODALULUH0812,2026-03,2026-03-01,2026-03-31,0.0,0.0,0.0,0.0,0,0.0,1,0,0.0,Ferro,sem_dado,0.05,tiktok_seller_center,0,0,0,0,,,0.0,0.0,0,0.0,6,0,0.0,3,2026-01,2026-03
PROMODAPODEROSA0,2026-05,2026-05-01,2026-05-23,0.0,0.0,0.0,0.0,0,0.0,1,0,0.0,Ferro,sem_dado,0.05,tiktok_seller_center,2,0,0,0,,0,160.6,160.6,2,0.0,2,0,8.03,2,2026-02,2026-05
PROMOFRTC,2026-01,2026-01-06,2026-01-31,78.59,78.59,0.0,0.0,1,78.59,0,0,7.6,Ferro,sem_dado,0.05,tiktok_seller_center,1,0,1,0,,,78.59,78.59,1,0.0,0,0,3.93,1,2026-01,2026-01
PROMOS.VIPBR,2026-03,2026-03-01,2026-03-31,0.0,0.0,0.0,0.0,0,0.0,1,0,0.0,Ferro,sem_dado,0.05,tiktok_seller_center,0,0,0,0,,,0.0,0.0,0,0.0,1,0,0.0,1,2026-03,2026-03
PROMOSAUDE13,2026-02,2026-02-01,2026-02-28,0.0,0.0,0.0,0.0,0,0.0,0,5,0.0,Ferro,sem_dado,0.05,tiktok_seller_center,0,0,0,0,,,0.0,0.0,0,0.0,0,5,0.0,1,2026-02,2026-02
PROMOSCAHSHOP,2026-03,2026-03-01,2026-03-31,0.0,0.0,0.0,0.0,0,0.0,1,0,0.0,Ferro,sem_dado,0.05,tiktok_seller_center,0,0,0,0,,,0.0,0.0,0,0.0,1,0,0.0,1,2026-03,2026-03
PROMOSDADRIICA,2026-03,2026-03-01,2026-03-31,0.0,0.0,0.0,0.0,0,0.0,1,0,0.0,Ferro,sem_dado,0.05,tiktok_seller_center,0,0,0,0,,,0.0,0.0,0,0.0,1,0,0.0,1,2026-03,2026-03
PROMOSDIARIAS27,2026-03,2026-03-01,2026-03-31,0.0,0.0,0.0,0.0,0,0.0,1,0,0.0,Ferro,sem_dado,0.05,tiktok_seller_center,0,0,0,0,,,0.0,0.0,0,0.0,1,0,0.0,1,2026-03,2026-03
PROMOSEACHADOSDADESSA,2026-01,2026-01-06,2026-01-31,0.0,0.0,0.0,0.0,0,0.0,1,0,0.0,Ferro,sem_dado,0.05,tiktok_seller_center,0,0,0,0,,,0.0,0.0,0,0.0,1,0,0.0,1,2026-01,2026-01
PROMOSGABY__,2026-04,2026-04-01,2026-04-30,0.0,0.0,0.0,0.0,0,0.0,2,0,0.0,Ferro,sem_dado,0.05,tiktok_seller_center,0,0,0,0,,,0.0,0.0,0,0.0,2,0,0.0,1,2026-04,2026-04
PROMOSRAYANNE,2026-03,2026-03-01,2026-03-31,0.0,0.0,0.0,0.0,0,0.0,0,12,0.0,Ferro,sem_dado,0.05,tiktok_seller_center,0,0,0,0,,,0.0,0.0,0,0.0,0,96,0.0,3,2026-01,2026-03
PROMOSSDANANY,2026-04,2026-04-01,2026-04-30,0.0,0.0,0.0,0.0,0,0.0,2,0,0.0,Ferro,sem_dado,0.05,tiktok_seller_center,0,0,0,0,,,0.0,0.0,0,0.0,2,0,0.0,1,2026-04,2026-04
PROVANDO_E_APROVANDO,2026-03,2026-03-01,2026-03-31,0.0,0.0,0.0,0.0,0,0.0,1,0,0.0,Ferro,sem_dado,0.05,tiktok_seller_center,0,0,0,0,,,0.0,0.0,0,0.0,1,0,0.0,1,2026-03,2026-03
PS9E2WM6P8,2026-04,2026-04-01,2026-04-30,0.0,0.0,0.0,0.0,0,0.0,3,0,0.0,Ferro,sem_dado,0.05,tiktok_seller_center,0,0,0,0,,,0.0,0.0,0,0.0,3,0,0.0,1,2026-04,2026-04
PSI.MIRELLARODRIGUES,2026-05,2026-05-01,2026-05-23,2032.85,-3604.2900000000004,5637.14,277.3,21,96.8,2,53,226.41,Diamante,sem_dado,0.13,tiktok_seller_center,1703,75,1,0,,23,210833.65,178256.78,2650,32576.87,8,281,23455.539999999997,5,2026-01,2026-05
PSI.PATRICIALANA,2026-05,2026-05-01,2026-05-23,0.0,0.0,0.0,0.0,0,0.0,0,1,0.0,Ferro,sem_dado,0.05,tiktok_seller_center,,0,0,0,,0,0.0,0.0,0,0.0,0,1,0.0,1,2026-05,2026-05
PSICO12FER,2026-04,2026-04-01,2026-04-30,0.0,0.0,0.0,0.0,0,0.0,0,6,0.0,Ferro,sem_dado,0.05,tiktok_seller_center,0,0,0,0,,,0.0,0.0,0,0.0,0,6,0.0,1,2026-04,2026-04
PSILORENARODRIGUES,2026-05,2026-05-01,2026-05-23,0.0,0.0,0.0,0.0,0,0.0,0,1,0.0,Ferro,sem_dado,0.05,tiktok_seller_center,0,0,0,0,,0,0.0,0.0,0,0.0,0,13,0.0,3,2026-03,2026-05
PUBLIFOFA,2026-04,2026-04-01,2026-04-30,0.0,0.0,0.0,0.0,0,0.0,0,1,0.0,Ferro,sem_dado,0.05,tiktok_seller_center,0,0,0,0,,,0.0,0.0,0,0.0,1,1,0.0,2,2026-03,2026-04
PUREHEAL1,2026-05,2026-05-01,2026-05-23,0.0,0.0,0.0,0.0,0,0.0,1,0,0.0,Ferro,sem_dado,0.05,tiktok_seller_center,,0,0,0,,0,0.0,0.0,0,0.0,1,0,0.0,1,2026-05,2026-05
PUREWELL00,2026-05,2026-05-01,2026-05-23,0.0,0.0,0.0,0.0,0,0.0,1,0,0.0,Ferro,sem_dado,0.05,tiktok_seller_center,,0,0,0,,0,0.0,0.0,0,0.0,1,0,0.0,1,2026-05,2026-05
PURPURINANDOSHOP,2026-05,2026-05-01,2026-05-23,0.0,0.0,0.0,0.0,0,0.0,2,16,0.0,Ferro,sem_dado,0.05,tiktok_seller_center,3,0,0,0,,0,233.44,233.44,3,0.0,11,40,11.67,3,2026-03,2026-05
PV.VENZ,2026-05,2026-05-01,2026-05-23,0.0,0.0,0.0,0.0,0,0.0,0,1,0.0,Ferro,sem_dado,0.05,tiktok_seller_center,0,0,0,0,,0,0.0,0.0,0,0.0,1,2,0.0,3,2026-02,2026-05
QUADROS.SOFIA,2026-04,2026-04-01,2026-04-30,0.0,0.0,0.0,0.0,0,0.0,5,0,0.0,Ferro,sem_dado,0.05,tiktok_seller_center,0,0,0,0,,,83.62,83.62,1,0.0,10,1,4.18,2,2026-01,2026-04
QUALISTOREBR,2026-01,2026-01-06,2026-01-31,0.0,0.0,0.0,0.0,0,0.0,3,0,0.0,Ferro,sem_dado,0.05,tiktok_seller_center,0,0,0,0,,,0.0,0.0,0,0.0,3,0,0.0,1,2026-01,2026-01
QUEMASSAMAE,2026-04,2026-04-01,2026-04-30,0.0,0.0,0.0,0.0,0,0.0,0,1,0.0,Ferro,sem_dado,0.05,tiktok_seller_center,0,0,0,0,,,0.0,0.0,0,0.0,0,3,0.0,2,2026-03,2026-04
QUERIDINHOSDAYU,2026-02,2026-02-01,2026-02-28,0.0,0.0,0.0,0.0,0,0.0,1,0,0.0,Ferro,sem_dado,0.05,tiktok_seller_center,0,0,0,0,,,0.0,0.0,0,0.0,1,0,0.0,1,2026-02,2026-02
QUESIADLIMA,2026-04,2026-04-01,2026-04-30,0.0,0.0,0.0,0.0,0,0.0,3,0,0.0,Ferro,sem_dado,0.05,tiktok_seller_center,0,0,0,0,,,0.0,0.0,0,0.0,3,0,0.0,1,2026-04,2026-04
QUIDOTTIANA,2026-04,2026-04-01,2026-04-30,377.52,377.52,0.0,0.0,3,125.84,1,0,30.36,Ferro,sem_dado,0.05,tiktok_seller_center,4,0,1,0,,,377.52,377.52,3,0.0,1,0,18.88,1,2026-04,2026-04
QUIZ.CH4LLENGE,2026-01,2026-01-06,2026-01-31,0.0,0.0,0.0,0.0,0,0.0,1,0,0.0,Ferro,sem_dado,0.05,tiktok_seller_center,0,0,0,0,,,0.0,0.0,0,0.0,1,0,0.0,1,2026-01,2026-01
R769N0,2026-04,2026-04-01,2026-04-30,0.0,0.0,0.0,0.0,0,0.0,1,0,0.0,Ferro,sem_dado,0.05,tiktok_seller_center,0,0,0,0,,,0.0,0.0,0,0.0,1,0,0.0,1,2026-04,2026-04
RAALBUQ,2026-03,2026-03-01,2026-03-31,0.0,0.0,0.0,0.0,0,0.0,2,0,0.0,Ferro,sem_dado,0.05,tiktok_seller_center,0,0,0,0,,,0.0,0.0,0,0.0,2,0,0.0,1,2026-03,2026-03
RACHELBELLATO,2026-03,2026-03-01,2026-03-31,0.0,0.0,0.0,0.0,0,0.0,0,1,0.0,Ferro,sem_dado,0.05,tiktok_seller_center,0,0,0,0,,,0.0,0.0,0,0.0,0,1,0.0,1,2026-03,2026-03
RACHELGRANAN,2026-01,2026-01-06,2026-01-31,0.0,0.0,0.0,0.0,0,0.0,0,2,0.0,Ferro,sem_dado,0.05,tiktok_seller_center,0,0,0,0,,,0.0,0.0,0,0.0,0,2,0.0,1,2026-01,2026-01
RACKELALVES25,2026-05,2026-05-01,2026-05-23,0.0,0.0,0.0,0.0,0,0.0,3,0,0.0,Ferro,sem_dado,0.05,tiktok_seller_center,0,0,0,0,,0,0.0,0.0,0,0.0,5,0,0.0,2,2026-04,2026-05
RADARDAVIVI,2026-02,2026-02-01,2026-02-28,0.0,0.0,0.0,0.0,0,0.0,3,0,0.0,Ferro,sem_dado,0.05,tiktok_seller_center,0,0,0,0,,,0.0,0.0,0,0.0,3,0,0.0,1,2026-02,2026-02
RADARDECOMPRASS,2026-04,2026-04-01,2026-04-30,0.0,0.0,0.0,0.0,0,0.0,1,2,0.0,Ferro,sem_dado,0.05,tiktok_seller_center,0,0,0,0,,,0.0,0.0,0,0.0,1,2,0.0,1,2026-04,2026-04
RADARDEOFERTAS.LZ,2026-04,2026-04-01,2026-04-30,0.0,0.0,0.0,0.0,0,0.0,0,3,0.0,Ferro,sem_dado,0.05,tiktok_seller_center,0,0,0,0,,,0.0,0.0,0,0.0,0,3,0.0,1,2026-04,2026-04
RADARTENDENCIA1,2026-03,2026-03-01,2026-03-31,0.0,0.0,0.0,0.0,0,0.0,1,0,0.0,Ferro,sem_dado,0.05,tiktok_seller_center,0,0,0,0,,,0.0,0.0,0,0.0,2,0,0.0,2,2026-02,2026-03
RADIANTTWHISPER,2026-04,2026-04-01,2026-04-30,0.0,0.0,0.0,0.0,0,0.0,0,2,0.0,Ferro,sem_dado,0.05,tiktok_seller_center,0,0,0,0,,,0.0,0.0,0,0.0,0,7,0.0,2,2026-03,2026-04
RAFA.CONFEITEIRA,2026-05,2026-05-01,2026-05-23,0.0,0.0,0.0,0.0,0,0.0,0,1,0.0,Ferro,sem_dado,0.05,tiktok_seller_center,0,0,0,0,,0,0.0,0.0,0,0.0,7,1,0.0,2,2026-04,2026-05
RAFA.TIK.TOK.SHOP8,2026-05,2026-05-01,2026-05-23,0.0,0.0,0.0,0.0,0,0.0,1,0,0.0,Ferro,sem_dado,0.05,tiktok_seller_center,,0,0,0,,0,0.0,0.0,0,0.0,1,0,0.0,1,2026-05,2026-05
RAFAELAAMORIMSHOP,2026-02,2026-02-01,2026-02-28,0.0,0.0,0.0,0.0,0,0.0,0,1,0.0,Ferro,sem_dado,0.05,tiktok_seller_center,0,0,0,0,,,0.0,0.0,0,0.0,0,1,0.0,1,2026-02,2026-02
RAFAELAMONTEIS,2026-04,2026-04-01,2026-04-30,71.46,71.46,0.0,0.0,1,71.46,2,3,5.78,Ferro,sem_dado,0.05,tiktok_seller_center,1,0,1,0,,,71.46,71.46,1,0.0,2,3,3.57,1,2026-04,2026-04
RAFAELARGFRANCO,2026-04,2026-04-01,2026-04-30,0.0,0.0,0.0,0.0,0,0.0,1,0,0.0,Ferro,sem_dado,0.05,tiktok_seller_center,0,0,0,0,,,0.0,0.0,0,0.0,1,0,0.0,1,2026-04,2026-04
RAFAELERAMP,2026-02,2026-02-01,2026-02-28,0.0,0.0,0.0,0.0,0,0.0,2,0,0.0,Ferro,sem_dado,0.05,tiktok_seller_center,0,0,0,0,,,0.0,0.0,0,0.0,5,0,0.0,2,2026-01,2026-02
RAFAELEVIVIANA,2026-05,2026-05-01,2026-05-23,97.5,97.5,0.0,0.0,1,97.5,0,66,7.59,Ferro,sem_dado,0.05,tiktok_seller_center,2,0,1,0,,1,617.81,617.81,7,0.0,0,317,30.9,5,2026-01,2026-05
RAFAELLACOUTINHO7,2026-01,2026-01-06,2026-01-31,0.0,0.0,0.0,0.0,0,0.0,0,1,0.0,Ferro,sem_dado,0.05,tiktok_seller_center,0,0,0,0,,,0.0,0.0,0,0.0,0,1,0.0,1,2026-01,2026-01
RAFAELLAESCOREL,2026-05,2026-05-01,2026-05-23,172.59,172.59,0.0,0.0,1,172.59,7,0,16.78,Ferro,sem_dado,0.05,tiktok_seller_center,,0,1,0,,2,172.59,172.59,1,0.0,7,0,8.63,1,2026-05,2026-05
RAFAELTIKTOKSHOPYT,2026-04,2026-04-01,2026-04-30,0.0,0.0,0.0,0.0,0,0.0,0,1,0.0,Ferro,sem_dado,0.05,tiktok_seller_center,0,0,0,0,,,0.0,0.0,0,0.0,0,1,0.0,1,2026-04,2026-04
RAFAMENEZESCREATOR,2026-04,2026-04-01,2026-04-30,0.0,0.0,0.0,0.0,0,0.0,0,3,0.0,Ferro,sem_dado,0.05,tiktok_seller_center,0,0,0,0,,,0.0,0.0,0,0.0,0,10,0.0,2,2026-03,2026-04
RAFAMICHELUTTICREATOR,2026-05,2026-05-01,2026-05-23,0.0,0.0,0.0,0.0,0,0.0,4,1,0.0,Ferro,sem_dado,0.05,tiktok_seller_center,0,0,0,2,,0,0.0,0.0,0,0.0,4,2,0.0,2,2026-04,2026-05
RAFASHOPPTTK,2026-02,2026-02-01,2026-02-28,79.9,79.9,0.0,0.0,1,79.9,0,0,7.99,Ferro,sem_dado,0.05,tiktok_seller_center,1,0,1,0,,,157.4,157.4,2,0.0,2,0,7.88,2,2026-01,2026-02
RAFATIBOLADAILY,2026-01,2026-01-06,2026-01-31,0.0,0.0,0.0,0.0,0,0.0,3,0,0.0,Ferro,sem_dado,0.05,tiktok_seller_center,0,0,0,1,,,0.0,0.0,0,0.0,3,0,0.0,1,2026-01,2026-01
RAFA_FIGUEREDOLLL,2026-01,2026-01-06,2026-01-31,0.0,0.0,0.0,0.0,0,0.0,2,0,0.0,Ferro,sem_dado,0.05,tiktok_seller_center,0,0,0,0,,,0.0,0.0,0,0.0,2,0,0.0,1,2026-01,2026-01
RAIANAOIKIACREATORSHOP,2026-05,2026-05-01,2026-05-23,89.59,89.59,0.0,0.0,1,89.59,11,1,6.4,Ferro,sem_dado,0.05,tiktok_seller_center,1,0,1,0,,1,244.99,167.09,3,77.9,19,10,8.36,3,2026-03,2026-05
RAII.SKINCARE.BELEZA,2026-05,2026-05-01,2026-05-23,0.0,0.0,0.0,0.0,0,0.0,0,3,0.0,Ferro,sem_dado,0.05,tiktok_seller_center,,0,0,0,,0,0.0,0.0,0,0.0,0,3,0.0,1,2026-05,2026-05
RAILANE.SHOP,2026-04,2026-04-01,2026-04-30,0.0,0.0,0.0,0.0,0,0.0,0,2,0.0,Ferro,sem_dado,0.05,tiktok_seller_center,0,0,0,0,,,0.0,0.0,0,0.0,0,2,0.0,1,2026-04,2026-04
RAILMASOUSASILVA,2026-04,2026-04-01,2026-04-30,0.0,0.0,0.0,0.0,0,0.0,0,1,0.0,Ferro,sem_dado,0.05,tiktok_seller_center,0,0,0,0,,,0.0,0.0,0,0.0,0,1,0.0,1,2026-04,2026-04
RAIMUNDACOSTA117,2026-05,2026-05-01,2026-05-23,0.0,0.0,0.0,0.0,0,0.0,1,0,0.0,Ferro,sem_dado,0.05,tiktok_seller_center,,0,0,0,,0,0.0,0.0,0,0.0,1,0,0.0,1,2026-05,2026-05
RAIMUNDOEMARIA2026,2026-03,2026-03-01,2026-03-31,0.0,0.0,0.0,0.0,0,0.0,0,1,0.0,Ferro,sem_dado,0.05,tiktok_seller_center,0,0,0,0,,,0.0,0.0,0,0.0,0,1,0.0,1,2026-03,2026-03
RAINHADADANCINHA4,2026-05,2026-05-01,2026-05-23,0.0,0.0,0.0,0.0,0,0.0,0,1,0.0,Ferro,sem_dado,0.05,tiktok_seller_center,,0,0,0,,0,0.0,0.0,0,0.0,0,1,0.0,1,2026-05,2026-05
RAINHADOLOOK1,2026-04,2026-04-01,2026-04-30,0.0,0.0,0.0,0.0,0,0.0,1,0,0.0,Ferro,sem_dado,0.05,tiktok_seller_center,0,0,0,0,,,0.0,0.0,0,0.0,6,0,0.0,2,2026-02,2026-04
RAISSA_BRAGAA,2026-01,2026-01-06,2026-01-31,0.0,0.0,0.0,0.0,0,0.0,1,0,0.0,Ferro,sem_dado,0.05,tiktok_seller_center,0,0,0,0,,,0.0,0.0,0,0.0,1,0,0.0,1,2026-01,2026-01
RAMAYANELIVIA,2026-04,2026-04-01,2026-04-30,0.0,0.0,0.0,0.0,0,0.0,0,4,0.0,Ferro,sem_dado,0.05,tiktok_seller_center,0,0,0,0,,,0.0,0.0,0,0.0,0,7,0.0,2,2026-03,2026-04
RAMON.ANDREOFF,2026-04,2026-04-01,2026-04-30,0.0,0.0,0.0,0.0,0,0.0,1,0,0.0,Ferro,sem_dado,0.05,tiktok_seller_center,0,0,0,0,,,0.0,0.0,0,0.0,1,0,0.0,1,2026-04,2026-04
RAMONE_ROCHA_CREATOR,2026-03,2026-03-01,2026-03-31,0.0,0.0,0.0,0.0,0,0.0,0,1,0.0,Ferro,sem_dado,0.05,tiktok_seller_center,0,0,0,0,,,0.0,0.0,0,0.0,0,1,0.0,1,2026-03,2026-03
RAMONY.TIKTOKSHOP,2026-05,2026-05-01,2026-05-23,0.0,0.0,0.0,0.0,0,0.0,0,9,0.0,Ferro,sem_dado,0.05,tiktok_seller_center,0,0,0,0,,0,0.0,0.0,0,0.0,0,17,0.0,3,2026-03,2026-05
RANEILLUCY,2026-04,2026-04-01,2026-04-30,0.0,0.0,0.0,0.0,0,0.0,0,2,0.0,Ferro,sem_dado,0.05,tiktok_seller_center,0,0,0,0,,,0.0,0.0,0,0.0,0,2,0.0,1,2026-04,2026-04
RAONE.ALMEIDA3,2026-03,2026-03-01,2026-03-31,0.0,0.0,0.0,0.0,0,0.0,1,0,0.0,Ferro,sem_dado,0.05,tiktok_seller_center,0,0,0,0,,,0.0,0.0,0,0.0,1,0,0.0,1,2026-03,2026-03
RAPHAELAGOMES04,2026-03,2026-03-01,2026-03-31,0.0,0.0,0.0,0.0,0,0.0,1,0,0.0,Ferro,sem_dado,0.05,tiktok_seller_center,0,0,0,0,,,0.0,0.0,0,0.0,1,0,0.0,1,2026-03,2026-03
RAQUEL.SS7,2026-04,2026-04-01,2026-04-30,0.0,0.0,0.0,0.0,0,0.0,0,2,0.0,Ferro,sem_dado,0.05,tiktok_seller_center,0,0,0,0,,,0.0,0.0,0,0.0,0,2,0.0,1,2026-04,2026-04
RAQUELBORGES372,2026-02,2026-02-01,2026-02-28,0.0,0.0,0.0,0.0,0,0.0,0,1,0.0,Ferro,sem_dado,0.05,tiktok_seller_center,0,0,0,0,,,0.0,0.0,0,0.0,0,1,0.0,1,2026-02,2026-02
RAQUELCOELHODEJESUS,2026-03,2026-03-01,2026-03-31,0.0,0.0,0.0,0.0,0,0.0,0,1,0.0,Ferro,sem_dado,0.05,tiktok_seller_center,0,0,0,0,,,0.0,0.0,0,0.0,0,1,0.0,1,2026-03,2026-03
RAQUELMUNIZ_ARQ,2026-01,2026-01-06,2026-01-31,0.0,0.0,0.0,0.0,0,0.0,0,1,0.0,Ferro,sem_dado,0.05,tiktok_seller_center,0,0,0,0,,,0.0,0.0,0,0.0,0,1,0.0,1,2026-01,2026-01
RAQUELOFERTAS,2026-04,2026-04-01,2026-04-30,0.0,0.0,0.0,0.0,0,0.0,0,1,0.0,Ferro,sem_dado,0.05,tiktok_seller_center,0,0,0,0,,,0.0,0.0,0,0.0,0,22,0.0,2,2026-03,2026-04
RAQUELSGUERREIRO,2026-05,2026-05-01,2026-05-23,0.0,0.0,0.0,0.0,0,0.0,4,0,0.0,Ferro,sem_dado,0.05,tiktok_seller_center,,0,0,0,,0,0.0,0.0,0,0.0,4,0,0.0,1,2026-05,2026-05
RAQUELSILVASANTOS5,2026-03,2026-03-01,2026-03-31,0.0,0.0,0.0,0.0,0,0.0,1,0,0.0,Ferro,sem_dado,0.05,tiktok_seller_center,0,0,0,0,,,0.0,0.0,0,0.0,1,0,0.0,1,2026-03,2026-03
RAQUELVALENTIM76,2026-03,2026-03-01,2026-03-31,0.0,0.0,0.0,0.0,0,0.0,1,0,0.0,Ferro,sem_dado,0.05,tiktok_seller_center,0,0,0,0,,,0.0,0.0,0,0.0,2,0,0.0,2,2026-02,2026-03
RAQUELVENDASTIKTOKSHOP,2026-05,2026-05-01,2026-05-23,0.0,0.0,0.0,0.0,0,0.0,0,1,0.0,Ferro,sem_dado,0.05,tiktok_seller_center,0,0,0,0,,0,0.0,0.0,0,0.0,0,4,0.0,3,2026-01,2026-05
RASTELLIAFILIADOS,2026-05,2026-05-01,2026-05-23,0.0,0.0,0.0,0.0,0,0.0,1,0,0.0,Ferro,sem_dado,0.05,tiktok_seller_center,,0,0,0,,0,0.0,0.0,0,0.0,1,0,0.0,1,2026-05,2026-05
RAY.INDICA74,2026-04,2026-04-01,2026-04-30,0.0,0.0,0.0,0.0,0,0.0,0,2,0.0,Ferro,sem_dado,0.05,tiktok_seller_center,0,0,0,0,,,0.0,0.0,0,0.0,0,2,0.0,1,2026-04,2026-04
RAY.ROBERTA2,2026-05,2026-05-01,2026-05-23,0.0,0.0,0.0,0.0,0,0.0,3,7,0.0,Ferro,sem_dado,0.05,tiktok_seller_center,0,0,0,0,,0,0.0,0.0,0,0.0,4,11,0.0,2,2026-04,2026-05
RAYANE.BERTHOLDO,2026-05,2026-05-01,2026-05-23,0.0,0.0,0.0,0.0,0,0.0,0,1,0.0,Ferro,sem_dado,0.05,tiktok_seller_center,0,0,0,0,,0,0.0,0.0,0,0.0,0,5,0.0,2,2026-04,2026-05
RAYANEFONTESS,2026-03,2026-03-01,2026-03-31,0.0,0.0,0.0,0.0,0,0.0,2,0,0.0,Ferro,sem_dado,0.05,tiktok_seller_center,0,0,0,0,,,0.0,0.0,0,0.0,2,0,0.0,1,2026-03,2026-03
RAYANEMORAESM,2026-04,2026-04-01,2026-04-30,0.0,-85.12,85.12,0.0,0,0.0,0,2,0.0,Ferro,sem_dado,0.05,tiktok_seller_center,0,1,0,0,,,85.12,0.0,1,85.12,2,15,0.0,3,2026-02,2026-04
RAYANNESCARLOS,2026-04,2026-04-01,2026-04-30,0.0,0.0,0.0,0.0,0,0.0,0,1,0.0,Ferro,sem_dado,0.05,tiktok_seller_center,0,0,0,0,,,0.0,0.0,0,0.0,0,1,0.0,1,2026-04,2026-04
RAYFERNANDESLL,2026-01,2026-01-06,2026-01-31,0.0,0.0,0.0,0.0,0,0.0,1,0,0.0,Ferro,sem_dado,0.05,tiktok_seller_center,0,0,0,0,,,0.0,0.0,0,0.0,1,0,0.0,1,2026-01,2026-01
RAYISSA_12,2026-04,2026-04-01,2026-04-30,0.0,0.0,0.0,0.0,0,0.0,0,1,0.0,Ferro,sem_dado,0.05,tiktok_seller_center,0,0,0,0,,,0.0,0.0,0,0.0,0,1,0.0,1,2026-04,2026-04
RAYKAINDICA,2026-02,2026-02-01,2026-02-28,0.0,0.0,0.0,0.0,0,0.0,2,0,0.0,Ferro,sem_dado,0.05,tiktok_seller_center,0,0,0,0,,,0.0,0.0,0,0.0,2,0,0.0,1,2026-02,2026-02
RAYMONTEIRO.SHOPP,2026-02,2026-02-01,2026-02-28,0.0,0.0,0.0,0.0,0,0.0,2,0,0.0,Ferro,sem_dado,0.05,tiktok_seller_center,0,0,0,0,,,0.0,0.0,0,0.0,2,1,0.0,2,2026-01,2026-02
RAYQUINHAFAL,2026-02,2026-02-01,2026-02-28,0.0,0.0,0.0,0.0,0,0.0,1,0,0.0,Ferro,sem_dado,0.05,tiktok_seller_center,0,0,0,0,,,0.0,0.0,0,0.0,3,0,0.0,2,2026-01,2026-02
RAYSSAABARBOSA_,2026-04,2026-04-01,2026-04-30,0.0,0.0,0.0,0.0,0,0.0,1,0,0.0,Ferro,sem_dado,0.05,tiktok_seller_center,0,0,0,0,,,0.0,0.0,0,0.0,1,0,0.0,1,2026-04,2026-04
RAYSSAB___,2026-02,2026-02-01,2026-02-28,79.9,79.9,0.0,0.0,1,79.9,0,0,7.99,Ferro,sem_dado,0.05,tiktok_seller_center,1,0,1,0,,,79.9,79.9,1,0.0,0,0,4.0,1,2026-02,2026-02
RA_DIRAIMO,2026-05,2026-05-01,2026-05-23,74.9,74.9,0.0,0.0,1,74.9,3,0,6.39,Ferro,sem_dado,0.05,tiktok_seller_center,0,0,1,0,,1,74.9,74.9,1,0.0,6,1,3.75,2,2026-04,2026-05
RBDTOUR2023OFICIAL,2026-03,2026-03-01,2026-03-31,0.0,0.0,0.0,0.0,0,0.0,1,0,0.0,Ferro,sem_dado,0.05,tiktok_seller_center,0,0,0,0,,,0.0,0.0,0,0.0,1,0,0.0,1,2026-03,2026-03
RC.MOTIVACIONAL,2026-01,2026-01-06,2026-01-31,0.0,0.0,0.0,0.0,0,0.0,0,5,0.0,Ferro,sem_dado,0.05,tiktok_seller_center,0,0,0,0,,,0.0,0.0,0,0.0,0,5,0.0,1,2026-01,2026-01
RE.ESCOLHE,2026-02,2026-02-01,2026-02-28,0.0,0.0,0.0,0.0,0,0.0,4,0,0.0,Ferro,sem_dado,0.05,tiktok_seller_center,0,0,0,0,,,0.0,0.0,0,0.0,4,0,0.0,1,2026-02,2026-02
RE.INDICASHOP,2026-03,2026-03-01,2026-03-31,0.0,0.0,0.0,0.0,0,0.0,1,0,0.0,Ferro,sem_dado,0.05,tiktok_seller_center,0,0,0,0,,,0.0,0.0,0,0.0,2,0,0.0,2,2026-02,2026-03
REAC4586,2026-01,2026-01-06,2026-01-31,0.0,0.0,0.0,0.0,0,0.0,2,0,0.0,Ferro,sem_dado,0.05,tiktok_seller_center,0,0,0,0,,,0.0,0.0,0,0.0,2,0,0.0,1,2026-01,2026-01
REAL.MARIAKAROLLINE,2026-04,2026-04-01,2026-04-30,0.0,0.0,0.0,0.0,0,0.0,0,4,0.0,Ferro,sem_dado,0.05,tiktok_seller_center,0,0,0,0,,,0.0,0.0,0,0.0,0,17,0.0,2,2026-03,2026-04
REALALINE_SOUZA,2026-01,2026-01-06,2026-01-31,0.0,0.0,0.0,0.0,0,0.0,0,1,0.0,Ferro,sem_dado,0.05,tiktok_seller_center,0,0,0,0,,,0.0,0.0,0,0.0,0,1,0.0,1,2026-01,2026-01
REALMARI.CREATOR,2026-04,2026-04-01,2026-04-30,0.0,0.0,0.0,0.0,0,0.0,1,0,0.0,Ferro,sem_dado,0.05,tiktok_seller_center,0,0,0,0,,,0.0,0.0,0,0.0,1,0,0.0,1,2026-04,2026-04
REALMENTE_THAIS,2026-05,2026-05-01,2026-05-23,71.44,71.44,0.0,0.0,1,71.44,1,1,7.91,Ferro,sem_dado,0.05,tiktok_seller_center,0,0,1,0,,1,71.44,71.44,1,0.0,4,1,3.57,2,2026-04,2026-05
REBECA.ABUD,2026-05,2026-05-01,2026-05-23,0.0,0.0,0.0,0.0,0,0.0,1,0,0.0,Ferro,sem_dado,0.05,tiktok_seller_center,,0,0,0,,0,0.0,0.0,0,0.0,1,0,0.0,1,2026-05,2026-05
REBECA.NITSCHES,2026-05,2026-05-01,2026-05-23,0.0,0.0,0.0,0.0,0,0.0,0,3,0.0,Ferro,sem_dado,0.05,tiktok_seller_center,0,0,0,0,,0,0.0,0.0,0,0.0,0,7,0.0,2,2026-04,2026-05
REBECADELACROIX,2026-05,2026-05-01,2026-05-23,0.0,0.0,0.0,0.0,0,0.0,1,0,0.0,Ferro,sem_dado,0.05,tiktok_seller_center,,0,0,0,,0,0.0,0.0,0,0.0,1,0,0.0,1,2026-05,2026-05
REBECAHAANDRADE,2026-05,2026-05-01,2026-05-23,0.0,0.0,0.0,0.0,0,0.0,2,0,0.0,Ferro,sem_dado,0.05,tiktok_seller_center,0,0,0,0,,0,0.0,0.0,0,0.0,5,0,0.0,2,2026-04,2026-05
REBECASUACOBAIA,2026-01,2026-01-06,2026-01-31,0.0,0.0,0.0,0.0,0,0.0,1,0,0.0,Ferro,sem_dado,0.05,tiktok_seller_center,0,0,0,0,,,0.0,0.0,0,0.0,1,0,0.0,1,2026-01,2026-01
REBERSONLIVESHOOP1,2026-05,2026-05-01,2026-05-23,0.0,0.0,0.0,0.0,0,0.0,0,7,0.0,Ferro,sem_dado,0.05,tiktok_seller_center,0,0,0,0,,0,0.0,0.0,0,0.0,0,27,0.0,3,2026-02,2026-05
RECEITASDADONALUIZA,2026-03,2026-03-01,2026-03-31,0.0,0.0,0.0,0.0,0,0.0,1,0,0.0,Ferro,sem_dado,0.05,tiktok_seller_center,0,0,0,0,,,0.0,0.0,0,0.0,1,0,0.0,1,2026-03,2026-03
RECEITASDANEGA28,2026-05,2026-05-01,2026-05-23,0.0,0.0,0.0,0.0,0,0.0,0,1,0.0,Ferro,sem_dado,0.05,tiktok_seller_center,,0,0,0,,0,0.0,0.0,0,0.0,0,1,0.0,1,2026-05,2026-05
RECEITASEDICASPARACASA,2026-04,2026-04-01,2026-04-30,0.0,0.0,0.0,0.0,0,0.0,1,0,0.0,Ferro,sem_dado,0.05,tiktok_seller_center,0,0,0,0,,,0.0,0.0,0,0.0,1,0,0.0,1,2026-04,2026-04
RECEITASFACEIS0112,2026-02,2026-02-01,2026-02-28,0.0,0.0,0.0,0.0,0,0.0,0,2,0.0,Ferro,sem_dado,0.05,tiktok_seller_center,0,0,0,0,,,0.0,0.0,0,0.0,0,2,0.0,1,2026-02,2026-02
REDEPARFUM,2026-05,2026-05-01,2026-05-23,0.0,0.0,0.0,0.0,0,0.0,0,1,0.0,Ferro,sem_dado,0.05,tiktok_seller_center,,0,0,0,,0,0.0,0.0,0,0.0,0,1,0.0,1,2026-05,2026-05
REDLAMPES,2026-04,2026-04-01,2026-04-30,144.44,78.3,66.14,45.79,2,72.22,6,5,15.06,Ferro,sem_dado,0.05,tiktok_seller_center,2,1,1,0,,,144.44,78.3,2,66.14,6,5,3.92,1,2026-04,2026-04
REEALBERTI,2026-03,2026-03-01,2026-03-31,0.0,0.0,0.0,0.0,0,0.0,0,1,0.0,Ferro,sem_dado,0.05,tiktok_seller_center,0,0,0,0,,,0.0,0.0,0,0.0,0,1,0.0,1,2026-03,2026-03
REFLEXESDEUS.SHOP,2026-01,2026-01-06,2026-01-31,0.0,0.0,0.0,0.0,0,0.0,1,0,0.0,Ferro,sem_dado,0.05,tiktok_seller_center,0,0,0,0,,,0.0,0.0,0,0.0,1,0,0.0,1,2026-01,2026-01
REGARCIAMOURA,2026-05,2026-05-01,2026-05-23,0.0,0.0,0.0,0.0,0,0.0,1,1,0.0,Ferro,sem_dado,0.05,tiktok_seller_center,,0,0,0,,0,0.0,0.0,0,0.0,1,1,0.0,1,2026-05,2026-05
REGINA.FLORA2026,2026-05,2026-05-01,2026-05-23,0.0,0.0,0.0,0.0,0,0.0,0,3,0.0,Ferro,sem_dado,0.05,tiktok_seller_center,0,0,0,0,,0,0.0,0.0,0,0.0,6,21,0.0,3,2026-03,2026-05
REGY2769,2026-05,2026-05-01,2026-05-23,0.0,0.0,0.0,0.0,0,0.0,0,1,0.0,Ferro,sem_dado,0.05,tiktok_seller_center,0,0,0,0,,0,0.0,0.0,0,0.0,0,10,0.0,3,2026-03,2026-05
REIIDOSHOP,2026-03,2026-03-01,2026-03-31,0.0,0.0,0.0,0.0,0,0.0,1,0,0.0,Ferro,sem_dado,0.05,tiktok_seller_center,0,0,0,0,,,0.0,0.0,0,0.0,1,0,0.0,1,2026-03,2026-03
REIJANECREATOR,2026-03,2026-03-01,2026-03-31,0.0,0.0,0.0,0.0,0,0.0,1,0,0.0,Ferro,sem_dado,0.05,tiktok_seller_center,0,0,0,0,,,0.0,0.0,0,0.0,1,0,0.0,1,2026-03,2026-03
REIPARAREI,2026-01,2026-01-06,2026-01-31,0.0,0.0,0.0,0.0,0,0.0,0,1,0.0,Ferro,sem_dado,0.05,tiktok_seller_center,0,0,0,0,,,0.0,0.0,0,0.0,0,1,0.0,1,2026-01,2026-01
REJANEANTUNES63,2026-03,2026-03-01,2026-03-31,0.0,0.0,0.0,0.0,0,0.0,0,1,0.0,Ferro,sem_dado,0.05,tiktok_seller_center,0,0,0,0,,,0.0,0.0,0,0.0,0,1,0.0,1,2026-03,2026-03
RELACIONAMENTOSAUDAVEL18,2026-03,2026-03-01,2026-03-31,0.0,0.0,0.0,0.0,0,0.0,0,1,0.0,Ferro,sem_dado,0.05,tiktok_seller_center,0,0,0,0,,,0.0,0.0,0,0.0,0,1,0.0,1,2026-03,2026-03
RELATOSDAELI,2026-03,2026-03-01,2026-03-31,0.0,0.0,0.0,0.0,0,0.0,0,7,0.0,Ferro,sem_dado,0.05,tiktok_seller_center,0,0,0,0,,,0.0,0.0,0,0.0,0,7,0.0,1,2026-03,2026-03
RELOGIOTERAPIA,2026-02,2026-02-01,2026-02-28,0.0,0.0,0.0,0.0,0,0.0,2,0,0.0,Ferro,sem_dado,0.05,tiktok_seller_center,0,0,0,0,,,0.0,0.0,0,0.0,2,0,0.0,1,2026-02,2026-02
RENANREIS07,2026-01,2026-01-06,2026-01-31,0.0,0.0,0.0,0.0,0,0.0,0,3,0.0,Ferro,sem_dado,0.05,tiktok_seller_center,0,0,0,0,,,0.0,0.0,0,0.0,0,3,0.0,1,2026-01,2026-01
RENATA.NASCIMENTOB,2026-04,2026-04-01,2026-04-30,0.0,0.0,0.0,0.0,0,0.0,1,1,0.0,Ferro,sem_dado,0.05,tiktok_seller_center,0,0,0,0,,,0.0,0.0,0,0.0,1,1,0.0,1,2026-04,2026-04
RENATA.TAVEIRA_,2026-05,2026-05-01,2026-05-23,0.0,0.0,0.0,0.0,0,0.0,0,1,0.0,Ferro,sem_dado,0.05,tiktok_seller_center,0,0,0,0,,0,0.0,0.0,0,0.0,0,8,0.0,2,2026-04,2026-05
RENATA2020SODRE,2026-05,2026-05-01,2026-05-23,0.0,0.0,0.0,0.0,0,0.0,1,0,0.0,Ferro,sem_dado,0.05,tiktok_seller_center,,0,0,0,,0,0.0,0.0,0,0.0,1,0,0.0,1,2026-05,2026-05
RENATABOAVENTURA,2026-03,2026-03-01,2026-03-31,0.0,0.0,0.0,0.0,0,0.0,0,1,0.0,Ferro,sem_dado,0.05,tiktok_seller_center,0,0,0,0,,,0.0,0.0,0,0.0,0,1,0.0,1,2026-03,2026-03
RENATACOMPRINHAS,2026-04,2026-04-01,2026-04-30,0.0,0.0,0.0,0.0,0,0.0,0,4,0.0,Ferro,sem_dado,0.05,tiktok_seller_center,0,0,0,0,,,0.0,0.0,0,0.0,0,17,0.0,2,2026-03,2026-04
RENATAFERREIRAGARBIN,2026-03,2026-03-01,2026-03-31,0.0,0.0,0.0,0.0,0,0.0,1,0,0.0,Ferro,sem_dado,0.05,tiktok_seller_center,0,0,0,0,,,0.0,0.0,0,0.0,1,0,0.0,1,2026-03,2026-03
RENATAFIDELIS38,2026-03,2026-03-01,2026-03-31,0.0,0.0,0.0,0.0,0,0.0,0,2,0.0,Ferro,sem_dado,0.05,tiktok_seller_center,0,0,0,0,,,0.0,0.0,0,0.0,0,28,0.0,3,2026-01,2026-03
RENATAMALI01,2026-05,2026-05-01,2026-05-23,108.3,108.3,0.0,0.0,1,108.3,0,1,7.99,Ferro,sem_dado,0.05,tiktok_seller_center,0,0,1,0,,1,188.89,188.89,2,0.0,3,3,9.45,3,2026-02,2026-05
RENATAROCHASHOP,2026-04,2026-04-01,2026-04-30,0.0,0.0,0.0,0.0,0,0.0,1,0,0.0,Ferro,sem_dado,0.05,tiktok_seller_center,0,0,0,0,,,0.0,0.0,0,0.0,1,0,0.0,1,2026-04,2026-04
RENATARUFINOB,2026-04,2026-04-01,2026-04-30,0.0,0.0,0.0,0.0,0,0.0,0,10,0.0,Ferro,sem_dado,0.05,tiktok_seller_center,0,0,0,0,,,80.7,0.0,1,80.7,0,37,0.0,3,2026-02,2026-04
RENATASHOP3,2026-05,2026-05-01,2026-05-23,0.0,0.0,0.0,0.0,0,0.0,1,2,0.0,Ferro,sem_dado,0.05,tiktok_seller_center,0,0,0,0,,0,0.0,0.0,0,0.0,4,19,0.0,4,2026-02,2026-05
RENATASOUSA93,2026-02,2026-02-01,2026-02-28,0.0,0.0,0.0,0.0,0,0.0,0,2,0.0,Ferro,sem_dado,0.05,tiktok_seller_center,0,0,0,0,,,0.0,0.0,0,0.0,0,5,0.0,2,2026-01,2026-02
RENATASUEIRO,2026-01,2026-01-06,2026-01-31,0.0,0.0,0.0,0.0,0,0.0,1,0,0.0,Ferro,sem_dado,0.05,tiktok_seller_center,0,0,0,0,,,0.0,0.0,0,0.0,1,0,0.0,1,2026-01,2026-01
RENATINHA_DO_TIKTOKSHOP,2026-02,2026-02-01,2026-02-28,0.0,0.0,0.0,0.0,0,0.0,1,0,0.0,Ferro,sem_dado,0.05,tiktok_seller_center,0,0,0,0,,,0.0,0.0,0,0.0,1,0,0.0,1,2026-02,2026-02
RENATOINFLUENCER,2026-05,2026-05-01,2026-05-23,0.0,0.0,0.0,0.0,0,0.0,0,2,0.0,Ferro,sem_dado,0.05,tiktok_seller_center,,0,0,0,,0,0.0,0.0,0,0.0,0,2,0.0,1,2026-05,2026-05
RENATORODRIGU,2026-02,2026-02-01,2026-02-28,0.0,0.0,0.0,0.0,0,0.0,0,1,0.0,Ferro,sem_dado,0.05,tiktok_seller_center,0,0,0,0,,,0.0,0.0,0,0.0,0,1,0.0,1,2026-02,2026-02
RENATOSOARES.01,2026-04,2026-04-01,2026-04-30,0.0,0.0,0.0,0.0,0,0.0,1,0,0.0,Ferro,sem_dado,0.05,tiktok_seller_center,0,0,0,0,,,0.0,0.0,0,0.0,1,0,0.0,1,2026-04,2026-04
RENNEDAYANE,2026-05,2026-05-01,2026-05-23,0.0,0.0,0.0,0.0,0,0.0,3,1,0.0,Ferro,sem_dado,0.05,tiktok_seller_center,,0,0,0,,0,0.0,0.0,0,0.0,3,1,0.0,1,2026-05,2026-05
REQUINTESTORES,2026-02,2026-02-01,2026-02-28,0.0,0.0,0.0,0.0,0,0.0,0,6,0.0,Ferro,sem_dado,0.05,tiktok_seller_center,0,0,0,0,,,0.0,0.0,0,0.0,0,6,0.0,1,2026-02,2026-02
REVENDESHOP,2026-04,2026-04-01,2026-04-30,233.23,233.23,0.0,0.0,2,116.62,4,0,23.97,Ferro,sem_dado,0.05,tiktok_seller_center,3,0,1,0,,,2007.69,1662.8,24,344.89,18,0,83.14,4,2026-01,2026-04
REVENTORIM,2026-04,2026-04-01,2026-04-30,0.0,0.0,0.0,0.0,0,0.0,1,1,0.0,Ferro,sem_dado,0.05,tiktok_seller_center,0,0,0,0,,,172.51,172.51,1,0.0,5,17,8.63,3,2026-02,2026-04
REVIEWS.DALE,2026-04,2026-04-01,2026-04-30,0.0,0.0,0.0,0.0,0,0.0,2,0,0.0,Ferro,sem_dado,0.05,tiktok_seller_center,0,0,0,0,,,0.0,0.0,0,0.0,9,0,0.0,2,2026-03,2026-04
REVIEWSDARUIVA,2026-05,2026-05-01,2026-05-23,0.0,0.0,0.0,0.0,0,0.0,1,0,0.0,Ferro,sem_dado,0.05,tiktok_seller_center,,0,0,0,,0,0.0,0.0,0,0.0,1,0,0.0,1,2026-05,2026-05
REVIEWS_SISTERS,2026-02,2026-02-01,2026-02-28,0.0,0.0,0.0,0.0,0,0.0,1,0,0.0,Ferro,sem_dado,0.05,tiktok_seller_center,0,0,0,0,,,0.0,-67.99,0,67.99,2,0,-3.4,2,2026-01,2026-02
REVIEW_SHOPBR,2026-03,2026-03-01,2026-03-31,0.0,0.0,0.0,0.0,0,0.0,2,0,0.0,Ferro,sem_dado,0.05,tiktok_seller_center,0,0,0,0,,,0.0,0.0,0,0.0,2,0,0.0,1,2026-03,2026-03
REYCINHA,2026-03,2026-03-01,2026-03-31,0.0,0.0,0.0,0.0,0,0.0,0,1,0.0,Ferro,sem_dado,0.05,tiktok_seller_center,0,0,0,0,,,0.0,0.0,0,0.0,0,1,0.0,1,2026-03,2026-03
REZENFR0,2026-01,2026-01-06,2026-01-31,0.0,0.0,0.0,0.0,0,0.0,0,4,0.0,Ferro,sem_dado,0.05,tiktok_seller_center,0,0,0,0,,,0.0,0.0,0,0.0,0,4,0.0,1,2026-01,2026-01
RE_ATIVAH,2026-04,2026-04-01,2026-04-30,0.0,0.0,0.0,0.0,0,0.0,2,2,0.0,Ferro,sem_dado,0.05,tiktok_seller_center,0,0,0,0,,,78.34,0.0,1,78.34,2,2,0.0,2,2026-03,2026-04
RHAFESTORE,2026-04,2026-04-01,2026-04-30,0.0,0.0,0.0,0.0,0,0.0,0,2,0.0,Ferro,sem_dado,0.05,tiktok_seller_center,0,0,0,0,,,0.0,0.0,0,0.0,0,3,0.0,2,2026-03,2026-04
RHAILACARDILO,2026-05,2026-05-01,2026-05-23,113.5,113.5,0.0,0.0,1,113.5,0,1,8.79,Ferro,sem_dado,0.05,tiktok_seller_center,,0,1,0,,1,113.5,113.5,1,0.0,0,1,5.68,1,2026-05,2026-05
RHAINDICA1,2026-05,2026-05-01,2026-05-23,0.0,0.0,0.0,0.0,0,0.0,0,1,0.0,Ferro,sem_dado,0.05,tiktok_seller_center,,0,0,0,,0,0.0,0.0,0,0.0,0,1,0.0,1,2026-05,2026-05
RHANACARLABORGES,2026-05,2026-05-01,2026-05-23,0.0,0.0,0.0,0.0,0,0.0,0,2,0.0,Ferro,sem_dado,0.05,tiktok_seller_center,0,0,0,0,,0,0.0,0.0,0,0.0,0,3,0.0,2,2026-04,2026-05
RHANATBORGES,2026-03,2026-03-01,2026-03-31,0.0,0.0,0.0,0.0,0,0.0,0,1,0.0,Ferro,sem_dado,0.05,tiktok_seller_center,0,0,0,0,,,0.0,0.0,0,0.0,0,1,0.0,1,2026-03,2026-03
RHAYMATS,2026-05,2026-05-01,2026-05-23,0.0,0.0,0.0,0.0,0,0.0,0,5,0.0,Ferro,sem_dado,0.05,tiktok_seller_center,,0,0,0,,0,0.0,0.0,0,0.0,0,5,0.0,1,2026-05,2026-05
RHAYSSA_MATOS0,2026-04,2026-04-01,2026-04-30,0.0,0.0,0.0,0.0,0,0.0,0,16,0.0,Ferro,sem_dado,0.05,tiktok_seller_center,0,0,0,0,,,0.0,0.0,0,0.0,0,19,0.0,2,2026-03,2026-04
RICHELEGOMES,2026-05,2026-05-01,2026-05-23,0.0,0.0,0.0,0.0,0,0.0,2,0,0.0,Ferro,sem_dado,0.05,tiktok_seller_center,,0,0,0,,0,0.0,0.0,0,0.0,2,0,0.0,1,2026-05,2026-05
RIES.ESCOLHE,2026-02,2026-02-01,2026-02-28,0.0,0.0,0.0,0.0,0,0.0,1,0,0.0,Ferro,sem_dado,0.05,tiktok_seller_center,0,0,0,0,,,0.0,0.0,0,0.0,2,0,0.0,2,2026-01,2026-02
RISSIBEAUTY,2026-02,2026-02-01,2026-02-28,0.0,0.0,0.0,0.0,0,0.0,1,0,0.0,Ferro,sem_dado,0.05,tiktok_seller_center,0,0,0,0,,,0.0,0.0,0,0.0,1,0,0.0,1,2026-02,2026-02
RITACHAVES202,2026-03,2026-03-01,2026-03-31,0.0,0.0,0.0,0.0,0,0.0,0,1,0.0,Ferro,sem_dado,0.05,tiktok_seller_center,0,0,0,0,,,0.0,0.0,0,0.0,0,1,0.0,1,2026-03,2026-03
RITAFERREIRA_6,2026-04,2026-04-01,2026-04-30,0.0,0.0,0.0,0.0,0,0.0,9,0,0.0,Ferro,sem_dado,0.05,tiktok_seller_center,0,0,0,0,,,0.0,0.0,0,0.0,9,0,0.0,1,2026-04,2026-04
RITALUZ5897,2026-02,2026-02-01,2026-02-28,0.0,0.0,0.0,0.0,0,0.0,1,0,0.0,Ferro,sem_dado,0.05,tiktok_seller_center,0,0,0,0,,,0.0,0.0,0,0.0,1,0,0.0,1,2026-02,2026-02
RITAMARIARITA17,2026-04,2026-04-01,2026-04-30,0.0,0.0,0.0,0.0,0,0.0,0,1,0.0,Ferro,sem_dado,0.05,tiktok_seller_center,0,0,0,0,,,0.0,0.0,0,0.0,0,4,0.0,3,2026-02,2026-04
RITAMARTINS909,2026-03,2026-03-01,2026-03-31,0.0,0.0,0.0,0.0,0,0.0,0,1,0.0,Ferro,sem_dado,0.05,tiktok_seller_center,0,0,0,0,,,0.0,0.0,0,0.0,0,2,0.0,2,2026-01,2026-03
RITHY336,2026-04,2026-04-01,2026-04-30,0.0,0.0,0.0,0.0,0,0.0,0,2,0.0,Ferro,sem_dado,0.05,tiktok_seller_center,0,0,0,0,,,0.0,0.0,0,0.0,0,2,0.0,1,2026-04,2026-04
RLK.SILVAH_,2026-04,2026-04-01,2026-04-30,0.0,0.0,0.0,0.0,0,0.0,1,0,0.0,Ferro,sem_dado,0.05,tiktok_seller_center,0,0,0,0,,,79.9,79.9,1,0.0,1,0,4.0,2,2026-02,2026-04
RLOPES21,2026-03,2026-03-01,2026-03-31,0.0,0.0,0.0,0.0,0,0.0,0,1,0.0,Ferro,sem_dado,0.05,tiktok_seller_center,0,0,0,0,,,0.0,0.0,0,0.0,0,2,0.0,2,2026-02,2026-03
RO.INDIICA,2026-05,2026-05-01,2026-05-23,0.0,0.0,0.0,0.0,0,0.0,0,1,0.0,Ferro,sem_dado,0.05,tiktok_seller_center,,0,0,0,,0,0.0,0.0,0,0.0,0,1,0.0,1,2026-05,2026-05
ROA.DA.JU,2026-03,2026-03-01,2026-03-31,0.0,0.0,0.0,0.0,0,0.0,1,0,0.0,Ferro,sem_dado,0.05,tiktok_seller_center,0,0,0,0,,,0.0,0.0,0,0.0,1,0,0.0,1,2026-03,2026-03
ROA8478,2026-05,2026-05-01,2026-05-23,0.0,0.0,0.0,0.0,0,0.0,3,0,0.0,Ferro,sem_dado,0.05,tiktok_seller_center,,0,0,0,,0,0.0,0.0,0,0.0,3,0,0.0,1,2026-05,2026-05
ROBBERTAPPA,2026-05,2026-05-01,2026-05-23,0.0,0.0,0.0,0.0,0,0.0,2,2,0.0,Ferro,sem_dado,0.05,tiktok_seller_center,1,0,0,0,,0,79.9,79.9,1,0.0,2,2,4.0,2,2026-04,2026-05
ROBERTAFRIAS,2026-05,2026-05-01,2026-05-23,0.0,0.0,0.0,0.0,0,0.0,1,0,0.0,Ferro,sem_dado,0.05,tiktok_seller_center,1,0,0,0,,0,482.19999999999993,242.49999999999997,6,239.70000000000002,2,0,12.13,4,2026-01,2026-05
ROBERTAKGUILHERME,2026-05,2026-05-01,2026-05-23,217.67,217.67,0.0,0.0,2,108.84,1,0,11.97,Bronze,sem_dado,0.07,tiktok_seller_center,20,0,1,0,,2,5493.33,5225.71,60,267.62,11,0,261.28,5,2026-01,2026-05
ROBERTAPOLESSI,2026-04,2026-04-01,2026-04-30,0.0,0.0,0.0,0.0,0,0.0,0,2,0.0,Ferro,sem_dado,0.05,tiktok_seller_center,0,0,0,0,,,0.0,0.0,0,0.0,0,4,0.0,2,2026-03,2026-04
ROBERTARSAMPAIO7,2026-05,2026-05-01,2026-05-23,105.7,105.7,0.0,0.0,1,105.7,0,11,7.99,Ferro,sem_dado,0.05,tiktok_seller_center,0,0,1,0,,1,895.98,575.06,11,320.92,22,92,28.76,5,2026-01,2026-05
ROBERTINHOREZENDEJR,2026-01,2026-01-06,2026-01-31,89.19,89.19,0.0,0.0,1,89.19,0,0,7.6,Ferro,sem_dado,0.05,tiktok_seller_center,1,0,1,0,,,89.19,89.19,1,0.0,0,0,4.46,1,2026-01,2026-01
ROBERTOLIVESHOP,2026-03,2026-03-01,2026-03-31,0.0,0.0,0.0,0.0,0,0.0,0,1,0.0,Ferro,sem_dado,0.05,tiktok_seller_center,0,0,0,0,,,0.0,0.0,0,0.0,0,2,0.0,2,2026-02,2026-03
ROBIN.AGUIL4R,2026-01,2026-01-06,2026-01-31,0.0,0.0,0.0,0.0,0,0.0,0,1,0.0,Ferro,sem_dado,0.05,tiktok_seller_center,0,0,0,0,,,0.0,0.0,0,0.0,0,1,0.0,1,2026-01,2026-01
ROCHADANNYFRANCA,2026-05,2026-05-01,2026-05-23,0.0,0.0,0.0,0.0,0,0.0,0,3,0.0,Ferro,sem_dado,0.05,tiktok_seller_center,,0,0,0,,0,0.0,0.0,0,0.0,0,3,0.0,1,2026-05,2026-05
ROCHA_RAFA00,2026-04,2026-04-01,2026-04-30,0.0,0.0,0.0,0.0,0,0.0,1,5,0.0,Ferro,sem_dado,0.05,tiktok_seller_center,0,0,0,0,,,0.0,0.0,0,0.0,1,5,0.0,1,2026-04,2026-04
RODOLFOCRIADORSHOP,2026-03,2026-03-01,2026-03-31,0.0,0.0,0.0,0.0,0,0.0,0,1,0.0,Ferro,sem_dado,0.05,tiktok_seller_center,0,0,0,0,,,0.0,0.0,0,0.0,0,6,0.0,2,2026-02,2026-03
RODRIGOEERIKA19,2026-05,2026-05-01,2026-05-23,0.0,0.0,0.0,0.0,0,0.0,3,0,0.0,Ferro,sem_dado,0.05,tiktok_seller_center,,0,0,0,,0,0.0,0.0,0,0.0,3,0,0.0,1,2026-05,2026-05
RODRIGOINDICATTKSHOP,2026-03,2026-03-01,2026-03-31,0.0,0.0,0.0,0.0,0,0.0,0,1,0.0,Ferro,sem_dado,0.05,tiktok_seller_center,0,0,0,0,,,0.0,0.0,0,0.0,0,1,0.0,1,2026-03,2026-03
RODRIGOSILVA_SHOP,2026-01,2026-01-06,2026-01-31,0.0,0.0,0.0,0.0,0,0.0,0,5,0.0,Ferro,sem_dado,0.05,tiktok_seller_center,0,0,0,0,,,0.0,0.0,0,0.0,0,5,0.0,1,2026-01,2026-01
ROESTILISTAS,2026-03,2026-03-01,2026-03-31,0.0,0.0,0.0,0.0,0,0.0,0,1,0.0,Ferro,sem_dado,0.05,tiktok_seller_center,0,0,0,0,,,0.0,0.0,0,0.0,0,2,0.0,2,2026-01,2026-03
ROHANDRADE23,2026-05,2026-05-01,2026-05-23,0.0,0.0,0.0,0.0,0,0.0,0,4,0.0,Ferro,sem_dado,0.05,tiktok_seller_center,0,0,0,0,,0,0.0,0.0,0,0.0,0,11,0.0,2,2026-04,2026-05
ROINDICA1,2026-02,2026-02-01,2026-02-28,0.0,0.0,0.0,0.0,0,0.0,1,0,0.0,Ferro,sem_dado,0.05,tiktok_seller_center,0,0,0,0,,,0.0,0.0,0,0.0,1,0,0.0,1,2026-02,2026-02
ROKOPPENHAGEN,2026-01,2026-01-06,2026-01-31,0.0,0.0,0.0,0.0,0,0.0,2,0,0.0,Ferro,sem_dado,0.05,tiktok_seller_center,0,0,0,0,,,0.0,0.0,0,0.0,2,0,0.0,1,2026-01,2026-01
ROMULO_FLORENT,2026-03,2026-03-01,2026-03-31,79.9,79.9,0.0,0.0,1,79.9,0,0,7.99,Ferro,sem_dado,0.05,tiktok_seller_center,1,0,1,0,,,79.9,79.9,1,0.0,0,0,4.0,1,2026-03,2026-03
RONALDOOLIVEIRACREATOR,2026-04,2026-04-01,2026-04-30,0.0,0.0,0.0,0.0,0,0.0,0,8,0.0,Ferro,sem_dado,0.05,tiktok_seller_center,0,0,0,0,,,0.0,0.0,0,0.0,0,8,0.0,1,2026-04,2026-04
RONALMTI5CR,2026-03,2026-03-01,2026-03-31,0.0,0.0,0.0,0.0,0,0.0,0,3,0.0,Ferro,sem_dado,0.05,tiktok_seller_center,0,0,0,0,,,0.0,0.0,0,0.0,0,3,0.0,1,2026-03,2026-03
RONNYLIVESHOP,2026-01,2026-01-06,2026-01-31,0.0,0.0,0.0,0.0,0,0.0,0,3,0.0,Ferro,sem_dado,0.05,tiktok_seller_center,0,0,0,0,,,0.0,0.0,0,0.0,0,3,0.0,1,2026-01,2026-01
ROSA.SHOP08,2026-03,2026-03-01,2026-03-31,0.0,0.0,0.0,0.0,0,0.0,1,0,0.0,Ferro,sem_dado,0.05,tiktok_seller_center,0,0,0,0,,,0.0,0.0,0,0.0,2,0,0.0,2,2026-02,2026-03
ROSAACESARIINOO,2026-05,2026-05-01,2026-05-23,0.0,0.0,0.0,0.0,0,0.0,3,0,0.0,Ferro,sem_dado,0.05,tiktok_seller_center,,0,0,1,,0,0.0,0.0,0,0.0,3,0,0.0,1,2026-05,2026-05
ROSACATTEL.INDICA,2026-04,2026-04-01,2026-04-30,0.0,0.0,0.0,0.0,0,0.0,0,5,0.0,Ferro,sem_dado,0.05,tiktok_seller_center,0,0,0,0,,,0.0,0.0,0,0.0,0,6,0.0,2,2026-03,2026-04
ROSADOCAMPO_52,2026-05,2026-05-01,2026-05-23,0.0,0.0,0.0,0.0,0,0.0,0,1,0.0,Ferro,sem_dado,0.05,tiktok_seller_center,0,0,0,0,,0,0.0,0.0,0,0.0,0,5,0.0,2,2026-04,2026-05
ROSANADICASDEAFILIADO,2026-04,2026-04-01,2026-04-30,0.0,0.0,0.0,0.0,0,0.0,0,1,0.0,Ferro,sem_dado,0.05,tiktok_seller_center,0,0,0,0,,,0.0,0.0,0,0.0,0,2,0.0,2,2026-03,2026-04
ROSANAISABELSABIN,2026-02,2026-02-01,2026-02-28,0.0,0.0,0.0,0.0,0,0.0,0,1,0.0,Ferro,sem_dado,0.05,tiktok_seller_center,0,0,0,0,,,0.0,0.0,0,0.0,0,1,0.0,1,2026-02,2026-02
ROSANAMORAESSILVA,2026-03,2026-03-01,2026-03-31,0.0,0.0,0.0,0.0,0,0.0,0,37,0.0,Ferro,sem_dado,0.05,tiktok_seller_center,0,0,0,0,,,139.82999999999998,-4.019999999999996,2,143.85,2,107,-0.20000000000000018,3,2026-01,2026-03
ROSANARAMOS198,2026-04,2026-04-01,2026-04-30,0.0,0.0,0.0,0.0,0,0.0,1,0,0.0,Ferro,sem_dado,0.05,tiktok_seller_center,0,0,0,0,,,0.0,0.0,0,0.0,1,0,0.0,1,2026-04,2026-04
ROSANARECOMENDA1,2026-01,2026-01-06,2026-01-31,0.0,0.0,0.0,0.0,0,0.0,0,3,0.0,Ferro,sem_dado,0.05,tiktok_seller_center,0,0,0,0,,,0.0,0.0,0,0.0,0,3,0.0,1,2026-01,2026-01
ROSANI.TIKTOK.SHO,2026-04,2026-04-01,2026-04-30,0.0,0.0,0.0,0.0,0,0.0,1,0,0.0,Ferro,sem_dado,0.05,tiktok_seller_center,0,0,0,0,,,0.0,0.0,0,0.0,1,0,0.0,1,2026-04,2026-04
ROSE.MEDEIROS8,2026-02,2026-02-01,2026-02-28,77.5,77.5,0.0,0.0,1,77.5,1,0,7.99,Ferro,sem_dado,0.05,tiktok_seller_center,1,0,1,0,,,77.5,77.5,1,0.0,1,0,3.88,1,2026-02,2026-02
ROSEALE01,2026-04,2026-04-01,2026-04-30,0.0,0.0,0.0,0.0,0,0.0,0,1,0.0,Ferro,sem_dado,0.05,tiktok_seller_center,0,0,0,0,,,0.0,0.0,0,0.0,0,1,0.0,1,2026-04,2026-04
ROSEBASTOS.RECOMENDA,2026-03,2026-03-01,2026-03-31,0.0,0.0,0.0,0.0,0,0.0,0,1,0.0,Ferro,sem_dado,0.05,tiktok_seller_center,0,0,0,0,,,0.0,0.0,0,0.0,0,1,0.0,1,2026-03,2026-03
ROSEEANJOS,2026-02,2026-02-01,2026-02-28,0.0,0.0,0.0,0.0,0,0.0,1,0,0.0,Ferro,sem_dado,0.05,tiktok_seller_center,0,0,0,0,,,0.0,0.0,0,0.0,1,0,0.0,1,2026-02,2026-02
ROSEFERREIRA375,2026-02,2026-02-01,2026-02-28,0.0,0.0,0.0,0.0,0,0.0,2,0,0.0,Ferro,sem_dado,0.05,tiktok_seller_center,0,0,0,0,,,0.0,0.0,0,0.0,2,0,0.0,1,2026-02,2026-02
ROSEHEULLER,2026-05,2026-05-01,2026-05-23,0.0,0.0,0.0,0.0,0,0.0,1,0,0.0,Ferro,sem_dado,0.05,tiktok_seller_center,0,0,0,0,,0,0.0,0.0,0,0.0,2,0,0.0,2,2026-04,2026-05
ROSELANEOFC,2026-03,2026-03-01,2026-03-31,0.0,0.0,0.0,0.0,0,0.0,0,9,0.0,Ferro,sem_dado,0.05,tiktok_seller_center,0,0,0,0,,,0.0,0.0,0,0.0,0,9,0.0,1,2026-03,2026-03
ROSELI.MARIA.MEND,2026-05,2026-05-01,2026-05-23,0.0,0.0,0.0,0.0,0,0.0,0,2,0.0,Ferro,sem_dado,0.05,tiktok_seller_center,0,0,0,0,,0,0.0,0.0,0,0.0,0,10,0.0,3,2026-03,2026-05
ROSELIFONTES75,2026-04,2026-04-01,2026-04-30,0.0,0.0,0.0,0.0,0,0.0,0,1,0.0,Ferro,sem_dado,0.05,tiktok_seller_center,0,0,0,0,,,0.0,0.0,0,0.0,0,1,0.0,1,2026-04,2026-04
ROSELISIMPLICIODA,2026-03,2026-03-01,2026-03-31,0.0,0.0,0.0,0.0,0,0.0,2,0,0.0,Ferro,sem_dado,0.05,tiktok_seller_center,0,0,0,0,,,0.0,0.0,0,0.0,2,0,0.0,1,2026-03,2026-03
ROSELOUVORES,2026-03,2026-03-01,2026-03-31,0.0,0.0,0.0,0.0,0,0.0,0,2,0.0,Ferro,sem_dado,0.05,tiktok_seller_center,0,0,0,0,,,0.0,0.0,0,0.0,0,2,0.0,1,2026-03,2026-03
ROSELYOADY,2026-03,2026-03-01,2026-03-31,0.0,0.0,0.0,0.0,0,0.0,0,4,0.0,Ferro,sem_dado,0.05,tiktok_seller_center,0,0,0,0,,,0.0,0.0,0,0.0,0,4,0.0,1,2026-03,2026-03
ROSESINDICA,2026-02,2026-02-01,2026-02-28,0.0,0.0,0.0,0.0,0,0.0,1,0,0.0,Ferro,sem_dado,0.05,tiktok_seller_center,0,0,0,0,,,0.0,0.0,0,0.0,1,0,0.0,1,2026-02,2026-02
ROSIANEALMEIDA104,2026-05,2026-05-01,2026-05-23,0.0,0.0,0.0,0.0,0,0.0,0,2,0.0,Ferro,sem_dado,0.05,tiktok_seller_center,2,0,0,0,,0,144.84,144.84,2,0.0,1,21,7.24,3,2026-03,2026-05
ROSIANEFAJARDO,2026-01,2026-01-06,2026-01-31,0.0,0.0,0.0,0.0,0,0.0,1,0,0.0,Ferro,sem_dado,0.05,tiktok_seller_center,0,0,0,0,,,0.0,0.0,0,0.0,1,0,0.0,1,2026-01,2026-01
ROSIENESLOBATO,2026-04,2026-04-01,2026-04-30,0.0,0.0,0.0,0.0,0,0.0,0,2,0.0,Ferro,sem_dado,0.05,tiktok_seller_center,0,0,0,0,,,0.0,0.0,0,0.0,0,13,0.0,3,2026-02,2026-04
ROSILENE.SOUSA78,2026-05,2026-05-01,2026-05-23,0.0,0.0,0.0,0.0,0,0.0,0,4,0.0,Ferro,sem_dado,0.05,tiktok_seller_center,0,0,0,0,,0,0.0,0.0,0,0.0,1,4,0.0,2,2026-04,2026-05
ROSILENENOBRE8,2026-05,2026-05-01,2026-05-23,0.0,0.0,0.0,0.0,0,0.0,0,1,0.0,Ferro,sem_dado,0.05,tiktok_seller_center,0,0,0,0,,0,0.0,0.0,0,0.0,0,3,0.0,2,2026-04,2026-05
ROSIMEIRETIKTOKSHOP,2026-03,2026-03-01,2026-03-31,0.0,0.0,0.0,0.0,0,0.0,0,1,0.0,Ferro,sem_dado,0.05,tiktok_seller_center,0,0,0,0,,,0.0,0.0,0,0.0,0,2,0.0,2,2026-02,2026-03
ROSINHAGALVAO72,2026-04,2026-04-01,2026-04-30,0.0,0.0,0.0,0.0,0,0.0,0,1,0.0,Ferro,sem_dado,0.05,tiktok_seller_center,0,0,0,0,,,0.0,0.0,0,0.0,0,15,0.0,4,2026-01,2026-04
ROSIQUELECOSTA1,2026-03,2026-03-01,2026-03-31,93.2,93.2,0.0,0.0,1,93.2,0,7,7.99,Ferro,sem_dado,0.05,tiktok_seller_center,1,0,1,0,,,186.4,186.4,2,0.0,0,13,9.32,2,2026-02,2026-03
ROSI_BASTOS,2026-03,2026-03-01,2026-03-31,0.0,0.0,0.0,0.0,0,0.0,0,1,0.0,Ferro,sem_dado,0.05,tiktok_seller_center,0,0,0,0,,,0.0,0.0,0,0.0,0,8,0.0,2,2026-02,2026-03
ROSSANA.COUTO29,2026-04,2026-04-01,2026-04-30,0.0,0.0,0.0,0.0,0,0.0,2,0,0.0,Ferro,sem_dado,0.05,tiktok_seller_center,0,0,0,0,,,0.0,0.0,0,0.0,2,0,0.0,1,2026-04,2026-04
ROSYMEDEIROS_,2026-03,2026-03-01,2026-03-31,0.0,0.0,0.0,0.0,0,0.0,0,3,0.0,Ferro,sem_dado,0.05,tiktok_seller_center,0,0,0,0,,,0.0,0.0,0,0.0,0,3,0.0,1,2026-03,2026-03
ROTHERT.RECOMENDA1,2026-02,2026-02-01,2026-02-28,0.0,0.0,0.0,0.0,0,0.0,1,0,0.0,Ferro,sem_dado,0.05,tiktok_seller_center,0,0,0,0,,,0.0,0.0,0,0.0,1,0,0.0,1,2026-02,2026-02
ROTINAFRANCY,2026-04,2026-04-01,2026-04-30,0.0,0.0,0.0,0.0,0,0.0,1,2,0.0,Ferro,sem_dado,0.05,tiktok_seller_center,0,0,0,0,,,0.0,0.0,0,0.0,2,2,0.0,2,2026-03,2026-04
ROTINAORGANIZADA26,2026-04,2026-04-01,2026-04-30,62.78,62.78,0.0,0.0,1,62.78,0,0,5.78,Ferro,sem_dado,0.05,tiktok_seller_center,1,0,1,0,,,62.78,62.78,1,0.0,0,0,3.14,1,2026-04,2026-04
RRABELO133,2026-04,2026-04-01,2026-04-30,0.0,0.0,0.0,0.0,0,0.0,3,0,0.0,Ferro,sem_dado,0.05,tiktok_seller_center,0,0,0,0,,,0.0,0.0,0,0.0,3,0,0.0,1,2026-04,2026-04
RS0LDFT6P1,2026-04,2026-04-01,2026-04-30,0.0,0.0,0.0,0.0,0,0.0,1,0,0.0,Ferro,sem_dado,0.05,tiktok_seller_center,0,0,0,0,,,0.0,0.0,0,0.0,1,0,0.0,1,2026-04,2026-04
RUANRR92,2026-03,2026-03-01,2026-03-31,0.0,0.0,0.0,0.0,0,0.0,0,1,0.0,Ferro,sem_dado,0.05,tiktok_seller_center,0,0,0,0,,,0.0,0.0,0,0.0,0,1,0.0,1,2026-03,2026-03
RUBIATIKTOKSHOP1,2026-04,2026-04-01,2026-04-30,0.0,0.0,0.0,0.0,0,0.0,0,3,0.0,Ferro,sem_dado,0.05,tiktok_seller_center,0,0,0,0,,,0.0,0.0,0,0.0,0,7,0.0,3,2026-02,2026-04
RUCLA.CREATOR,2026-02,2026-02-01,2026-02-28,0.0,0.0,0.0,0.0,0,0.0,1,0,0.0,Ferro,sem_dado,0.05,tiktok_seller_center,0,0,0,0,,,0.0,0.0,0,0.0,1,0,0.0,1,2026-02,2026-02
RUIVASHOP1,2026-01,2026-01-06,2026-01-31,0.0,0.0,0.0,0.0,0,0.0,2,0,0.0,Ferro,sem_dado,0.05,tiktok_seller_center,0,0,0,0,,,0.0,0.0,0,0.0,2,0,0.0,1,2026-01,2026-01
RUTEELOA,2026-01,2026-01-06,2026-01-31,0.0,0.0,0.0,0.0,0,0.0,0,3,0.0,Ferro,sem_dado,0.05,tiktok_seller_center,0,0,0,0,,,0.0,0.0,0,0.0,0,3,0.0,1,2026-01,2026-01
RUTHOLIVER43,2026-05,2026-05-01,2026-05-23,0.0,0.0,0.0,0.0,0,0.0,0,5,0.0,Ferro,sem_dado,0.05,tiktok_seller_center,0,0,0,0,,0,85.26,85.26,1,0.0,0,86,4.26,4,2026-01,2026-05
RVANQ4,2026-05,2026-05-01,2026-05-23,0.0,0.0,0.0,0.0,0,0.0,1,0,0.0,Ferro,sem_dado,0.05,tiktok_seller_center,,0,0,0,,0,0.0,0.0,0,0.0,1,0,0.0,1,2026-05,2026-05
S.QUERO.ENTRAR.NO,2026-05,2026-05-01,2026-05-23,0.0,0.0,0.0,0.0,0,0.0,6,0,0.0,Ferro,sem_dado,0.05,tiktok_seller_center,,0,0,0,,0,0.0,0.0,0,0.0,6,0,0.0,1,2026-05,2026-05
S91INDUSTRIA3,2026-04,2026-04-01,2026-04-30,58.9,58.9,0.0,0.0,1,58.9,0,0,5.19,Ferro,sem_dado,0.05,tiktok_seller_center,1,0,1,0,,,58.9,58.9,1,0.0,0,0,2.95,1,2026-04,2026-04
SAANVISHOP,2026-05,2026-05-01,2026-05-23,0.0,0.0,0.0,0.0,0,0.0,1,0,0.0,Ferro,sem_dado,0.05,tiktok_seller_center,,0,0,0,,0,0.0,0.0,0,0.0,1,0,0.0,1,2026-05,2026-05
SABINO4459,2026-01,2026-01-06,2026-01-31,0.0,0.0,0.0,0.0,0,0.0,1,0,0.0,Ferro,sem_dado,0.05,tiktok_seller_center,0,0,0,0,,,0.0,0.0,0,0.0,1,0,0.0,1,2026-01,2026-01
SABRINA.TEIXEIRA44,2026-04,2026-04-01,2026-04-30,0.0,0.0,0.0,0.0,0,0.0,0,6,0.0,Ferro,sem_dado,0.05,tiktok_seller_center,0,0,0,0,,,0.0,0.0,0,0.0,2,7,0.0,2,2026-01,2026-04
SABRINAABORGESS_,2026-02,2026-02-01,2026-02-28,80.7,0.0,80.7,100.0,1,80.7,0,0,7.99,Ferro,sem_dado,0.05,tiktok_seller_center,1,1,1,0,,,80.7,0.0,1,80.7,0,0,0.0,1,2026-02,2026-02
SABRINAALVES718,2026-05,2026-05-01,2026-05-23,0.0,0.0,0.0,0.0,0,0.0,1,0,0.0,Ferro,sem_dado,0.05,tiktok_seller_center,,0,0,0,,0,0.0,0.0,0,0.0,1,0,0.0,1,2026-05,2026-05
SABRINADINIZ30,2026-02,2026-02-01,2026-02-28,0.0,0.0,0.0,0.0,0,0.0,2,0,0.0,Ferro,sem_dado,0.05,tiktok_seller_center,0,0,0,0,,,0.0,0.0,0,0.0,2,0,0.0,1,2026-02,2026-02
SABRINAINDICA.BR,2026-02,2026-02-01,2026-02-28,0.0,0.0,0.0,0.0,0,0.0,1,0,0.0,Ferro,sem_dado,0.05,tiktok_seller_center,0,0,0,0,,,0.0,0.0,0,0.0,1,0,0.0,1,2026-02,2026-02
SABRINAJEP,2026-05,2026-05-01,2026-05-23,0.0,0.0,0.0,0.0,0,0.0,1,0,0.0,Ferro,sem_dado,0.05,tiktok_seller_center,,0,0,0,,0,0.0,0.0,0,0.0,1,0,0.0,1,2026-05,2026-05
SABRINAJHEMELLYCO,2026-05,2026-05-01,2026-05-23,0.0,0.0,0.0,0.0,0,0.0,0,11,0.0,Ferro,sem_dado,0.05,tiktok_seller_center,1,0,0,0,,0,67.34,67.34,1,0.0,4,14,3.37,2,2026-04,2026-05
SABRINAOLIVEIRASHOP,2026-04,2026-04-01,2026-04-30,0.0,0.0,0.0,0.0,0,0.0,3,0,0.0,Ferro,sem_dado,0.05,tiktok_seller_center,0,0,0,0,,,0.0,0.0,0,0.0,4,0,0.0,2,2026-03,2026-04
SABRINAPAIM,2026-05,2026-05-01,2026-05-23,0.0,0.0,0.0,0.0,0,0.0,0,2,0.0,Ferro,sem_dado,0.05,tiktok_seller_center,0,0,0,0,,0,0.0,0.0,0,0.0,1,5,0.0,2,2026-04,2026-05
SABRINASHOP01,2026-05,2026-05-01,2026-05-23,0.0,0.0,0.0,0.0,0,0.0,0,1,0.0,Ferro,sem_dado,0.05,tiktok_seller_center,0,0,0,0,,0,0.0,0.0,0,0.0,0,3,0.0,2,2026-04,2026-05
SABRINASHOPCREATOR18,2026-04,2026-04-01,2026-04-30,0.0,0.0,0.0,0.0,0,0.0,0,1,0.0,Ferro,sem_dado,0.05,tiktok_seller_center,0,0,0,0,,,0.0,0.0,0,0.0,0,1,0.0,1,2026-04,2026-04
SABRINASOUSAELIAS,2026-04,2026-04-01,2026-04-30,0.0,0.0,0.0,0.0,0,0.0,2,0,0.0,Ferro,sem_dado,0.05,tiktok_seller_center,0,0,0,0,,,0.0,0.0,0,0.0,2,0,0.0,1,2026-04,2026-04
SABRINA_CASTROOO,2026-04,2026-04-01,2026-04-30,89.9,89.9,0.0,0.0,1,89.9,0,0,7.59,Ferro,sem_dado,0.05,tiktok_seller_center,1,0,1,0,,,89.9,89.9,1,0.0,0,0,4.5,1,2026-04,2026-04
SABRININHA_SHOP,2026-05,2026-05-01,2026-05-23,0.0,0.0,0.0,0.0,0,0.0,6,0,0.0,Ferro,sem_dado,0.05,tiktok_seller_center,,0,0,0,,0,0.0,0.0,0,0.0,6,0,0.0,1,2026-05,2026-05
SABSNUNESS,2026-04,2026-04-01,2026-04-30,0.0,0.0,0.0,0.0,0,0.0,5,6,0.0,Ferro,sem_dado,0.05,tiktok_seller_center,0,0,0,0,,,0.0,0.0,0,0.0,8,17,0.0,3,2026-02,2026-04
SACDUPAULO,2026-02,2026-02-01,2026-02-28,0.0,0.0,0.0,0.0,0,0.0,0,1,0.0,Ferro,sem_dado,0.05,tiktok_seller_center,0,0,0,0,,,0.0,0.0,0,0.0,0,1,0.0,1,2026-02,2026-02
SACOLADEGRIFE,2026-05,2026-05-01,2026-05-23,0.0,0.0,0.0,0.0,0,0.0,0,1,0.0,Ferro,sem_dado,0.05,tiktok_seller_center,0,0,0,0,,0,0.0,0.0,0,0.0,0,2,0.0,2,2026-04,2026-05
SAFIRASHOPCREATOR,2026-04,2026-04-01,2026-04-30,0.0,0.0,0.0,0.0,0,0.0,1,0,0.0,Ferro,sem_dado,0.05,tiktok_seller_center,0,0,0,0,,,0.0,0.0,0,0.0,1,0,0.0,1,2026-04,2026-04
SAH.CREATOR,2026-05,2026-05-01,2026-05-23,0.0,0.0,0.0,0.0,0,0.0,3,0,0.0,Ferro,sem_dado,0.05,tiktok_seller_center,,0,0,0,,0,0.0,0.0,0,0.0,3,0,0.0,1,2026-05,2026-05
SAH.INDICA,2026-03,2026-03-01,2026-03-31,0.0,0.0,0.0,0.0,0,0.0,0,4,0.0,Ferro,sem_dado,0.05,tiktok_seller_center,0,0,0,0,,,0.0,0.0,0,0.0,0,4,0.0,1,2026-03,2026-03
SAHTKS,2026-05,2026-05-01,2026-05-23,0.0,0.0,0.0,0.0,0,0.0,3,0,0.0,Ferro,sem_dado,0.05,tiktok_seller_center,,0,0,0,,0,0.0,0.0,0,0.0,3,0,0.0,1,2026-05,2026-05
SALAZARSHOPCREATOR,2026-02,2026-02-01,2026-02-28,0.0,0.0,0.0,0.0,0,0.0,0,2,0.0,Ferro,sem_dado,0.05,tiktok_seller_center,0,0,0,0,,,0.0,0.0,0,0.0,0,2,0.0,1,2026-02,2026-02
SALETETEREZINHAFROHLICH7,2026-02,2026-02-01,2026-02-28,0.0,0.0,0.0,0.0,0,0.0,0,1,0.0,Ferro,sem_dado,0.05,tiktok_seller_center,0,0,0,0,,,0.0,0.0,0,0.0,0,1,0.0,1,2026-02,2026-02
SAM.COSTA45,2026-05,2026-05-01,2026-05-23,0.0,0.0,0.0,0.0,0,0.0,3,0,0.0,Ferro,sem_dado,0.05,tiktok_seller_center,,0,0,0,,0,0.0,0.0,0,0.0,3,0,0.0,1,2026-05,2026-05
SAMAHANASCIMENTO,2026-04,2026-04-01,2026-04-30,81.1,81.1,0.0,0.0,1,81.1,1,0,6.39,Ferro,sem_dado,0.05,tiktok_seller_center,1,0,1,0,,,81.1,81.1,1,0.0,1,0,4.05,1,2026-04,2026-04
SAMANTHA.BARBOSA36,2026-02,2026-02-01,2026-02-28,0.0,0.0,0.0,0.0,0,0.0,1,0,0.0,Ferro,sem_dado,0.05,tiktok_seller_center,0,0,0,0,,,0.0,0.0,0,0.0,1,0,0.0,1,2026-02,2026-02
SAMANTHABRITO505,2026-01,2026-01-06,2026-01-31,0.0,0.0,0.0,0.0,0,0.0,1,0,0.0,Ferro,sem_dado,0.05,tiktok_seller_center,0,0,0,0,,,0.0,0.0,0,0.0,1,0,0.0,1,2026-01,2026-01
SAMARAMONTEIRO2005,2026-03,2026-03-01,2026-03-31,0.0,0.0,0.0,0.0,0,0.0,1,0,0.0,Ferro,sem_dado,0.05,tiktok_seller_center,0,0,0,0,,,0.0,0.0,0,0.0,1,0,0.0,1,2026-03,2026-03
SAMARARN,2026-03,2026-03-01,2026-03-31,0.0,0.0,0.0,0.0,0,0.0,0,1,0.0,Ferro,sem_dado,0.05,tiktok_seller_center,0,0,0,0,,,0.0,0.0,0,0.0,0,1,0.0,1,2026-03,2026-03
SAMARATRAJANO7,2026-05,2026-05-01,2026-05-23,0.0,0.0,0.0,0.0,0,0.0,0,2,0.0,Ferro,sem_dado,0.05,tiktok_seller_center,0,0,0,0,,0,0.0,0.0,0,0.0,0,5,0.0,2,2026-04,2026-05
SAMARINHATAVARES,2026-03,2026-03-01,2026-03-31,0.0,-83.1,83.1,0.0,0,0.0,0,0,0.0,Ferro,sem_dado,0.05,tiktok_seller_center,0,1,0,0,,,83.1,0.0,1,83.1,0,0,0.0,2,2026-02,2026-03
SAMILACASTRO3,2026-05,2026-05-01,2026-05-23,0.0,0.0,0.0,0.0,0,0.0,1,0,0.0,Ferro,sem_dado,0.05,tiktok_seller_center,0,0,0,0,,0,0.0,0.0,0,0.0,4,0,0.0,2,2026-04,2026-05
SAMILAFERNANDES164,2026-04,2026-04-01,2026-04-30,0.0,0.0,0.0,0.0,0,0.0,2,0,0.0,Ferro,sem_dado,0.05,tiktok_seller_center,0,0,0,0,,,0.0,0.0,0,0.0,2,0,0.0,1,2026-04,2026-04
SAMILAFERNANDES61,2026-05,2026-05-01,2026-05-23,0.0,0.0,0.0,0.0,0,0.0,1,0,0.0,Ferro,sem_dado,0.05,tiktok_seller_center,0,0,0,0,,0,0.0,0.0,0,0.0,3,0,0.0,2,2026-04,2026-05
SAMPRADO01,2026-03,2026-03-01,2026-03-31,0.0,0.0,0.0,0.0,0,0.0,0,8,0.0,Ferro,sem_dado,0.05,tiktok_seller_center,0,0,0,0,,,0.0,0.0,0,0.0,0,8,0.0,1,2026-03,2026-03
SANACHADOS,2026-03,2026-03-01,2026-03-31,0.0,0.0,0.0,0.0,0,0.0,1,0,0.0,Ferro,sem_dado,0.05,tiktok_seller_center,0,0,0,0,,,0.0,0.0,0,0.0,1,0,0.0,1,2026-03,2026-03
SANARAPRADELA,2026-02,2026-02-01,2026-02-28,83.1,0.0,83.1,100.0,1,83.1,0,0,7.99,Ferro,sem_dado,0.05,tiktok_seller_center,1,1,1,0,,,83.1,0.0,1,83.1,1,0,0.0,2,2026-01,2026-02
SANDRA.COSTA.CANA,2026-01,2026-01-06,2026-01-31,0.0,0.0,0.0,0.0,0,0.0,0,3,0.0,Ferro,sem_dado,0.05,tiktok_seller_center,0,0,0,0,,,0.0,0.0,0,0.0,0,3,0.0,1,2026-01,2026-01
SANDRAACHADOSTIKTOK,2026-04,2026-04-01,2026-04-30,0.0,0.0,0.0,0.0,0,0.0,1,1,0.0,Ferro,sem_dado,0.05,tiktok_seller_center,0,0,0,0,,,0.0,0.0,0,0.0,1,3,0.0,3,2026-01,2026-04
SANDRABARBOSADESOUSA,2026-02,2026-02-01,2026-02-28,79.9,79.9,0.0,0.0,1,79.9,0,0,7.99,Ferro,sem_dado,0.05,tiktok_seller_center,1,0,1,0,,,79.9,79.9,1,0.0,0,0,4.0,1,2026-02,2026-02
SANDRABORGESSHOP,2026-04,2026-04-01,2026-04-30,0.0,0.0,0.0,0.0,0,0.0,0,2,0.0,Ferro,sem_dado,0.05,tiktok_seller_center,0,0,0,0,,,0.0,0.0,0,0.0,0,2,0.0,1,2026-04,2026-04
SANDRACUNHAAOFICIAL,2026-05,2026-05-01,2026-05-23,0.0,0.0,0.0,0.0,0,0.0,0,1,0.0,Ferro,sem_dado,0.05,tiktok_seller_center,0,0,0,0,,0,0.0,0.0,0,0.0,0,3,0.0,2,2026-04,2026-05
SANDRAFONSECA30,2026-04,2026-04-01,2026-04-30,0.0,0.0,0.0,0.0,0,0.0,0,2,0.0,Ferro,sem_dado,0.05,tiktok_seller_center,0,0,0,0,,,0.0,0.0,0,0.0,0,8,0.0,3,2026-02,2026-04
SANDRAGAYA,2026-04,2026-04-01,2026-04-30,0.0,0.0,0.0,0.0,0,0.0,1,0,0.0,Ferro,sem_dado,0.05,tiktok_seller_center,0,0,0,0,,,0.0,0.0,0,0.0,1,0,0.0,1,2026-04,2026-04
SANDRAGENERALI,2026-02,2026-02-01,2026-02-28,0.0,0.0,0.0,0.0,0,0.0,0,1,0.0,Ferro,sem_dado,0.05,tiktok_seller_center,0,0,0,0,,,0.0,0.0,0,0.0,0,1,0.0,1,2026-02,2026-02
SANDRAGUIMARAAES,2026-04,2026-04-01,2026-04-30,0.0,0.0,0.0,0.0,0,0.0,0,1,0.0,Ferro,sem_dado,0.05,tiktok_seller_center,0,0,0,0,,,0.0,0.0,0,0.0,0,8,0.0,3,2026-02,2026-04
SANDRAMARAALVESOSTI,2026-05,2026-05-01,2026-05-23,190.89,190.89,0.0,0.0,2,95.44,0,0,15.98,Ferro,sem_dado,0.05,tiktok_seller_center,0,0,1,0,,2,190.89,190.89,2,0.0,0,1,9.54,2,2026-03,2026-05
SANDRAMENDES964,2026-05,2026-05-01,2026-05-23,0.0,0.0,0.0,0.0,0,0.0,0,1,0.0,Ferro,sem_dado,0.05,tiktok_seller_center,0,0,0,0,,0,0.0,0.0,0,0.0,0,9,0.0,2,2026-04,2026-05
SANDRAMENDONCA12345,2026-02,2026-02-01,2026-02-28,0.0,0.0,0.0,0.0,0,0.0,1,0,0.0,Ferro,sem_dado,0.05,tiktok_seller_center,0,0,0,0,,,0.0,0.0,0,0.0,1,0,0.0,1,2026-02,2026-02
SANDRAPEREIRA066,2026-05,2026-05-01,2026-05-23,0.0,0.0,0.0,0.0,0,0.0,0,1,0.0,Ferro,sem_dado,0.05,tiktok_seller_center,0,0,0,0,,0,0.0,0.0,0,0.0,0,21,0.0,3,2026-03,2026-05
SANIDICAS,2026-03,2026-03-01,2026-03-31,0.0,0.0,0.0,0.0,0,0.0,1,0,0.0,Ferro,sem_dado,0.05,tiktok_seller_center,0,0,0,0,,,0.0,0.0,0,0.0,1,0,0.0,1,2026-03,2026-03
SANIRECOMENDA,2026-05,2026-05-01,2026-05-23,0.0,0.0,0.0,0.0,0,0.0,0,2,0.0,Ferro,sem_dado,0.05,tiktok_seller_center,0,0,0,0,,0,0.0,0.0,0,0.0,0,12,0.0,3,2026-03,2026-05
SANTOSJES,2026-05,2026-05-01,2026-05-23,0.0,0.0,0.0,0.0,0,0.0,0,1,0.0,Ferro,sem_dado,0.05,tiktok_seller_center,0,0,0,0,,0,0.0,0.0,0,0.0,0,2,0.0,2,2026-03,2026-05
SAPINHO_AMADO,2026-02,2026-02-01,2026-02-28,0.0,0.0,0.0,0.0,0,0.0,0,2,0.0,Ferro,sem_dado,0.05,tiktok_seller_center,0,0,0,0,,,0.0,0.0,0,0.0,0,2,0.0,1,2026-02,2026-02
SARA.AGUIAR74,2026-03,2026-03-01,2026-03-31,0.0,0.0,0.0,0.0,0,0.0,0,2,0.0,Ferro,sem_dado,0.05,tiktok_seller_center,0,0,0,0,,,0.0,0.0,0,0.0,0,4,0.0,2,2026-01,2026-03
SARABACURAU,2026-05,2026-05-01,2026-05-23,0.0,0.0,0.0,0.0,0,0.0,0,1,0.0,Ferro,sem_dado,0.05,tiktok_seller_center,0,0,0,0,,0,0.0,0.0,0,0.0,0,3,0.0,2,2026-04,2026-05
SARAH.OLIVEIRA2023,2026-04,2026-04-01,2026-04-30,0.0,0.0,0.0,0.0,0,0.0,1,0,0.0,Ferro,sem_dado,0.05,tiktok_seller_center,0,0,0,0,,,0.0,0.0,0,0.0,1,0,0.0,1,2026-04,2026-04
SARAHALVES1998,2026-03,2026-03-01,2026-03-31,0.0,0.0,0.0,0.0,0,0.0,2,0,0.0,Ferro,sem_dado,0.05,tiktok_seller_center,0,0,0,0,,,0.0,0.0,0,0.0,2,0,0.0,1,2026-03,2026-03
SARAHEMANUELYS,2026-05,2026-05-01,2026-05-23,0.0,-72.65,72.65,0.0,0,0.0,0,0,0.0,Ferro,sem_dado,0.05,tiktok_seller_center,7,1,0,0,,0,568.14,495.49,3,72.65,0,2,24.78,2,2026-04,2026-05
SARAHEMANUELYSS,2026-04,2026-04-01,2026-04-30,0.0,0.0,0.0,0.0,0,0.0,0,1,0.0,Ferro,sem_dado,0.05,tiktok_seller_center,0,0,0,0,,,145.87,145.87,2,0.0,3,1,7.29,2,2026-02,2026-04
SARAHOLIDAY_,2026-03,2026-03-01,2026-03-31,0.0,0.0,0.0,0.0,0,0.0,1,0,0.0,Ferro,sem_dado,0.05,tiktok_seller_center,0,0,0,0,,,0.0,0.0,0,0.0,1,0,0.0,1,2026-03,2026-03
SARASHOPCREATOR1,2026-01,2026-01-06,2026-01-31,0.0,0.0,0.0,0.0,0,0.0,0,1,0.0,Ferro,sem_dado,0.05,tiktok_seller_center,0,0,0,0,,,0.0,0.0,0,0.0,0,1,0.0,1,2026-01,2026-01
SARASHOPS47,2026-03,2026-03-01,2026-03-31,0.0,0.0,0.0,0.0,0,0.0,1,0,0.0,Ferro,sem_dado,0.05,tiktok_seller_center,0,0,0,0,,,0.0,0.0,0,0.0,1,0,0.0,1,2026-03,2026-03
SARASOUZAESTEVES,2026-04,2026-04-01,2026-04-30,0.0,0.0,0.0,0.0,0,0.0,1,0,0.0,Ferro,sem_dado,0.05,tiktok_seller_center,0,0,0,0,,,0.0,0.0,0,0.0,1,1,0.0,2,2026-02,2026-04
SARAVOGELL13,2026-03,2026-03-01,2026-03-31,0.0,0.0,0.0,0.0,0,0.0,0,1,0.0,Ferro,sem_dado,0.05,tiktok_seller_center,0,0,0,0,,,0.0,0.0,0,0.0,0,4,0.0,2,2026-02,2026-03
SARAVOGELL7,2026-01,2026-01-06,2026-01-31,0.0,0.0,0.0,0.0,0,0.0,0,2,0.0,Ferro,sem_dado,0.05,tiktok_seller_center,0,0,0,0,,,0.0,0.0,0,0.0,0,2,0.0,1,2026-01,2026-01
SARA_ESTEFANY22,2026-02,2026-02-01,2026-02-28,0.0,0.0,0.0,0.0,0,0.0,1,0,0.0,Ferro,sem_dado,0.05,tiktok_seller_center,0,0,0,0,,,0.0,0.0,0,0.0,1,0,0.0,1,2026-02,2026-02
SARINHARAPOSO,2026-04,2026-04-01,2026-04-30,0.0,0.0,0.0,0.0,0,0.0,0,1,0.0,Ferro,sem_dado,0.05,tiktok_seller_center,0,0,0,0,,,0.0,0.0,0,0.0,0,1,0.0,1,2026-04,2026-04
SASAHSHOPP,2026-05,2026-05-01,2026-05-23,0.0,0.0,0.0,0.0,0,0.0,0,2,0.0,Ferro,sem_dado,0.05,tiktok_seller_center,0,0,0,0,,0,0.0,0.0,0,0.0,2,3,0.0,2,2026-04,2026-05
SASAH_SOARESS,2026-02,2026-02-01,2026-02-28,0.0,0.0,0.0,0.0,0,0.0,0,3,0.0,Ferro,sem_dado,0.05,tiktok_seller_center,0,0,0,0,,,0.0,0.0,0,0.0,0,3,0.0,1,2026-02,2026-02
SASHAMONTENEGRO_,2026-02,2026-02-01,2026-02-28,0.0,0.0,0.0,0.0,0,0.0,1,0,0.0,Ferro,sem_dado,0.05,tiktok_seller_center,0,0,0,0,,,0.0,0.0,0,0.0,1,0,0.0,1,2026-02,2026-02
SAUDE.MAIS.2025,2026-01,2026-01-06,2026-01-31,0.0,0.0,0.0,0.0,0,0.0,2,0,0.0,Ferro,sem_dado,0.05,tiktok_seller_center,0,0,0,0,,,0.0,0.0,0,0.0,2,0,0.0,1,2026-01,2026-01
SAULIANE.SOARES,2026-04,2026-04-01,2026-04-30,0.0,0.0,0.0,0.0,0,0.0,0,1,0.0,Ferro,sem_dado,0.05,tiktok_seller_center,0,0,0,0,,,0.0,0.0,0,0.0,0,1,0.0,1,2026-04,2026-04
SAVANATELES,2026-05,2026-05-01,2026-05-23,0.0,0.0,0.0,0.0,0,0.0,1,0,0.0,Ferro,sem_dado,0.05,tiktok_seller_center,,0,0,0,,0,0.0,0.0,0,0.0,1,0,0.0,1,2026-05,2026-05
SAVANA_DARCHES,2026-05,2026-05-01,2026-05-23,0.0,0.0,0.0,0.0,0,0.0,1,0,0.0,Ferro,sem_dado,0.05,tiktok_seller_center,,0,0,0,,0,0.0,0.0,0,0.0,1,0,0.0,1,2026-05,2026-05
SAVYA.BARBOSA,2026-02,2026-02-01,2026-02-28,77.5,77.5,0.0,0.0,1,77.5,0,0,7.99,Ferro,sem_dado,0.05,tiktok_seller_center,1,0,1,0,,,77.5,77.5,1,0.0,0,0,3.88,1,2026-02,2026-02
SA_SSOUSA,2026-05,2026-05-01,2026-05-23,0.0,0.0,0.0,0.0,0,0.0,0,13,0.0,Ferro,sem_dado,0.05,tiktok_seller_center,0,0,0,0,,0,0.0,0.0,0,0.0,0,14,0.0,2,2026-04,2026-05
SCARLETTHARRINGTTONN,2026-02,2026-02-01,2026-02-28,0.0,0.0,0.0,0.0,0,0.0,1,0,0.0,Ferro,sem_dado,0.05,tiktok_seller_center,0,0,0,0,,,0.0,0.0,0,0.0,1,0,0.0,1,2026-02,2026-02
SCHEPAESUGC,2026-05,2026-05-01,2026-05-23,0.0,0.0,0.0,0.0,0,0.0,0,2,0.0,Ferro,sem_dado,0.05,tiktok_seller_center,0,0,0,0,,0,397.86,314.24,5,83.62,13,61,15.72,4,2026-02,2026-05
SE.REINVENTANDO.N,2026-01,2026-01-06,2026-01-31,79.9,79.9,0.0,0.0,1,79.9,1,0,7.99,Ferro,sem_dado,0.05,tiktok_seller_center,1,0,1,0,,,79.9,79.9,1,0.0,1,0,4.0,1,2026-01,2026-01
SEBASTIANAHEILER,2026-03,2026-03-01,2026-03-31,0.0,0.0,0.0,0.0,0,0.0,0,1,0.0,Ferro,sem_dado,0.05,tiktok_seller_center,0,0,0,0,,,0.0,0.0,0,0.0,0,1,0.0,1,2026-03,2026-03
SECRETOSDO.BRAS,2026-02,2026-02-01,2026-02-28,0.0,0.0,0.0,0.0,0,0.0,1,0,0.0,Ferro,sem_dado,0.05,tiktok_seller_center,0,0,0,0,,,0.0,0.0,0,0.0,1,0,0.0,1,2026-02,2026-02
SEGREDODAGRANDIOSIDADE,2026-02,2026-02-01,2026-02-28,0.0,0.0,0.0,0.0,0,0.0,1,0,0.0,Ferro,sem_dado,0.05,tiktok_seller_center,0,0,0,0,,,0.0,0.0,0,0.0,1,0,0.0,1,2026-02,2026-02
SEGREDODASDEUSAS_,2026-04,2026-04-01,2026-04-30,0.0,0.0,0.0,0.0,0,0.0,2,0,0.0,Ferro,sem_dado,0.05,tiktok_seller_center,0,0,0,0,,,0.0,0.0,0,0.0,2,0,0.0,1,2026-04,2026-04
SEGREDODAVIDACRISTA,2026-01,2026-01-06,2026-01-31,0.0,0.0,0.0,0.0,0,0.0,0,2,0.0,Ferro,sem_dado,0.05,tiktok_seller_center,0,0,0,0,,,0.0,0.0,0,0.0,0,2,0.0,1,2026-01,2026-01
SEGREDOSNATUREZA,2026-05,2026-05-01,2026-05-23,0.0,0.0,0.0,0.0,0,0.0,0,1,0.0,Ferro,sem_dado,0.05,tiktok_seller_center,,0,0,0,,0,0.0,0.0,0,0.0,0,1,0.0,1,2026-05,2026-05
SEJA.DIVAA,2026-01,2026-01-06,2026-01-31,0.0,0.0,0.0,0.0,0,0.0,0,8,0.0,Ferro,sem_dado,0.05,tiktok_seller_center,0,0,0,0,,,0.0,0.0,0,0.0,0,8,0.0,1,2026-01,2026-01
SEJALUZZ365,2026-03,2026-03-01,2026-03-31,0.0,0.0,0.0,0.0,0,0.0,1,0,0.0,Ferro,sem_dado,0.05,tiktok_seller_center,0,0,0,0,,,0.0,0.0,0,0.0,1,0,0.0,1,2026-03,2026-03
SELECAOFICIALTIKTOKSHOP,2026-01,2026-01-06,2026-01-31,0.0,0.0,0.0,0.0,0,0.0,0,1,0.0,Ferro,sem_dado,0.05,tiktok_seller_center,0,0,0,0,,,0.0,0.0,0,0.0,0,1,0.0,1,2026-01,2026-01
SELLIS_MOREIRA,2026-03,2026-03-01,2026-03-31,0.0,0.0,0.0,0.0,0,0.0,0,1,0.0,Ferro,sem_dado,0.05,tiktok_seller_center,0,0,0,0,,,0.0,0.0,0,0.0,0,1,0.0,1,2026-03,2026-03
SELMAARAUJO81,2026-05,2026-05-01,2026-05-23,0.0,0.0,0.0,0.0,0,0.0,0,20,0.0,Ferro,sem_dado,0.05,tiktok_seller_center,0,0,0,0,,0,0.0,0.0,0,0.0,0,52,0.0,3,2026-03,2026-05
SELMACRATOR,2026-05,2026-05-01,2026-05-23,0.0,0.0,0.0,0.0,0,0.0,0,6,0.0,Ferro,sem_dado,0.05,tiktok_seller_center,,0,0,0,,0,0.0,0.0,0,0.0,0,6,0.0,1,2026-05,2026-05
SELMAOLIVEIRA8964,2026-03,2026-03-01,2026-03-31,0.0,0.0,0.0,0.0,0,0.0,1,0,0.0,Ferro,sem_dado,0.05,tiktok_seller_center,0,0,0,0,,,0.0,0.0,0,0.0,1,0,0.0,1,2026-03,2026-03
SELMASHOPCREATOR,2026-04,2026-04-01,2026-04-30,0.0,0.0,0.0,0.0,0,0.0,0,1,0.0,Ferro,sem_dado,0.05,tiktok_seller_center,0,0,0,0,,,0.0,0.0,0,0.0,0,1,0.0,1,2026-04,2026-04
SEMPREBEMVESTIDA,2026-01,2026-01-06,2026-01-31,0.0,0.0,0.0,0.0,0,0.0,4,0,0.0,Ferro,sem_dado,0.05,tiktok_seller_center,0,0,0,0,,,0.0,0.0,0,0.0,4,0,0.0,1,2026-01,2026-01
SEMPREOCUPACAO,2026-04,2026-04-01,2026-04-30,0.0,0.0,0.0,0.0,0,0.0,1,0,0.0,Ferro,sem_dado,0.05,tiktok_seller_center,0,0,0,0,,,0.0,0.0,0,0.0,1,0,0.0,1,2026-04,2026-04
SERGIO_JHANE_OFERTAS,2026-02,2026-02-01,2026-02-28,0.0,0.0,0.0,0.0,0,0.0,0,1,0.0,Ferro,sem_dado,0.05,tiktok_seller_center,0,0,0,0,,,0.0,0.0,0,0.0,0,1,0.0,1,2026-02,2026-02
SERIESROMANCES,2026-04,2026-04-01,2026-04-30,0.0,0.0,0.0,0.0,0,0.0,0,6,0.0,Ferro,sem_dado,0.05,tiktok_seller_center,0,0,0,0,,,0.0,0.0,0,0.0,2,9,0.0,2,2026-03,2026-04
SEU.ESTILO.RM,2026-03,2026-03-01,2026-03-31,0.0,0.0,0.0,0.0,0,0.0,1,0,0.0,Ferro,sem_dado,0.05,tiktok_seller_center,0,0,0,0,,,0.0,0.0,0,0.0,1,0,0.0,1,2026-03,2026-03
SEUACHADOTAAI,2026-05,2026-05-01,2026-05-23,0.0,0.0,0.0,0.0,0,0.0,1,0,0.0,Ferro,sem_dado,0.05,tiktok_seller_center,0,0,0,0,,0,0.0,0.0,0,0.0,2,0,0.0,2,2026-03,2026-05
SEUCANALDEACHADINHO,2026-02,2026-02-01,2026-02-28,0.0,0.0,0.0,0.0,0,0.0,1,0,0.0,Ferro,sem_dado,0.05,tiktok_seller_center,0,0,0,0,,,0.0,0.0,0,0.0,1,0,0.0,1,2026-02,2026-02
SEULOOKPERFEITO_,2026-02,2026-02-01,2026-02-28,0.0,0.0,0.0,0.0,0,0.0,0,1,0.0,Ferro,sem_dado,0.05,tiktok_seller_center,0,0,0,0,,,0.0,0.0,0,0.0,0,1,0.0,1,2026-02,2026-02
SEVERINA.SANTTOS,2026-01,2026-01-06,2026-01-31,0.0,0.0,0.0,0.0,0,0.0,2,0,0.0,Ferro,sem_dado,0.05,tiktok_seller_center,0,0,0,0,,,0.0,0.0,0,0.0,2,0,0.0,1,2026-01,2026-01
SHANGSHOP12,2026-02,2026-02-01,2026-02-28,0.0,0.0,0.0,0.0,0,0.0,1,0,0.0,Ferro,sem_dado,0.05,tiktok_seller_center,0,0,0,0,,,0.0,0.0,0,0.0,1,0,0.0,1,2026-02,2026-02
SHAYNAMU8,2026-04,2026-04-01,2026-04-30,0.0,0.0,0.0,0.0,0,0.0,1,0,0.0,Ferro,sem_dado,0.05,tiktok_seller_center,0,0,0,0,,,0.0,0.0,0,0.0,1,0,0.0,1,2026-04,2026-04
SHEILAAMARQUESS,2026-02,2026-02-01,2026-02-28,0.0,0.0,0.0,0.0,0,0.0,0,3,0.0,Ferro,sem_dado,0.05,tiktok_seller_center,0,0,0,0,,,79.9,79.9,1,0.0,0,14,4.0,2,2026-01,2026-02
SHEILAANJOS0,2026-05,2026-05-01,2026-05-23,109.9,109.9,0.0,0.0,1,109.9,0,0,8.79,Ferro,sem_dado,0.05,tiktok_seller_center,0,0,1,0,,1,109.9,109.9,1,0.0,0,1,5.5,2,2026-04,2026-05
SHEILAARTECHE,2026-04,2026-04-01,2026-04-30,0.0,0.0,0.0,0.0,0,0.0,0,1,0.0,Ferro,sem_dado,0.05,tiktok_seller_center,0,0,0,0,,,0.0,0.0,0,0.0,0,1,0.0,1,2026-04,2026-04
SHEILAGALMEIDA,2026-04,2026-04-01,2026-04-30,0.0,0.0,0.0,0.0,0,0.0,1,0,0.0,Ferro,sem_dado,0.05,tiktok_seller_center,0,0,0,0,,,0.0,0.0,0,0.0,1,0,0.0,1,2026-04,2026-04
SHEILANUNESAFILIADA,2026-03,2026-03-01,2026-03-31,0.0,0.0,0.0,0.0,0,0.0,0,1,0.0,Ferro,sem_dado,0.05,tiktok_seller_center,0,0,0,0,,,0.0,0.0,0,0.0,0,1,0.0,1,2026-03,2026-03
SHEINSTA07,2026-03,2026-03-01,2026-03-31,0.0,0.0,0.0,0.0,0,0.0,1,0,0.0,Ferro,sem_dado,0.05,tiktok_seller_center,0,0,0,0,,,0.0,0.0,0,0.0,1,0,0.0,1,2026-03,2026-03
SHENNA.TOPCREATOR,2026-05,2026-05-01,2026-05-23,0.0,0.0,0.0,0.0,0,0.0,1,0,0.0,Ferro,sem_dado,0.05,tiktok_seller_center,1,0,0,0,,0,71.99,71.99,1,0.0,4,0,3.6,3,2026-02,2026-05
SHINZATOTATTOOER,2026-04,2026-04-01,2026-04-30,0.0,0.0,0.0,0.0,0,0.0,0,1,0.0,Ferro,sem_dado,0.05,tiktok_seller_center,0,0,0,0,,,0.0,0.0,0,0.0,0,1,0.0,1,2026-04,2026-04
SHIRLEY.DIAS373,2026-03,2026-03-01,2026-03-31,0.0,0.0,0.0,0.0,0,0.0,1,0,0.0,Ferro,sem_dado,0.05,tiktok_seller_center,0,0,0,0,,,0.0,0.0,0,0.0,1,0,0.0,1,2026-03,2026-03
SHIRLEYCRISTINA2507,2026-03,2026-03-01,2026-03-31,0.0,0.0,0.0,0.0,0,0.0,0,6,0.0,Ferro,sem_dado,0.05,tiktok_seller_center,0,0,0,0,,,0.0,0.0,0,0.0,0,6,0.0,1,2026-03,2026-03
SHIRLEYSHIARECOMENDA,2026-04,2026-04-01,2026-04-30,0.0,0.0,0.0,0.0,0,0.0,0,1,0.0,Ferro,sem_dado,0.05,tiktok_seller_center,0,0,0,0,,,0.0,0.0,0,0.0,0,1,0.0,1,2026-04,2026-04
SHO.CENTER7,2026-03,2026-03-01,2026-03-31,0.0,0.0,0.0,0.0,0,0.0,1,0,0.0,Ferro,sem_dado,0.05,tiktok_seller_center,0,0,0,0,,,0.0,0.0,0,0.0,1,0,0.0,1,2026-03,2026-03
SHOP.CAMILAMARTINS,2026-04,2026-04-01,2026-04-30,77.75,77.75,0.0,0.0,1,77.75,0,0,7.99,Ferro,sem_dado,0.05,tiktok_seller_center,1,0,1,0,,,77.75,77.75,1,0.0,0,0,3.89,1,2026-04,2026-04
SHOP.ISAXZ,2026-03,2026-03-01,2026-03-31,0.0,0.0,0.0,0.0,0,0.0,1,0,0.0,Ferro,sem_dado,0.05,tiktok_seller_center,0,0,0,0,,,0.0,0.0,0,0.0,1,0,0.0,1,2026-03,2026-03
SHOP.LARI,2026-05,2026-05-01,2026-05-23,0.0,0.0,0.0,0.0,0,0.0,0,1,0.0,Ferro,sem_dado,0.05,tiktok_seller_center,0,0,0,0,,0,0.0,0.0,0,0.0,0,2,0.0,2,2026-04,2026-05
SHOP.SHU,2026-03,2026-03-01,2026-03-31,0.0,0.0,0.0,0.0,0,0.0,1,0,0.0,Ferro,sem_dado,0.05,tiktok_seller_center,0,0,0,0,,,0.0,0.0,0,0.0,1,0,0.0,1,2026-03,2026-03
SHOP05031,2026-04,2026-04-01,2026-04-30,0.0,0.0,0.0,0.0,0,0.0,1,0,0.0,Ferro,sem_dado,0.05,tiktok_seller_center,0,0,0,0,,,0.0,0.0,0,0.0,2,0,0.0,2,2026-03,2026-04
SHOPBR2026,2026-02,2026-02-01,2026-02-28,0.0,0.0,0.0,0.0,0,0.0,1,0,0.0,Ferro,sem_dado,0.05,tiktok_seller_center,0,0,0,0,,,0.0,0.0,0,0.0,1,0,0.0,1,2026-02,2026-02
SHOPBR85,2026-05,2026-05-01,2026-05-23,0.0,0.0,0.0,0.0,0,0.0,0,2,0.0,Ferro,sem_dado,0.05,tiktok_seller_center,0,0,0,0,,0,0.0,0.0,0,0.0,2,3,0.0,3,2026-03,2026-05
SHOPCOMEMMA,2026-03,2026-03-01,2026-03-31,0.0,0.0,0.0,0.0,0,0.0,0,5,0.0,Ferro,sem_dado,0.05,tiktok_seller_center,0,0,0,0,,,0.0,0.0,0,0.0,0,5,0.0,1,2026-03,2026-03
SHOPCREATORSZ,2026-05,2026-05-01,2026-05-23,0.0,0.0,0.0,0.0,0,0.0,0,8,0.0,Ferro,sem_dado,0.05,tiktok_seller_center,,0,0,0,,0,0.0,0.0,0,0.0,0,8,0.0,1,2026-05,2026-05
SHOPCREATOR_ANA,2026-03,2026-03-01,2026-03-31,0.0,0.0,0.0,0.0,0,0.0,3,0,0.0,Ferro,sem_dado,0.05,tiktok_seller_center,0,0,0,0,,,0.0,0.0,0,0.0,3,0,0.0,1,2026-03,2026-03
SHOPDACAU,2026-04,2026-04-01,2026-04-30,0.0,0.0,0.0,0.0,0,0.0,0,1,0.0,Ferro,sem_dado,0.05,tiktok_seller_center,0,0,0,0,,,0.0,0.0,0,0.0,0,1,0.0,1,2026-04,2026-04
SHOPDAHGIH,2026-02,2026-02-01,2026-02-28,0.0,0.0,0.0,0.0,0,0.0,0,3,0.0,Ferro,sem_dado,0.05,tiktok_seller_center,0,0,0,0,,,0.0,0.0,0,0.0,0,3,0.0,1,2026-02,2026-02
SHOPDALORENA,2026-03,2026-03-01,2026-03-31,79.04,79.04,0.0,0.0,1,79.04,0,0,8.32,Ferro,sem_dado,0.05,tiktok_seller_center,1,0,1,0,,,79.04,79.04,1,0.0,0,0,3.95,1,2026-03,2026-03
SHOPDAMONALISA,2026-04,2026-04-01,2026-04-30,181.42,90.71,90.71,50.0,2,90.71,10,0,18.98,Ferro,sem_dado,0.05,tiktok_seller_center,2,1,1,0,,,181.42,90.71,2,90.71,10,0,4.54,1,2026-04,2026-04
SHOPDASARAH,2026-03,2026-03-01,2026-03-31,0.0,0.0,0.0,0.0,0,0.0,0,8,0.0,Ferro,sem_dado,0.05,tiktok_seller_center,0,0,0,0,,,0.0,0.0,0,0.0,0,8,0.0,1,2026-03,2026-03
SHOPDASIMONE,2026-02,2026-02-01,2026-02-28,0.0,0.0,0.0,0.0,0,0.0,20,0,0.0,Ferro,sem_dado,0.05,tiktok_seller_center,0,0,0,0,,,0.0,0.0,0,0.0,20,0,0.0,1,2026-02,2026-02
SHOPDASOFERTASTTS,2026-01,2026-01-06,2026-01-31,0.0,0.0,0.0,0.0,0,0.0,1,0,0.0,Ferro,sem_dado,0.05,tiktok_seller_center,0,0,0,0,,,0.0,0.0,0,0.0,1,0,0.0,1,2026-01,2026-01
SHOPGRACI,2026-02,2026-02-01,2026-02-28,0.0,0.0,0.0,0.0,0,0.0,1,0,0.0,Ferro,sem_dado,0.05,tiktok_seller_center,0,0,0,0,,,0.0,0.0,0,0.0,1,0,0.0,1,2026-02,2026-02
SHOPKAHINDICA,2026-05,2026-05-01,2026-05-23,0.0,0.0,0.0,0.0,0,0.0,0,2,0.0,Ferro,sem_dado,0.05,tiktok_seller_center,,0,0,0,,0,0.0,0.0,0,0.0,0,2,0.0,1,2026-05,2026-05
SHOPLEILA26,2026-04,2026-04-01,2026-04-30,0.0,0.0,0.0,0.0,0,0.0,1,0,0.0,Ferro,sem_dado,0.05,tiktok_seller_center,0,0,0,0,,,0.0,0.0,0,0.0,1,0,0.0,1,2026-04,2026-04
SHOPLXY,2026-04,2026-04-01,2026-04-30,0.0,0.0,0.0,0.0,0,0.0,1,0,0.0,Ferro,sem_dado,0.05,tiktok_seller_center,0,0,0,0,,,0.0,0.0,0,0.0,1,0,0.0,1,2026-04,2026-04
SHOPMARI27,2026-04,2026-04-01,2026-04-30,0.0,0.0,0.0,0.0,0,0.0,3,0,0.0,Ferro,sem_dado,0.05,tiktok_seller_center,0,0,0,0,,,0.0,0.0,0,0.0,3,0,0.0,1,2026-04,2026-04
SHOPMARTAN,2026-03,2026-03-01,2026-03-31,0.0,0.0,0.0,0.0,0,0.0,0,1,0.0,Ferro,sem_dado,0.05,tiktok_seller_center,0,0,0,0,,,0.0,0.0,0,0.0,0,1,0.0,1,2026-03,2026-03
SHOPMIXR3,2026-01,2026-01-06,2026-01-31,0.0,0.0,0.0,0.0,0,0.0,1,0,0.0,Ferro,sem_dado,0.05,tiktok_seller_center,0,0,0,0,,,0.0,0.0,0,0.0,1,0,0.0,1,2026-01,2026-01
SHOPMODABR,2026-03,2026-03-01,2026-03-31,0.0,0.0,0.0,0.0,0,0.0,0,17,0.0,Ferro,sem_dado,0.05,tiktok_seller_center,0,0,0,0,,,0.0,0.0,0,0.0,0,17,0.0,1,2026-03,2026-03
SHOPMODASFEMININA,2026-04,2026-04-01,2026-04-30,0.0,0.0,0.0,0.0,0,0.0,1,0,0.0,Ferro,sem_dado,0.05,tiktok_seller_center,0,0,0,0,,,0.0,0.0,0,0.0,1,0,0.0,1,2026-04,2026-04
SHOPMUNIZ43,2026-03,2026-03-01,2026-03-31,0.0,0.0,0.0,0.0,0,0.0,0,3,0.0,Ferro,sem_dado,0.05,tiktok_seller_center,0,0,0,0,,,0.0,0.0,0,0.0,0,3,0.0,1,2026-03,2026-03
SHOPPCLIC,2026-01,2026-01-06,2026-01-31,0.0,0.0,0.0,0.0,0,0.0,0,2,0.0,Ferro,sem_dado,0.05,tiktok_seller_center,0,0,0,0,,,0.0,0.0,0,0.0,0,2,0.0,1,2026-01,2026-01
SHOPPING.KA81,2026-02,2026-02-01,2026-02-28,0.0,0.0,0.0,0.0,0,0.0,0,2,0.0,Ferro,sem_dado,0.05,tiktok_seller_center,0,0,0,0,,,0.0,0.0,0,0.0,0,2,0.0,1,2026-02,2026-02
SHOPPINGCASA__,2026-03,2026-03-01,2026-03-31,0.0,0.0,0.0,0.0,0,0.0,0,5,0.0,Ferro,sem_dado,0.05,tiktok_seller_center,0,0,0,0,,,484.16,286.19,5,197.97,12,70,14.31,3,2026-01,2026-03
SHOPPINGDELAS2,2026-04,2026-04-01,2026-04-30,0.0,0.0,0.0,0.0,0,0.0,1,2,0.0,Ferro,sem_dado,0.05,tiktok_seller_center,0,0,0,0,,,0.0,0.0,0,0.0,1,2,0.0,1,2026-04,2026-04
SHOPPINGESHOPPING,2026-05,2026-05-01,2026-05-23,0.0,0.0,0.0,0.0,0,0.0,0,10,0.0,Ferro,sem_dado,0.05,tiktok_seller_center,0,0,0,0,,0,0.0,0.0,0,0.0,0,13,0.0,2,2026-04,2026-05
SHOPPLAU,2026-04,2026-04-01,2026-04-30,0.0,0.0,0.0,0.0,0,0.0,2,0,0.0,Ferro,sem_dado,0.05,tiktok_seller_center,0,0,0,0,,,0.0,0.0,0,0.0,3,0,0.0,2,2026-03,2026-04
SHOPPNATHY,2026-02,2026-02-01,2026-02-28,0.0,0.0,0.0,0.0,0,0.0,0,1,0.0,Ferro,sem_dado,0.05,tiktok_seller_center,0,0,0,0,,,0.0,0.0,0,0.0,0,1,0.0,1,2026-02,2026-02
SHOPPOPBRASIL,2026-01,2026-01-06,2026-01-31,0.0,0.0,0.0,0.0,0,0.0,0,1,0.0,Ferro,sem_dado,0.05,tiktok_seller_center,0,0,0,0,,,0.0,0.0,0,0.0,0,1,0.0,1,2026-01,2026-01
SHOPPZE,2026-02,2026-02-01,2026-02-28,0.0,0.0,0.0,0.0,0,0.0,1,0,0.0,Ferro,sem_dado,0.05,tiktok_seller_center,0,0,0,0,,,0.0,0.0,0,0.0,1,0,0.0,1,2026-02,2026-02
SHOPP_CREATOR,2026-03,2026-03-01,2026-03-31,0.0,0.0,0.0,0.0,0,0.0,1,0,0.0,Ferro,sem_dado,0.05,tiktok_seller_center,0,0,0,0,,,0.0,0.0,0,0.0,1,0,0.0,1,2026-03,2026-03
SHOPP_TOKK,2026-04,2026-04-01,2026-04-30,0.0,0.0,0.0,0.0,0,0.0,1,0,0.0,Ferro,sem_dado,0.05,tiktok_seller_center,0,0,0,0,,,0.0,0.0,0,0.0,1,0,0.0,1,2026-04,2026-04
SHOPP_VIANA,2026-03,2026-03-01,2026-03-31,0.0,0.0,0.0,0.0,0,0.0,0,1,0.0,Ferro,sem_dado,0.05,tiktok_seller_center,0,0,0,0,,,0.0,0.0,0,0.0,0,1,0.0,1,2026-03,2026-03
SHOPSHOWTOP10,2026-01,2026-01-06,2026-01-31,0.0,0.0,0.0,0.0,0,0.0,1,0,0.0,Ferro,sem_dado,0.05,tiktok_seller_center,0,0,0,0,,,0.0,0.0,0,0.0,1,0,0.0,1,2026-01,2026-01
SHOPSTORE147,2026-03,2026-03-01,2026-03-31,0.0,0.0,0.0,0.0,0,0.0,2,0,0.0,Ferro,sem_dado,0.05,tiktok_seller_center,0,0,0,0,,,0.0,0.0,0,0.0,2,0,0.0,1,2026-03,2026-03
SHOPTIME720,2026-02,2026-02-01,2026-02-28,0.0,0.0,0.0,0.0,0,0.0,1,0,0.0,Ferro,sem_dado,0.05,tiktok_seller_center,0,0,0,0,,,0.0,0.0,0,0.0,1,0,0.0,1,2026-02,2026-02
SHOPTRIXBR,2026-04,2026-04-01,2026-04-30,0.0,0.0,0.0,0.0,0,0.0,0,1,0.0,Ferro,sem_dado,0.05,tiktok_seller_center,0,0,0,0,,,0.0,0.0,0,0.0,0,1,0.0,1,2026-04,2026-04
SHOPVENDAS11,2026-04,2026-04-01,2026-04-30,80.05,80.05,0.0,0.0,1,80.05,0,5,6.39,Ferro,sem_dado,0.05,tiktok_seller_center,1,0,1,0,,,80.05,80.05,1,0.0,0,7,4.0,2,2026-03,2026-04
SHOPVENDAS19,2026-02,2026-02-01,2026-02-28,0.0,0.0,0.0,0.0,0,0.0,3,0,0.0,Ferro,sem_dado,0.05,tiktok_seller_center,0,0,0,0,,,0.0,0.0,0,0.0,3,0,0.0,1,2026-02,2026-02
SHOPVIP78,2026-05,2026-05-01,2026-05-23,0.0,0.0,0.0,0.0,0,0.0,1,0,0.0,Ferro,sem_dado,0.05,tiktok_seller_center,,0,0,0,,0,0.0,0.0,0,0.0,1,0,0.0,1,2026-05,2026-05
SHOP_DA_NI,2026-03,2026-03-01,2026-03-31,0.0,0.0,0.0,0.0,0,0.0,0,2,0.0,Ferro,sem_dado,0.05,tiktok_seller_center,0,0,0,0,,,0.0,0.0,0,0.0,0,2,0.0,1,2026-03,2026-03
SHOP_LUNA1,2026-02,2026-02-01,2026-02-28,0.0,0.0,0.0,0.0,0,0.0,1,0,0.0,Ferro,sem_dado,0.05,tiktok_seller_center,0,0,0,0,,,0.0,0.0,0,0.0,1,0,0.0,1,2026-02,2026-02
SIALSWIFT,2026-04,2026-04-01,2026-04-30,0.0,0.0,0.0,0.0,0,0.0,1,0,0.0,Ferro,sem_dado,0.05,tiktok_seller_center,0,0,0,0,,,0.0,0.0,0,0.0,7,0,0.0,4,2026-01,2026-04
SIBELI.BREDA,2026-05,2026-05-01,2026-05-23,0.0,0.0,0.0,0.0,0,0.0,0,1,0.0,Ferro,sem_dado,0.05,tiktok_seller_center,,0,0,0,,0,0.0,0.0,0,0.0,0,1,0.0,1,2026-05,2026-05
SICOMPRAS,2026-03,2026-03-01,2026-03-31,0.0,0.0,0.0,0.0,0,0.0,0,1,0.0,Ferro,sem_dado,0.05,tiktok_seller_center,0,0,0,0,,,0.0,0.0,0,0.0,0,1,0.0,1,2026-03,2026-03
SIDERLIDASILVAFRA,2026-03,2026-03-01,2026-03-31,0.0,0.0,0.0,0.0,0,0.0,2,0,0.0,Ferro,sem_dado,0.05,tiktok_seller_center,0,0,0,0,,,0.0,0.0,0,0.0,2,0,0.0,1,2026-03,2026-03
SIDNEIASSIS5,2026-03,2026-03-01,2026-03-31,0.0,0.0,0.0,0.0,0,0.0,2,0,0.0,Ferro,sem_dado,0.05,tiktok_seller_center,0,0,0,0,,,0.0,0.0,0,0.0,2,0,0.0,1,2026-03,2026-03
SIDNEYFIGUEREDOOFICIAL,2026-01,2026-01-06,2026-01-31,0.0,0.0,0.0,0.0,0,0.0,0,2,0.0,Ferro,sem_dado,0.05,tiktok_seller_center,0,0,0,0,,,0.0,0.0,0,0.0,0,2,0.0,1,2026-01,2026-01
SIFRANCASHOP,2026-03,2026-03-01,2026-03-31,0.0,0.0,0.0,0.0,0,0.0,0,1,0.0,Ferro,sem_dado,0.05,tiktok_seller_center,0,0,0,0,,,0.0,0.0,0,0.0,0,1,0.0,1,2026-03,2026-03
SIGN.SHOP2026,2026-05,2026-05-01,2026-05-23,0.0,0.0,0.0,0.0,0,0.0,2,1,0.0,Ferro,sem_dado,0.05,tiktok_seller_center,0,0,0,0,,0,0.0,0.0,0,0.0,3,12,0.0,3,2026-03,2026-05
SIH.MIGUEL,2026-05,2026-05-01,2026-05-23,0.0,0.0,0.0,0.0,0,0.0,0,1,0.0,Ferro,sem_dado,0.05,tiktok_seller_center,0,0,0,0,,0,0.0,0.0,0,0.0,0,7,0.0,2,2026-04,2026-05
SIHLOJINHA517,2026-02,2026-02-01,2026-02-28,0.0,0.0,0.0,0.0,0,0.0,1,0,0.0,Ferro,sem_dado,0.05,tiktok_seller_center,0,0,0,0,,,0.0,0.0,0,0.0,1,0,0.0,1,2026-02,2026-02
SIIH_MAIA,2026-03,2026-03-01,2026-03-31,0.0,0.0,0.0,0.0,0,0.0,0,1,0.0,Ferro,sem_dado,0.05,tiktok_seller_center,0,0,0,0,,,0.0,0.0,0,0.0,0,1,0.0,1,2026-03,2026-03
SIINDICAOFICIAL,2026-02,2026-02-01,2026-02-28,0.0,0.0,0.0,0.0,0,0.0,0,3,0.0,Ferro,sem_dado,0.05,tiktok_seller_center,0,0,0,0,,,0.0,0.0,0,0.0,0,4,0.0,2,2026-01,2026-02
SIIRLENECOSTA,2026-05,2026-05-01,2026-05-23,0.0,0.0,0.0,0.0,0,0.0,0,1,0.0,Ferro,sem_dado,0.05,tiktok_seller_center,0,0,0,0,,0,0.0,0.0,0,0.0,0,7,0.0,2,2026-04,2026-05
SIJACOVASSIS,2026-04,2026-04-01,2026-04-30,0.0,0.0,0.0,0.0,0,0.0,1,2,0.0,Ferro,sem_dado,0.05,tiktok_seller_center,0,0,0,0,,,0.0,0.0,0,0.0,1,2,0.0,1,2026-04,2026-04
SILBENECHAGAS,2026-03,2026-03-01,2026-03-31,0.0,0.0,0.0,0.0,0,0.0,2,0,0.0,Ferro,sem_dado,0.05,tiktok_seller_center,0,0,0,0,,,0.0,0.0,0,0.0,2,1,0.0,2,2026-02,2026-03
SILBEREJANAINA,2026-05,2026-05-01,2026-05-23,0.0,0.0,0.0,0.0,0,0.0,0,1,0.0,Ferro,sem_dado,0.05,tiktok_seller_center,,0,0,0,,0,0.0,0.0,0,0.0,0,1,0.0,1,2026-05,2026-05
SILEI.SILVA0,2026-04,2026-04-01,2026-04-30,0.0,0.0,0.0,0.0,0,0.0,0,5,0.0,Ferro,sem_dado,0.05,tiktok_seller_center,0,0,0,0,,,0.0,0.0,0,0.0,0,6,0.0,2,2026-03,2026-04
SILMARAH_H,2026-04,2026-04-01,2026-04-30,0.0,0.0,0.0,0.0,0,0.0,0,1,0.0,Ferro,sem_dado,0.05,tiktok_seller_center,0,0,0,0,,,0.0,0.0,0,0.0,0,1,0.0,1,2026-04,2026-04
SILNICOLOF,2026-04,2026-04-01,2026-04-30,0.0,0.0,0.0,0.0,0,0.0,0,3,0.0,Ferro,sem_dado,0.05,tiktok_seller_center,0,0,0,0,,,0.0,0.0,0,0.0,0,3,0.0,1,2026-04,2026-04
SILSANTIAGOTRC,2026-05,2026-05-01,2026-05-23,975.2,731.9000000000001,243.3,24.95,9,108.36,0,0,79.9,Prata,sem_dado,0.09,tiktok_seller_center,47,3,1,0,,10,17329.43,15306.29,207,2023.14,30,0,1056.8,5,2026-01,2026-05
SILVA.SANDRA40,2026-04,2026-04-01,2026-04-30,0.0,0.0,0.0,0.0,0,0.0,1,0,0.0,Ferro,sem_dado,0.05,tiktok_seller_center,0,0,0,0,,,0.0,0.0,0,0.0,1,0,0.0,1,2026-04,2026-04
SILVAALDONAI,2026-05,2026-05-01,2026-05-23,0.0,0.0,0.0,0.0,0,0.0,0,3,0.0,Ferro,sem_dado,0.05,tiktok_seller_center,0,0,0,0,,0,0.0,0.0,0,0.0,0,19,0.0,4,2026-02,2026-05
SILVACISHOPCREATOR,2026-05,2026-05-01,2026-05-23,0.0,0.0,0.0,0.0,0,0.0,0,2,0.0,Ferro,sem_dado,0.05,tiktok_seller_center,,0,0,0,,0,0.0,0.0,0,0.0,0,2,0.0,1,2026-05,2026-05
SILVADANI006,2026-05,2026-05-01,2026-05-23,0.0,0.0,0.0,0.0,0,0.0,1,0,0.0,Ferro,sem_dado,0.05,tiktok_seller_center,,0,0,0,,0,0.0,0.0,0,0.0,1,0,0.0,1,2026-05,2026-05
SILVAINDICA4,2026-02,2026-02-01,2026-02-28,0.0,0.0,0.0,0.0,0,0.0,1,0,0.0,Ferro,sem_dado,0.05,tiktok_seller_center,0,0,0,0,,,0.0,0.0,0,0.0,1,0,0.0,1,2026-02,2026-02
SILVANAINDICAACHADOS,2026-05,2026-05-01,2026-05-23,0.0,0.0,0.0,0.0,0,0.0,0,7,0.0,Ferro,sem_dado,0.05,tiktok_seller_center,,0,0,0,,0,0.0,0.0,0,0.0,0,7,0.0,1,2026-05,2026-05
SILVANALIMA8813,2026-02,2026-02-01,2026-02-28,0.0,0.0,0.0,0.0,0,0.0,2,0,0.0,Ferro,sem_dado,0.05,tiktok_seller_center,0,0,0,0,,,0.0,0.0,0,0.0,2,0,0.0,1,2026-02,2026-02
SILVANAMARONETTI,2026-04,2026-04-01,2026-04-30,0.0,0.0,0.0,0.0,0,0.0,0,2,0.0,Ferro,sem_dado,0.05,tiktok_seller_center,0,0,0,0,,,0.0,0.0,0,0.0,0,15,0.0,2,2026-03,2026-04
SILVANANOBREGA15,2026-05,2026-05-01,2026-05-23,0.0,0.0,0.0,0.0,0,0.0,0,1,0.0,Ferro,sem_dado,0.05,tiktok_seller_center,,0,0,0,,0,0.0,0.0,0,0.0,0,1,0.0,1,2026-05,2026-05
SILVAPROMOS54,2026-03,2026-03-01,2026-03-31,0.0,0.0,0.0,0.0,0,0.0,1,0,0.0,Ferro,sem_dado,0.05,tiktok_seller_center,0,0,0,0,,,0.0,0.0,0,0.0,1,0,0.0,1,2026-03,2026-03
SILVA_SILVA1106,2026-02,2026-02-01,2026-02-28,83.62,83.62,0.0,0.0,1,83.62,0,0,7.99,Ferro,sem_dado,0.05,tiktok_seller_center,1,0,1,0,,,83.62,83.62,1,0.0,0,0,4.18,1,2026-02,2026-02
SILVIAHVINHA,2026-02,2026-02-01,2026-02-28,0.0,0.0,0.0,0.0,0,0.0,1,0,0.0,Ferro,sem_dado,0.05,tiktok_seller_center,0,0,0,0,,,0.0,0.0,0,0.0,1,0,0.0,1,2026-02,2026-02
SILVIAOLIVEIRA909,2026-04,2026-04-01,2026-04-30,0.0,0.0,0.0,0.0,0,0.0,0,1,0.0,Ferro,sem_dado,0.05,tiktok_seller_center,0,0,0,0,,,0.0,0.0,0,0.0,0,2,0.0,2,2026-02,2026-04
SILVIASANTOS_15,2026-05,2026-05-01,2026-05-23,0.0,0.0,0.0,0.0,0,0.0,2,4,0.0,Ferro,sem_dado,0.05,tiktok_seller_center,,0,0,0,,0,0.0,0.0,0,0.0,2,4,0.0,1,2026-05,2026-05
SILVIASHOPCREATOR,2026-03,2026-03-01,2026-03-31,0.0,0.0,0.0,0.0,0,0.0,0,1,0.0,Ferro,sem_dado,0.05,tiktok_seller_center,0,0,0,0,,,0.0,0.0,0,0.0,0,1,0.0,1,2026-03,2026-03
SILVNAIARA,2026-05,2026-05-01,2026-05-23,0.0,0.0,0.0,0.0,0,0.0,2,0,0.0,Ferro,sem_dado,0.05,tiktok_seller_center,,0,0,1,,0,0.0,0.0,0,0.0,2,0,0.0,1,2026-05,2026-05
SILVRCAROLLINA1,2026-04,2026-04-01,2026-04-30,0.0,0.0,0.0,0.0,0,0.0,0,2,0.0,Ferro,sem_dado,0.05,tiktok_seller_center,0,0,0,0,,,0.0,0.0,0,0.0,0,2,0.0,1,2026-04,2026-04
SIL_RNS,2026-03,2026-03-01,2026-03-31,0.0,0.0,0.0,0.0,0,0.0,0,26,0.0,Ferro,sem_dado,0.05,tiktok_seller_center,0,0,0,0,,,0.0,0.0,0,0.0,0,32,0.0,2,2026-02,2026-03
SIL_SCHERBATY,2026-02,2026-02-01,2026-02-28,0.0,0.0,0.0,0.0,0,0.0,1,0,0.0,Ferro,sem_dado,0.05,tiktok_seller_center,0,0,0,0,,,0.0,0.0,0,0.0,1,0,0.0,1,2026-02,2026-02
SIMONE.SANTOS.SHOP,2026-04,2026-04-01,2026-04-30,0.0,0.0,0.0,0.0,0,0.0,0,1,0.0,Ferro,sem_dado,0.05,tiktok_seller_center,0,0,0,0,,,0.0,0.0,0,0.0,0,3,0.0,2,2026-03,2026-04
SIMONECREATON,2026-05,2026-05-01,2026-05-23,0.0,0.0,0.0,0.0,0,0.0,1,0,0.0,Ferro,sem_dado,0.05,tiktok_seller_center,,0,0,0,,0,0.0,0.0,0,0.0,1,0,0.0,1,2026-05,2026-05
SIMONELOBAO10,2026-05,2026-05-01,2026-05-23,0.0,0.0,0.0,0.0,0,0.0,1,0,0.0,Ferro,sem_dado,0.05,tiktok_seller_center,,0,0,0,,0,0.0,0.0,0,0.0,1,0,0.0,1,2026-05,2026-05
SIMONEOLIVEIRA741,2026-04,2026-04-01,2026-04-30,0.0,0.0,0.0,0.0,0,0.0,0,1,0.0,Ferro,sem_dado,0.05,tiktok_seller_center,0,0,0,0,,,0.0,0.0,0,0.0,0,6,0.0,2,2026-03,2026-04
SIMONETELES4.8,2026-04,2026-04-01,2026-04-30,0.0,0.0,0.0,0.0,0,0.0,0,2,0.0,Ferro,sem_dado,0.05,tiktok_seller_center,0,0,0,0,,,0.0,0.0,0,0.0,0,2,0.0,1,2026-04,2026-04
SIMONEVORCARO,2026-05,2026-05-01,2026-05-23,0.0,0.0,0.0,0.0,0,0.0,2,0,0.0,Ferro,sem_dado,0.05,tiktok_seller_center,0,0,0,0,,0,0.0,0.0,0,0.0,3,0,0.0,2,2026-04,2026-05
SIMONE_BRAGAA,2026-02,2026-02-01,2026-02-28,0.0,0.0,0.0,0.0,0,0.0,0,1,0.0,Ferro,sem_dado,0.05,tiktok_seller_center,0,0,0,0,,,81.09,81.09,1,0.0,0,1,4.05,2,2026-01,2026-02
SINCERAMENTETATA,2026-02,2026-02-01,2026-02-28,0.0,0.0,0.0,0.0,0,0.0,1,0,0.0,Ferro,sem_dado,0.05,tiktok_seller_center,0,0,0,0,,,0.0,0.0,0,0.0,1,0,0.0,1,2026-02,2026-02
SINDYCREATOR,2026-05,2026-05-01,2026-05-23,0.0,0.0,0.0,0.0,0,0.0,0,8,0.0,Ferro,sem_dado,0.05,tiktok_seller_center,0,0,0,0,,0,0.0,0.0,0,0.0,3,25,0.0,3,2026-03,2026-05
SIRLANDIAOFICIAL01,2026-04,2026-04-01,2026-04-30,0.0,0.0,0.0,0.0,0,0.0,0,24,0.0,Ferro,sem_dado,0.05,tiktok_seller_center,0,0,0,0,,,0.0,0.0,0,0.0,0,29,0.0,2,2026-03,2026-04
SLEMART1234,2026-04,2026-04-01,2026-04-30,0.0,0.0,0.0,0.0,0,0.0,1,0,0.0,Ferro,sem_dado,0.05,tiktok_seller_center,0,0,0,0,,,0.0,0.0,0,0.0,1,0,0.0,1,2026-04,2026-04
SLIM.RIO,2026-05,2026-05-01,2026-05-23,0.0,0.0,0.0,0.0,0,0.0,1,0,0.0,Ferro,sem_dado,0.05,tiktok_seller_center,0,0,0,0,,0,0.0,0.0,0,0.0,12,0,0.0,3,2026-03,2026-05
SO.OFERTABOA,2026-03,2026-03-01,2026-03-31,0.0,0.0,0.0,0.0,0,0.0,0,1,0.0,Ferro,sem_dado,0.05,tiktok_seller_center,0,0,0,0,,,0.0,0.0,0,0.0,0,1,0.0,1,2026-03,2026-03
SOARESDUDAAALM,2026-05,2026-05-01,2026-05-23,0.0,0.0,0.0,0.0,0,0.0,0,43,0.0,Ferro,sem_dado,0.05,tiktok_seller_center,0,0,0,0,,0,0.0,0.0,0,0.0,0,112,0.0,2,2026-04,2026-05
SOBREVIDADECASAL,2026-05,2026-05-01,2026-05-23,104.99,104.99,0.0,0.0,1,104.99,1,4,8.71,Ferro,sem_dado,0.05,tiktok_seller_center,0,0,1,0,,1,104.99,104.99,1,0.0,2,9,5.25,2,2026-04,2026-05
SOCIARAYMALINI,2026-05,2026-05-01,2026-05-23,0.0,0.0,0.0,0.0,0,0.0,0,1,0.0,Ferro,sem_dado,0.05,tiktok_seller_center,0,0,0,0,,0,0.0,0.0,0,0.0,0,2,0.0,2,2026-01,2026-05
SOCOISABOA.SHOP,2026-01,2026-01-06,2026-01-31,0.0,0.0,0.0,0.0,0,0.0,2,0,0.0,Ferro,sem_dado,0.05,tiktok_seller_center,0,0,0,0,,,0.0,0.0,0,0.0,2,0,0.0,1,2026-01,2026-01
SOCORRORODRIGUES83,2026-02,2026-02-01,2026-02-28,0.0,0.0,0.0,0.0,0,0.0,0,1,0.0,Ferro,sem_dado,0.05,tiktok_seller_center,0,0,0,0,,,0.0,0.0,0,0.0,0,1,0.0,1,2026-02,2026-02
SOFIA97258,2026-04,2026-04-01,2026-04-30,0.0,0.0,0.0,0.0,0,0.0,1,0,0.0,Ferro,sem_dado,0.05,tiktok_seller_center,0,0,0,0,,,0.0,0.0,0,0.0,1,0,0.0,1,2026-04,2026-04
SOFIABRAGAA034,2026-02,2026-02-01,2026-02-28,0.0,0.0,0.0,0.0,0,0.0,1,0,0.0,Ferro,sem_dado,0.05,tiktok_seller_center,0,0,0,0,,,0.0,0.0,0,0.0,1,0,0.0,1,2026-02,2026-02
SOFIADAILYX,2026-03,2026-03-01,2026-03-31,0.0,0.0,0.0,0.0,0,0.0,1,0,0.0,Ferro,sem_dado,0.05,tiktok_seller_center,0,0,0,0,,,0.0,0.0,0,0.0,1,0,0.0,1,2026-03,2026-03
SOFIAINDIC4,2026-03,2026-03-01,2026-03-31,0.0,0.0,0.0,0.0,0,0.0,1,0,0.0,Ferro,sem_dado,0.05,tiktok_seller_center,0,0,0,0,,,0.0,0.0,0,0.0,1,0,0.0,1,2026-03,2026-03
SOFIAMARTINSSHOP,2026-02,2026-02-01,2026-02-28,0.0,0.0,0.0,0.0,0,0.0,1,0,0.0,Ferro,sem_dado,0.05,tiktok_seller_center,0,0,0,0,,,0.0,0.0,0,0.0,1,0,0.0,1,2026-02,2026-02
SOFIAMIA3537,2026-04,2026-04-01,2026-04-30,0.0,0.0,0.0,0.0,0,0.0,1,0,0.0,Ferro,sem_dado,0.05,tiktok_seller_center,0,0,0,0,,,0.0,0.0,0,0.0,2,0,0.0,2,2026-03,2026-04
SOFIARIBEIRO.SHP,2026-02,2026-02-01,2026-02-28,0.0,0.0,0.0,0.0,0,0.0,1,0,0.0,Ferro,sem_dado,0.05,tiktok_seller_center,0,0,0,0,,,0.0,0.0,0,0.0,1,0,0.0,1,2026-02,2026-02
SOFIAVALENCA_293,2026-03,2026-03-01,2026-03-31,0.0,0.0,0.0,0.0,0,0.0,2,0,0.0,Ferro,sem_dado,0.05,tiktok_seller_center,0,0,0,0,,,0.0,0.0,0,0.0,2,0,0.0,1,2026-03,2026-03
SOFIDOMMAN,2026-05,2026-05-01,2026-05-23,0.0,0.0,0.0,0.0,0,0.0,5,0,0.0,Ferro,sem_dado,0.05,tiktok_seller_center,,0,0,0,,0,0.0,0.0,0,0.0,5,0,0.0,1,2026-05,2026-05
SOFIEMONTEIROO,2026-02,2026-02-01,2026-02-28,0.0,0.0,0.0,0.0,0,0.0,1,0,0.0,Ferro,sem_dado,0.05,tiktok_seller_center,0,0,0,0,,,0.0,0.0,0,0.0,1,0,0.0,1,2026-02,2026-02
SOHANEGOMIDE,2026-01,2026-01-06,2026-01-31,75.99,75.99,0.0,0.0,1,75.99,1,0,7.6,Ferro,sem_dado,0.05,tiktok_seller_center,1,0,1,0,,,75.99,75.99,1,0.0,1,0,3.8,1,2026-01,2026-01
SOL81856,2026-03,2026-03-01,2026-03-31,0.0,0.0,0.0,0.0,0,0.0,0,1,0.0,Ferro,sem_dado,0.05,tiktok_seller_center,0,0,0,0,,,0.0,0.0,0,0.0,0,1,0.0,1,2026-03,2026-03
SOLANGEHERALDOLOU,2026-03,2026-03-01,2026-03-31,0.0,0.0,0.0,0.0,0,0.0,0,1,0.0,Ferro,sem_dado,0.05,tiktok_seller_center,0,0,0,0,,,0.0,0.0,0,0.0,0,1,0.0,1,2026-03,2026-03
SOLANGEM.SALVADOR,2026-01,2026-01-06,2026-01-31,0.0,0.0,0.0,0.0,0,0.0,0,1,0.0,Ferro,sem_dado,0.05,tiktok_seller_center,0,0,0,0,,,0.0,0.0,0,0.0,0,1,0.0,1,2026-01,2026-01
SOLANGEPARMIGIANI,2026-04,2026-04-01,2026-04-30,0.0,0.0,0.0,0.0,0,0.0,0,6,0.0,Ferro,sem_dado,0.05,tiktok_seller_center,0,0,0,0,,,0.0,0.0,0,0.0,0,6,0.0,1,2026-04,2026-04
SOLANGE_COIMBRAARAUJO,2026-05,2026-05-01,2026-05-23,0.0,0.0,0.0,0.0,0,0.0,1,1,0.0,Ferro,sem_dado,0.05,tiktok_seller_center,,0,0,0,,0,0.0,0.0,0,0.0,1,1,0.0,1,2026-05,2026-05
SOLDECRISTOLIVESHOP,2026-05,2026-05-01,2026-05-23,0.0,0.0,0.0,0.0,0,0.0,0,24,0.0,Ferro,sem_dado,0.05,tiktok_seller_center,2,0,0,0,,0,157.07,157.07,1,0.0,0,77,7.85,5,2026-01,2026-05
SOLINK1000,2026-02,2026-02-01,2026-02-28,0.0,0.0,0.0,0.0,0,0.0,1,0,0.0,Ferro,sem_dado,0.05,tiktok_seller_center,0,0,0,0,,,0.0,0.0,0,0.0,1,0,0.0,1,2026-02,2026-02
SOLLLSHOP,2026-02,2026-02-01,2026-02-28,0.0,0.0,0.0,0.0,0,0.0,2,0,0.0,Ferro,sem_dado,0.05,tiktok_seller_center,0,0,0,0,,,0.0,0.0,0,0.0,2,0,0.0,1,2026-02,2026-02
SOMDEFELOUVOR,2026-02,2026-02-01,2026-02-28,0.0,0.0,0.0,0.0,0,0.0,1,0,0.0,Ferro,sem_dado,0.05,tiktok_seller_center,0,0,0,0,,,0.0,0.0,0,0.0,1,0,0.0,1,2026-02,2026-02
SOMEMEBRO,2026-05,2026-05-01,2026-05-23,0.0,0.0,0.0,0.0,0,0.0,0,1,0.0,Ferro,sem_dado,0.05,tiktok_seller_center,,0,0,0,,0,0.0,0.0,0,0.0,0,1,0.0,1,2026-05,2026-05
SOMENTEPARAASPRINCESAS,2026-03,2026-03-01,2026-03-31,0.0,0.0,0.0,0.0,0,0.0,2,0,0.0,Ferro,sem_dado,0.05,tiktok_seller_center,0,0,0,0,,,0.0,0.0,0,0.0,2,0,0.0,1,2026-03,2026-03
SOMEONEDUDA,2026-05,2026-05-01,2026-05-23,3059.87,2367.3199999999997,692.55,22.63,32,95.62,3,0,208.97,Prata,sem_dado,0.09,tiktok_seller_center,136,8,1,0,,32,15452.02,13716.82,185,1735.2,34,7,1125.8,4,2026-02,2026-05
SOMOSPELAFE1,2026-04,2026-04-01,2026-04-30,0.0,0.0,0.0,0.0,0,0.0,1,0,0.0,Ferro,sem_dado,0.05,tiktok_seller_center,0,0,0,0,,,0.0,0.0,0,0.0,1,0,0.0,1,2026-04,2026-04
SONHOSREVELADOS25,2026-03,2026-03-01,2026-03-31,0.0,0.0,0.0,0.0,0,0.0,1,0,0.0,Ferro,sem_dado,0.05,tiktok_seller_center,0,0,0,0,,,0.0,0.0,0,0.0,2,0,0.0,2,2026-01,2026-03
SONIA.MORAES291,2026-05,2026-05-01,2026-05-23,0.0,0.0,0.0,0.0,0,0.0,0,1,0.0,Ferro,sem_dado,0.05,tiktok_seller_center,0,0,0,0,,0,0.0,0.0,0,0.0,0,5,0.0,2,2026-03,2026-05
SONIAMARA1962,2026-03,2026-03-01,2026-03-31,0.0,0.0,0.0,0.0,0,0.0,0,3,0.0,Ferro,sem_dado,0.05,tiktok_seller_center,0,0,0,0,,,0.0,0.0,0,0.0,0,10,0.0,2,2026-02,2026-03
SONIVALDAFERREIRA3,2026-05,2026-05-01,2026-05-23,0.0,0.0,0.0,0.0,0,0.0,0,1,0.0,Ferro,sem_dado,0.05,tiktok_seller_center,,0,0,0,,0,0.0,0.0,0,0.0,0,1,0.0,1,2026-05,2026-05
SOPHIACARVALHOO3,2026-04,2026-04-01,2026-04-30,0.0,0.0,0.0,0.0,0,0.0,1,0,0.0,Ferro,sem_dado,0.05,tiktok_seller_center,0,0,0,0,,,0.0,0.0,0,0.0,1,0,0.0,1,2026-04,2026-04
SOPHIALORENAFRANCISCO,2026-04,2026-04-01,2026-04-30,0.0,0.0,0.0,0.0,0,0.0,1,0,0.0,Ferro,sem_dado,0.05,tiktok_seller_center,0,0,0,0,,,0.0,0.0,0,0.0,1,0,0.0,1,2026-04,2026-04
SOPHIASHOPKV,2026-02,2026-02-01,2026-02-28,0.0,0.0,0.0,0.0,0,0.0,2,1,0.0,Ferro,sem_dado,0.05,tiktok_seller_center,0,0,0,0,,,0.0,0.0,0,0.0,2,1,0.0,1,2026-02,2026-02
SOPHIIALIMASZ,2026-05,2026-05-01,2026-05-23,0.0,0.0,0.0,0.0,0,0.0,0,2,0.0,Ferro,sem_dado,0.05,tiktok_seller_center,0,0,0,0,,0,0.0,0.0,0,0.0,0,4,0.0,2,2026-03,2026-05
SOPINHA_044,2026-03,2026-03-01,2026-03-31,0.0,0.0,0.0,0.0,0,0.0,1,0,0.0,Ferro,sem_dado,0.05,tiktok_seller_center,0,0,0,0,,,0.0,0.0,0,0.0,1,0,0.0,1,2026-03,2026-03
SORAIAROCHA272,2026-05,2026-05-01,2026-05-23,0.0,0.0,0.0,0.0,0,0.0,0,9,0.0,Ferro,sem_dado,0.05,tiktok_seller_center,0,0,0,0,,0,0.0,0.0,0,0.0,0,11,0.0,2,2026-04,2026-05
SORAYAYALLA,2026-03,2026-03-01,2026-03-31,0.0,0.0,0.0,0.0,0,0.0,1,0,0.0,Ferro,sem_dado,0.05,tiktok_seller_center,0,0,0,0,,,0.0,0.0,0,0.0,1,0,0.0,1,2026-03,2026-03
SORELOGIOSDELUXO,2026-04,2026-04-01,2026-04-30,0.0,0.0,0.0,0.0,0,0.0,1,0,0.0,Ferro,sem_dado,0.05,tiktok_seller_center,0,0,0,0,,,0.0,0.0,0,0.0,1,0,0.0,1,2026-04,2026-04
SORRISOBRASIL6,2026-01,2026-01-06,2026-01-31,0.0,0.0,0.0,0.0,0,0.0,0,3,0.0,Ferro,sem_dado,0.05,tiktok_seller_center,0,0,0,0,,,0.0,0.0,0,0.0,0,3,0.0,1,2026-01,2026-01
SOSIADAMEGANFOX,2026-01,2026-01-06,2026-01-31,0.0,-79.9,79.9,0.0,0,0.0,0,0,0.0,Ferro,sem_dado,0.05,tiktok_seller_center,0,1,0,0,,,0.0,-79.9,0,79.9,0,0,-4.0,1,2026-01,2026-01
SOUATHAIII,2026-03,2026-03-01,2026-03-31,72.89,72.89,0.0,0.0,1,72.89,0,0,6.66,Ferro,sem_dado,0.05,tiktok_seller_center,1,0,1,0,,,72.89,72.89,1,0.0,0,1,3.64,2,2026-02,2026-03
SOUCIELA,2026-03,2026-03-01,2026-03-31,0.0,0.0,0.0,0.0,0,0.0,0,1,0.0,Ferro,sem_dado,0.05,tiktok_seller_center,0,0,0,0,,,0.0,0.0,0,0.0,0,1,0.0,1,2026-03,2026-03
SOUESTERBRANDAO,2026-04,2026-04-01,2026-04-30,0.0,0.0,0.0,0.0,0,0.0,0,2,0.0,Ferro,sem_dado,0.05,tiktok_seller_center,0,0,0,0,,,0.0,0.0,0,0.0,0,2,0.0,1,2026-04,2026-04
SOUEUANDREIAOLIVEIRA,2026-05,2026-05-01,2026-05-23,0.0,0.0,0.0,0.0,0,0.0,3,16,0.0,Ferro,sem_dado,0.05,tiktok_seller_center,,0,0,0,,0,0.0,0.0,0,0.0,3,16,0.0,1,2026-05,2026-05
SOUFLAVIACABRAL,2026-01,2026-01-06,2026-01-31,0.0,0.0,0.0,0.0,0,0.0,1,0,0.0,Ferro,sem_dado,0.05,tiktok_seller_center,0,0,0,0,,,0.0,0.0,0,0.0,1,0,0.0,1,2026-01,2026-01
SOUGABRIELANEVES,2026-05,2026-05-01,2026-05-23,0.0,0.0,0.0,0.0,0,0.0,1,0,0.0,Ferro,sem_dado,0.05,tiktok_seller_center,1,0,0,0,,0,1201.08,1118.76,15,82.32,9,0,55.94,5,2026-01,2026-05
SOUJESS.C,2026-04,2026-04-01,2026-04-30,0.0,0.0,0.0,0.0,0,0.0,4,0,0.0,Ferro,sem_dado,0.05,tiktok_seller_center,0,0,0,0,,,0.0,0.0,0,0.0,4,0,0.0,1,2026-04,2026-04
SOUJESSICAQUEIROZ,2026-03,2026-03-01,2026-03-31,79.9,79.9,0.0,0.0,1,79.9,0,20,7.99,Ferro,sem_dado,0.05,tiktok_seller_center,1,0,1,0,,,79.9,79.9,1,0.0,0,20,4.0,1,2026-03,2026-03
SOUJOANNA_,2026-03,2026-03-01,2026-03-31,0.0,0.0,0.0,0.0,0,0.0,1,0,0.0,Ferro,sem_dado,0.05,tiktok_seller_center,0,0,0,0,,,0.0,0.0,0,0.0,1,0,0.0,1,2026-03,2026-03
SOUMAFELOPES,2026-05,2026-05-01,2026-05-23,0.0,0.0,0.0,0.0,0,0.0,1,0,0.0,Ferro,sem_dado,0.05,tiktok_seller_center,0,0,0,0,,0,0.0,0.0,0,0.0,2,0,0.0,2,2026-04,2026-05
SOUMCCRISTIANE,2026-02,2026-02-01,2026-02-28,0.0,0.0,0.0,0.0,0,0.0,0,1,0.0,Ferro,sem_dado,0.05,tiktok_seller_center,0,0,0,0,,,0.0,0.0,0,0.0,0,1,0.0,1,2026-02,2026-02
SOUSTEFANIMOREIRA,2026-04,2026-04-01,2026-04-30,0.0,0.0,0.0,0.0,0,0.0,0,10,0.0,Ferro,sem_dado,0.05,tiktok_seller_center,0,0,0,0,,,0.0,0.0,0,0.0,0,10,0.0,1,2026-04,2026-04
SOUTALITASOUZA,2026-04,2026-04-01,2026-04-30,0.0,0.0,0.0,0.0,0,0.0,0,9,0.0,Ferro,sem_dado,0.05,tiktok_seller_center,0,0,0,0,,,0.0,0.0,0,0.0,0,9,0.0,1,2026-04,2026-04
SOUZAISACREADORTTK,2026-04,2026-04-01,2026-04-30,0.0,0.0,0.0,0.0,0,0.0,0,1,0.0,Ferro,sem_dado,0.05,tiktok_seller_center,0,0,0,0,,,0.0,0.0,0,0.0,0,1,0.0,1,2026-04,2026-04
SOUZANESSA132,2026-05,2026-05-01,2026-05-23,0.0,0.0,0.0,0.0,0,0.0,0,1,0.0,Ferro,sem_dado,0.05,tiktok_seller_center,0,0,0,0,,0,0.0,0.0,0,0.0,0,2,0.0,2,2026-04,2026-05
SOYGILMARA,2026-04,2026-04-01,2026-04-30,0.0,0.0,0.0,0.0,0,0.0,0,3,0.0,Ferro,sem_dado,0.05,tiktok_seller_center,0,0,0,0,,,0.0,0.0,0,0.0,0,3,0.0,1,2026-04,2026-04
SPLESTORE,2026-04,2026-04-01,2026-04-30,0.0,0.0,0.0,0.0,0,0.0,1,0,0.0,Ferro,sem_dado,0.05,tiktok_seller_center,0,0,0,0,,,0.0,0.0,0,0.0,1,0,0.0,1,2026-04,2026-04
STAINAMERICANBULLY,2026-03,2026-03-01,2026-03-31,0.0,0.0,0.0,0.0,0,0.0,1,0,0.0,Ferro,sem_dado,0.05,tiktok_seller_center,0,0,0,0,,,0.0,0.0,0,0.0,1,0,0.0,1,2026-03,2026-03
STARSHOP333,2026-03,2026-03-01,2026-03-31,0.0,0.0,0.0,0.0,0,0.0,1,0,0.0,Ferro,sem_dado,0.05,tiktok_seller_center,0,0,0,0,,,0.0,0.0,0,0.0,1,0,0.0,1,2026-03,2026-03
STEALVESA,2026-03,2026-03-01,2026-03-31,0.0,0.0,0.0,0.0,0,0.0,1,0,0.0,Ferro,sem_dado,0.05,tiktok_seller_center,0,0,0,0,,,0.0,0.0,0,0.0,1,0,0.0,1,2026-03,2026-03
STEE.IGLS,2026-03,2026-03-01,2026-03-31,0.0,0.0,0.0,0.0,0,0.0,2,0,0.0,Ferro,sem_dado,0.05,tiktok_seller_center,0,0,0,0,,,0.0,0.0,0,0.0,3,4,0.0,3,2026-01,2026-03
STEE_MELLO,2026-04,2026-04-01,2026-04-30,287.24,287.24,0.0,0.0,3,95.75,13,4,20.13,Ferro,sem_dado,0.05,tiktok_seller_center,3,0,1,0,,,287.24,287.24,3,0.0,13,4,14.36,1,2026-04,2026-04
STEFANEVIANALEITE,2026-05,2026-05-01,2026-05-23,0.0,0.0,0.0,0.0,0,0.0,0,2,0.0,Ferro,sem_dado,0.05,tiktok_seller_center,0,0,0,0,,0,0.0,0.0,0,0.0,0,4,0.0,2,2026-04,2026-05
STEFANIEMELO12,2026-05,2026-05-01,2026-05-23,0.0,0.0,0.0,0.0,0,0.0,0,11,0.0,Ferro,sem_dado,0.05,tiktok_seller_center,0,0,0,0,,0,0.0,0.0,0,0.0,0,48,0.0,4,2026-02,2026-05
STEFANIPAULAS,2026-03,2026-03-01,2026-03-31,0.0,0.0,0.0,0.0,0,0.0,2,7,0.0,Ferro,sem_dado,0.05,tiktok_seller_center,0,0,0,0,,,0.0,0.0,0,0.0,2,7,0.0,1,2026-03,2026-03
STEFF5177,2026-05,2026-05-01,2026-05-23,0.0,0.0,0.0,0.0,0,0.0,0,1,0.0,Ferro,sem_dado,0.05,tiktok_seller_center,,0,0,0,,0,0.0,0.0,0,0.0,0,1,0.0,1,2026-05,2026-05
STEH.SHOPCREATOR,2026-04,2026-04-01,2026-04-30,0.0,0.0,0.0,0.0,0,0.0,10,0,0.0,Ferro,sem_dado,0.05,tiktok_seller_center,0,0,0,0,,,0.0,0.0,0,0.0,13,0,0.0,2,2026-03,2026-04
STEH.SHOPP,2026-03,2026-03-01,2026-03-31,79.9,79.9,0.0,0.0,1,79.9,0,6,7.99,Ferro,sem_dado,0.05,tiktok_seller_center,1,0,1,0,,,79.9,79.9,1,0.0,0,7,4.0,2,2026-02,2026-03
STELLA.MARIA83,2026-04,2026-04-01,2026-04-30,75.09,75.09,0.0,0.0,1,75.09,0,0,8.0,Ferro,sem_dado,0.05,tiktok_seller_center,1,0,1,0,,,159.04000000000002,159.04000000000002,2,0.0,2,0,7.95,3,2026-02,2026-04
STELLAMAITEE,2026-04,2026-04-01,2026-04-30,0.0,0.0,0.0,0.0,0,0.0,3,0,0.0,Ferro,sem_dado,0.05,tiktok_seller_center,0,0,0,0,,,0.0,0.0,0,0.0,3,0,0.0,1,2026-04,2026-04
STELLARECOMENDA01,2026-01,2026-01-06,2026-01-31,0.0,0.0,0.0,0.0,0,0.0,1,0,0.0,Ferro,sem_dado,0.05,tiktok_seller_center,0,0,0,0,,,0.0,0.0,0,0.0,1,0,0.0,1,2026-01,2026-01
STELLASHOPCREATORS,2026-02,2026-02-01,2026-02-28,0.0,0.0,0.0,0.0,0,0.0,2,0,0.0,Ferro,sem_dado,0.05,tiktok_seller_center,0,0,0,0,,,0.0,0.0,0,0.0,2,0,0.0,1,2026-02,2026-02
STERFHANIPINHEIRO,2026-05,2026-05-01,2026-05-23,0.0,0.0,0.0,0.0,0,0.0,0,4,0.0,Ferro,sem_dado,0.05,tiktok_seller_center,,0,0,0,,0,0.0,0.0,0,0.0,0,4,0.0,1,2026-05,2026-05
STHEFANYMAIIAA,2026-05,2026-05-01,2026-05-23,0.0,0.0,0.0,0.0,0,0.0,1,0,0.0,Ferro,sem_dado,0.05,tiktok_seller_center,0,0,0,0,,0,0.0,0.0,0,0.0,2,0,0.0,2,2026-04,2026-05
STTE.__,2026-05,2026-05-01,2026-05-23,0.0,-80.4,80.4,0.0,0,0.0,0,2,0.0,Ferro,sem_dado,0.05,tiktok_seller_center,4,1,0,0,,0,321.09,240.68999999999997,4,80.4,11,62,12.030000000000001,3,2026-03,2026-05
STUDIODARAFA_TOKSHOP7,2026-03,2026-03-01,2026-03-31,0.0,0.0,0.0,0.0,0,0.0,1,0,0.0,Ferro,sem_dado,0.05,tiktok_seller_center,0,0,0,0,,,0.0,0.0,0,0.0,1,0,0.0,1,2026-03,2026-03
STUDIOGEISLATAIRONE,2026-03,2026-03-01,2026-03-31,88.22,88.22,0.0,0.0,1,88.22,0,0,8.5,Ferro,sem_dado,0.05,tiktok_seller_center,1,0,1,0,,,88.22,88.22,1,0.0,0,0,4.41,1,2026-03,2026-03
STYLEBYSTE,2026-04,2026-04-01,2026-04-30,74.73,74.73,0.0,0.0,1,74.73,0,0,6.39,Ferro,sem_dado,0.05,tiktok_seller_center,1,0,1,0,,,74.73,74.73,1,0.0,0,0,3.74,1,2026-04,2026-04
STYLEESAUDE26,2026-03,2026-03-01,2026-03-31,0.0,0.0,0.0,0.0,0,0.0,2,0,0.0,Ferro,sem_dado,0.05,tiktok_seller_center,0,0,0,0,,,0.0,0.0,0,0.0,3,0,0.0,2,2026-02,2026-03
STYLESHOP.PROMO,2026-03,2026-03-01,2026-03-31,0.0,0.0,0.0,0.0,0,0.0,1,0,0.0,Ferro,sem_dado,0.05,tiktok_seller_center,0,0,0,0,,,0.0,0.0,0,0.0,1,0,0.0,1,2026-03,2026-03
STYLEVIBEINC,2026-04,2026-04-01,2026-04-30,0.0,0.0,0.0,0.0,0,0.0,3,0,0.0,Ferro,sem_dado,0.05,tiktok_seller_center,0,0,0,0,,,0.0,0.0,0,0.0,3,0,0.0,1,2026-04,2026-04
SU336_,2026-02,2026-02-01,2026-02-28,0.0,0.0,0.0,0.0,0,0.0,0,1,0.0,Ferro,sem_dado,0.05,tiktok_seller_center,0,0,0,0,,,0.0,0.0,0,0.0,0,1,0.0,1,2026-02,2026-02
SUA.BELEZAAQUI,2026-02,2026-02-01,2026-02-28,0.0,0.0,0.0,0.0,0,0.0,0,1,0.0,Ferro,sem_dado,0.05,tiktok_seller_center,0,0,0,0,,,0.0,0.0,0,0.0,0,1,0.0,1,2026-02,2026-02
SUA.PROMOCAO,2026-04,2026-04-01,2026-04-30,0.0,0.0,0.0,0.0,0,0.0,1,0,0.0,Ferro,sem_dado,0.05,tiktok_seller_center,0,0,0,0,,,0.0,0.0,0,0.0,1,0,0.0,1,2026-04,2026-04
SUACAMILABORGES,2026-03,2026-03-01,2026-03-31,0.0,0.0,0.0,0.0,0,0.0,0,1,0.0,Ferro,sem_dado,0.05,tiktok_seller_center,0,0,0,0,,,0.0,0.0,0,0.0,0,2,0.0,2,2026-02,2026-03
SUAMELHORCOMPRASHOP,2026-05,2026-05-01,2026-05-23,0.0,0.0,0.0,0.0,0,0.0,0,1,0.0,Ferro,sem_dado,0.05,tiktok_seller_center,0,0,0,0,,0,0.0,0.0,0,0.0,0,3,0.0,2,2026-04,2026-05
SUAMENEZES,2026-05,2026-05-01,2026-05-23,0.0,0.0,0.0,0.0,0,0.0,0,1,0.0,Ferro,sem_dado,0.05,tiktok_seller_center,,0,0,0,,0,0.0,0.0,0,0.0,0,1,0.0,1,2026-05,2026-05
SUELLEN.VIANA6,2026-05,2026-05-01,2026-05-23,0.0,0.0,0.0,0.0,0,0.0,0,1,0.0,Ferro,sem_dado,0.05,tiktok_seller_center,1,0,0,0,,0,79.9,79.9,1,0.0,0,3,4.0,2,2026-04,2026-05
SUELLENNUNESS1,2026-04,2026-04-01,2026-04-30,75.02,75.02,0.0,0.0,1,75.02,0,0,6.39,Ferro,sem_dado,0.05,tiktok_seller_center,1,0,1,0,,,75.02,75.02,1,0.0,0,0,3.75,1,2026-04,2026-04
SUELY_SANTIAG,2026-03,2026-03-01,2026-03-31,0.0,0.0,0.0,0.0,0,0.0,0,3,0.0,Ferro,sem_dado,0.05,tiktok_seller_center,0,0,0,0,,,0.0,0.0,0,0.0,0,3,0.0,1,2026-03,2026-03
SUGESTOESDAJEH,2026-02,2026-02-01,2026-02-28,0.0,0.0,0.0,0.0,0,0.0,0,1,0.0,Ferro,sem_dado,0.05,tiktok_seller_center,0,0,0,0,,,0.0,0.0,0,0.0,0,1,0.0,1,2026-02,2026-02
SUH.CREATOR,2026-05,2026-05-01,2026-05-23,0.0,0.0,0.0,0.0,0,0.0,0,1,0.0,Ferro,sem_dado,0.05,tiktok_seller_center,0,0,0,0,,0,0.0,0.0,0,0.0,1,1,0.0,2,2026-01,2026-05
SUH02638,2026-03,2026-03-01,2026-03-31,0.0,0.0,0.0,0.0,0,0.0,1,2,0.0,Ferro,sem_dado,0.05,tiktok_seller_center,0,0,0,0,,,0.0,0.0,0,0.0,1,2,0.0,1,2026-03,2026-03
SUHALONSO,2026-03,2026-03-01,2026-03-31,0.0,0.0,0.0,0.0,0,0.0,0,1,0.0,Ferro,sem_dado,0.05,tiktok_seller_center,0,0,0,0,,,0.0,0.0,0,0.0,0,1,0.0,1,2026-03,2026-03
SUHCORDEIRO22,2026-05,2026-05-01,2026-05-23,0.0,0.0,0.0,0.0,0,0.0,0,1,0.0,Ferro,sem_dado,0.05,tiktok_seller_center,0,0,0,0,,0,0.0,0.0,0,0.0,0,3,0.0,2,2026-04,2026-05
SUOFICIALLIVE,2026-02,2026-02-01,2026-02-28,0.0,0.0,0.0,0.0,0,0.0,0,1,0.0,Ferro,sem_dado,0.05,tiktok_seller_center,0,0,0,0,,,0.0,0.0,0,0.0,0,1,0.0,1,2026-02,2026-02
SUPER26K,2026-04,2026-04-01,2026-04-30,0.0,0.0,0.0,0.0,0,0.0,0,5,0.0,Ferro,sem_dado,0.05,tiktok_seller_center,0,0,0,0,,,0.0,0.0,0,0.0,0,5,0.0,1,2026-04,2026-04
SUPEROFERTASTIKTOKSHOP01,2026-03,2026-03-01,2026-03-31,0.0,0.0,0.0,0.0,0,0.0,0,2,0.0,Ferro,sem_dado,0.05,tiktok_seller_center,0,0,0,0,,,0.0,0.0,0,0.0,0,2,0.0,1,2026-03,2026-03
SURAMA.VITRINE,2026-05,2026-05-01,2026-05-23,0.0,0.0,0.0,0.0,0,0.0,1,2,0.0,Ferro,sem_dado,0.05,tiktok_seller_center,0,0,0,0,,0,0.0,0.0,0,0.0,2,11,0.0,2,2026-04,2026-05
SURAMACASTILLO,2026-04,2026-04-01,2026-04-30,0.0,0.0,0.0,0.0,0,0.0,1,4,0.0,Ferro,sem_dado,0.05,tiktok_seller_center,0,0,0,0,,,83.1,83.1,1,0.0,1,4,4.16,2,2026-03,2026-04
SUSANA.ZANINHA,2026-02,2026-02-01,2026-02-28,0.0,0.0,0.0,0.0,0,0.0,1,0,0.0,Ferro,sem_dado,0.05,tiktok_seller_center,0,0,0,0,,,0.0,0.0,0,0.0,1,0,0.0,1,2026-02,2026-02
SUZAMAREVALDT,2026-04,2026-04-01,2026-04-30,0.0,0.0,0.0,0.0,0,0.0,0,5,0.0,Ferro,sem_dado,0.05,tiktok_seller_center,0,0,0,0,,,0.0,0.0,0,0.0,0,5,0.0,1,2026-04,2026-04
SUZANAC29,2026-04,2026-04-01,2026-04-30,0.0,0.0,0.0,0.0,0,0.0,2,1,0.0,Ferro,sem_dado,0.05,tiktok_seller_center,0,0,0,0,,,0.0,0.0,0,0.0,2,1,0.0,1,2026-04,2026-04
SUZANAOFICIALBRASIL,2026-05,2026-05-01,2026-05-23,0.0,0.0,0.0,0.0,0,0.0,4,1,0.0,Ferro,sem_dado,0.05,tiktok_seller_center,1,0,0,0,,0,89.07,89.07,1,0.0,4,1,4.45,2,2026-04,2026-05
SUZI.CREATOR.SHOP,2026-03,2026-03-01,2026-03-31,0.0,0.0,0.0,0.0,0,0.0,2,0,0.0,Ferro,sem_dado,0.05,tiktok_seller_center,0,0,0,0,,,0.0,0.0,0,0.0,2,1,0.0,2,2026-01,2026-03
SUZYROSAS3,2026-05,2026-05-01,2026-05-23,0.0,0.0,0.0,0.0,0,0.0,0,1,0.0,Ferro,sem_dado,0.05,tiktok_seller_center,0,0,0,0,,0,0.0,0.0,0,0.0,0,2,0.0,2,2026-04,2026-05
SWEET.MIH,2026-01,2026-01-06,2026-01-31,84.28,84.28,0.0,0.0,1,84.28,0,0,7.99,Ferro,sem_dado,0.05,tiktok_seller_center,1,0,1,0,,,84.28,84.28,1,0.0,0,0,4.21,1,2026-01,2026-01
SWIDERSKISS,2026-05,2026-05-01,2026-05-23,0.0,0.0,0.0,0.0,0,0.0,1,0,0.0,Ferro,sem_dado,0.05,tiktok_seller_center,0,0,0,0,,0,0.0,0.0,0,0.0,4,1,0.0,2,2026-04,2026-05
SYLVANA.RIIOS,2026-04,2026-04-01,2026-04-30,0.0,0.0,0.0,0.0,0,0.0,0,1,0.0,Ferro,sem_dado,0.05,tiktok_seller_center,0,0,0,0,,,77.5,77.5,1,0.0,1,1,3.88,2,2026-03,2026-04
SYNAOLI,2026-02,2026-02-01,2026-02-28,0.0,0.0,0.0,0.0,0,0.0,0,3,0.0,Ferro,sem_dado,0.05,tiktok_seller_center,0,0,0,0,,,0.0,0.0,0,0.0,0,4,0.0,2,2026-01,2026-02
SZE9VLJRN4,2026-04,2026-04-01,2026-04-30,0.0,0.0,0.0,0.0,0,0.0,2,0,0.0,Ferro,sem_dado,0.05,tiktok_seller_center,0,0,0,0,,,0.0,0.0,0,0.0,2,0,0.0,1,2026-04,2026-04
TA.LOPES78,2026-05,2026-05-01,2026-05-23,0.0,0.0,0.0,0.0,0,0.0,0,1,0.0,Ferro,sem_dado,0.05,tiktok_seller_center,,0,0,0,,0,0.0,0.0,0,0.0,0,1,0.0,1,2026-05,2026-05
TABATADOMINGOS,2026-03,2026-03-01,2026-03-31,0.0,0.0,0.0,0.0,0,0.0,0,2,0.0,Ferro,sem_dado,0.05,tiktok_seller_center,0,0,0,0,,,0.0,0.0,0,0.0,0,2,0.0,1,2026-03,2026-03
TABATAELEANDRO,2026-04,2026-04-01,2026-04-30,0.0,0.0,0.0,0.0,0,0.0,0,1,0.0,Ferro,sem_dado,0.05,tiktok_seller_center,0,0,0,0,,,0.0,0.0,0,0.0,0,2,0.0,2,2026-03,2026-04
TABITA.AZEREDO,2026-02,2026-02-01,2026-02-28,0.0,0.0,0.0,0.0,0,0.0,0,1,0.0,Ferro,sem_dado,0.05,tiktok_seller_center,0,0,0,0,,,0.0,0.0,0,0.0,0,1,0.0,1,2026-02,2026-02
TACI.BRITOO,2026-03,2026-03-01,2026-03-31,0.0,0.0,0.0,0.0,0,0.0,0,3,0.0,Ferro,sem_dado,0.05,tiktok_seller_center,0,0,0,0,,,0.0,0.0,0,0.0,1,4,0.0,2,2026-02,2026-03
TACI.INDICA,2026-02,2026-02-01,2026-02-28,0.0,0.0,0.0,0.0,0,0.0,10,0,0.0,Ferro,sem_dado,0.05,tiktok_seller_center,0,0,0,0,,,0.0,0.0,0,0.0,10,0,0.0,1,2026-02,2026-02
TACIANE.COSTA220,2026-05,2026-05-01,2026-05-23,0.0,0.0,0.0,0.0,0,0.0,2,0,0.0,Ferro,sem_dado,0.05,tiktok_seller_center,,0,0,0,,0,0.0,0.0,0,0.0,2,0,0.0,1,2026-05,2026-05
TACIANECREATOR,2026-05,2026-05-01,2026-05-23,27833.92,19878.19,7955.73,28.58,306,90.96,9,5,2689.15,Prata,sem_dado,0.09,tiktok_seller_center,,100,3,2,,326,27833.92,19878.19,306,7955.73,9,5,1789.04,1,2026-05,2026-05
TACIANETORRESS,2026-04,2026-04-01,2026-04-30,91030.73,75840.06,15190.67,16.69,1102,82.61,17,18,7009.41,Diamante,sem_dado,0.13,tiktok_seller_center,1177,201,3,0,,,320454.24,275425.32,4037,45028.92,72,40,34891.19,4,2026-01,2026-04
TACINHAMARQUES,2026-05,2026-05-01,2026-05-23,0.0,0.0,0.0,0.0,0,0.0,0,44,0.0,Ferro,sem_dado,0.05,tiktok_seller_center,,0,0,0,,0,0.0,0.0,0,0.0,0,44,0.0,1,2026-05,2026-05
TACIRECOMENDA,2026-05,2026-05-01,2026-05-23,0.0,-84.99,84.99,0.0,0,0.0,0,0,0.0,Ferro,sem_dado,0.05,tiktok_seller_center,17,1,0,0,,0,2268.01,1895.85,23,372.16,11,0,94.79,4,2026-02,2026-05
TAHYNALOPESHOP,2026-05,2026-05-01,2026-05-23,0.0,0.0,0.0,0.0,0,0.0,1,0,0.0,Ferro,sem_dado,0.05,tiktok_seller_center,0,0,0,0,,0,0.0,0.0,0,0.0,3,1,0.0,2,2026-04,2026-05
TAIIISTORE,2026-05,2026-05-01,2026-05-23,0.0,0.0,0.0,0.0,0,0.0,2,0,0.0,Ferro,sem_dado,0.05,tiktok_seller_center,,0,0,0,,0,0.0,0.0,0,0.0,2,0,0.0,1,2026-05,2026-05
TAISBRITO.SHOP,2026-05,2026-05-01,2026-05-23,0.0,0.0,0.0,0.0,0,0.0,0,1,0.0,Ferro,sem_dado,0.05,tiktok_seller_center,0,0,0,0,,0,0.0,0.0,0,0.0,0,21,0.0,2,2026-04,2026-05
TAISCORREA06,2026-02,2026-02-01,2026-02-28,0.0,0.0,0.0,0.0,0,0.0,2,0,0.0,Ferro,sem_dado,0.05,tiktok_seller_center,0,0,0,0,,,0.0,0.0,0,0.0,2,0,0.0,1,2026-02,2026-02
TAISENATHALIA,2026-05,2026-05-01,2026-05-23,0.0,0.0,0.0,0.0,0,0.0,0,4,0.0,Ferro,sem_dado,0.05,tiktok_seller_center,,0,0,0,,0,0.0,0.0,0,0.0,0,4,0.0,1,2026-05,2026-05
TAISLENE.PRAIS,2026-02,2026-02-01,2026-02-28,0.0,0.0,0.0,0.0,0,0.0,1,0,0.0,Ferro,sem_dado,0.05,tiktok_seller_center,0,0,0,0,,,0.0,0.0,0,0.0,1,0,0.0,1,2026-02,2026-02
TAISRECOMENDA.SHOP,2026-03,2026-03-01,2026-03-31,0.0,0.0,0.0,0.0,0,0.0,0,6,0.0,Ferro,sem_dado,0.05,tiktok_seller_center,0,0,0,0,,,0.0,0.0,0,0.0,0,6,0.0,1,2026-03,2026-03
TAISSA_ANDRADE_,2026-03,2026-03-01,2026-03-31,78.96,78.96,0.0,0.0,1,78.96,0,0,7.99,Ferro,sem_dado,0.05,tiktok_seller_center,1,0,1,0,,,172.16,172.16,2,0.0,0,0,8.61,2,2026-02,2026-03
TAISTIKTOKSHOP1,2026-05,2026-05-01,2026-05-23,0.0,0.0,0.0,0.0,0,0.0,0,2,0.0,Ferro,sem_dado,0.05,tiktok_seller_center,0,0,0,0,,0,0.0,0.0,0,0.0,0,4,0.0,2,2026-03,2026-05
TALILOP.INDICA,2026-02,2026-02-01,2026-02-28,0.0,0.0,0.0,0.0,0,0.0,3,0,0.0,Ferro,sem_dado,0.05,tiktok_seller_center,0,0,0,0,,,0.0,0.0,0,0.0,3,0,0.0,1,2026-02,2026-02
TALISSAALORETO,2026-05,2026-05-01,2026-05-23,112.45,112.45,0.0,0.0,1,112.45,0,0,8.7,Ouro,sem_dado,0.11,tiktok_seller_center,1,0,1,0,,1,42299.53,36262.2,634,6037.329999999999,11,47,4242.12,5,2026-01,2026-05
TALITAANDRADEDAILY,2026-05,2026-05-01,2026-05-23,0.0,0.0,0.0,0.0,0,0.0,0,1,0.0,Ferro,sem_dado,0.05,tiktok_seller_center,0,0,0,0,,0,0.0,0.0,0,0.0,0,2,0.0,2,2026-03,2026-05
TALITABRAZSOUZA,2026-05,2026-05-01,2026-05-23,0.0,-161.78,161.78,0.0,0,0.0,0,0,0.0,Bronze,sem_dado,0.07,tiktok_seller_center,33,2,0,0,,0,2790.51,2216.03,33,574.48,0,15,156.72,4,2026-02,2026-05
TALITACREATOR,2026-02,2026-02-01,2026-02-28,161.8,161.8,0.0,0.0,1,161.8,6,2,15.98,Ferro,sem_dado,0.05,tiktok_seller_center,2,0,1,0,,,161.8,161.8,1,0.0,6,2,8.09,1,2026-02,2026-02
TALITALCAMILO,2026-04,2026-04-01,2026-04-30,0.0,0.0,0.0,0.0,0,0.0,0,2,0.0,Ferro,sem_dado,0.05,tiktok_seller_center,0,0,0,0,,,0.0,0.0,0,0.0,0,10,0.0,2,2026-03,2026-04
TALITASCARABELLII,2026-05,2026-05-01,2026-05-23,0.0,0.0,0.0,0.0,0,0.0,1,0,0.0,Ferro,sem_dado,0.05,tiktok_seller_center,0,0,0,0,,0,0.0,0.0,0,0.0,2,0,0.0,2,2026-03,2026-05
TALYS24_,2026-03,2026-03-01,2026-03-31,0.0,0.0,0.0,0.0,0,0.0,0,1,0.0,Ferro,sem_dado,0.05,tiktok_seller_center,0,0,0,0,,,0.0,0.0,0,0.0,0,44,0.0,3,2026-01,2026-03
TAMARAFERNANDA___,2026-02,2026-02-01,2026-02-28,0.0,0.0,0.0,0.0,0,0.0,0,2,0.0,Ferro,sem_dado,0.05,tiktok_seller_center,0,0,0,0,,,0.0,0.0,0,0.0,0,2,0.0,1,2026-02,2026-02
TAMARAFERRIS,2026-04,2026-04-01,2026-04-30,0.0,0.0,0.0,0.0,0,0.0,0,1,0.0,Ferro,sem_dado,0.05,tiktok_seller_center,0,0,0,0,,,0.0,0.0,0,0.0,0,1,0.0,1,2026-04,2026-04
TAMARAONLIVE,2026-04,2026-04-01,2026-04-30,78.3,78.3,0.0,0.0,1,78.3,0,0,7.99,Ferro,sem_dado,0.05,tiktok_seller_center,1,0,1,0,,,78.3,78.3,1,0.0,0,0,3.92,1,2026-04,2026-04
TAMARASOUZASS,2026-05,2026-05-01,2026-05-23,0.0,0.0,0.0,0.0,0,0.0,1,28,0.0,Ferro,sem_dado,0.05,tiktok_seller_center,0,0,0,0,,0,0.0,0.0,0,0.0,3,130,0.0,3,2026-03,2026-05
TAMI.OLIVEIRA.R,2026-04,2026-04-01,2026-04-30,0.0,0.0,0.0,0.0,0,0.0,0,5,0.0,Ferro,sem_dado,0.05,tiktok_seller_center,0,0,0,0,,,0.0,0.0,0,0.0,0,5,0.0,1,2026-04,2026-04
TAMIRES.INDICA,2026-03,2026-03-01,2026-03-31,0.0,0.0,0.0,0.0,0,0.0,2,0,0.0,Ferro,sem_dado,0.05,tiktok_seller_center,0,0,0,0,,,0.0,0.0,0,0.0,2,0,0.0,1,2026-03,2026-03
TAMIRESPELOSOP,2026-03,2026-03-01,2026-03-31,0.0,0.0,0.0,0.0,0,0.0,2,0,0.0,Ferro,sem_dado,0.05,tiktok_seller_center,0,0,0,0,,,0.0,0.0,0,0.0,2,0,0.0,1,2026-03,2026-03
TAMIRESTOLEDO,2026-05,2026-05-01,2026-05-23,0.0,0.0,0.0,0.0,0,0.0,0,1,0.0,Ferro,sem_dado,0.05,tiktok_seller_center,0,0,0,0,,0,0.0,0.0,0,0.0,0,10,0.0,3,2026-02,2026-05
TAMIRISSHOP,2026-03,2026-03-01,2026-03-31,0.0,0.0,0.0,0.0,0,0.0,0,1,0.0,Ferro,sem_dado,0.05,tiktok_seller_center,0,0,0,0,,,0.0,0.0,0,0.0,0,1,0.0,1,2026-03,2026-03
TAMYROCHAOFICIAL,2026-05,2026-05-01,2026-05-23,0.0,0.0,0.0,0.0,0,0.0,0,2,0.0,Ferro,sem_dado,0.05,tiktok_seller_center,0,0,0,0,,0,0.0,0.0,0,0.0,0,72,0.0,3,2026-03,2026-05
TAMYRYSMEDRADO,2026-03,2026-03-01,2026-03-31,0.0,0.0,0.0,0.0,0,0.0,0,2,0.0,Ferro,sem_dado,0.05,tiktok_seller_center,0,0,0,0,,,0.0,0.0,0,0.0,0,2,0.0,1,2026-03,2026-03
TAMYY.SHOP,2026-05,2026-05-01,2026-05-23,0.0,0.0,0.0,0.0,0,0.0,0,1,0.0,Ferro,sem_dado,0.05,tiktok_seller_center,0,0,0,0,,0,0.0,0.0,0,0.0,0,2,0.0,2,2026-04,2026-05
TANALUAMF,2026-02,2026-02-01,2026-02-28,162.35,162.35,0.0,0.0,2,81.18,0,0,15.98,Ferro,sem_dado,0.05,tiktok_seller_center,2,0,1,0,,,793.73,793.73,10,0.0,0,0,39.69,2,2026-01,2026-02
TANIAAPARECIDADIAS2,2026-04,2026-04-01,2026-04-30,0.0,0.0,0.0,0.0,0,0.0,3,0,0.0,Ferro,sem_dado,0.05,tiktok_seller_center,0,0,0,0,,,0.0,0.0,0,0.0,3,0,0.0,1,2026-04,2026-04
TANIAMS01,2026-05,2026-05-01,2026-05-23,0.0,0.0,0.0,0.0,0,0.0,0,4,0.0,Ferro,sem_dado,0.05,tiktok_seller_center,0,0,0,0,,0,0.0,0.0,0,0.0,1,7,0.0,5,2026-01,2026-05
TANIARECOMENDA,2026-03,2026-03-01,2026-03-31,1206.67,1126.77,79.9,6.62,14,86.19,21,24,111.09,Ferro,sem_dado,0.05,tiktok_seller_center,14,1,1,0,,,1343.92,1264.02,15,79.9,21,24,63.2,2,2026-02,2026-03
TANIARIBEIRO_CREATOR,2026-05,2026-05-01,2026-05-23,103.44,103.44,0.0,0.0,1,103.44,1,4,7.99,Ferro,sem_dado,0.05,tiktok_seller_center,23,0,1,3,,1,1982.38,1902.48,24,79.9,16,27,95.12,2,2026-04,2026-05
TANNY.SHOPP,2026-04,2026-04-01,2026-04-30,0.0,0.0,0.0,0.0,0,0.0,0,3,0.0,Ferro,sem_dado,0.05,tiktok_seller_center,0,0,0,0,,,0.0,0.0,0,0.0,2,8,0.0,3,2026-02,2026-04
TAPECEIROONLINE,2026-02,2026-02-01,2026-02-28,102.5,102.5,0.0,0.0,1,102.5,0,0,7.99,Ferro,sem_dado,0.05,tiktok_seller_center,1,0,1,0,,,102.5,102.5,1,0.0,0,1,5.12,2,2026-01,2026-02
TARCISIOFILHO363,2026-05,2026-05-01,2026-05-23,0.0,0.0,0.0,0.0,0,0.0,0,5,0.0,Ferro,sem_dado,0.05,tiktok_seller_center,0,0,0,0,,0,0.0,0.0,0,0.0,0,15,0.0,2,2026-04,2026-05
TASSIAAGABRIELLA,2026-05,2026-05-01,2026-05-23,0.0,0.0,0.0,0.0,0,0.0,0,5,0.0,Ferro,sem_dado,0.05,tiktok_seller_center,0,0,0,0,,0,0.0,0.0,0,0.0,3,51,0.0,2,2026-04,2026-05
TASSIASOUZA_SHOP,2026-03,2026-03-01,2026-03-31,416.9,416.9,0.0,0.0,5,83.38,3,32,39.95,Ferro,sem_dado,0.05,tiktok_seller_center,5,0,1,0,,,416.9,416.9,5,0.0,3,32,20.84,1,2026-03,2026-03
TATALLIMAA07,2026-04,2026-04-01,2026-04-30,0.0,0.0,0.0,0.0,0,0.0,1,0,0.0,Ferro,sem_dado,0.05,tiktok_seller_center,0,0,0,0,,,0.0,0.0,0,0.0,4,3,0.0,4,2026-01,2026-04
TATALOPES.S2,2026-02,2026-02-01,2026-02-28,0.0,0.0,0.0,0.0,0,0.0,0,1,0.0,Ferro,sem_dado,0.05,tiktok_seller_center,0,0,0,0,,,0.0,0.0,0,0.0,0,1,0.0,1,2026-02,2026-02
TATAMARAVILHA_TIKTOKSHOP,2026-05,2026-05-01,2026-05-23,0.0,0.0,0.0,0.0,0,0.0,0,1,0.0,Ferro,sem_dado,0.05,tiktok_seller_center,1,0,0,0,,0,75.79,75.79,1,0.0,0,41,3.79,3,2026-03,2026-05
TATHIANERESENDE,2026-05,2026-05-01,2026-05-23,0.0,0.0,0.0,0.0,0,0.0,1,4,0.0,Ferro,sem_dado,0.05,tiktok_seller_center,5,0,0,0,,0,393.65,393.65,5,0.0,7,15,19.68,2,2026-04,2026-05
TATHY8406,2026-03,2026-03-01,2026-03-31,76.79,76.79,0.0,0.0,1,76.79,0,0,7.99,Ferro,sem_dado,0.05,tiktok_seller_center,1,0,1,0,,,76.79,76.79,1,0.0,0,0,3.84,1,2026-03,2026-03
TATI...SHOP,2026-04,2026-04-01,2026-04-30,0.0,0.0,0.0,0.0,0,0.0,2,0,0.0,Ferro,sem_dado,0.05,tiktok_seller_center,0,0,0,0,,,0.0,0.0,0,0.0,2,0,0.0,1,2026-04,2026-04
TATI24111,2026-05,2026-05-01,2026-05-23,0.0,0.0,0.0,0.0,0,0.0,0,2,0.0,Ferro,sem_dado,0.05,tiktok_seller_center,,0,0,0,,0,0.0,0.0,0,0.0,0,2,0.0,1,2026-05,2026-05
TATIALVES054,2026-05,2026-05-01,2026-05-23,0.0,0.0,0.0,0.0,0,0.0,1,14,0.0,Ferro,sem_dado,0.05,tiktok_seller_center,0,0,0,0,,0,81.1,0.0,1,81.1,9,48,0.0,3,2026-03,2026-05
TATIANA.PASSONI,2026-01,2026-01-06,2026-01-31,0.0,0.0,0.0,0.0,0,0.0,6,3,0.0,Ferro,sem_dado,0.05,tiktok_seller_center,0,0,0,0,,,0.0,0.0,0,0.0,6,3,0.0,1,2026-01,2026-01
TATIANAACESSORIOS_,2026-05,2026-05-01,2026-05-23,0.0,0.0,0.0,0.0,0,0.0,0,2,0.0,Ferro,sem_dado,0.05,tiktok_seller_center,0,0,0,0,,0,0.0,0.0,0,0.0,0,3,0.0,2,2026-04,2026-05
TATIANAENTHOLZER,2026-05,2026-05-01,2026-05-23,0.0,0.0,0.0,0.0,0,0.0,0,1,0.0,Ferro,sem_dado,0.05,tiktok_seller_center,0,0,0,0,,0,0.0,0.0,0,0.0,9,2,0.0,3,2026-01,2026-05
TATIANALYMAA,2026-04,2026-04-01,2026-04-30,0.0,0.0,0.0,0.0,0,0.0,4,0,0.0,Ferro,sem_dado,0.05,tiktok_seller_center,0,0,0,0,,,0.0,0.0,0,0.0,4,0,0.0,1,2026-04,2026-04
TATIANASAMPAIONUTRI_EPL,2026-05,2026-05-01,2026-05-23,0.0,0.0,0.0,0.0,0,0.0,1,1,0.0,Ferro,sem_dado,0.05,tiktok_seller_center,0,0,0,0,,0,0.0,0.0,0,0.0,1,2,0.0,2,2026-01,2026-05
TATIANASANTOS452025,2026-05,2026-05-01,2026-05-23,0.0,0.0,0.0,0.0,0,0.0,0,5,0.0,Ferro,sem_dado,0.05,tiktok_seller_center,0,0,0,0,,0,0.0,0.0,0,0.0,0,7,0.0,2,2026-04,2026-05
TATIANE.ZAGO8,2026-05,2026-05-01,2026-05-23,0.0,0.0,0.0,0.0,0,0.0,1,1,0.0,Ferro,sem_dado,0.05,tiktok_seller_center,0,0,0,0,,0,0.0,0.0,0,0.0,13,3,0.0,3,2026-02,2026-05
TATIANEANDRADE187,2026-04,2026-04-01,2026-04-30,0.0,0.0,0.0,0.0,0,0.0,0,7,0.0,Ferro,sem_dado,0.05,tiktok_seller_center,0,0,0,0,,,79.9,79.9,1,0.0,6,24,4.0,2,2026-03,2026-04
TATIANEDASILVA64,2026-04,2026-04-01,2026-04-30,0.0,0.0,0.0,0.0,0,0.0,0,2,0.0,Ferro,sem_dado,0.05,tiktok_seller_center,0,0,0,0,,,0.0,0.0,0,0.0,0,2,0.0,1,2026-04,2026-04
TATIANELOPES68,2026-04,2026-04-01,2026-04-30,0.0,0.0,0.0,0.0,0,0.0,0,2,0.0,Ferro,sem_dado,0.05,tiktok_seller_center,0,0,0,0,,,0.0,0.0,0,0.0,0,2,0.0,1,2026-04,2026-04
TATIANEMARCALC,2026-03,2026-03-01,2026-03-31,0.0,0.0,0.0,0.0,0,0.0,0,1,0.0,Ferro,sem_dado,0.05,tiktok_seller_center,0,0,0,0,,,0.0,0.0,0,0.0,0,2,0.0,2,2026-02,2026-03
TATIANEMORAES_MAKEUP,2026-05,2026-05-01,2026-05-23,0.0,0.0,0.0,0.0,0,0.0,2,2,0.0,Ferro,sem_dado,0.05,tiktok_seller_center,0,0,0,0,,0,0.0,0.0,0,0.0,2,3,0.0,2,2026-03,2026-05
TATIANEMOTTADASIL,2026-04,2026-04-01,2026-04-30,0.0,0.0,0.0,0.0,0,0.0,0,5,0.0,Ferro,sem_dado,0.05,tiktok_seller_center,0,0,0,0,,,0.0,0.0,0,0.0,0,7,0.0,2,2026-03,2026-04
TATIANEOLIVEIRA771,2026-05,2026-05-01,2026-05-23,0.0,0.0,0.0,0.0,0,0.0,0,1,0.0,Ferro,sem_dado,0.05,tiktok_seller_center,0,0,0,0,,0,0.0,0.0,0,0.0,0,2,0.0,2,2026-04,2026-05
TATIELMAOSODRAC1,2026-04,2026-04-01,2026-04-30,0.0,0.0,0.0,0.0,0,0.0,0,3,0.0,Ferro,sem_dado,0.05,tiktok_seller_center,0,0,0,0,,,0.0,0.0,0,0.0,0,4,0.0,2,2026-03,2026-04
TATIEPAULOCREATOR,2026-05,2026-05-01,2026-05-23,0.0,0.0,0.0,0.0,0,0.0,0,1,0.0,Ferro,sem_dado,0.05,tiktok_seller_center,0,0,0,0,,0,0.0,0.0,0,0.0,0,3,0.0,3,2026-03,2026-05
TATIMMJD,2026-04,2026-04-01,2026-04-30,0.0,0.0,0.0,0.0,0,0.0,1,1,0.0,Ferro,sem_dado,0.05,tiktok_seller_center,0,0,0,0,,,0.0,0.0,0,0.0,1,1,0.0,1,2026-04,2026-04
TATIMOTS,2026-05,2026-05-01,2026-05-23,0.0,0.0,0.0,0.0,0,0.0,0,10,0.0,Ferro,sem_dado,0.05,tiktok_seller_center,,0,0,0,,0,0.0,0.0,0,0.0,0,10,0.0,1,2026-05,2026-05
TATINHAANDRADE2303,2026-04,2026-04-01,2026-04-30,0.0,0.0,0.0,0.0,0,0.0,0,1,0.0,Ferro,sem_dado,0.05,tiktok_seller_center,0,0,0,0,,,0.0,0.0,0,0.0,0,1,0.0,1,2026-04,2026-04
TATIREZENDETIKTOKSHOP,2026-04,2026-04-01,2026-04-30,89.5,89.5,0.0,0.0,1,89.5,1,0,2.28,Ferro,sem_dado,0.05,tiktok_seller_center,1,0,1,0,,,89.5,89.5,1,0.0,1,0,4.48,1,2026-04,2026-04
TATTASANTS,2026-04,2026-04-01,2026-04-30,0.0,0.0,0.0,0.0,0,0.0,1,0,0.0,Ferro,sem_dado,0.05,tiktok_seller_center,0,0,0,0,,,0.0,0.0,0,0.0,1,0,0.0,1,2026-04,2026-04
TATYAPEDROSA,2026-03,2026-03-01,2026-03-31,96.02,96.02,0.0,0.0,1,96.02,3,0,7.99,Ferro,sem_dado,0.05,tiktok_seller_center,1,0,1,0,,,179.64,179.64,2,0.0,8,0,8.98,3,2026-01,2026-03
TATYLIRA34,2026-04,2026-04-01,2026-04-30,0.0,0.0,0.0,0.0,0,0.0,0,2,0.0,Ferro,sem_dado,0.05,tiktok_seller_center,0,0,0,0,,,0.0,0.0,0,0.0,0,19,0.0,4,2026-01,2026-04
TATYSHOPCREATOR,2026-03,2026-03-01,2026-03-31,0.0,0.0,0.0,0.0,0,0.0,0,2,0.0,Ferro,sem_dado,0.05,tiktok_seller_center,0,0,0,0,,,79.9,79.9,1,0.0,0,23,4.0,3,2026-01,2026-03
TAY.FERREIRA28,2026-04,2026-04-01,2026-04-30,0.0,0.0,0.0,0.0,0,0.0,0,1,0.0,Ferro,sem_dado,0.05,tiktok_seller_center,0,0,0,0,,,0.0,0.0,0,0.0,0,3,0.0,3,2026-02,2026-04
TAYANAARODRIGUES,2026-04,2026-04-01,2026-04-30,0.0,0.0,0.0,0.0,0,0.0,0,1,0.0,Ferro,sem_dado,0.05,tiktok_seller_center,0,0,0,0,,,0.0,0.0,0,0.0,0,1,0.0,1,2026-04,2026-04
TAYANAMAYRAA,2026-03,2026-03-01,2026-03-31,0.0,0.0,0.0,0.0,0,0.0,1,0,0.0,Ferro,sem_dado,0.05,tiktok_seller_center,0,0,0,0,,,0.0,0.0,0,0.0,1,0,0.0,1,2026-03,2026-03
TAYANE0722,2026-03,2026-03-01,2026-03-31,0.0,0.0,0.0,0.0,0,0.0,1,0,0.0,Ferro,sem_dado,0.05,tiktok_seller_center,0,0,0,0,,,0.0,0.0,0,0.0,1,0,0.0,1,2026-03,2026-03
TAYANEGABRIELLE230,2026-03,2026-03-01,2026-03-31,0.0,0.0,0.0,0.0,0,0.0,3,0,0.0,Ferro,sem_dado,0.05,tiktok_seller_center,0,0,0,0,,,0.0,0.0,0,0.0,3,0,0.0,1,2026-03,2026-03
TAYA_MATOS,2026-04,2026-04-01,2026-04-30,0.0,0.0,0.0,0.0,0,0.0,1,0,0.0,Ferro,sem_dado,0.05,tiktok_seller_center,0,0,0,0,,,0.0,0.0,0,0.0,1,0,0.0,1,2026-04,2026-04
TAYCREATORSINCERA,2026-03,2026-03-01,2026-03-31,0.0,0.0,0.0,0.0,0,0.0,1,1,0.0,Ferro,sem_dado,0.05,tiktok_seller_center,0,0,0,0,,,0.0,0.0,0,0.0,1,1,0.0,1,2026-03,2026-03
TAYNA.ALVES.IA,2026-05,2026-05-01,2026-05-23,0.0,0.0,0.0,0.0,0,0.0,2,0,0.0,Ferro,sem_dado,0.05,tiktok_seller_center,,0,0,0,,0,0.0,0.0,0,0.0,2,0,0.0,1,2026-05,2026-05
TAYNARAMOURASHOP,2026-02,2026-02-01,2026-02-28,0.0,0.0,0.0,0.0,0,0.0,0,1,0.0,Ferro,sem_dado,0.05,tiktok_seller_center,0,0,0,0,,,0.0,0.0,0,0.0,0,1,0.0,1,2026-02,2026-02
TDASSESSORIAECERIMONIAL,2026-05,2026-05-01,2026-05-23,0.0,0.0,0.0,0.0,0,0.0,0,2,0.0,Ferro,sem_dado,0.05,tiktok_seller_center,0,0,0,0,,0,0.0,0.0,0,0.0,0,4,0.0,3,2026-02,2026-05
TDRGRVFGE5,2026-05,2026-05-01,2026-05-23,0.0,0.0,0.0,0.0,0,0.0,1,0,0.0,Ferro,sem_dado,0.05,tiktok_seller_center,,0,0,0,,0,0.0,0.0,0,0.0,1,0,0.0,1,2026-05,2026-05
TE2BPROMO,2026-03,2026-03-01,2026-03-31,0.0,-91.9,91.9,0.0,0,0.0,0,0,0.0,Ferro,sem_dado,0.05,tiktok_seller_center,0,1,0,0,,,91.9,0.0,1,91.9,1,0,0.0,2,2026-02,2026-03
TECHSHOPLOPES,2026-03,2026-03-01,2026-03-31,0.0,0.0,0.0,0.0,0,0.0,1,0,0.0,Ferro,sem_dado,0.05,tiktok_seller_center,0,0,0,0,,,0.0,0.0,0,0.0,1,0,0.0,1,2026-03,2026-03
TEM.DE.TUDO.SHOP,2026-02,2026-02-01,2026-02-28,0.0,0.0,0.0,0.0,0,0.0,0,2,0.0,Ferro,sem_dado,0.05,tiktok_seller_center,0,0,0,0,,,0.0,0.0,0,0.0,0,2,0.0,1,2026-02,2026-02
TEMDETUDOOU,2026-04,2026-04-01,2026-04-30,0.0,0.0,0.0,0.0,0,0.0,0,3,0.0,Ferro,sem_dado,0.05,tiktok_seller_center,0,0,0,0,,,0.0,0.0,0,0.0,0,8,0.0,2,2026-01,2026-04
TENDENCIAMODAFEMININA1,2026-02,2026-02-01,2026-02-28,0.0,0.0,0.0,0.0,0,0.0,2,0,0.0,Ferro,sem_dado,0.05,tiktok_seller_center,0,0,0,0,,,0.0,0.0,0,0.0,2,0,0.0,1,2026-02,2026-02
TEREZINHAADSILVA,2026-02,2026-02-01,2026-02-28,0.0,0.0,0.0,0.0,0,0.0,1,0,0.0,Ferro,sem_dado,0.05,tiktok_seller_center,0,0,0,0,,,0.0,0.0,0,0.0,2,0,0.0,2,2026-01,2026-02
TESOUROS.DA.INTERNET01,2026-02,2026-02-01,2026-02-28,0.0,0.0,0.0,0.0,0,0.0,2,0,0.0,Ferro,sem_dado,0.05,tiktok_seller_center,0,0,0,0,,,0.0,0.0,0,0.0,2,0,0.0,1,2026-02,2026-02
TESSYD.TTK,2026-05,2026-05-01,2026-05-23,0.0,0.0,0.0,0.0,0,0.0,0,7,0.0,Ferro,sem_dado,0.05,tiktok_seller_center,,0,0,0,,0,0.0,0.0,0,0.0,0,7,0.0,1,2026-05,2026-05
TESTADOEAPROVADO14,2026-03,2026-03-01,2026-03-31,0.0,0.0,0.0,0.0,0,0.0,0,1,0.0,Ferro,sem_dado,0.05,tiktok_seller_center,0,0,0,0,,,0.0,0.0,0,0.0,0,1,0.0,1,2026-03,2026-03
TESTANDO.NODESERTO.SHOP,2026-02,2026-02-01,2026-02-28,0.0,0.0,0.0,0.0,0,0.0,1,0,0.0,Ferro,sem_dado,0.05,tiktok_seller_center,0,0,0,0,,,0.0,0.0,0,0.0,1,0,0.0,1,2026-02,2026-02
TESTE1CELULARES,2026-04,2026-04-01,2026-04-30,0.0,0.0,0.0,0.0,0,0.0,1,0,0.0,Ferro,sem_dado,0.05,tiktok_seller_center,0,0,0,0,,,0.0,0.0,0,0.0,1,0,0.0,1,2026-04,2026-04
TESTEI.E.APROVEI01,2026-04,2026-04-01,2026-04-30,0.0,0.0,0.0,0.0,0,0.0,1,0,0.0,Ferro,sem_dado,0.05,tiktok_seller_center,0,0,0,0,,,0.0,0.0,0,0.0,1,0,0.0,1,2026-04,2026-04
TESTEIEADOREI,2026-04,2026-04-01,2026-04-30,0.0,0.0,0.0,0.0,0,0.0,1,0,0.0,Ferro,sem_dado,0.05,tiktok_seller_center,0,0,0,0,,,0.0,0.0,0,0.0,1,0,0.0,1,2026-04,2026-04
TETELOBO10,2026-02,2026-02-01,2026-02-28,0.0,0.0,0.0,0.0,0,0.0,0,1,0.0,Ferro,sem_dado,0.05,tiktok_seller_center,0,0,0,0,,,0.0,0.0,0,0.0,0,1,0.0,1,2026-02,2026-02
TFPE658,2026-03,2026-03-01,2026-03-31,0.0,0.0,0.0,0.0,0,0.0,1,0,0.0,Ferro,sem_dado,0.05,tiktok_seller_center,0,0,0,0,,,0.0,0.0,0,0.0,1,0,0.0,1,2026-03,2026-03
THAEMY_MOREIRA0,2026-04,2026-04-01,2026-04-30,0.0,0.0,0.0,0.0,0,0.0,0,3,0.0,Ferro,sem_dado,0.05,tiktok_seller_center,0,0,0,0,,,0.0,0.0,0,0.0,0,3,0.0,1,2026-04,2026-04
THAGE.CREATORSHOP,2026-05,2026-05-01,2026-05-23,0.0,0.0,0.0,0.0,0,0.0,0,2,0.0,Ferro,sem_dado,0.05,tiktok_seller_center,1,0,0,0,,0,78.1,78.1,1,0.0,3,2,3.9,2,2026-04,2026-05
THAGUEDES13,2026-02,2026-02-01,2026-02-28,0.0,0.0,0.0,0.0,0,0.0,0,1,0.0,Ferro,sem_dado,0.05,tiktok_seller_center,0,0,0,0,,,0.0,0.0,0,0.0,0,1,0.0,1,2026-02,2026-02
THAI.VITRINE,2026-05,2026-05-01,2026-05-23,0.0,0.0,0.0,0.0,0,0.0,0,1,0.0,Ferro,sem_dado,0.05,tiktok_seller_center,0,0,0,0,,0,319.9,157.29999999999998,3,162.6,4,5,7.859999999999999,3,2026-03,2026-05
THAIIGABRIELE,2026-02,2026-02-01,2026-02-28,0.0,0.0,0.0,0.0,0,0.0,0,1,0.0,Ferro,sem_dado,0.05,tiktok_seller_center,0,0,0,0,,,0.0,0.0,0,0.0,0,3,0.0,2,2026-01,2026-02
THAILICEG,2026-05,2026-05-01,2026-05-23,0.0,0.0,0.0,0.0,0,0.0,0,1,0.0,Ferro,sem_dado,0.05,tiktok_seller_center,0,0,0,0,,0,0.0,0.0,0,0.0,0,3,0.0,3,2026-02,2026-05
THAILLAGABS,2026-02,2026-02-01,2026-02-28,0.0,0.0,0.0,0.0,0,0.0,2,1,0.0,Ferro,sem_dado,0.05,tiktok_seller_center,0,0,0,0,,,0.0,0.0,0,0.0,2,1,0.0,1,2026-02,2026-02
THAINABEAUTYOFICIAL,2026-05,2026-05-01,2026-05-23,6409.47,4749.900000000001,1659.57,25.89,67,95.66,24,0,555.37,Diamante,sem_dado,0.13,tiktok_seller_center,441,20,2,2,,68,222409.81,189228.32,2623,33181.49,65,0,22004.55,5,2026-01,2026-05
THAINA_KRAMER,2026-05,2026-05-01,2026-05-23,0.0,0.0,0.0,0.0,0,0.0,0,1,0.0,Ferro,sem_dado,0.05,tiktok_seller_center,,0,0,0,,0,0.0,0.0,0,0.0,0,1,0.0,1,2026-05,2026-05
THAIS.MELOADV,2026-03,2026-03-01,2026-03-31,0.0,0.0,0.0,0.0,0,0.0,1,4,0.0,Ferro,sem_dado,0.05,tiktok_seller_center,0,0,0,0,,,0.0,0.0,0,0.0,1,4,0.0,1,2026-03,2026-03
THAIS.NEPOMUCEN0,2026-03,2026-03-01,2026-03-31,89.5,9.599999999999994,79.9,89.27,1,89.5,0,0,7.99,Ferro,sem_dado,0.05,tiktok_seller_center,1,1,1,0,,,169.4,89.5,2,79.9,0,0,4.48,2,2026-02,2026-03
THAISAMARALL21,2026-03,2026-03-01,2026-03-31,0.0,0.0,0.0,0.0,0,0.0,1,0,0.0,Ferro,sem_dado,0.05,tiktok_seller_center,0,0,0,0,,,0.0,0.0,0,0.0,1,0,0.0,1,2026-03,2026-03
THAISBORETO,2026-04,2026-04-01,2026-04-30,0.0,0.0,0.0,0.0,0,0.0,1,0,0.0,Ferro,sem_dado,0.05,tiktok_seller_center,0,0,0,0,,,0.0,0.0,0,0.0,1,0,0.0,1,2026-04,2026-04
THAISBRITO.DIGITAL,2026-05,2026-05-01,2026-05-23,87.4,87.4,0.0,0.0,1,87.4,0,0,7.91,Ferro,sem_dado,0.05,tiktok_seller_center,1,0,1,0,,1,872.7,777.8,10,94.9,21,1,38.89,4,2026-01,2026-05
THAISBRUNA.S,2026-05,2026-05-01,2026-05-23,0.0,0.0,0.0,0.0,0,0.0,0,1,0.0,Ferro,sem_dado,0.05,tiktok_seller_center,0,0,0,0,,0,0.0,0.0,0,0.0,0,7,0.0,4,2026-01,2026-05
THAISCHOFFMANN,2026-05,2026-05-01,2026-05-23,0.0,0.0,0.0,0.0,0,0.0,0,1,0.0,Ferro,sem_dado,0.05,tiktok_seller_center,0,0,0,0,,0,0.0,0.0,0,0.0,0,9,0.0,5,2026-01,2026-05
THAISDICAS25,2026-04,2026-04-01,2026-04-30,0.0,0.0,0.0,0.0,0,0.0,0,1,0.0,Ferro,sem_dado,0.05,tiktok_seller_center,0,0,0,0,,,0.0,0.0,0,0.0,0,1,0.0,1,2026-04,2026-04
THAISE.SUELLEN,2026-05,2026-05-01,2026-05-23,481.31,481.31,0.0,0.0,5,96.26,9,0,39.95,Ferro,sem_dado,0.05,tiktok_seller_center,0,0,1,0,,5,481.31,481.31,5,0.0,10,0,24.07,2,2026-03,2026-05
THAISEJEFF,2026-04,2026-04-01,2026-04-30,0.0,0.0,0.0,0.0,0,0.0,0,1,0.0,Ferro,sem_dado,0.05,tiktok_seller_center,0,0,0,0,,,0.0,0.0,0,0.0,0,1,0.0,1,2026-04,2026-04
THAISFORTUNATODESOUZA,2026-03,2026-03-01,2026-03-31,0.0,0.0,0.0,0.0,0,0.0,0,3,0.0,Ferro,sem_dado,0.05,tiktok_seller_center,0,0,0,0,,,0.0,0.0,0,0.0,0,5,0.0,2,2026-02,2026-03
THAISMARQUES8753,2026-04,2026-04-01,2026-04-30,0.0,0.0,0.0,0.0,0,0.0,0,1,0.0,Ferro,sem_dado,0.05,tiktok_seller_center,0,0,0,0,,,0.0,0.0,0,0.0,0,1,0.0,1,2026-04,2026-04
THAISMARTINSLEITEJPL,2026-04,2026-04-01,2026-04-30,0.0,0.0,0.0,0.0,0,0.0,0,1,0.0,Ferro,sem_dado,0.05,tiktok_seller_center,0,0,0,0,,,0.0,0.0,0,0.0,0,5,0.0,2,2026-03,2026-04
THAISNICOLELIFE,2026-04,2026-04-01,2026-04-30,79.9,79.9,0.0,0.0,1,79.9,0,0,6.39,Ferro,sem_dado,0.05,tiktok_seller_center,1,0,1,0,,,79.9,79.9,1,0.0,0,0,4.0,1,2026-04,2026-04
THAISOLIVEIRADIGITAL,2026-04,2026-04-01,2026-04-30,0.0,0.0,0.0,0.0,0,0.0,0,1,0.0,Ferro,sem_dado,0.05,tiktok_seller_center,0,0,0,0,,,0.0,0.0,0,0.0,0,1,0.0,1,2026-04,2026-04
THAISOLIVEIRASHOP,2026-05,2026-05-01,2026-05-23,0.0,0.0,0.0,0.0,0,0.0,0,1,0.0,Ferro,sem_dado,0.05,tiktok_seller_center,,0,0,0,,0,0.0,0.0,0,0.0,0,1,0.0,1,2026-05,2026-05
THAISSHOP26,2026-02,2026-02-01,2026-02-28,0.0,0.0,0.0,0.0,0,0.0,1,0,0.0,Ferro,sem_dado,0.05,tiktok_seller_center,0,0,0,0,,,0.0,0.0,0,0.0,1,0,0.0,1,2026-02,2026-02
THAISSTORCHCATANI,2026-05,2026-05-01,2026-05-23,0.0,0.0,0.0,0.0,0,0.0,0,1,0.0,Ferro,sem_dado,0.05,tiktok_seller_center,0,0,0,0,,0,78.15,78.15,1,0.0,0,9,3.91,3,2026-03,2026-05
THAISTREIS,2026-05,2026-05-01,2026-05-23,0.0,0.0,0.0,0.0,0,0.0,1,0,0.0,Ferro,sem_dado,0.05,tiktok_seller_center,,0,0,0,,0,0.0,0.0,0,0.0,1,0,0.0,1,2026-05,2026-05
THAIS_ASOUZAA,2026-05,2026-05-01,2026-05-23,0.0,0.0,0.0,0.0,0,0.0,0,5,0.0,Ferro,sem_dado,0.05,tiktok_seller_center,0,0,0,0,,0,0.0,0.0,0,0.0,0,9,0.0,3,2026-03,2026-05
THAIZA.MARTINS6,2026-04,2026-04-01,2026-04-30,0.0,0.0,0.0,0.0,0,0.0,0,1,0.0,Ferro,sem_dado,0.05,tiktok_seller_center,0,0,0,0,,,0.0,0.0,0,0.0,0,1,0.0,1,2026-04,2026-04
THAI_VIANAA,2026-05,2026-05-01,2026-05-23,0.0,0.0,0.0,0.0,0,0.0,1,0,0.0,Ferro,sem_dado,0.05,tiktok_seller_center,,0,0,0,,0,0.0,0.0,0,0.0,1,0,0.0,1,2026-05,2026-05
THALIAROCHA79,2026-03,2026-03-01,2026-03-31,0.0,0.0,0.0,0.0,0,0.0,1,1,0.0,Ferro,sem_dado,0.05,tiktok_seller_center,0,0,0,0,,,0.0,0.0,0,0.0,1,1,0.0,1,2026-03,2026-03
THALITAEESTHE,2026-02,2026-02-01,2026-02-28,0.0,0.0,0.0,0.0,0,0.0,0,1,0.0,Ferro,sem_dado,0.05,tiktok_seller_center,0,0,0,0,,,0.0,0.0,0,0.0,0,1,0.0,1,2026-02,2026-02
THALIVIESER,2026-05,2026-05-01,2026-05-23,0.0,0.0,0.0,0.0,0,0.0,0,1,0.0,Ferro,sem_dado,0.05,tiktok_seller_center,0,0,0,0,,0,0.0,0.0,0,0.0,0,37,0.0,2,2026-03,2026-05
THALYYTAGUEDES,2026-05,2026-05-01,2026-05-23,101.2,101.2,0.0,0.0,1,101.2,0,0,7.99,Bronze,sem_dado,0.07,tiktok_seller_center,3,0,1,0,,1,2716.44,2416.7000000000003,34,299.74,0,0,120.83,5,2026-01,2026-05
THAMI.BRAMBILLA,2026-05,2026-05-01,2026-05-23,3244.15,2952.7000000000003,291.45,8.98,32,101.38,15,1,287.56,Ouro,sem_dado,0.11,tiktok_seller_center,57,3,2,2,,32,40470.1,35709.99,456,4760.11,41,8,2920.27,5,2026-01,2026-05
THAMILLESILV,2026-03,2026-03-01,2026-03-31,0.0,0.0,0.0,0.0,0,0.0,1,0,0.0,Ferro,sem_dado,0.05,tiktok_seller_center,0,0,0,0,,,0.0,0.0,0,0.0,1,0,0.0,1,2026-03,2026-03
THAMIRESBH,2026-05,2026-05-01,2026-05-23,0.0,0.0,0.0,0.0,0,0.0,0,2,0.0,Ferro,sem_dado,0.05,tiktok_seller_center,,0,0,0,,0,0.0,0.0,0,0.0,0,2,0.0,1,2026-05,2026-05
THAMIRESJF,2026-04,2026-04-01,2026-04-30,0.0,0.0,0.0,0.0,0,0.0,0,2,0.0,Ferro,sem_dado,0.05,tiktok_seller_center,0,0,0,0,,,67.34,67.34,1,0.0,1,7,3.37,3,2026-02,2026-04
THAMIRESRAFAELAA,2026-05,2026-05-01,2026-05-23,0.0,0.0,0.0,0.0,0,0.0,5,5,0.0,Ferro,sem_dado,0.05,tiktok_seller_center,0,0,0,0,,0,0.0,0.0,0,0.0,7,5,0.0,2,2026-04,2026-05
THAMIRISCASTROOO,2026-04,2026-04-01,2026-04-30,0.0,0.0,0.0,0.0,0,0.0,2,0,0.0,Ferro,sem_dado,0.05,tiktok_seller_center,0,0,0,0,,,0.0,0.0,0,0.0,2,1,0.0,2,2026-03,2026-04
THAMYSILVINHA1,2026-03,2026-03-01,2026-03-31,0.0,0.0,0.0,0.0,0,0.0,0,1,0.0,Ferro,sem_dado,0.05,tiktok_seller_center,0,0,0,0,,,0.0,0.0,0,0.0,0,1,0.0,1,2026-03,2026-03
THARODRIGUESUGC,2026-03,2026-03-01,2026-03-31,0.0,0.0,0.0,0.0,0,0.0,0,1,0.0,Ferro,sem_dado,0.05,tiktok_seller_center,0,0,0,0,,,0.0,0.0,0,0.0,0,1,0.0,1,2026-03,2026-03
THASSIAARAUJO_,2026-05,2026-05-01,2026-05-23,0.0,0.0,0.0,0.0,0,0.0,0,3,0.0,Ferro,sem_dado,0.05,tiktok_seller_center,0,0,0,0,,0,0.0,0.0,0,0.0,0,6,0.0,2,2026-04,2026-05
THATYCCARVALHO,2026-03,2026-03-01,2026-03-31,0.0,0.0,0.0,0.0,0,0.0,1,0,0.0,Ferro,sem_dado,0.05,tiktok_seller_center,0,0,0,0,,,79.9,79.9,1,0.0,9,0,4.0,2,2026-02,2026-03
THAUANA.AMORIMM,2026-02,2026-02-01,2026-02-28,0.0,0.0,0.0,0.0,0,0.0,1,0,0.0,Ferro,sem_dado,0.05,tiktok_seller_center,0,0,0,0,,,0.0,0.0,0,0.0,1,0,0.0,1,2026-02,2026-02
THAUANY.FOG,2026-05,2026-05-01,2026-05-23,0.0,0.0,0.0,0.0,0,0.0,0,2,0.0,Ferro,sem_dado,0.05,tiktok_seller_center,0,0,0,0,,0,80.7,80.7,1,0.0,6,13,4.04,3,2026-03,2026-05
THAY.BERN,2026-05,2026-05-01,2026-05-23,0.0,0.0,0.0,0.0,0,0.0,0,4,0.0,Ferro,sem_dado,0.05,tiktok_seller_center,0,0,0,0,,0,0.0,0.0,0,0.0,0,5,0.0,2,2026-04,2026-05
THAY.DESBESSEL,2026-03,2026-03-01,2026-03-31,325.16,242.01000000000002,83.15,25.57,4,81.29,0,1,27.43,Ferro,sem_dado,0.05,tiktok_seller_center,4,1,1,0,,,405.06000000000006,321.91,5,83.15,0,1,16.1,2,2026-02,2026-03
THAY1P,2026-03,2026-03-01,2026-03-31,0.0,0.0,0.0,0.0,0,0.0,0,1,0.0,Ferro,sem_dado,0.05,tiktok_seller_center,0,0,0,0,,,0.0,0.0,0,0.0,0,1,0.0,1,2026-03,2026-03
THAYACHADINHOS2,2026-05,2026-05-01,2026-05-23,0.0,0.0,0.0,0.0,0,0.0,0,17,0.0,Ferro,sem_dado,0.05,tiktok_seller_center,0,0,0,0,,0,0.0,0.0,0,0.0,0,122,0.0,4,2026-02,2026-05
THAYNA.DESBESSEL,2026-04,2026-04-01,2026-04-30,0.0,0.0,0.0,0.0,0,0.0,1,0,0.0,Ferro,sem_dado,0.05,tiktok_seller_center,0,0,0,0,,,0.0,0.0,0,0.0,1,0,0.0,1,2026-04,2026-04
THAYNAA_PAES,2026-03,2026-03-01,2026-03-31,0.0,0.0,0.0,0.0,0,0.0,1,0,0.0,Ferro,sem_dado,0.05,tiktok_seller_center,0,0,0,0,,,0.0,0.0,0,0.0,1,0,0.0,1,2026-03,2026-03
THAYNAINGRID.MKT,2026-01,2026-01-06,2026-01-31,0.0,0.0,0.0,0.0,0,0.0,1,0,0.0,Ferro,sem_dado,0.05,tiktok_seller_center,0,0,0,0,,,0.0,0.0,0,0.0,1,0,0.0,1,2026-01,2026-01
THAYNASHOP,2026-05,2026-05-01,2026-05-23,0.0,0.0,0.0,0.0,0,0.0,3,0,0.0,Ferro,sem_dado,0.05,tiktok_seller_center,,0,0,0,,0,0.0,0.0,0,0.0,3,0,0.0,1,2026-05,2026-05
THAYNAVENDAS,2026-03,2026-03-01,2026-03-31,0.0,0.0,0.0,0.0,0,0.0,0,1,0.0,Ferro,sem_dado,0.05,tiktok_seller_center,0,0,0,0,,,0.0,0.0,0,0.0,0,1,0.0,1,2026-03,2026-03
THAYREISS,2026-03,2026-03-01,2026-03-31,0.0,0.0,0.0,0.0,0,0.0,1,0,0.0,Ferro,sem_dado,0.05,tiktok_seller_center,0,0,0,0,,,0.0,0.0,0,0.0,1,0,0.0,1,2026-03,2026-03
THAYROTINAREAL,2026-02,2026-02-01,2026-02-28,79.9,79.9,0.0,0.0,1,79.9,0,0,7.99,Ferro,sem_dado,0.05,tiktok_seller_center,1,0,1,0,,,79.9,79.9,1,0.0,0,0,4.0,1,2026-02,2026-02
THAYSTUBERR,2026-04,2026-04-01,2026-04-30,66.14,66.14,0.0,0.0,1,66.14,0,0,5.78,Ferro,sem_dado,0.05,tiktok_seller_center,1,0,1,0,,,66.14,66.14,1,0.0,0,0,3.31,1,2026-04,2026-04
THAYTTEIXEIRA,2026-03,2026-03-01,2026-03-31,0.0,0.0,0.0,0.0,0,0.0,0,1,0.0,Ferro,sem_dado,0.05,tiktok_seller_center,0,0,0,0,,,0.0,0.0,0,0.0,0,1,0.0,1,2026-03,2026-03
THENANYSELECIONA,2026-05,2026-05-01,2026-05-23,0.0,0.0,0.0,0.0,0,0.0,1,0,0.0,Ferro,sem_dado,0.05,tiktok_seller_center,,0,0,0,,0,0.0,0.0,0,0.0,1,0,0.0,1,2026-05,2026-05
THEODORACHIC,2026-03,2026-03-01,2026-03-31,0.0,0.0,0.0,0.0,0,0.0,1,0,0.0,Ferro,sem_dado,0.05,tiktok_seller_center,0,0,0,0,,,0.0,0.0,0,0.0,1,0,0.0,1,2026-03,2026-03
THFLOJA,2026-03,2026-03-01,2026-03-31,0.0,0.0,0.0,0.0,0,0.0,0,1,0.0,Ferro,sem_dado,0.05,tiktok_seller_center,0,0,0,0,,,0.0,0.0,0,0.0,0,7,0.0,3,2026-01,2026-03
THIAGO.TIKTOKSHOP01,2026-03,2026-03-01,2026-03-31,0.0,0.0,0.0,0.0,0,0.0,1,0,0.0,Ferro,sem_dado,0.05,tiktok_seller_center,0,0,0,0,,,0.0,0.0,0,0.0,1,0,0.0,1,2026-03,2026-03
THIAGOLIMASLV,2026-02,2026-02-01,2026-02-28,0.0,0.0,0.0,0.0,0,0.0,0,1,0.0,Ferro,sem_dado,0.05,tiktok_seller_center,0,0,0,0,,,0.0,0.0,0,0.0,0,1,0.0,1,2026-02,2026-02
THIALLE,2026-05,2026-05-01,2026-05-23,0.0,0.0,0.0,0.0,0,0.0,0,2,0.0,Ferro,sem_dado,0.05,tiktok_seller_center,1,0,0,0,,0,81.94,0.0,1,81.94,0,8,0.0,2,2026-04,2026-05
THIARACARINASANTO,2026-03,2026-03-01,2026-03-31,0.0,0.0,0.0,0.0,0,0.0,0,1,0.0,Ferro,sem_dado,0.05,tiktok_seller_center,0,0,0,0,,,0.0,0.0,0,0.0,0,1,0.0,1,2026-03,2026-03
THVKIY4,2026-03,2026-03-01,2026-03-31,0.0,0.0,0.0,0.0,0,0.0,7,0,0.0,Ferro,sem_dado,0.05,tiktok_seller_center,0,0,0,0,,,0.0,0.0,0,0.0,7,0,0.0,1,2026-03,2026-03
THYLLA.SILVA,2026-04,2026-04-01,2026-04-30,79.5,79.5,0.0,0.0,1,79.5,0,0,6.07,Ferro,sem_dado,0.05,tiktok_seller_center,1,0,1,0,,,79.5,79.5,1,0.0,0,0,3.98,1,2026-04,2026-04
TIADEBOCHADA_,2026-01,2026-01-06,2026-01-31,0.0,-70.68,70.68,0.0,0,0.0,0,0,0.0,Ferro,sem_dado,0.05,tiktok_seller_center,0,1,0,0,,,0.0,-70.68,0,70.68,0,0,-3.53,1,2026-01,2026-01
TIAGOCHAKKAL,2026-05,2026-05-01,2026-05-23,0.0,0.0,0.0,0.0,0,0.0,0,1,0.0,Ferro,sem_dado,0.05,tiktok_seller_center,,0,0,0,,0,0.0,0.0,0,0.0,0,1,0.0,1,2026-05,2026-05
TIAGOMACALLI,2026-05,2026-05-01,2026-05-23,0.0,0.0,0.0,0.0,0,0.0,0,5,0.0,Ferro,sem_dado,0.05,tiktok_seller_center,,0,0,0,,0,0.0,0.0,0,0.0,0,5,0.0,1,2026-05,2026-05
TIAGOMEDEIROS096,2026-05,2026-05-01,2026-05-23,0.0,0.0,0.0,0.0,0,0.0,0,1,0.0,Ferro,sem_dado,0.05,tiktok_seller_center,,0,0,0,,0,0.0,0.0,0,0.0,0,1,0.0,1,2026-05,2026-05
TIAGOTIKTOKSHOP0,2026-03,2026-03-01,2026-03-31,0.0,0.0,0.0,0.0,0,0.0,1,0,0.0,Ferro,sem_dado,0.05,tiktok_seller_center,0,0,0,0,,,0.0,0.0,0,0.0,1,0,0.0,1,2026-03,2026-03
TIANASHOPP,2026-03,2026-03-01,2026-03-31,0.0,0.0,0.0,0.0,0,0.0,1,0,0.0,Ferro,sem_dado,0.05,tiktok_seller_center,0,0,0,0,,,0.0,0.0,0,0.0,1,0,0.0,1,2026-03,2026-03
TIANDOAGROINDICA,2026-01,2026-01-06,2026-01-31,0.0,0.0,0.0,0.0,0,0.0,2,0,0.0,Ferro,sem_dado,0.05,tiktok_seller_center,0,0,0,0,,,0.0,0.0,0,0.0,2,0,0.0,1,2026-01,2026-01
TIKAEXTRAORDINARIA,2026-05,2026-05-01,2026-05-23,0.0,0.0,0.0,0.0,0,0.0,1,0,0.0,Ferro,sem_dado,0.05,tiktok_seller_center,0,0,0,0,,0,0.0,0.0,0,0.0,2,0,0.0,2,2026-04,2026-05
TIKCLOSET0,2026-02,2026-02-01,2026-02-28,0.0,0.0,0.0,0.0,0,0.0,1,0,0.0,Ferro,sem_dado,0.05,tiktok_seller_center,0,0,0,0,,,0.0,0.0,0,0.0,1,0,0.0,1,2026-02,2026-02
TIKITOK.CARMEN,2026-05,2026-05-01,2026-05-23,0.0,0.0,0.0,0.0,0,0.0,0,1,0.0,Ferro,sem_dado,0.05,tiktok_seller_center,0,0,0,0,,0,0.0,0.0,0,0.0,0,7,0.0,4,2026-02,2026-05
TIKSHOP703,2026-05,2026-05-01,2026-05-23,0.0,0.0,0.0,0.0,0,0.0,1,0,0.0,Ferro,sem_dado,0.05,tiktok_seller_center,0,0,0,0,,0,0.0,0.0,0,0.0,2,0,0.0,2,2026-03,2026-05
TIKSHOPMODA,2026-05,2026-05-01,2026-05-23,0.0,0.0,0.0,0.0,0,0.0,0,1,0.0,Ferro,sem_dado,0.05,tiktok_seller_center,0,0,0,0,,0,0.0,0.0,0,0.0,0,2,0.0,2,2026-03,2026-05
TIKTOK.SHOP.PRA.TODOS,2026-03,2026-03-01,2026-03-31,0.0,0.0,0.0,0.0,0,0.0,1,2,0.0,Ferro,sem_dado,0.05,tiktok_seller_center,0,0,0,0,,,0.0,0.0,0,0.0,3,3,0.0,2,2026-02,2026-03
TIKTOK.SHOP2026_,2026-04,2026-04-01,2026-04-30,0.0,0.0,0.0,0.0,0,0.0,1,0,0.0,Ferro,sem_dado,0.05,tiktok_seller_center,0,0,0,0,,,0.0,0.0,0,0.0,1,0,0.0,1,2026-04,2026-04
TIKTOKERSACHADINHOS262,2026-03,2026-03-01,2026-03-31,0.0,0.0,0.0,0.0,0,0.0,1,0,0.0,Ferro,sem_dado,0.05,tiktok_seller_center,0,0,0,0,,,0.0,0.0,0,0.0,1,0,0.0,1,2026-03,2026-03
TIKTOKOFERTOU,2026-03,2026-03-01,2026-03-31,0.0,0.0,0.0,0.0,0,0.0,1,0,0.0,Ferro,sem_dado,0.05,tiktok_seller_center,0,0,0,0,,,0.0,0.0,0,0.0,1,0,0.0,1,2026-03,2026-03
TIKTOKSHOMODAFEMININA37,2026-03,2026-03-01,2026-03-31,0.0,0.0,0.0,0.0,0,0.0,0,1,0.0,Ferro,sem_dado,0.05,tiktok_seller_center,0,0,0,0,,,0.0,0.0,0,0.0,0,1,0.0,1,2026-03,2026-03
TIKTOKSHOP.BR2,2026-03,2026-03-01,2026-03-31,0.0,0.0,0.0,0.0,0,0.0,1,0,0.0,Ferro,sem_dado,0.05,tiktok_seller_center,0,0,0,0,,,0.0,0.0,0,0.0,1,0,0.0,1,2026-03,2026-03
TIKTOKSHOP.LILY1,2026-04,2026-04-01,2026-04-30,91.38,91.38,0.0,0.0,1,91.38,0,0,7.99,Ferro,sem_dado,0.05,tiktok_seller_center,1,0,1,0,,,199.6,140.43,3,59.17,0,0,7.0200000000000005,2,2026-02,2026-04
TIKTOKSHOP2026VENDAS,2026-05,2026-05-01,2026-05-23,0.0,0.0,0.0,0.0,0,0.0,3,0,0.0,Ferro,sem_dado,0.05,tiktok_seller_center,,0,0,0,,0,0.0,0.0,0,0.0,3,0,0.0,1,2026-05,2026-05
TIKTOKSHOP51VENCEDORES,2026-02,2026-02-01,2026-02-28,0.0,0.0,0.0,0.0,0,0.0,0,1,0.0,Ferro,sem_dado,0.05,tiktok_seller_center,0,0,0,0,,,0.0,0.0,0,0.0,0,1,0.0,1,2026-02,2026-02
TIKTOKSHOPACHADOSS,2026-01,2026-01-06,2026-01-31,0.0,0.0,0.0,0.0,0,0.0,1,0,0.0,Ferro,sem_dado,0.05,tiktok_seller_center,0,0,0,0,,,0.0,0.0,0,0.0,1,0,0.0,1,2026-01,2026-01
TIKTOKSHOPDAJUJU,2026-03,2026-03-01,2026-03-31,0.0,0.0,0.0,0.0,0,0.0,4,0,0.0,Ferro,sem_dado,0.05,tiktok_seller_center,0,0,0,0,,,0.0,0.0,0,0.0,4,0,0.0,1,2026-03,2026-03
TIKTOKSHOPING_BABY,2026-03,2026-03-01,2026-03-31,0.0,0.0,0.0,0.0,0,0.0,1,0,0.0,Ferro,sem_dado,0.05,tiktok_seller_center,0,0,0,0,,,0.0,0.0,0,0.0,1,0,0.0,1,2026-03,2026-03
TIKTOKSHOPP1589,2026-04,2026-04-01,2026-04-30,0.0,0.0,0.0,0.0,0,0.0,2,0,0.0,Ferro,sem_dado,0.05,tiktok_seller_center,0,0,0,0,,,0.0,0.0,0,0.0,5,0,0.0,3,2026-02,2026-04
TIKTOKSHOPPLUZ,2026-02,2026-02-01,2026-02-28,0.0,0.0,0.0,0.0,0,0.0,1,0,0.0,Ferro,sem_dado,0.05,tiktok_seller_center,0,0,0,0,,,0.0,0.0,0,0.0,1,0,0.0,1,2026-02,2026-02
TIKTOKSHOPTALITA,2026-03,2026-03-01,2026-03-31,0.0,0.0,0.0,0.0,0,0.0,0,1,0.0,Ferro,sem_dado,0.05,tiktok_seller_center,0,0,0,0,,,0.0,0.0,0,0.0,3,2,0.0,3,2026-01,2026-03
TIKTOPOFERTAS2025,2026-03,2026-03-01,2026-03-31,0.0,0.0,0.0,0.0,0,0.0,0,2,0.0,Ferro,sem_dado,0.05,tiktok_seller_center,0,0,0,0,,,0.0,0.0,0,0.0,0,5,0.0,2,2026-02,2026-03
TIKTUDOO3,2026-05,2026-05-01,2026-05-23,0.0,0.0,0.0,0.0,0,0.0,1,0,0.0,Ferro,sem_dado,0.05,tiktok_seller_center,,0,0,0,,0,0.0,0.0,0,0.0,1,0,0.0,1,2026-05,2026-05
TIKTUDOOOO,2026-03,2026-03-01,2026-03-31,0.0,0.0,0.0,0.0,0,0.0,1,0,0.0,Ferro,sem_dado,0.05,tiktok_seller_center,0,0,0,0,,,0.0,0.0,0,0.0,1,0,0.0,1,2026-03,2026-03
TILZINHODOCHAPEU,2026-01,2026-01-06,2026-01-31,0.0,0.0,0.0,0.0,0,0.0,0,1,0.0,Ferro,sem_dado,0.05,tiktok_seller_center,0,0,0,0,,,0.0,0.0,0,0.0,0,1,0.0,1,2026-01,2026-01
TIME_DO_VELMAX,2026-02,2026-02-01,2026-02-28,0.0,0.0,0.0,0.0,0,0.0,0,1,0.0,Ferro,sem_dado,0.05,tiktok_seller_center,0,0,0,0,,,0.0,0.0,0,0.0,0,1,0.0,1,2026-02,2026-02
TINA.TIKTOK42,2026-03,2026-03-01,2026-03-31,0.0,0.0,0.0,0.0,0,0.0,2,0,0.0,Ferro,sem_dado,0.05,tiktok_seller_center,0,0,0,0,,,80.7,80.7,1,0.0,7,0,4.04,2,2026-02,2026-03
TINABEZERRASHOP,2026-03,2026-03-01,2026-03-31,0.0,0.0,0.0,0.0,0,0.0,0,1,0.0,Ferro,sem_dado,0.05,tiktok_seller_center,0,0,0,0,,,0.0,0.0,0,0.0,0,23,0.0,3,2026-01,2026-03
TINABINHOSHOP,2026-03,2026-03-01,2026-03-31,0.0,0.0,0.0,0.0,0,0.0,1,0,0.0,Ferro,sem_dado,0.05,tiktok_seller_center,0,0,0,0,,,0.0,0.0,0,0.0,1,0,0.0,1,2026-03,2026-03
TINDERSHOPP,2026-04,2026-04-01,2026-04-30,0.0,0.0,0.0,0.0,0,0.0,4,0,0.0,Ferro,sem_dado,0.05,tiktok_seller_center,0,0,0,0,,,0.0,0.0,0,0.0,4,0,0.0,1,2026-04,2026-04
TINNASHOP3,2026-05,2026-05-01,2026-05-23,0.0,0.0,0.0,0.0,0,0.0,0,2,0.0,Ferro,sem_dado,0.05,tiktok_seller_center,,0,0,0,,0,0.0,0.0,0,0.0,0,2,0.0,1,2026-05,2026-05
TNUNES.TIKTOKSHOP1,2026-04,2026-04-01,2026-04-30,0.0,0.0,0.0,0.0,0,0.0,1,0,0.0,Ferro,sem_dado,0.05,tiktok_seller_center,0,0,0,0,,,0.0,0.0,0,0.0,1,0,0.0,1,2026-04,2026-04
TOINHACARDEAL,2026-05,2026-05-01,2026-05-23,0.0,0.0,0.0,0.0,0,0.0,0,17,0.0,Ferro,sem_dado,0.05,tiktok_seller_center,0,0,0,0,,0,0.0,0.0,0,0.0,0,58,0.0,4,2026-02,2026-05
TONALEMENDES,2026-02,2026-02-01,2026-02-28,0.0,0.0,0.0,0.0,0,0.0,0,2,0.0,Ferro,sem_dado,0.05,tiktok_seller_center,0,0,0,0,,,0.0,0.0,0,0.0,0,2,0.0,1,2026-02,2026-02
TONTON_MARINS,2026-03,2026-03-01,2026-03-31,0.0,0.0,0.0,0.0,0,0.0,1,0,0.0,Ferro,sem_dado,0.05,tiktok_seller_center,0,0,0,0,,,0.0,0.0,0,0.0,2,0,0.0,2,2026-02,2026-03
TONYTR39,2026-02,2026-02-01,2026-02-28,0.0,0.0,0.0,0.0,0,0.0,2,0,0.0,Ferro,sem_dado,0.05,tiktok_seller_center,0,0,0,0,,,0.0,0.0,0,0.0,2,0,0.0,1,2026-02,2026-02
TON_DA_VENDA_CERTA,2026-03,2026-03-01,2026-03-31,0.0,0.0,0.0,0.0,0,0.0,1,0,0.0,Ferro,sem_dado,0.05,tiktok_seller_center,0,0,0,0,,,0.0,0.0,0,0.0,1,0,0.0,1,2026-03,2026-03
TOP.ACHADINHOS36,2026-02,2026-02-01,2026-02-28,0.0,0.0,0.0,0.0,0,0.0,1,0,0.0,Ferro,sem_dado,0.05,tiktok_seller_center,0,0,0,0,,,0.0,0.0,0,0.0,1,0,0.0,1,2026-02,2026-02
TOP.OFERTAS830,2026-05,2026-05-01,2026-05-23,0.0,0.0,0.0,0.0,0,0.0,1,4,0.0,Ferro,sem_dado,0.05,tiktok_seller_center,,0,0,0,,0,0.0,0.0,0,0.0,1,4,0.0,1,2026-05,2026-05
TOPACHADINHOS2000,2026-03,2026-03-01,2026-03-31,0.0,0.0,0.0,0.0,0,0.0,1,0,0.0,Ferro,sem_dado,0.05,tiktok_seller_center,0,0,0,0,,,0.0,0.0,0,0.0,1,0,0.0,1,2026-03,2026-03
TOPDOSACHADINHOSSS,2026-01,2026-01-06,2026-01-31,83.62,83.62,0.0,0.0,1,83.62,0,0,7.99,Ferro,sem_dado,0.05,tiktok_seller_center,1,0,1,0,,,83.62,83.62,1,0.0,0,0,4.18,1,2026-01,2026-01
TOPESCOLHASSS,2026-04,2026-04-01,2026-04-30,0.0,0.0,0.0,0.0,0,0.0,1,0,0.0,Ferro,sem_dado,0.05,tiktok_seller_center,0,0,0,0,,,0.0,0.0,0,0.0,1,0,0.0,1,2026-04,2026-04
TOQUEDA.PELE,2026-04,2026-04-01,2026-04-30,77.5,77.5,0.0,0.0,1,77.5,0,0,7.99,Ferro,sem_dado,0.05,tiktok_seller_center,1,0,1,0,,,77.5,77.5,1,0.0,0,0,3.88,1,2026-04,2026-04
TOQUEDEMULHER2702,2026-03,2026-03-01,2026-03-31,0.0,0.0,0.0,0.0,0,0.0,3,0,0.0,Ferro,sem_dado,0.05,tiktok_seller_center,0,0,0,0,,,0.0,0.0,0,0.0,3,0,0.0,1,2026-03,2026-03
TRCNKAZU,2026-03,2026-03-01,2026-03-31,0.0,0.0,0.0,0.0,0,0.0,1,0,0.0,Ferro,sem_dado,0.05,tiktok_seller_center,0,0,0,0,,,0.0,0.0,0,0.0,1,0,0.0,1,2026-03,2026-03
TREMDEMINEIRO,2026-04,2026-04-01,2026-04-30,0.0,0.0,0.0,0.0,0,0.0,0,1,0.0,Ferro,sem_dado,0.05,tiktok_seller_center,0,0,0,0,,,0.0,0.0,0,0.0,0,1,0.0,1,2026-04,2026-04
TREMENDAMULHER,2026-02,2026-02-01,2026-02-28,0.0,0.0,0.0,0.0,0,0.0,0,1,0.0,Ferro,sem_dado,0.05,tiktok_seller_center,0,0,0,0,,,0.0,0.0,0,0.0,0,1,0.0,1,2026-02,2026-02
TREND.DA.LI,2026-04,2026-04-01,2026-04-30,0.0,0.0,0.0,0.0,0,0.0,3,0,0.0,Ferro,sem_dado,0.05,tiktok_seller_center,0,0,0,0,,,0.0,0.0,0,0.0,3,0,0.0,1,2026-04,2026-04
TREND.SHOP.BRASIL,2026-05,2026-05-01,2026-05-23,0.0,0.0,0.0,0.0,0,0.0,1,0,0.0,Ferro,sem_dado,0.05,tiktok_seller_center,,0,0,0,,0,0.0,0.0,0,0.0,1,0,0.0,1,2026-05,2026-05
TRENDSPSHOP,2026-05,2026-05-01,2026-05-23,0.0,0.0,0.0,0.0,0,0.0,1,0,0.0,Ferro,sem_dado,0.05,tiktok_seller_center,0,0,0,0,,0,0.0,0.0,0,0.0,3,0,0.0,2,2026-02,2026-05
TREND_STORE_MANIA,2026-02,2026-02-01,2026-02-28,0.0,0.0,0.0,0.0,0,0.0,1,0,0.0,Ferro,sem_dado,0.05,tiktok_seller_center,0,0,0,0,,,0.0,0.0,0,0.0,1,0,0.0,1,2026-02,2026-02
TROYAMG,2026-04,2026-04-01,2026-04-30,0.0,0.0,0.0,0.0,0,0.0,0,1,0.0,Ferro,sem_dado,0.05,tiktok_seller_center,0,0,0,0,,,0.0,0.0,0,0.0,0,1,0.0,1,2026-04,2026-04
TRUETOKSHOP,2026-04,2026-04-01,2026-04-30,0.0,0.0,0.0,0.0,0,0.0,0,2,0.0,Ferro,sem_dado,0.05,tiktok_seller_center,0,0,0,0,,,0.0,0.0,0,0.0,0,2,0.0,1,2026-04,2026-04
TRYLOGIC.STORE,2026-01,2026-01-06,2026-01-31,0.0,0.0,0.0,0.0,0,0.0,2,0,0.0,Ferro,sem_dado,0.05,tiktok_seller_center,0,0,0,0,,,0.0,0.0,0,0.0,2,0,0.0,1,2026-01,2026-01
TTINDICA,2026-03,2026-03-01,2026-03-31,0.0,0.0,0.0,0.0,0,0.0,1,0,0.0,Ferro,sem_dado,0.05,tiktok_seller_center,0,0,0,0,,,0.0,0.0,0,0.0,1,0,0.0,1,2026-03,2026-03
TTKSHLTWOXP,2026-03,2026-03-01,2026-03-31,0.0,0.0,0.0,0.0,0,0.0,1,0,0.0,Ferro,sem_dado,0.05,tiktok_seller_center,0,0,0,0,,,0.0,0.0,0,0.0,1,0,0.0,1,2026-03,2026-03
TTKSHOP23,2026-04,2026-04-01,2026-04-30,0.0,0.0,0.0,0.0,0,0.0,3,0,0.0,Ferro,sem_dado,0.05,tiktok_seller_center,0,0,0,0,,,0.0,0.0,0,0.0,3,0,0.0,1,2026-04,2026-04
TTS0298,2026-02,2026-02-01,2026-02-28,0.0,0.0,0.0,0.0,0,0.0,1,0,0.0,Ferro,sem_dado,0.05,tiktok_seller_center,0,0,0,0,,,0.0,0.0,0,0.0,1,0,0.0,1,2026-02,2026-02
TTSHOPDALAY,2026-03,2026-03-01,2026-03-31,0.0,0.0,0.0,0.0,0,0.0,2,0,0.0,Ferro,sem_dado,0.05,tiktok_seller_center,0,0,0,0,,,0.0,0.0,0,0.0,2,0,0.0,1,2026-03,2026-03
TTSTATA,2026-04,2026-04-01,2026-04-30,0.0,0.0,0.0,0.0,0,0.0,0,4,0.0,Ferro,sem_dado,0.05,tiktok_seller_center,0,0,0,0,,,0.0,0.0,0,0.0,0,4,0.0,1,2026-04,2026-04
TUANENOZAKI,2026-03,2026-03-01,2026-03-31,83.15,0.0,83.15,100.0,1,83.15,0,0,8.32,Ferro,sem_dado,0.05,tiktok_seller_center,1,1,1,0,,,83.15,0.0,1,83.15,0,0,0.0,1,2026-03,2026-03
TUDOEMALTA.SHOP3,2026-02,2026-02-01,2026-02-28,0.0,0.0,0.0,0.0,0,0.0,0,2,0.0,Ferro,sem_dado,0.05,tiktok_seller_center,0,0,0,0,,,0.0,0.0,0,0.0,0,2,0.0,1,2026-02,2026-02
TUDOMAISBARATO6,2026-03,2026-03-01,2026-03-31,0.0,0.0,0.0,0.0,0,0.0,1,1,0.0,Ferro,sem_dado,0.05,tiktok_seller_center,0,0,0,0,,,0.0,0.0,0,0.0,1,1,0.0,1,2026-03,2026-03
TUDOPARATODOS8,2026-02,2026-02-01,2026-02-28,0.0,0.0,0.0,0.0,0,0.0,1,0,0.0,Ferro,sem_dado,0.05,tiktok_seller_center,0,0,0,0,,,0.0,0.0,0,0.0,1,0,0.0,1,2026-02,2026-02
TUKALIVESHOP,2026-05,2026-05-01,2026-05-23,94.9,94.9,0.0,0.0,1,94.9,0,14,6.39,Ferro,sem_dado,0.05,tiktok_seller_center,,0,1,0,,1,94.9,94.9,1,0.0,0,14,4.75,1,2026-05,2026-05
TUU.SHOP,2026-05,2026-05-01,2026-05-23,0.0,-79.62,79.62,0.0,0,0.0,0,0,0.0,Ferro,sem_dado,0.05,tiktok_seller_center,1,1,0,0,,0,254.33,174.71,2,79.62,1,0,8.74,3,2026-03,2026-05
TXMODAEBELEZA,2026-02,2026-02-01,2026-02-28,0.0,0.0,0.0,0.0,0,0.0,0,4,0.0,Ferro,sem_dado,0.05,tiktok_seller_center,0,0,0,0,,,0.0,0.0,0,0.0,0,4,0.0,1,2026-02,2026-02
UAI.AGORAVAI,2026-03,2026-03-01,2026-03-31,159.8,79.9,79.9,50.0,2,79.9,0,0,15.98,Ferro,sem_dado,0.05,tiktok_seller_center,2,1,1,0,,,159.8,79.9,2,79.9,0,0,4.0,1,2026-03,2026-03
UALAS.ALDONAI.DA,2026-04,2026-04-01,2026-04-30,0.0,0.0,0.0,0.0,0,0.0,0,1,0.0,Ferro,sem_dado,0.05,tiktok_seller_center,0,0,0,0,,,0.0,0.0,0,0.0,0,9,0.0,3,2026-02,2026-04
UGBWSQ7,2026-04,2026-04-01,2026-04-30,0.0,0.0,0.0,0.0,0,0.0,1,0,0.0,Ferro,sem_dado,0.05,tiktok_seller_center,0,0,0,0,,,0.0,0.0,0,0.0,1,0,0.0,1,2026-04,2026-04
UGC.BYGEORGIA,2026-03,2026-03-01,2026-03-31,0.0,0.0,0.0,0.0,0,0.0,1,0,0.0,Ferro,sem_dado,0.05,tiktok_seller_center,0,0,0,0,,,0.0,0.0,0,0.0,1,0,0.0,1,2026-03,2026-03
UGCCREATORMYLOOK,2026-03,2026-03-01,2026-03-31,0.0,0.0,0.0,0.0,0,0.0,0,1,0.0,Ferro,sem_dado,0.05,tiktok_seller_center,0,0,0,0,,,0.0,0.0,0,0.0,0,1,0.0,1,2026-03,2026-03
UGCLARISSACOSTA,2026-01,2026-01-06,2026-01-31,0.0,0.0,0.0,0.0,0,0.0,0,2,0.0,Ferro,sem_dado,0.05,tiktok_seller_center,0,0,0,0,,,0.0,0.0,0,0.0,0,2,0.0,1,2026-01,2026-01
ULYSSESQUEIROZ1,2026-03,2026-03-01,2026-03-31,0.0,0.0,0.0,0.0,0,0.0,1,0,0.0,Ferro,sem_dado,0.05,tiktok_seller_center,0,0,0,0,,,0.0,0.0,0,0.0,1,0,0.0,1,2026-03,2026-03
UMADOCEFAMILIA,2026-05,2026-05-01,2026-05-23,0.0,0.0,0.0,0.0,0,0.0,0,1,0.0,Ferro,sem_dado,0.05,tiktok_seller_center,0,0,0,0,,0,0.0,0.0,0,0.0,0,49,0.0,5,2026-01,2026-05
UNIVERSOCANINOFEMININO,2026-03,2026-03-01,2026-03-31,0.0,-83.1,83.1,0.0,0,0.0,0,0,0.0,Ferro,sem_dado,0.05,tiktok_seller_center,0,1,0,0,,,83.1,0.0,1,83.1,0,0,0.0,2,2026-02,2026-03
UNIVERSOCINTIA,2026-05,2026-05-01,2026-05-23,0.0,0.0,0.0,0.0,0,0.0,0,1,0.0,Ferro,sem_dado,0.05,tiktok_seller_center,,0,0,0,,0,0.0,0.0,0,0.0,0,1,0.0,1,2026-05,2026-05
UNIVERSODELAS_SHOP,2026-03,2026-03-01,2026-03-31,0.0,0.0,0.0,0.0,0,0.0,0,1,0.0,Ferro,sem_dado,0.05,tiktok_seller_center,0,0,0,0,,,0.0,0.0,0,0.0,0,1,0.0,1,2026-03,2026-03
UNIVERSOFOFO4,2026-04,2026-04-01,2026-04-30,0.0,0.0,0.0,0.0,0,0.0,0,1,0.0,Ferro,sem_dado,0.05,tiktok_seller_center,0,0,0,0,,,0.0,0.0,0,0.0,0,1,0.0,1,2026-04,2026-04
UNIVERSOMIXBR,2026-05,2026-05-01,2026-05-23,0.0,0.0,0.0,0.0,0,0.0,0,2,0.0,Ferro,sem_dado,0.05,tiktok_seller_center,,0,0,0,,0,0.0,0.0,0,0.0,0,2,0.0,1,2026-05,2026-05
UNIVERSOSHOPCREATOR,2026-02,2026-02-01,2026-02-28,0.0,0.0,0.0,0.0,0,0.0,0,1,0.0,Ferro,sem_dado,0.05,tiktok_seller_center,0,0,0,0,,,0.0,0.0,0,0.0,0,1,0.0,1,2026-02,2026-02
UNIVERSO_PERFEITO3,2026-05,2026-05-01,2026-05-23,0.0,0.0,0.0,0.0,0,0.0,0,6,0.0,Ferro,sem_dado,0.05,tiktok_seller_center,0,0,0,0,,0,0.0,0.0,0,0.0,0,38,0.0,4,2026-02,2026-05
UREWHH7,2026-04,2026-04-01,2026-04-30,0.0,0.0,0.0,0.0,0,0.0,0,1,0.0,Ferro,sem_dado,0.05,tiktok_seller_center,0,0,0,0,,,0.0,0.0,0,0.0,0,1,0.0,1,2026-04,2026-04
USEGARIMPOSECRETO,2026-04,2026-04-01,2026-04-30,0.0,0.0,0.0,0.0,0,0.0,0,1,0.0,Ferro,sem_dado,0.05,tiktok_seller_center,0,0,0,0,,,0.0,0.0,0,0.0,0,1,0.0,1,2026-04,2026-04
USEMARISHOP,2026-01,2026-01-06,2026-01-31,0.0,0.0,0.0,0.0,0,0.0,2,0,0.0,Ferro,sem_dado,0.05,tiktok_seller_center,0,0,0,0,,,0.0,0.0,0,0.0,2,0,0.0,1,2026-01,2026-01
USER1053765282543,2026-04,2026-04-01,2026-04-30,0.0,0.0,0.0,0.0,0,0.0,1,0,0.0,Ferro,sem_dado,0.05,tiktok_seller_center,0,0,0,0,,,0.0,0.0,0,0.0,1,0,0.0,1,2026-04,2026-04
USER1274328175472,2026-04,2026-04-01,2026-04-30,0.0,0.0,0.0,0.0,0,0.0,1,0,0.0,Ferro,sem_dado,0.05,tiktok_seller_center,0,0,0,0,,,0.0,0.0,0,0.0,1,0,0.0,1,2026-04,2026-04
USER156177028546,2026-05,2026-05-01,2026-05-23,0.0,0.0,0.0,0.0,0,0.0,1,0,0.0,Ferro,sem_dado,0.05,tiktok_seller_center,,0,0,0,,0,0.0,0.0,0,0.0,1,0,0.0,1,2026-05,2026-05
USER167651380,2026-03,2026-03-01,2026-03-31,0.0,0.0,0.0,0.0,0,0.0,1,0,0.0,Ferro,sem_dado,0.05,tiktok_seller_center,0,0,0,0,,,0.0,0.0,0,0.0,1,0,0.0,1,2026-03,2026-03
USER1811601749712,2026-01,2026-01-06,2026-01-31,0.0,0.0,0.0,0.0,0,0.0,1,0,0.0,Ferro,sem_dado,0.05,tiktok_seller_center,0,0,0,0,,,0.0,0.0,0,0.0,1,0,0.0,1,2026-01,2026-01
USER1853072578656,2026-02,2026-02-01,2026-02-28,0.0,0.0,0.0,0.0,0,0.0,1,0,0.0,Ferro,sem_dado,0.05,tiktok_seller_center,0,0,0,0,,,0.0,0.0,0,0.0,1,0,0.0,1,2026-02,2026-02
USER19603768581962,2026-05,2026-05-01,2026-05-23,0.0,0.0,0.0,0.0,0,0.0,1,0,0.0,Ferro,sem_dado,0.05,tiktok_seller_center,0,0,0,0,,0,0.0,0.0,0,0.0,2,0,0.0,2,2026-04,2026-05
USER207176792,2026-01,2026-01-06,2026-01-31,0.0,0.0,0.0,0.0,0,0.0,2,0,0.0,Ferro,sem_dado,0.05,tiktok_seller_center,0,0,0,0,,,0.0,0.0,0,0.0,2,0,0.0,1,2026-01,2026-01
USER24105596106067,2026-05,2026-05-01,2026-05-23,0.0,0.0,0.0,0.0,0,0.0,1,0,0.0,Ferro,sem_dado,0.05,tiktok_seller_center,,0,0,0,,0,0.0,0.0,0,0.0,1,0,0.0,1,2026-05,2026-05
USER2477491887930,2026-04,2026-04-01,2026-04-30,0.0,0.0,0.0,0.0,0,0.0,1,0,0.0,Ferro,sem_dado,0.05,tiktok_seller_center,0,0,0,0,,,0.0,0.0,0,0.0,1,0,0.0,1,2026-04,2026-04
USER2531283527191,2026-05,2026-05-01,2026-05-23,0.0,0.0,0.0,0.0,0,0.0,0,4,0.0,Ferro,sem_dado,0.05,tiktok_seller_center,,0,0,0,,0,0.0,0.0,0,0.0,0,4,0.0,1,2026-05,2026-05
USER2590114461711,2026-04,2026-04-01,2026-04-30,0.0,0.0,0.0,0.0,0,0.0,1,0,0.0,Ferro,sem_dado,0.05,tiktok_seller_center,0,0,0,0,,,0.0,0.0,0,0.0,1,0,0.0,1,2026-04,2026-04
USER315486323468,2026-02,2026-02-01,2026-02-28,0.0,0.0,0.0,0.0,0,0.0,1,0,0.0,Ferro,sem_dado,0.05,tiktok_seller_center,0,0,0,0,,,0.0,0.0,0,0.0,1,0,0.0,1,2026-02,2026-02
USER3451659869811,2026-03,2026-03-01,2026-03-31,0.0,0.0,0.0,0.0,0,0.0,1,0,0.0,Ferro,sem_dado,0.05,tiktok_seller_center,0,0,0,0,,,0.0,0.0,0,0.0,1,0,0.0,1,2026-03,2026-03
USER44677852560182,2026-03,2026-03-01,2026-03-31,0.0,0.0,0.0,0.0,0,0.0,1,0,0.0,Ferro,sem_dado,0.05,tiktok_seller_center,0,0,0,0,,,0.0,0.0,0,0.0,1,0,0.0,1,2026-03,2026-03
USER500985992,2026-04,2026-04-01,2026-04-30,0.0,0.0,0.0,0.0,0,0.0,2,0,0.0,Ferro,sem_dado,0.05,tiktok_seller_center,0,0,0,0,,,0.0,0.0,0,0.0,2,0,0.0,1,2026-04,2026-04
USER5012369367788,2026-05,2026-05-01,2026-05-23,0.0,0.0,0.0,0.0,0,0.0,1,0,0.0,Ferro,sem_dado,0.05,tiktok_seller_center,,0,0,0,,0,0.0,0.0,0,0.0,1,0,0.0,1,2026-05,2026-05
USER50230276107311,2026-05,2026-05-01,2026-05-23,0.0,0.0,0.0,0.0,0,0.0,1,0,0.0,Ferro,sem_dado,0.05,tiktok_seller_center,,0,0,0,,0,0.0,0.0,0,0.0,1,0,0.0,1,2026-05,2026-05
USER50680630708724,2026-01,2026-01-06,2026-01-31,0.0,0.0,0.0,0.0,0,0.0,1,0,0.0,Ferro,sem_dado,0.05,tiktok_seller_center,0,0,0,0,,,0.0,0.0,0,0.0,1,0,0.0,1,2026-01,2026-01
USER5559209560182,2026-04,2026-04-01,2026-04-30,0.0,0.0,0.0,0.0,0,0.0,1,0,0.0,Ferro,sem_dado,0.05,tiktok_seller_center,0,0,0,0,,,0.0,0.0,0,0.0,1,0,0.0,1,2026-04,2026-04
USER5611086774568,2026-04,2026-04-01,2026-04-30,0.0,0.0,0.0,0.0,0,0.0,1,0,0.0,Ferro,sem_dado,0.05,tiktok_seller_center,0,0,0,0,,,0.0,0.0,0,0.0,2,0,0.0,2,2026-03,2026-04
USER6078170774042,2026-05,2026-05-01,2026-05-23,0.0,0.0,0.0,0.0,0,0.0,1,0,0.0,Ferro,sem_dado,0.05,tiktok_seller_center,,0,0,0,,0,0.0,0.0,0,0.0,1,0,0.0,1,2026-05,2026-05
USER6132671345810,2026-04,2026-04-01,2026-04-30,0.0,0.0,0.0,0.0,0,0.0,1,0,0.0,Ferro,sem_dado,0.05,tiktok_seller_center,0,0,0,0,,,0.0,0.0,0,0.0,1,0,0.0,1,2026-04,2026-04
USER61815078681053,2026-04,2026-04-01,2026-04-30,0.0,0.0,0.0,0.0,0,0.0,2,0,0.0,Ferro,sem_dado,0.05,tiktok_seller_center,0,0,0,0,,,0.0,0.0,0,0.0,3,0,0.0,2,2026-03,2026-04
USER6882532827061,2026-05,2026-05-01,2026-05-23,0.0,0.0,0.0,0.0,0,0.0,1,0,0.0,Ferro,sem_dado,0.05,tiktok_seller_center,,0,0,0,,0,0.0,0.0,0,0.0,1,0,0.0,1,2026-05,2026-05
USER7095590616039,2026-04,2026-04-01,2026-04-30,0.0,0.0,0.0,0.0,0,0.0,2,0,0.0,Ferro,sem_dado,0.05,tiktok_seller_center,0,0,0,0,,,0.0,0.0,0,0.0,2,0,0.0,1,2026-04,2026-04
USER7160668332856,2026-03,2026-03-01,2026-03-31,0.0,0.0,0.0,0.0,0,0.0,4,0,0.0,Ferro,sem_dado,0.05,tiktok_seller_center,0,0,0,0,,,0.0,0.0,0,0.0,4,0,0.0,1,2026-03,2026-03
USER7523542358497,2026-03,2026-03-01,2026-03-31,0.0,0.0,0.0,0.0,0,0.0,3,0,0.0,Ferro,sem_dado,0.05,tiktok_seller_center,0,0,0,0,,,0.0,0.0,0,0.0,3,0,0.0,1,2026-03,2026-03
USER76747613022698,2026-05,2026-05-01,2026-05-23,0.0,0.0,0.0,0.0,0,0.0,1,0,0.0,Ferro,sem_dado,0.05,tiktok_seller_center,,0,0,0,,0,0.0,0.0,0,0.0,1,0,0.0,1,2026-05,2026-05
USER79747386749727,2026-04,2026-04-01,2026-04-30,0.0,0.0,0.0,0.0,0,0.0,1,0,0.0,Ferro,sem_dado,0.05,tiktok_seller_center,0,0,0,0,,,0.0,0.0,0,0.0,1,0,0.0,1,2026-04,2026-04
USER8110593850596,2026-01,2026-01-06,2026-01-31,0.0,0.0,0.0,0.0,0,0.0,0,1,0.0,Ferro,sem_dado,0.05,tiktok_seller_center,0,0,0,0,,,0.0,0.0,0,0.0,0,1,0.0,1,2026-01,2026-01
USER82293606716008,2026-02,2026-02-01,2026-02-28,0.0,0.0,0.0,0.0,0,0.0,0,3,0.0,Ferro,sem_dado,0.05,tiktok_seller_center,0,0,0,0,,,0.0,0.0,0,0.0,0,3,0.0,1,2026-02,2026-02
USER8475486613721,2026-01,2026-01-06,2026-01-31,0.0,0.0,0.0,0.0,0,0.0,0,3,0.0,Ferro,sem_dado,0.05,tiktok_seller_center,0,0,0,0,,,0.0,0.0,0,0.0,0,3,0.0,1,2026-01,2026-01
USER859876236368,2026-05,2026-05-01,2026-05-23,0.0,0.0,0.0,0.0,0,0.0,1,0,0.0,Ferro,sem_dado,0.05,tiktok_seller_center,0,0,0,0,,0,0.0,0.0,0,0.0,2,0,0.0,2,2026-04,2026-05
USER914557783697,2026-03,2026-03-01,2026-03-31,0.0,0.0,0.0,0.0,0,0.0,1,0,0.0,Ferro,sem_dado,0.05,tiktok_seller_center,0,0,0,0,,,0.0,0.0,0,0.0,1,0,0.0,1,2026-03,2026-03
USER9710151571557,2026-04,2026-04-01,2026-04-30,0.0,0.0,0.0,0.0,0,0.0,1,0,0.0,Ferro,sem_dado,0.05,tiktok_seller_center,0,0,0,0,,,0.0,0.0,0,0.0,1,0,0.0,1,2026-04,2026-04
USER97537868103954,2026-04,2026-04-01,2026-04-30,0.0,0.0,0.0,0.0,0,0.0,1,0,0.0,Ferro,sem_dado,0.05,tiktok_seller_center,0,0,0,0,,,0.0,0.0,0,0.0,1,0,0.0,1,2026-04,2026-04
USERCASAEMMINUTOS,2026-05,2026-05-01,2026-05-23,0.0,0.0,0.0,0.0,0,0.0,1,0,0.0,Ferro,sem_dado,0.05,tiktok_seller_center,,0,0,0,,0,0.0,0.0,0,0.0,1,0,0.0,1,2026-05,2026-05
USERHOBBY4,2026-01,2026-01-06,2026-01-31,0.0,0.0,0.0,0.0,0,0.0,0,1,0.0,Ferro,sem_dado,0.05,tiktok_seller_center,0,0,0,0,,,0.0,0.0,0,0.0,0,1,0.0,1,2026-01,2026-01
USOYZ9,2026-04,2026-04-01,2026-04-30,0.0,0.0,0.0,0.0,0,0.0,1,0,0.0,Ferro,sem_dado,0.05,tiktok_seller_center,0,0,0,0,,,0.0,0.0,0,0.0,1,0,0.0,1,2026-04,2026-04
UUNIVERSOFEMININO,2026-04,2026-04-01,2026-04-30,0.0,0.0,0.0,0.0,0,0.0,1,0,0.0,Ferro,sem_dado,0.05,tiktok_seller_center,0,0,0,0,,,0.0,0.0,0,0.0,1,0,0.0,1,2026-04,2026-04
UYKQTCYIQ4,2026-02,2026-02-01,2026-02-28,0.0,0.0,0.0,0.0,0,0.0,1,0,0.0,Ferro,sem_dado,0.05,tiktok_seller_center,0,0,0,0,,,0.0,0.0,0,0.0,1,0,0.0,1,2026-02,2026-02
V17RINE,2026-03,2026-03-01,2026-03-31,0.0,0.0,0.0,0.0,0,0.0,1,0,0.0,Ferro,sem_dado,0.05,tiktok_seller_center,0,0,0,0,,,0.0,0.0,0,0.0,1,0,0.0,1,2026-03,2026-03
VAAFARIAS2,2026-05,2026-05-01,2026-05-23,0.0,0.0,0.0,0.0,0,0.0,1,0,0.0,Ferro,sem_dado,0.05,tiktok_seller_center,0,0,0,0,,0,0.0,0.0,0,0.0,2,0,0.0,2,2026-04,2026-05
VAHZINHA14,2026-04,2026-04-01,2026-04-30,0.0,0.0,0.0,0.0,0,0.0,0,1,0.0,Ferro,sem_dado,0.05,tiktok_seller_center,0,0,0,0,,,0.0,0.0,0,0.0,0,1,0.0,1,2026-04,2026-04
VAL.PIRESALMEIDA,2026-04,2026-04-01,2026-04-30,0.0,0.0,0.0,0.0,0,0.0,0,5,0.0,Ferro,sem_dado,0.05,tiktok_seller_center,0,0,0,0,,,0.0,0.0,0,0.0,0,13,0.0,2,2026-03,2026-04
VALCHAVEXX,2026-04,2026-04-01,2026-04-30,0.0,0.0,0.0,0.0,0,0.0,0,1,0.0,Ferro,sem_dado,0.05,tiktok_seller_center,0,0,0,0,,,0.0,0.0,0,0.0,0,1,0.0,1,2026-04,2026-04
VALDINEIAECASSIO,2026-05,2026-05-01,2026-05-23,0.0,0.0,0.0,0.0,0,0.0,0,1,0.0,Ferro,sem_dado,0.05,tiktok_seller_center,,0,0,0,,0,0.0,0.0,0,0.0,0,1,0.0,1,2026-05,2026-05
VALDIRENE.RIBEIRO7049,2026-04,2026-04-01,2026-04-30,0.0,0.0,0.0,0.0,0,0.0,0,22,0.0,Ferro,sem_dado,0.05,tiktok_seller_center,0,0,0,0,,,0.0,0.0,0,0.0,0,35,0.0,2,2026-03,2026-04
VALDIRENEOLIVEIRAMARTIN0,2026-01,2026-01-06,2026-01-31,0.0,0.0,0.0,0.0,0,0.0,1,0,0.0,Ferro,sem_dado,0.05,tiktok_seller_center,0,0,0,0,,,0.0,0.0,0,0.0,1,0,0.0,1,2026-01,2026-01
VALDYRSA,2026-03,2026-03-01,2026-03-31,79.9,0.0,79.9,100.0,1,79.9,0,0,7.99,Ferro,sem_dado,0.05,tiktok_seller_center,1,1,1,0,,,79.9,0.0,1,79.9,0,0,0.0,1,2026-03,2026-03
VALECONFERIR,2026-01,2026-01-06,2026-01-31,0.0,0.0,0.0,0.0,0,0.0,1,0,0.0,Ferro,sem_dado,0.05,tiktok_seller_center,0,0,0,0,,,0.0,0.0,0,0.0,1,0,0.0,1,2026-01,2026-01
VALEN.MARTINS26,2026-05,2026-05-01,2026-05-23,0.0,0.0,0.0,0.0,0,0.0,1,0,0.0,Ferro,sem_dado,0.05,tiktok_seller_center,,0,0,0,,0,0.0,0.0,0,0.0,1,0,0.0,1,2026-05,2026-05
VALENHOFFMAANN,2026-03,2026-03-01,2026-03-31,241.31,159.41,81.9,33.94,3,80.44,0,0,23.97,Ferro,sem_dado,0.05,tiktok_seller_center,3,1,1,0,,,1578.42,1196.25,18,382.17,1,0,59.81,3,2026-01,2026-03
VALENTINABELLUCCIFC,2026-05,2026-05-01,2026-05-23,0.0,0.0,0.0,0.0,0,0.0,3,0,0.0,Ferro,sem_dado,0.05,tiktok_seller_center,,0,0,0,,0,0.0,0.0,0,0.0,3,0,0.0,1,2026-05,2026-05
VALENTINACHRISTINASTORE,2026-03,2026-03-01,2026-03-31,0.0,0.0,0.0,0.0,0,0.0,1,0,0.0,Ferro,sem_dado,0.05,tiktok_seller_center,0,0,0,0,,,0.0,0.0,0,0.0,1,0,0.0,1,2026-03,2026-03
VALENTYYN,2026-05,2026-05-01,2026-05-23,0.0,0.0,0.0,0.0,0,0.0,0,2,0.0,Ferro,sem_dado,0.05,tiktok_seller_center,0,0,0,0,,0,0.0,0.0,0,0.0,0,13,0.0,3,2026-03,2026-05
VALERIIASZA,2026-02,2026-02-01,2026-02-28,0.0,0.0,0.0,0.0,0,0.0,0,3,0.0,Ferro,sem_dado,0.05,tiktok_seller_center,0,0,0,0,,,0.0,0.0,0,0.0,0,3,0.0,1,2026-02,2026-02
VALESSAFARIAS1,2026-05,2026-05-01,2026-05-23,0.0,0.0,0.0,0.0,0,0.0,0,1,0.0,Ferro,sem_dado,0.05,tiktok_seller_center,,0,0,0,,0,0.0,0.0,0,0.0,0,1,0.0,1,2026-05,2026-05
VALINDICAACHADINHOS,2026-05,2026-05-01,2026-05-23,0.0,0.0,0.0,0.0,0,0.0,0,10,0.0,Ferro,sem_dado,0.05,tiktok_seller_center,0,0,0,0,,0,422.7,264.07000000000005,5,158.63,8,25,13.2,5,2026-01,2026-05
VALINDICASHOP,2026-02,2026-02-01,2026-02-28,80.7,0.0,80.7,100.0,1,80.7,2,0,7.99,Ferro,sem_dado,0.05,tiktok_seller_center,1,1,1,0,,,80.7,0.0,1,80.7,2,0,0.0,1,2026-02,2026-02
VALMERICE.OFICIAL,2026-02,2026-02-01,2026-02-28,0.0,0.0,0.0,0.0,0,0.0,0,4,0.0,Ferro,sem_dado,0.05,tiktok_seller_center,0,0,0,0,,,0.0,0.0,0,0.0,0,4,0.0,1,2026-02,2026-02
VALSILVA013,2026-03,2026-03-01,2026-03-31,0.0,0.0,0.0,0.0,0,0.0,0,1,0.0,Ferro,sem_dado,0.05,tiktok_seller_center,0,0,0,0,,,0.0,0.0,0,0.0,0,1,0.0,1,2026-03,2026-03
VALSXSHOP,2026-03,2026-03-01,2026-03-31,0.0,0.0,0.0,0.0,0,0.0,4,0,0.0,Ferro,sem_dado,0.05,tiktok_seller_center,0,0,0,0,,,0.0,0.0,0,0.0,9,0,0.0,3,2026-01,2026-03
VALTENICEALMEIDA,2026-01,2026-01-06,2026-01-31,0.0,0.0,0.0,0.0,0,0.0,1,0,0.0,Ferro,sem_dado,0.05,tiktok_seller_center,0,0,0,0,,,0.0,0.0,0,0.0,1,0,0.0,1,2026-01,2026-01
VALTIMDESOUSA,2026-01,2026-01-06,2026-01-31,0.0,0.0,0.0,0.0,0,0.0,0,1,0.0,Ferro,sem_dado,0.05,tiktok_seller_center,0,0,0,0,,,0.0,0.0,0,0.0,0,1,0.0,1,2026-01,2026-01
VANARUIVASHOP,2026-01,2026-01-06,2026-01-31,0.0,0.0,0.0,0.0,0,0.0,0,7,0.0,Ferro,sem_dado,0.05,tiktok_seller_center,0,0,0,0,,,0.0,0.0,0,0.0,0,7,0.0,1,2026-01,2026-01
VANDAILY1,2026-05,2026-05-01,2026-05-23,0.0,0.0,0.0,0.0,0,0.0,7,0,0.0,Ferro,sem_dado,0.05,tiktok_seller_center,,0,0,2,,0,0.0,0.0,0,0.0,7,0,0.0,1,2026-05,2026-05
VANDIANEALENCAR,2026-03,2026-03-01,2026-03-31,79.9,79.9,0.0,0.0,1,79.9,0,3,7.99,Ferro,sem_dado,0.05,tiktok_seller_center,1,0,1,0,,,79.9,79.9,1,0.0,0,5,4.0,2,2026-02,2026-03
VANDINHABD_SILVA,2026-02,2026-02-01,2026-02-28,0.0,0.0,0.0,0.0,0,0.0,2,0,0.0,Ferro,sem_dado,0.05,tiktok_seller_center,0,0,0,0,,,0.0,0.0,0,0.0,2,0,0.0,1,2026-02,2026-02
VANE.STORE44,2026-04,2026-04-01,2026-04-30,0.0,0.0,0.0,0.0,0,0.0,1,0,0.0,Ferro,sem_dado,0.05,tiktok_seller_center,0,0,0,0,,,0.0,0.0,0,0.0,1,0,0.0,1,2026-04,2026-04
VANEPACHALKI,2026-05,2026-05-01,2026-05-23,0.0,0.0,0.0,0.0,0,0.0,1,0,0.0,Ferro,sem_dado,0.05,tiktok_seller_center,,0,0,0,,0,0.0,0.0,0,0.0,1,0,0.0,1,2026-05,2026-05
VANESSA.CREATORSHOP,2026-03,2026-03-01,2026-03-31,0.0,0.0,0.0,0.0,0,0.0,0,1,0.0,Ferro,sem_dado,0.05,tiktok_seller_center,0,0,0,0,,,0.0,0.0,0,0.0,0,8,0.0,2,2026-02,2026-03
VANESSA.CYRINO,2026-04,2026-04-01,2026-04-30,0.0,0.0,0.0,0.0,0,0.0,0,3,0.0,Ferro,sem_dado,0.05,tiktok_seller_center,0,0,0,0,,,0.0,0.0,0,0.0,0,3,0.0,1,2026-04,2026-04
VANESSA.DUARTE136,2026-02,2026-02-01,2026-02-28,0.0,0.0,0.0,0.0,0,0.0,1,0,0.0,Ferro,sem_dado,0.05,tiktok_seller_center,0,0,0,0,,,0.0,0.0,0,0.0,1,0,0.0,1,2026-02,2026-02
VANESSA.LOCENA,2026-04,2026-04-01,2026-04-30,0.0,0.0,0.0,0.0,0,0.0,1,0,0.0,Ferro,sem_dado,0.05,tiktok_seller_center,0,0,0,0,,,0.0,0.0,0,0.0,1,0,0.0,1,2026-04,2026-04
VANESSA.MORAIS057,2026-02,2026-02-01,2026-02-28,0.0,0.0,0.0,0.0,0,0.0,1,0,0.0,Ferro,sem_dado,0.05,tiktok_seller_center,0,0,0,0,,,0.0,0.0,0,0.0,1,0,0.0,1,2026-02,2026-02
VANESSA.PACHALKI,2026-04,2026-04-01,2026-04-30,186.8,186.8,0.0,0.0,1,186.8,5,2,13.66,Ferro,sem_dado,0.05,tiktok_seller_center,2,0,1,0,,,186.8,186.8,1,0.0,5,2,9.34,1,2026-04,2026-04
VANESSA.RLOCENA,2026-05,2026-05-01,2026-05-23,0.0,0.0,0.0,0.0,0,0.0,1,0,0.0,Ferro,sem_dado,0.05,tiktok_seller_center,,0,0,0,,0,0.0,0.0,0,0.0,1,0,0.0,1,2026-05,2026-05
VANESSA.RODRIGUES488,2026-03,2026-03-01,2026-03-31,0.0,0.0,0.0,0.0,0,0.0,0,1,0.0,Ferro,sem_dado,0.05,tiktok_seller_center,0,0,0,0,,,0.0,0.0,0,0.0,0,1,0.0,1,2026-03,2026-03
VANESSA.SOARES.RAMOS,2026-05,2026-05-01,2026-05-23,0.0,0.0,0.0,0.0,0,0.0,11,1,0.0,Ferro,sem_dado,0.05,tiktok_seller_center,1,0,0,0,,0,79.24,79.24,1,0.0,11,1,3.96,2,2026-04,2026-05
VANESSAAOLIVERS,2026-01,2026-01-06,2026-01-31,84.28,84.28,0.0,0.0,1,84.28,0,0,7.99,Ferro,sem_dado,0.05,tiktok_seller_center,1,0,1,0,,,84.28,84.28,1,0.0,0,0,4.21,1,2026-01,2026-01
VANESSABURQUY,2026-05,2026-05-01,2026-05-23,205.07,205.07,0.0,0.0,2,102.54,0,30,16.7,Ferro,sem_dado,0.05,tiktok_seller_center,1,0,1,0,,2,290.48,290.48,3,0.0,0,46,14.52,2,2026-04,2026-05
VANESSACAETANO2105,2026-05,2026-05-01,2026-05-23,0.0,0.0,0.0,0.0,0,0.0,0,2,0.0,Ferro,sem_dado,0.05,tiktok_seller_center,0,0,0,0,,0,0.0,0.0,0,0.0,0,7,0.0,2,2026-04,2026-05
VANESSADICAS.SHOP,2026-05,2026-05-01,2026-05-23,0.0,0.0,0.0,0.0,0,0.0,1,0,0.0,Ferro,sem_dado,0.05,tiktok_seller_center,,0,0,0,,0,0.0,0.0,0,0.0,1,0,0.0,1,2026-05,2026-05
VANESSAFERNANDES072,2026-05,2026-05-01,2026-05-23,0.0,0.0,0.0,0.0,0,0.0,1,3,0.0,Ferro,sem_dado,0.05,tiktok_seller_center,,0,0,0,,0,0.0,0.0,0,0.0,1,3,0.0,1,2026-05,2026-05
VANESSAFLEANDRO,2026-02,2026-02-01,2026-02-28,0.0,0.0,0.0,0.0,0,0.0,1,0,0.0,Ferro,sem_dado,0.05,tiktok_seller_center,0,0,0,0,,,0.0,0.0,0,0.0,1,0,0.0,1,2026-02,2026-02
VANESSAMELOSHOP,2026-04,2026-04-01,2026-04-30,0.0,0.0,0.0,0.0,0,0.0,3,0,0.0,Ferro,sem_dado,0.05,tiktok_seller_center,0,0,0,0,,,0.0,0.0,0,0.0,3,0,0.0,1,2026-04,2026-04
VANESSAPIRESX,2026-01,2026-01-06,2026-01-31,54.14,54.14,0.0,0.0,1,54.14,0,0,7.22,Ferro,sem_dado,0.05,tiktok_seller_center,1,0,1,0,,,54.14,54.14,1,0.0,0,0,2.71,1,2026-01,2026-01
VANESSARODRIGUESNEVES,2026-04,2026-04-01,2026-04-30,0.0,0.0,0.0,0.0,0,0.0,0,7,0.0,Ferro,sem_dado,0.05,tiktok_seller_center,0,0,0,0,,,0.0,0.0,0,0.0,0,9,0.0,2,2026-02,2026-04
VANESSARRFERREIRAA,2026-05,2026-05-01,2026-05-23,82.85,0.4099999999999966,82.44,99.51,1,82.85,5,1,7.59,Ferro,sem_dado,0.05,tiktok_seller_center,6,1,1,0,,1,664.04,581.6,8,82.44,18,2,29.08,3,2026-03,2026-05
VANESSASILVAA009,2026-03,2026-03-01,2026-03-31,0.0,0.0,0.0,0.0,0,0.0,0,1,0.0,Ferro,sem_dado,0.05,tiktok_seller_center,0,0,0,0,,,0.0,0.0,0,0.0,0,1,0.0,1,2026-03,2026-03
VANESSA_CORTI,2026-05,2026-05-01,2026-05-23,107.65,107.65,0.0,0.0,1,107.65,5,0,8.79,Ferro,sem_dado,0.05,tiktok_seller_center,0,0,1,0,,1,107.65,107.65,1,0.0,6,0,5.38,2,2026-03,2026-05
VANESSINHAA_199,2026-03,2026-03-01,2026-03-31,0.0,0.0,0.0,0.0,0,0.0,1,0,0.0,Ferro,sem_dado,0.05,tiktok_seller_center,0,0,0,0,,,0.0,0.0,0,0.0,1,0,0.0,1,2026-03,2026-03
VANESSSASHOP,2026-05,2026-05-01,2026-05-23,0.0,0.0,0.0,0.0,0,0.0,0,8,0.0,Ferro,sem_dado,0.05,tiktok_seller_center,,0,0,0,,0,0.0,0.0,0,0.0,0,8,0.0,1,2026-05,2026-05
VANI08267,2026-04,2026-04-01,2026-04-30,0.0,0.0,0.0,0.0,0,0.0,0,1,0.0,Ferro,sem_dado,0.05,tiktok_seller_center,0,0,0,0,,,0.0,0.0,0,0.0,0,1,0.0,1,2026-04,2026-04
VANIACARDOSO86,2026-04,2026-04-01,2026-04-30,83.7,83.7,0.0,0.0,1,83.7,1,0,6.39,Ferro,sem_dado,0.05,tiktok_seller_center,1,0,1,0,,,83.7,83.7,1,0.0,1,0,4.19,1,2026-04,2026-04
VANIAMS_,2026-04,2026-04-01,2026-04-30,0.0,0.0,0.0,0.0,0,0.0,0,15,0.0,Ferro,sem_dado,0.05,tiktok_seller_center,0,0,0,0,,,0.0,0.0,0,0.0,0,15,0.0,1,2026-04,2026-04
VANIATEIXEIRA7,2026-02,2026-02-01,2026-02-28,0.0,0.0,0.0,0.0,0,0.0,1,1,0.0,Ferro,sem_dado,0.05,tiktok_seller_center,0,0,0,0,,,0.0,0.0,0,0.0,3,9,0.0,2,2026-01,2026-02
VANIA_6SOUZA,2026-03,2026-03-01,2026-03-31,0.0,0.0,0.0,0.0,0,0.0,0,2,0.0,Ferro,sem_dado,0.05,tiktok_seller_center,0,0,0,0,,,0.0,0.0,0,0.0,0,2,0.0,1,2026-03,2026-03
VANIHROSE,2026-02,2026-02-01,2026-02-28,0.0,0.0,0.0,0.0,0,0.0,0,2,0.0,Ferro,sem_dado,0.05,tiktok_seller_center,0,0,0,0,,,0.0,0.0,0,0.0,0,2,0.0,1,2026-02,2026-02
VANITIKTOKSHOP,2026-02,2026-02-01,2026-02-28,0.0,0.0,0.0,0.0,0,0.0,3,0,0.0,Ferro,sem_dado,0.05,tiktok_seller_center,0,0,0,0,,,0.0,0.0,0,0.0,3,0,0.0,1,2026-02,2026-02
VANNA.LOURENCO_OFICIAL,2026-02,2026-02-01,2026-02-28,0.0,0.0,0.0,0.0,0,0.0,0,1,0.0,Ferro,sem_dado,0.05,tiktok_seller_center,0,0,0,0,,,0.0,0.0,0,0.0,0,1,0.0,1,2026-02,2026-02
VANSHOPPING_CREATOR,2026-02,2026-02-01,2026-02-28,0.0,0.0,0.0,0.0,0,0.0,0,2,0.0,Ferro,sem_dado,0.05,tiktok_seller_center,0,0,0,0,,,0.0,0.0,0,0.0,0,2,0.0,1,2026-02,2026-02
VANVIEIRA.BR,2026-05,2026-05-01,2026-05-23,0.0,0.0,0.0,0.0,0,0.0,0,3,0.0,Ferro,sem_dado,0.05,tiktok_seller_center,0,0,0,0,,0,0.0,0.0,0,0.0,0,9,0.0,2,2026-04,2026-05
VANYROCHA4780,2026-04,2026-04-01,2026-04-30,0.0,0.0,0.0,0.0,0,0.0,0,1,0.0,Ferro,sem_dado,0.05,tiktok_seller_center,0,0,0,0,,,0.0,0.0,0,0.0,0,2,0.0,2,2026-03,2026-04
VAN_OFICIAL_,2026-04,2026-04-01,2026-04-30,0.0,0.0,0.0,0.0,0,0.0,5,0,0.0,Ferro,sem_dado,0.05,tiktok_seller_center,0,0,0,0,,,0.0,0.0,0,0.0,5,0,0.0,1,2026-04,2026-04
VAQUELE,2026-04,2026-04-01,2026-04-30,0.0,0.0,0.0,0.0,0,0.0,0,1,0.0,Ferro,sem_dado,0.05,tiktok_seller_center,0,0,0,0,,,0.0,0.0,0,0.0,0,1,0.0,1,2026-04,2026-04
VARIEDADESDAJESSICA,2026-05,2026-05-01,2026-05-23,0.0,0.0,0.0,0.0,0,0.0,0,2,0.0,Ferro,sem_dado,0.05,tiktok_seller_center,0,0,0,0,,0,0.0,0.0,0,0.0,0,14,0.0,2,2026-04,2026-05
VARIEDADESSILVA1,2026-03,2026-03-01,2026-03-31,0.0,0.0,0.0,0.0,0,0.0,1,0,0.0,Ferro,sem_dado,0.05,tiktok_seller_center,0,0,0,0,,,0.0,0.0,0,0.0,2,0,0.0,2,2026-02,2026-03
VARLASANTOS,2026-01,2026-01-06,2026-01-31,0.0,0.0,0.0,0.0,0,0.0,0,1,0.0,Ferro,sem_dado,0.05,tiktok_seller_center,0,0,0,0,,,0.0,0.0,0,0.0,0,1,0.0,1,2026-01,2026-01
VARLA_LAISA,2026-05,2026-05-01,2026-05-23,99.9,99.9,0.0,0.0,1,99.9,0,0,7.99,Ferro,sem_dado,0.05,tiktok_seller_center,,0,1,0,,1,99.9,99.9,1,0.0,0,0,5.0,1,2026-05,2026-05
VASQUESCYNTHIA,2026-05,2026-05-01,2026-05-23,0.0,0.0,0.0,0.0,0,0.0,2,0,0.0,Ferro,sem_dado,0.05,tiktok_seller_center,,0,0,0,,0,0.0,0.0,0,0.0,2,0,0.0,1,2026-05,2026-05
VBSJXG,2026-04,2026-04-01,2026-04-30,0.0,0.0,0.0,0.0,0,0.0,1,0,0.0,Ferro,sem_dado,0.05,tiktok_seller_center,0,0,0,0,,,0.0,0.0,0,0.0,1,0,0.0,1,2026-04,2026-04
VEH.FRANCAA,2026-02,2026-02-01,2026-02-28,0.0,0.0,0.0,0.0,0,0.0,1,0,0.0,Ferro,sem_dado,0.05,tiktok_seller_center,0,0,0,0,,,0.0,0.0,0,0.0,1,0,0.0,1,2026-02,2026-02
VEH3386,2026-04,2026-04-01,2026-04-30,0.0,0.0,0.0,0.0,0,0.0,2,0,0.0,Ferro,sem_dado,0.05,tiktok_seller_center,0,0,0,0,,,0.0,0.0,0,0.0,2,0,0.0,1,2026-04,2026-04
VEIOIDOSO23,2026-04,2026-04-01,2026-04-30,0.0,0.0,0.0,0.0,0,0.0,0,1,0.0,Ferro,sem_dado,0.05,tiktok_seller_center,0,0,0,0,,,0.0,0.0,0,0.0,0,2,0.0,2,2026-02,2026-04
VELLAHSHOPBR,2026-02,2026-02-01,2026-02-28,0.0,0.0,0.0,0.0,0,0.0,0,2,0.0,Ferro,sem_dado,0.05,tiktok_seller_center,0,0,0,0,,,0.0,0.0,0,0.0,0,2,0.0,1,2026-02,2026-02
VEMATOSMONTEIRO,2026-04,2026-04-01,2026-04-30,0.0,0.0,0.0,0.0,0,0.0,0,1,0.0,Ferro,sem_dado,0.05,tiktok_seller_center,0,0,0,0,,,0.0,0.0,0,0.0,0,1,0.0,1,2026-04,2026-04
VEMQUETEMSHOP10,2026-03,2026-03-01,2026-03-31,0.0,0.0,0.0,0.0,0,0.0,1,0,0.0,Ferro,sem_dado,0.05,tiktok_seller_center,0,0,0,0,,,0.0,0.0,0,0.0,1,0,0.0,1,2026-03,2026-03
VEMQUETEMTOP20,2026-04,2026-04-01,2026-04-30,0.0,0.0,0.0,0.0,0,0.0,0,3,0.0,Ferro,sem_dado,0.05,tiktok_seller_center,0,0,0,0,,,0.0,0.0,0,0.0,0,3,0.0,1,2026-04,2026-04
VEMVERISSO.OFICIAL,2026-03,2026-03-01,2026-03-31,0.0,0.0,0.0,0.0,0,0.0,1,1,0.0,Ferro,sem_dado,0.05,tiktok_seller_center,0,0,0,0,,,0.0,0.0,0,0.0,1,1,0.0,1,2026-03,2026-03
VENDASHOP86,2026-05,2026-05-01,2026-05-23,0.0,0.0,0.0,0.0,0,0.0,2,0,0.0,Ferro,sem_dado,0.05,tiktok_seller_center,,0,0,0,,0,0.0,0.0,0,0.0,2,0,0.0,1,2026-05,2026-05
VENDASHOPP,2026-04,2026-04-01,2026-04-30,0.0,0.0,0.0,0.0,0,0.0,0,2,0.0,Ferro,sem_dado,0.05,tiktok_seller_center,0,0,0,0,,,0.0,0.0,0,0.0,0,2,0.0,1,2026-04,2026-04
VENDASQUENTE,2026-01,2026-01-06,2026-01-31,0.0,0.0,0.0,0.0,0,0.0,2,0,0.0,Ferro,sem_dado,0.05,tiktok_seller_center,0,0,0,0,,,0.0,0.0,0,0.0,2,0,0.0,1,2026-01,2026-01
VENDAS_ONLINE147,2026-04,2026-04-01,2026-04-30,0.0,0.0,0.0,0.0,0,0.0,0,1,0.0,Ferro,sem_dado,0.05,tiktok_seller_center,0,0,0,0,,,0.0,0.0,0,0.0,0,1,0.0,1,2026-04,2026-04
VENDINHASOSMELHORESSHOP,2026-02,2026-02-01,2026-02-28,0.0,0.0,0.0,0.0,0,0.0,0,1,0.0,Ferro,sem_dado,0.05,tiktok_seller_center,0,0,0,0,,,0.0,0.0,0,0.0,0,3,0.0,2,2026-01,2026-02
VERALICE21,2026-01,2026-01-06,2026-01-31,0.0,0.0,0.0,0.0,0,0.0,0,3,0.0,Ferro,sem_dado,0.05,tiktok_seller_center,0,0,0,0,,,0.0,0.0,0,0.0,0,3,0.0,1,2026-01,2026-01
VERALUCIAAMELO,2026-04,2026-04-01,2026-04-30,0.0,0.0,0.0,0.0,0,0.0,1,0,0.0,Ferro,sem_dado,0.05,tiktok_seller_center,0,0,0,0,,,0.0,0.0,0,0.0,1,0,0.0,1,2026-04,2026-04
VERAMODAS4,2026-05,2026-05-01,2026-05-23,0.0,0.0,0.0,0.0,0,0.0,0,5,0.0,Ferro,sem_dado,0.05,tiktok_seller_center,,0,0,0,,0,0.0,0.0,0,0.0,0,5,0.0,1,2026-05,2026-05
VERA_NUZA,2026-03,2026-03-01,2026-03-31,0.0,0.0,0.0,0.0,0,0.0,0,1,0.0,Ferro,sem_dado,0.05,tiktok_seller_center,0,0,0,0,,,0.0,0.0,0,0.0,0,1,0.0,1,2026-03,2026-03
VERA_S11,2026-02,2026-02-01,2026-02-28,0.0,0.0,0.0,0.0,0,0.0,0,10,0.0,Ferro,sem_dado,0.05,tiktok_seller_center,0,0,0,0,,,0.0,0.0,0,0.0,0,11,0.0,2,2026-01,2026-02
VEREDITODAANGEL,2026-03,2026-03-01,2026-03-31,0.0,0.0,0.0,0.0,0,0.0,0,3,0.0,Ferro,sem_dado,0.05,tiktok_seller_center,0,0,0,0,,,0.0,0.0,0,0.0,0,3,0.0,1,2026-03,2026-03
VERIANTUNES,2026-05,2026-05-01,2026-05-23,0.0,0.0,0.0,0.0,0,0.0,3,13,0.0,Ferro,sem_dado,0.05,tiktok_seller_center,1,0,0,0,,0,75.72,75.72,1,0.0,3,18,3.79,2,2026-04,2026-05
VERSOMIXSHOP,2026-02,2026-02-01,2026-02-28,0.0,0.0,0.0,0.0,0,0.0,1,0,0.0,Ferro,sem_dado,0.05,tiktok_seller_center,0,0,0,0,,,0.0,0.0,0,0.0,1,0,0.0,1,2026-02,2026-02
VESORSIEL4W,2026-02,2026-02-01,2026-02-28,0.0,0.0,0.0,0.0,0,0.0,1,0,0.0,Ferro,sem_dado,0.05,tiktok_seller_center,0,0,0,0,,,0.0,0.0,0,0.0,1,0,0.0,1,2026-02,2026-02
VESTATUSOFC,2026-03,2026-03-01,2026-03-31,0.0,0.0,0.0,0.0,0,0.0,1,0,0.0,Ferro,sem_dado,0.05,tiktok_seller_center,0,0,0,0,,,0.0,0.0,0,0.0,2,0,0.0,2,2026-02,2026-03
VETRINE.VIRTUAL,2026-04,2026-04-01,2026-04-30,0.0,0.0,0.0,0.0,0,0.0,0,1,0.0,Ferro,sem_dado,0.05,tiktok_seller_center,0,0,0,0,,,0.0,0.0,0,0.0,0,1,0.0,1,2026-04,2026-04
VIBE.DE.VITRIA6,2026-04,2026-04-01,2026-04-30,0.0,0.0,0.0,0.0,0,0.0,2,0,0.0,Ferro,sem_dado,0.05,tiktok_seller_center,0,0,0,0,,,0.0,0.0,0,0.0,2,0,0.0,1,2026-04,2026-04
VIBEGLOW.TRENDS,2026-05,2026-05-01,2026-05-23,0.0,0.0,0.0,0.0,0,0.0,1,0,0.0,Ferro,sem_dado,0.05,tiktok_seller_center,,0,0,0,,0,0.0,0.0,0,0.0,1,0,0.0,1,2026-05,2026-05
VIBE_MODERNA,2026-02,2026-02-01,2026-02-28,0.0,0.0,0.0,0.0,0,0.0,1,0,0.0,Ferro,sem_dado,0.05,tiktok_seller_center,0,0,0,0,,,0.0,0.0,0,0.0,1,0,0.0,1,2026-02,2026-02
VICAAPROVA,2026-05,2026-05-01,2026-05-23,0.0,0.0,0.0,0.0,0,0.0,0,1,0.0,Ferro,sem_dado,0.05,tiktok_seller_center,0,0,0,0,,0,0.0,0.0,0,0.0,0,3,0.0,2,2026-04,2026-05
VICADADICAS,2026-03,2026-03-01,2026-03-31,0.0,0.0,0.0,0.0,0,0.0,3,0,0.0,Ferro,sem_dado,0.05,tiktok_seller_center,0,0,0,0,,,0.0,0.0,0,0.0,3,0,0.0,1,2026-03,2026-03
VICK.DIAS79,2026-05,2026-05-01,2026-05-23,0.0,0.0,0.0,0.0,0,0.0,0,1,0.0,Ferro,sem_dado,0.05,tiktok_seller_center,,0,0,0,,0,0.0,0.0,0,0.0,0,1,0.0,1,2026-05,2026-05
VICKBARTELEGA,2026-05,2026-05-01,2026-05-23,0.0,0.0,0.0,0.0,0,0.0,0,1,0.0,Ferro,sem_dado,0.05,tiktok_seller_center,1,0,0,0,,0,89.9,89.9,1,0.0,0,1,4.5,2,2026-04,2026-05
VICSBA,2026-05,2026-05-01,2026-05-23,0.0,0.0,0.0,0.0,0,0.0,1,0,0.0,Ferro,sem_dado,0.05,tiktok_seller_center,,0,0,0,,0,0.0,0.0,0,0.0,1,0,0.0,1,2026-05,2026-05
VICTORIALAURENT26,2026-03,2026-03-01,2026-03-31,0.0,0.0,0.0,0.0,0,0.0,1,0,0.0,Ferro,sem_dado,0.05,tiktok_seller_center,0,0,0,0,,,0.0,0.0,0,0.0,1,0,0.0,1,2026-03,2026-03
VICTORIALAURENTSHOP,2026-04,2026-04-01,2026-04-30,0.0,0.0,0.0,0.0,0,0.0,1,0,0.0,Ferro,sem_dado,0.05,tiktok_seller_center,0,0,0,0,,,0.0,0.0,0,0.0,1,0,0.0,1,2026-04,2026-04
VICTORVENDAS39,2026-04,2026-04-01,2026-04-30,0.0,0.0,0.0,0.0,0,0.0,2,0,0.0,Ferro,sem_dado,0.05,tiktok_seller_center,0,0,0,0,,,0.0,0.0,0,0.0,2,0,0.0,1,2026-04,2026-04
VICTORVICT48,2026-02,2026-02-01,2026-02-28,0.0,0.0,0.0,0.0,0,0.0,1,0,0.0,Ferro,sem_dado,0.05,tiktok_seller_center,0,0,0,0,,,0.0,0.0,0,0.0,1,0,0.0,1,2026-02,2026-02
VICXSOCIALS,2026-03,2026-03-01,2026-03-31,82.47,82.47,0.0,0.0,1,82.47,11,1,8.5,Ferro,sem_dado,0.05,tiktok_seller_center,1,0,1,0,,,264.48,264.48,2,0.0,11,1,13.219999999999999,2,2026-02,2026-03
VIDA.DA.KLAU,2026-03,2026-03-01,2026-03-31,0.0,0.0,0.0,0.0,0,0.0,0,1,0.0,Ferro,sem_dado,0.05,tiktok_seller_center,0,0,0,0,,,0.0,0.0,0,0.0,0,1,0.0,1,2026-03,2026-03
VIDA.EM.AO3,2026-02,2026-02-01,2026-02-28,0.0,0.0,0.0,0.0,0,0.0,1,0,0.0,Ferro,sem_dado,0.05,tiktok_seller_center,0,0,0,0,,,0.0,0.0,0,0.0,1,0,0.0,1,2026-02,2026-02
VIDABONITA.PRATICA,2026-05,2026-05-01,2026-05-23,0.0,0.0,0.0,0.0,0,0.0,4,0,0.0,Ferro,sem_dado,0.05,tiktok_seller_center,,0,0,0,,0,0.0,0.0,0,0.0,4,0,0.0,1,2026-05,2026-05
VIDAFITNESSTODODIA,2026-02,2026-02-01,2026-02-28,0.0,0.0,0.0,0.0,0,0.0,0,1,0.0,Ferro,sem_dado,0.05,tiktok_seller_center,0,0,0,0,,,0.0,0.0,0,0.0,0,1,0.0,1,2026-02,2026-02
VIDEOSENGRACADOS844,2026-01,2026-01-06,2026-01-31,0.0,0.0,0.0,0.0,0,0.0,0,2,0.0,Ferro,sem_dado,0.05,tiktok_seller_center,0,0,0,0,,,0.0,0.0,0,0.0,0,2,0.0,1,2026-01,2026-01
VIDEOSIAAFILIADOS,2026-02,2026-02-01,2026-02-28,0.0,0.0,0.0,0.0,0,0.0,2,0,0.0,Ferro,sem_dado,0.05,tiktok_seller_center,0,0,0,0,,,0.0,0.0,0,0.0,2,0,0.0,1,2026-02,2026-02
VIDINHANAROCA0,2026-03,2026-03-01,2026-03-31,0.0,0.0,0.0,0.0,0,0.0,2,0,0.0,Ferro,sem_dado,0.05,tiktok_seller_center,0,0,0,0,,,0.0,0.0,0,0.0,2,0,0.0,1,2026-03,2026-03
VIEIRACINTIAA,2026-05,2026-05-01,2026-05-23,0.0,0.0,0.0,0.0,0,0.0,0,1,0.0,Ferro,sem_dado,0.05,tiktok_seller_center,0,0,0,0,,0,0.0,0.0,0,0.0,0,7,0.0,2,2026-04,2026-05
VIGILINOESTEFANIA,2026-03,2026-03-01,2026-03-31,0.0,0.0,0.0,0.0,0,0.0,0,4,0.0,Ferro,sem_dado,0.05,tiktok_seller_center,0,0,0,0,,,0.0,0.0,0,0.0,0,4,0.0,1,2026-03,2026-03
VIHDICASTIKTOK,2026-01,2026-01-06,2026-01-31,0.0,0.0,0.0,0.0,0,0.0,1,0,0.0,Ferro,sem_dado,0.05,tiktok_seller_center,0,0,0,0,,,0.0,0.0,0,0.0,1,0,0.0,1,2026-01,2026-01
VIIBEESHOP,2026-02,2026-02-01,2026-02-28,0.0,0.0,0.0,0.0,0,0.0,1,0,0.0,Ferro,sem_dado,0.05,tiktok_seller_center,0,0,0,0,,,0.0,0.0,0,0.0,1,0,0.0,1,2026-02,2026-02
VIIC.ANDRADE,2026-04,2026-04-01,2026-04-30,0.0,0.0,0.0,0.0,0,0.0,1,0,0.0,Ferro,sem_dado,0.05,tiktok_seller_center,0,0,0,0,,,0.0,0.0,0,0.0,1,0,0.0,1,2026-04,2026-04
VIIC.VICTORIAA,2026-02,2026-02-01,2026-02-28,0.0,0.0,0.0,0.0,0,0.0,1,1,0.0,Ferro,sem_dado,0.05,tiktok_seller_center,0,0,0,0,,,0.0,0.0,0,0.0,1,1,0.0,1,2026-02,2026-02
VIITRINE_DE_ACHADINHOSS,2026-03,2026-03-01,2026-03-31,0.0,0.0,0.0,0.0,0,0.0,1,0,0.0,Ferro,sem_dado,0.05,tiktok_seller_center,0,0,0,0,,,0.0,0.0,0,0.0,1,0,0.0,1,2026-03,2026-03
VILLANE.SOUZA,2026-05,2026-05-01,2026-05-23,0.0,0.0,0.0,0.0,0,0.0,0,37,0.0,Ferro,sem_dado,0.05,tiktok_seller_center,,0,0,0,,0,0.0,0.0,0,0.0,0,37,0.0,1,2026-05,2026-05
VILLARVARIEDADES,2026-02,2026-02-01,2026-02-28,0.0,0.0,0.0,0.0,0,0.0,1,0,0.0,Ferro,sem_dado,0.05,tiktok_seller_center,0,0,0,0,,,0.0,0.0,0,0.0,1,0,0.0,1,2026-02,2026-02
VILMAOLIVEIRA5530,2026-02,2026-02-01,2026-02-28,0.0,0.0,0.0,0.0,0,0.0,0,1,0.0,Ferro,sem_dado,0.05,tiktok_seller_center,0,0,0,0,,,0.0,0.0,0,0.0,0,1,0.0,1,2026-02,2026-02
VIMORAISMAKEUP,2026-05,2026-05-01,2026-05-23,0.0,0.0,0.0,0.0,0,0.0,0,2,0.0,Ferro,sem_dado,0.05,tiktok_seller_center,0,0,0,0,,0,0.0,0.0,0,0.0,0,7,0.0,4,2026-01,2026-05
VINNYCAPLICA,2026-03,2026-03-01,2026-03-31,0.0,0.0,0.0,0.0,0,0.0,0,3,0.0,Ferro,sem_dado,0.05,tiktok_seller_center,0,0,0,0,,,0.0,0.0,0,0.0,0,5,0.0,2,2026-02,2026-03
VINTGE_VOGUE,2026-04,2026-04-01,2026-04-30,0.0,0.0,0.0,0.0,0,0.0,0,2,0.0,Ferro,sem_dado,0.05,tiktok_seller_center,0,0,0,0,,,0.0,0.0,0,0.0,0,3,0.0,2,2026-03,2026-04
VIRAISINTER,2026-03,2026-03-01,2026-03-31,0.0,0.0,0.0,0.0,0,0.0,1,0,0.0,Ferro,sem_dado,0.05,tiktok_seller_center,0,0,0,0,,,0.0,0.0,0,0.0,1,0,0.0,1,2026-03,2026-03
VIRAL.VIBE.SHOP.BR,2026-04,2026-04-01,2026-04-30,0.0,0.0,0.0,0.0,0,0.0,1,0,0.0,Ferro,sem_dado,0.05,tiktok_seller_center,0,0,0,0,,,0.0,0.0,0,0.0,1,0,0.0,1,2026-04,2026-04
VIRALBOXBR10,2026-05,2026-05-01,2026-05-23,0.0,0.0,0.0,0.0,0,0.0,0,1,0.0,Ferro,sem_dado,0.05,tiktok_seller_center,0,0,0,0,,0,0.0,0.0,0,0.0,0,4,0.0,3,2026-03,2026-05
VIRALZONEE,2026-03,2026-03-01,2026-03-31,0.0,0.0,0.0,0.0,0,0.0,1,0,0.0,Ferro,sem_dado,0.05,tiktok_seller_center,0,0,0,0,,,0.0,0.0,0,0.0,1,0,0.0,1,2026-03,2026-03
VIRGULANDOO,2026-04,2026-04-01,2026-04-30,0.0,0.0,0.0,0.0,0,0.0,2,0,0.0,Ferro,sem_dado,0.05,tiktok_seller_center,0,0,0,0,,,0.0,0.0,0,0.0,2,0,0.0,1,2026-04,2026-04
VISAODEAGUIA609,2026-03,2026-03-01,2026-03-31,0.0,0.0,0.0,0.0,0,0.0,3,0,0.0,Ferro,sem_dado,0.05,tiktok_seller_center,0,0,0,0,,,0.0,0.0,0,0.0,3,0,0.0,1,2026-03,2026-03
VISHOP.IA,2026-03,2026-03-01,2026-03-31,0.0,0.0,0.0,0.0,0,0.0,1,0,0.0,Ferro,sem_dado,0.05,tiktok_seller_center,0,0,0,0,,,0.0,0.0,0,0.0,1,0,0.0,1,2026-03,2026-03
VISITEISHOP,2026-02,2026-02-01,2026-02-28,67.34,67.34,0.0,0.0,1,67.34,0,0,7.22,Ferro,sem_dado,0.05,tiktok_seller_center,1,0,1,0,,,67.34,67.34,1,0.0,0,0,3.37,1,2026-02,2026-02
VISUALDEMILHOES01,2026-05,2026-05-01,2026-05-23,0.0,0.0,0.0,0.0,0,0.0,0,1,0.0,Ferro,sem_dado,0.05,tiktok_seller_center,,0,0,0,,0,0.0,0.0,0,0.0,0,1,0.0,1,2026-05,2026-05
VITHALITAMARTINS,2026-05,2026-05-01,2026-05-23,79.99,79.99,0.0,0.0,1,79.99,0,0,6.4,Ferro,sem_dado,0.05,tiktok_seller_center,,0,1,0,,1,79.99,79.99,1,0.0,0,0,4.0,1,2026-05,2026-05
VITORDIO1RR,2026-04,2026-04-01,2026-04-30,0.0,0.0,0.0,0.0,0,0.0,2,0,0.0,Ferro,sem_dado,0.05,tiktok_seller_center,0,0,0,0,,,203.64,203.64,1,0.0,6,0,10.18,2,2026-03,2026-04
VITORIABLINCK,2026-02,2026-02-01,2026-02-28,0.0,0.0,0.0,0.0,0,0.0,0,1,0.0,Ferro,sem_dado,0.05,tiktok_seller_center,0,0,0,0,,,0.0,0.0,0,0.0,0,1,0.0,1,2026-02,2026-02
VITORIACREATOR_,2026-03,2026-03-01,2026-03-31,0.0,0.0,0.0,0.0,0,0.0,2,0,0.0,Ferro,sem_dado,0.05,tiktok_seller_center,0,0,0,0,,,0.0,0.0,0,0.0,2,0,0.0,1,2026-03,2026-03
VITORIADBARBOSA,2026-04,2026-04-01,2026-04-30,0.0,0.0,0.0,0.0,0,0.0,0,2,0.0,Ferro,sem_dado,0.05,tiktok_seller_center,0,0,0,0,,,0.0,0.0,0,0.0,0,2,0.0,1,2026-04,2026-04
VITORIAPRIMEL,2026-03,2026-03-01,2026-03-31,0.0,0.0,0.0,0.0,0,0.0,0,1,0.0,Ferro,sem_dado,0.05,tiktok_seller_center,0,0,0,0,,,0.0,0.0,0,0.0,0,1,0.0,1,2026-03,2026-03
VITORIASANTTOSVS,2026-05,2026-05-01,2026-05-23,0.0,0.0,0.0,0.0,0,0.0,0,2,0.0,Ferro,sem_dado,0.05,tiktok_seller_center,0,0,0,0,,0,0.0,0.0,0,0.0,0,3,0.0,2,2026-04,2026-05
VITORIA_DAIAN0,2026-04,2026-04-01,2026-04-30,0.0,0.0,0.0,0.0,0,0.0,0,2,0.0,Ferro,sem_dado,0.05,tiktok_seller_center,0,0,0,0,,,0.0,0.0,0,0.0,0,2,0.0,1,2026-04,2026-04
VITRINE.36055,2026-01,2026-01-06,2026-01-31,0.0,0.0,0.0,0.0,0,0.0,1,0,0.0,Ferro,sem_dado,0.05,tiktok_seller_center,0,0,0,0,,,0.0,0.0,0,0.0,1,0,0.0,1,2026-01,2026-01
VITRINE.DA.BABU,2026-05,2026-05-01,2026-05-23,0.0,0.0,0.0,0.0,0,0.0,0,1,0.0,Ferro,sem_dado,0.05,tiktok_seller_center,0,0,0,0,,0,0.0,0.0,0,0.0,0,3,0.0,2,2026-04,2026-05
VITRINE.MRF,2026-02,2026-02-01,2026-02-28,0.0,0.0,0.0,0.0,0,0.0,0,1,0.0,Ferro,sem_dado,0.05,tiktok_seller_center,0,0,0,0,,,0.0,0.0,0,0.0,0,1,0.0,1,2026-02,2026-02
VITRINE254,2026-03,2026-03-01,2026-03-31,0.0,0.0,0.0,0.0,0,0.0,1,0,0.0,Ferro,sem_dado,0.05,tiktok_seller_center,0,0,0,0,,,0.0,0.0,0,0.0,1,0,0.0,1,2026-03,2026-03
VITRINEALE,2026-02,2026-02-01,2026-02-28,0.0,0.0,0.0,0.0,0,0.0,0,4,0.0,Ferro,sem_dado,0.05,tiktok_seller_center,0,0,0,0,,,0.0,0.0,0,0.0,0,4,0.0,1,2026-02,2026-02
VITRINEDAANA.OFICIAL,2026-04,2026-04-01,2026-04-30,62.54,62.54,0.0,0.0,1,62.54,0,0,7.22,Ferro,sem_dado,0.05,tiktok_seller_center,1,0,1,0,,,62.54,62.54,1,0.0,0,0,3.13,1,2026-04,2026-04
VITRINEDAANA1,2026-02,2026-02-01,2026-02-28,0.0,0.0,0.0,0.0,0,0.0,0,1,0.0,Ferro,sem_dado,0.05,tiktok_seller_center,0,0,0,0,,,0.0,0.0,0,0.0,0,1,0.0,1,2026-02,2026-02
VITRINEDAJNFR,2026-03,2026-03-01,2026-03-31,0.0,0.0,0.0,0.0,0,0.0,1,0,0.0,Ferro,sem_dado,0.05,tiktok_seller_center,0,0,0,0,,,0.0,0.0,0,0.0,1,0,0.0,1,2026-03,2026-03
VITRINEDALAURENTINO,2026-02,2026-02-01,2026-02-28,0.0,0.0,0.0,0.0,0,0.0,0,2,0.0,Ferro,sem_dado,0.05,tiktok_seller_center,0,0,0,0,,,0.0,0.0,0,0.0,0,2,0.0,1,2026-02,2026-02
VITRINEDALIVI,2026-04,2026-04-01,2026-04-30,0.0,0.0,0.0,0.0,0,0.0,5,0,0.0,Ferro,sem_dado,0.05,tiktok_seller_center,0,0,0,0,,,0.0,0.0,0,0.0,5,0,0.0,1,2026-04,2026-04
VITRINEDAMARY40,2026-02,2026-02-01,2026-02-28,0.0,0.0,0.0,0.0,0,0.0,0,2,0.0,Ferro,sem_dado,0.05,tiktok_seller_center,0,0,0,0,,,0.0,0.0,0,0.0,0,2,0.0,1,2026-02,2026-02
VITRINEDAMULHER0,2026-04,2026-04-01,2026-04-30,0.0,0.0,0.0,0.0,0,0.0,1,0,0.0,Ferro,sem_dado,0.05,tiktok_seller_center,0,0,0,0,,,0.0,0.0,0,0.0,1,0,0.0,1,2026-04,2026-04
VITRINEDANA,2026-02,2026-02-01,2026-02-28,0.0,0.0,0.0,0.0,0,0.0,1,0,0.0,Ferro,sem_dado,0.05,tiktok_seller_center,0,0,0,0,,,0.0,0.0,0,0.0,1,0,0.0,1,2026-02,2026-02
VITRINEDANILVA,2026-05,2026-05-01,2026-05-23,0.0,0.0,0.0,0.0,0,0.0,1,0,0.0,Ferro,sem_dado,0.05,tiktok_seller_center,0,0,0,0,,0,0.0,0.0,0,0.0,11,0,0.0,2,2026-02,2026-05
VITRINEDASU,2026-03,2026-03-01,2026-03-31,0.0,0.0,0.0,0.0,0,0.0,1,0,0.0,Ferro,sem_dado,0.05,tiktok_seller_center,0,0,0,0,,,0.0,0.0,0,0.0,1,0,0.0,1,2026-03,2026-03
VITRINEDATATI,2026-03,2026-03-01,2026-03-31,0.0,0.0,0.0,0.0,0,0.0,1,0,0.0,Ferro,sem_dado,0.05,tiktok_seller_center,0,0,0,0,,,0.0,0.0,0,0.0,2,0,0.0,2,2026-02,2026-03
VITRINEDEFLORZINHA_3155,2026-01,2026-01-06,2026-01-31,0.0,0.0,0.0,0.0,0,0.0,0,3,0.0,Ferro,sem_dado,0.05,tiktok_seller_center,0,0,0,0,,,0.0,0.0,0,0.0,0,3,0.0,1,2026-01,2026-01
VITRINEDELASOFICIAL,2026-02,2026-02-01,2026-02-28,0.0,0.0,0.0,0.0,0,0.0,1,0,0.0,Ferro,sem_dado,0.05,tiktok_seller_center,0,0,0,0,,,0.0,0.0,0,0.0,1,0,0.0,1,2026-02,2026-02
VITRINEEMDOBRO,2026-02,2026-02-01,2026-02-28,0.0,0.0,0.0,0.0,0,0.0,0,1,0.0,Ferro,sem_dado,0.05,tiktok_seller_center,0,0,0,0,,,0.0,0.0,0,0.0,0,1,0.0,1,2026-02,2026-02
VITRINEE_SHOP0,2026-04,2026-04-01,2026-04-30,0.0,0.0,0.0,0.0,0,0.0,3,0,0.0,Ferro,sem_dado,0.05,tiktok_seller_center,0,0,0,0,,,0.0,0.0,0,0.0,3,0,0.0,1,2026-04,2026-04
VITRINEFEMININAOFICIAL7,2026-04,2026-04-01,2026-04-30,0.0,0.0,0.0,0.0,0,0.0,3,0,0.0,Ferro,sem_dado,0.05,tiktok_seller_center,0,0,0,0,,,0.0,0.0,0,0.0,3,0,0.0,1,2026-04,2026-04
VITRINEHVACHADINHOS,2026-02,2026-02-01,2026-02-28,0.0,0.0,0.0,0.0,0,0.0,1,0,0.0,Ferro,sem_dado,0.05,tiktok_seller_center,0,0,0,0,,,159.8,159.8,2,0.0,2,0,7.99,2,2026-01,2026-02
VITRINEOFERTASKELLI,2026-04,2026-04-01,2026-04-30,0.0,0.0,0.0,0.0,0,0.0,0,2,0.0,Ferro,sem_dado,0.05,tiktok_seller_center,0,0,0,0,,,0.0,0.0,0,0.0,0,16,0.0,2,2026-03,2026-04
VITRINEONLINESHOP0,2026-05,2026-05-01,2026-05-23,0.0,0.0,0.0,0.0,0,0.0,2,0,0.0,Ferro,sem_dado,0.05,tiktok_seller_center,,0,0,0,,0,0.0,0.0,0,0.0,2,0,0.0,1,2026-05,2026-05
VITRINESTORI,2026-04,2026-04-01,2026-04-30,0.0,0.0,0.0,0.0,0,0.0,2,0,0.0,Ferro,sem_dado,0.05,tiktok_seller_center,0,0,0,0,,,0.0,0.0,0,0.0,2,0,0.0,1,2026-04,2026-04
VITRINETIK3,2026-04,2026-04-01,2026-04-30,0.0,0.0,0.0,0.0,0,0.0,1,0,0.0,Ferro,sem_dado,0.05,tiktok_seller_center,0,0,0,0,,,0.0,0.0,0,0.0,1,0,0.0,1,2026-04,2026-04
VITRINEVARIADA5,2026-04,2026-04-01,2026-04-30,0.0,0.0,0.0,0.0,0,0.0,0,7,0.0,Ferro,sem_dado,0.05,tiktok_seller_center,0,0,0,0,,,0.0,0.0,0,0.0,0,7,0.0,1,2026-04,2026-04
VITRINEVERSATIL45,2026-05,2026-05-01,2026-05-23,0.0,0.0,0.0,0.0,0,0.0,0,1,0.0,Ferro,sem_dado,0.05,tiktok_seller_center,0,0,0,0,,0,0.0,0.0,0,0.0,1,4,0.0,4,2026-01,2026-05
VITRINEVIP52,2026-03,2026-03-01,2026-03-31,0.0,0.0,0.0,0.0,0,0.0,0,1,0.0,Ferro,sem_dado,0.05,tiktok_seller_center,0,0,0,0,,,0.0,0.0,0,0.0,0,2,0.0,2,2026-02,2026-03
VITRINEVIRAL812,2026-04,2026-04-01,2026-04-30,0.0,0.0,0.0,0.0,0,0.0,0,1,0.0,Ferro,sem_dado,0.05,tiktok_seller_center,0,0,0,0,,,0.0,0.0,0,0.0,0,2,0.0,2,2026-02,2026-04
VITRINEVIRALTIKTOKSHOP,2026-02,2026-02-01,2026-02-28,0.0,0.0,0.0,0.0,0,0.0,1,0,0.0,Ferro,sem_dado,0.05,tiktok_seller_center,0,0,0,0,,,0.0,0.0,0,0.0,1,0,0.0,1,2026-02,2026-02
VITRINE_DA_DRY,2026-03,2026-03-01,2026-03-31,0.0,0.0,0.0,0.0,0,0.0,1,0,0.0,Ferro,sem_dado,0.05,tiktok_seller_center,0,0,0,0,,,0.0,0.0,0,0.0,1,0,0.0,1,2026-03,2026-03
VITRINE_SHOP0,2026-03,2026-03-01,2026-03-31,0.0,0.0,0.0,0.0,0,0.0,3,0,0.0,Ferro,sem_dado,0.05,tiktok_seller_center,0,0,0,0,,,0.0,0.0,0,0.0,3,0,0.0,1,2026-03,2026-03
VITRINE_SHOP5,2026-02,2026-02-01,2026-02-28,0.0,0.0,0.0,0.0,0,0.0,1,0,0.0,Ferro,sem_dado,0.05,tiktok_seller_center,0,0,0,0,,,0.0,0.0,0,0.0,1,0,0.0,1,2026-02,2026-02
VITRINIDAGIH,2026-05,2026-05-01,2026-05-23,90.79,90.79,0.0,0.0,1,90.79,0,0,6.4,Ferro,sem_dado,0.05,tiktok_seller_center,,0,1,0,,1,90.79,90.79,1,0.0,0,0,4.54,1,2026-05,2026-05
VITRINIIMPERIO,2026-01,2026-01-06,2026-01-31,164.18,87.21000000000001,76.97,46.88,2,82.09,0,0,15.98,Ferro,sem_dado,0.05,tiktok_seller_center,2,1,1,0,,,164.18,87.21000000000001,2,76.97,0,0,4.36,1,2026-01,2026-01
VITRINNEDADAY,2026-03,2026-03-01,2026-03-31,0.0,0.0,0.0,0.0,0,0.0,0,11,0.0,Ferro,sem_dado,0.05,tiktok_seller_center,0,0,0,0,,,0.0,0.0,0,0.0,0,18,0.0,3,2026-01,2026-03
VITRINNEDAMARY,2026-05,2026-05-01,2026-05-23,0.0,0.0,0.0,0.0,0,0.0,0,2,0.0,Ferro,sem_dado,0.05,tiktok_seller_center,0,0,0,0,,0,0.0,0.0,0,0.0,0,5,0.0,2,2026-04,2026-05
VITRINNESHOPP,2026-04,2026-04-01,2026-04-30,79.9,79.9,0.0,0.0,1,79.9,0,0,7.99,Ferro,sem_dado,0.05,tiktok_seller_center,1,0,1,0,,,79.9,79.9,1,0.0,1,0,4.0,2,2026-03,2026-04
VITTASHOP_BR,2026-02,2026-02-01,2026-02-28,0.0,0.0,0.0,0.0,0,0.0,1,0,0.0,Ferro,sem_dado,0.05,tiktok_seller_center,0,0,0,0,,,0.0,0.0,0,0.0,1,0,0.0,1,2026-02,2026-02
VIVA.AGORAO,2026-04,2026-04-01,2026-04-30,0.0,0.0,0.0,0.0,0,0.0,1,0,0.0,Ferro,sem_dado,0.05,tiktok_seller_center,0,0,0,0,,,0.0,0.0,0,0.0,1,0,0.0,1,2026-04,2026-04
VIVABELLASTORE,2026-01,2026-01-06,2026-01-31,59.42,59.42,0.0,0.0,1,59.42,1,0,6.99,Ferro,sem_dado,0.05,tiktok_seller_center,1,0,1,0,,,59.42,59.42,1,0.0,1,0,2.97,1,2026-01,2026-01
VIVENDODEVEN,2026-03,2026-03-01,2026-03-31,0.0,0.0,0.0,0.0,0,0.0,1,0,0.0,Ferro,sem_dado,0.05,tiktok_seller_center,0,0,0,0,,,0.0,0.0,0,0.0,1,0,0.0,1,2026-03,2026-03
VIVERBEM121,2026-03,2026-03-01,2026-03-31,0.0,0.0,0.0,0.0,0,0.0,2,0,0.0,Ferro,sem_dado,0.05,tiktok_seller_center,0,0,0,0,,,0.0,0.0,0,0.0,2,0,0.0,1,2026-03,2026-03
VIVI.BORTOLOZO,2026-05,2026-05-01,2026-05-23,0.0,0.0,0.0,0.0,0,0.0,2,0,0.0,Ferro,sem_dado,0.05,tiktok_seller_center,0,0,0,0,,0,0.0,0.0,0,0.0,5,0,0.0,2,2026-04,2026-05
VIVI.NAVIAGEM,2026-04,2026-04-01,2026-04-30,0.0,0.0,0.0,0.0,0,0.0,4,0,0.0,Ferro,sem_dado,0.05,tiktok_seller_center,0,0,0,0,,,0.0,0.0,0,0.0,4,6,0.0,3,2026-02,2026-04
VIVIACHADINHO,2026-04,2026-04-01,2026-04-30,0.0,0.0,0.0,0.0,0,0.0,0,2,0.0,Ferro,sem_dado,0.05,tiktok_seller_center,0,0,0,0,,,0.0,0.0,0,0.0,0,3,0.0,2,2026-03,2026-04
VIVIAN0.6,2026-03,2026-03-01,2026-03-31,0.0,0.0,0.0,0.0,0,0.0,1,0,0.0,Ferro,sem_dado,0.05,tiktok_seller_center,0,0,0,0,,,0.0,0.0,0,0.0,1,0,0.0,1,2026-03,2026-03
VIVIANALMEIIDA,2026-05,2026-05-01,2026-05-23,0.0,0.0,0.0,0.0,0,0.0,0,2,0.0,Ferro,sem_dado,0.05,tiktok_seller_center,,0,0,0,,0,0.0,0.0,0,0.0,0,2,0.0,1,2026-05,2026-05
VIVIANCCUNHAA,2026-05,2026-05-01,2026-05-23,0.0,0.0,0.0,0.0,0,0.0,0,1,0.0,Ferro,sem_dado,0.05,tiktok_seller_center,0,0,0,0,,0,0.0,0.0,0,0.0,0,11,0.0,2,2026-02,2026-05
VIVIANE.VIVYANY,2026-04,2026-04-01,2026-04-30,0.0,0.0,0.0,0.0,0,0.0,0,2,0.0,Ferro,sem_dado,0.05,tiktok_seller_center,0,0,0,0,,,0.0,0.0,0,0.0,0,2,0.0,1,2026-04,2026-04
VIVIANEPASSOS80,2026-04,2026-04-01,2026-04-30,0.0,0.0,0.0,0.0,0,0.0,0,1,0.0,Ferro,sem_dado,0.05,tiktok_seller_center,0,0,0,0,,,0.0,0.0,0,0.0,0,1,0.0,1,2026-04,2026-04
VIVIANEPEDROLIFE,2026-04,2026-04-01,2026-04-30,0.0,0.0,0.0,0.0,0,0.0,2,2,0.0,Ferro,sem_dado,0.05,tiktok_seller_center,0,0,0,0,,,81.1,81.1,1,0.0,7,5,4.05,4,2026-01,2026-04
VIVIANESIQUEIRA536,2026-03,2026-03-01,2026-03-31,0.0,0.0,0.0,0.0,0,0.0,2,4,0.0,Ferro,sem_dado,0.05,tiktok_seller_center,0,0,0,0,,,74.07,74.07,1,0.0,2,4,3.7,2,2026-02,2026-03
VIVIANMACEDO0610,2026-05,2026-05-01,2026-05-23,0.0,0.0,0.0,0.0,0,0.0,0,1,0.0,Ferro,sem_dado,0.05,tiktok_seller_center,0,0,0,0,,0,0.0,0.0,0,0.0,0,3,0.0,2,2026-04,2026-05
VIVIANMBORGES,2026-05,2026-05-01,2026-05-23,0.0,0.0,0.0,0.0,0,0.0,0,7,0.0,Ferro,sem_dado,0.05,tiktok_seller_center,0,0,0,0,,0,0.0,0.0,0,0.0,0,39,0.0,3,2026-03,2026-05
VIVIBORANDO,2026-04,2026-04-01,2026-04-30,0.0,0.0,0.0,0.0,0,0.0,0,1,0.0,Ferro,sem_dado,0.05,tiktok_seller_center,0,0,0,0,,,0.0,0.0,0,0.0,0,1,0.0,1,2026-04,2026-04
VIVIINDICA4,2026-04,2026-04-01,2026-04-30,0.0,0.0,0.0,0.0,0,0.0,1,0,0.0,Ferro,sem_dado,0.05,tiktok_seller_center,0,0,0,0,,,0.0,0.0,0,0.0,1,0,0.0,1,2026-04,2026-04
VIVILAMAIS,2026-05,2026-05-01,2026-05-23,0.0,0.0,0.0,0.0,0,0.0,2,0,0.0,Ferro,sem_dado,0.05,tiktok_seller_center,,0,0,0,,0,0.0,0.0,0,0.0,2,0,0.0,1,2026-05,2026-05
VIVILOPES.021,2026-03,2026-03-01,2026-03-31,96.02,96.02,0.0,0.0,1,96.02,0,0,8.5,Ferro,sem_dado,0.05,tiktok_seller_center,1,0,1,0,,,96.02,96.02,1,0.0,0,0,4.8,1,2026-03,2026-03
VIVIMAR.SHOP,2026-04,2026-04-01,2026-04-30,0.0,0.0,0.0,0.0,0,0.0,2,0,0.0,Ferro,sem_dado,0.05,tiktok_seller_center,0,0,0,0,,,0.0,0.0,0,0.0,2,0,0.0,1,2026-04,2026-04
VIVINAROCAA,2026-05,2026-05-01,2026-05-23,0.0,0.0,0.0,0.0,0,0.0,1,0,0.0,Ferro,sem_dado,0.05,tiktok_seller_center,,0,0,0,,0,0.0,0.0,0,0.0,1,0,0.0,1,2026-05,2026-05
VIVISHOPDICAS,2026-03,2026-03-01,2026-03-31,0.0,0.0,0.0,0.0,0,0.0,0,1,0.0,Ferro,sem_dado,0.05,tiktok_seller_center,0,0,0,0,,,0.0,0.0,0,0.0,0,1,0.0,1,2026-03,2026-03
VIVITESTAEINDICA.SHOP,2026-03,2026-03-01,2026-03-31,0.0,0.0,0.0,0.0,0,0.0,0,2,0.0,Ferro,sem_dado,0.05,tiktok_seller_center,0,0,0,0,,,0.0,0.0,0,0.0,0,2,0.0,1,2026-03,2026-03
VIVI_TTAVARES,2026-03,2026-03-01,2026-03-31,166.6,166.6,0.0,0.0,2,83.3,3,0,15.98,Ferro,sem_dado,0.05,tiktok_seller_center,2,0,1,0,,,166.6,166.6,2,0.0,3,0,8.33,1,2026-03,2026-03
VIVI_UGC10,2026-05,2026-05-01,2026-05-23,0.0,0.0,0.0,0.0,0,0.0,0,1,0.0,Ferro,sem_dado,0.05,tiktok_seller_center,,0,0,0,,0,0.0,0.0,0,0.0,0,1,0.0,1,2026-05,2026-05
VLOGDASAMII,2026-05,2026-05-01,2026-05-23,0.0,0.0,0.0,0.0,0,0.0,0,1,0.0,Ferro,sem_dado,0.05,tiktok_seller_center,,0,0,0,,0,0.0,0.0,0,0.0,0,1,0.0,1,2026-05,2026-05
VOCENAMODA88,2026-04,2026-04-01,2026-04-30,0.0,0.0,0.0,0.0,0,0.0,0,2,0.0,Ferro,sem_dado,0.05,tiktok_seller_center,0,0,0,0,,,0.0,0.0,0,0.0,0,17,0.0,3,2026-02,2026-04
VTUK.IEMN,2026-04,2026-04-01,2026-04-30,0.0,0.0,0.0,0.0,0,0.0,1,0,0.0,Ferro,sem_dado,0.05,tiktok_seller_center,0,0,0,0,,,0.0,0.0,0,0.0,1,0,0.0,1,2026-04,2026-04
VVDOUCEUR7,2026-02,2026-02-01,2026-02-28,0.0,0.0,0.0,0.0,0,0.0,0,2,0.0,Ferro,sem_dado,0.05,tiktok_seller_center,0,0,0,0,,,0.0,0.0,0,0.0,0,2,0.0,1,2026-02,2026-02
W9UKS0,2026-04,2026-04-01,2026-04-30,0.0,0.0,0.0,0.0,0,0.0,1,0,0.0,Ferro,sem_dado,0.05,tiktok_seller_center,0,0,0,0,,,0.0,0.0,0,0.0,1,0,0.0,1,2026-04,2026-04
WAALESKAMACEDO,2026-03,2026-03-01,2026-03-31,181.3,181.3,0.0,0.0,2,90.65,1,0,7.99,Ferro,sem_dado,0.05,tiktok_seller_center,2,0,1,0,,,181.3,181.3,2,0.0,1,0,9.07,1,2026-03,2026-03
WALESSYA_WOISCZAK,2026-05,2026-05-01,2026-05-23,0.0,0.0,0.0,0.0,0,0.0,0,76,0.0,Ferro,sem_dado,0.05,tiktok_seller_center,0,0,0,0,,0,0.0,0.0,0,0.0,0,79,0.0,2,2026-04,2026-05
WALKIRIA_VASQUES,2026-03,2026-03-01,2026-03-31,0.0,0.0,0.0,0.0,0,0.0,0,2,0.0,Ferro,sem_dado,0.05,tiktok_seller_center,0,0,0,0,,,0.0,0.0,0,0.0,0,2,0.0,1,2026-03,2026-03
WALLERIAMORAIS,2026-03,2026-03-01,2026-03-31,0.0,0.0,0.0,0.0,0,0.0,1,0,0.0,Ferro,sem_dado,0.05,tiktok_seller_center,0,0,0,0,,,0.0,0.0,0,0.0,1,0,0.0,1,2026-03,2026-03
WALLERIBECHER,2026-05,2026-05-01,2026-05-23,0.0,-81.1,81.1,0.0,0,0.0,0,17,0.0,Ferro,sem_dado,0.05,tiktok_seller_center,1,1,0,0,,0,81.1,0.0,1,81.1,0,29,0.0,2,2026-04,2026-05
WALLERIBECHERR,2026-05,2026-05-01,2026-05-23,0.0,0.0,0.0,0.0,0,0.0,0,5,0.0,Ferro,sem_dado,0.05,tiktok_seller_center,,0,0,0,,0,0.0,0.0,0,0.0,0,5,0.0,1,2026-05,2026-05
WALQUIRIACOSTAA,2026-05,2026-05-01,2026-05-23,0.0,0.0,0.0,0.0,0,0.0,0,2,0.0,Ferro,sem_dado,0.05,tiktok_seller_center,0,0,0,0,,0,0.0,0.0,0,0.0,0,10,0.0,2,2026-04,2026-05
WALQUIRIAMARQUES7,2026-01,2026-01-06,2026-01-31,0.0,0.0,0.0,0.0,0,0.0,1,0,0.0,Ferro,sem_dado,0.05,tiktok_seller_center,0,0,0,0,,,0.0,0.0,0,0.0,1,0,0.0,1,2026-01,2026-01
WANDAGOUDARD,2026-04,2026-04-01,2026-04-30,0.0,0.0,0.0,0.0,0,0.0,0,1,0.0,Ferro,sem_dado,0.05,tiktok_seller_center,0,0,0,0,,,0.0,0.0,0,0.0,0,2,0.0,2,2026-03,2026-04
WANESSAMELO82,2026-04,2026-04-01,2026-04-30,0.0,0.0,0.0,0.0,0,0.0,0,1,0.0,Ferro,sem_dado,0.05,tiktok_seller_center,0,0,0,0,,,0.0,0.0,0,0.0,0,1,0.0,1,2026-04,2026-04
WANESSA_DONAPECHINCHA,2026-04,2026-04-01,2026-04-30,0.0,0.0,0.0,0.0,0,0.0,0,3,0.0,Ferro,sem_dado,0.05,tiktok_seller_center,0,0,0,0,,,0.0,0.0,0,0.0,0,5,0.0,3,2026-01,2026-04
WAZZFDVIO0,2026-05,2026-05-01,2026-05-23,0.0,0.0,0.0,0.0,0,0.0,1,0,0.0,Ferro,sem_dado,0.05,tiktok_seller_center,,0,0,0,,0,0.0,0.0,0,0.0,1,0,0.0,1,2026-05,2026-05
WENDEL_FERREIRA,2026-03,2026-03-01,2026-03-31,0.0,0.0,0.0,0.0,0,0.0,1,0,0.0,Ferro,sem_dado,0.05,tiktok_seller_center,0,0,0,0,,,0.0,0.0,0,0.0,1,0,0.0,1,2026-03,2026-03
WENDYPICHITELLY,2026-05,2026-05-01,2026-05-23,0.0,0.0,0.0,0.0,0,0.0,1,2,0.0,Ferro,sem_dado,0.05,tiktok_seller_center,,0,0,0,,0,0.0,0.0,0,0.0,1,2,0.0,1,2026-05,2026-05
WENDYQUINARI,2026-05,2026-05-01,2026-05-23,0.0,0.0,0.0,0.0,0,0.0,0,1,0.0,Ferro,sem_dado,0.05,tiktok_seller_center,0,0,0,0,,0,0.0,0.0,0,0.0,1,3,0.0,2,2026-02,2026-05
WERICA.CRISLAINE2,2026-03,2026-03-01,2026-03-31,0.0,0.0,0.0,0.0,0,0.0,4,0,0.0,Ferro,sem_dado,0.05,tiktok_seller_center,0,0,0,0,,,84.28,84.28,1,0.0,5,0,4.21,2,2026-02,2026-03
WEY7DKYKS2,2026-02,2026-02-01,2026-02-28,169.0,80.7,88.3,52.25,2,84.5,2,0,0.0,Ferro,sem_dado,0.05,tiktok_seller_center,2,1,1,0,,,169.0,80.7,2,88.3,2,0,4.04,1,2026-02,2026-02
WILDERLOBATO,2026-02,2026-02-01,2026-02-28,89.08,89.08,0.0,0.0,1,89.08,0,0,9.34,Ferro,sem_dado,0.05,tiktok_seller_center,1,0,1,0,,,89.08,89.08,1,0.0,1,0,4.45,2,2026-01,2026-02
WILHA2,2026-03,2026-03-01,2026-03-31,0.0,0.0,0.0,0.0,0,0.0,0,6,0.0,Ferro,sem_dado,0.05,tiktok_seller_center,0,0,0,0,,,0.0,0.0,0,0.0,0,6,0.0,1,2026-03,2026-03
WILIANEDEYBER,2026-05,2026-05-01,2026-05-23,0.0,0.0,0.0,0.0,0,0.0,0,1,0.0,Ferro,sem_dado,0.05,tiktok_seller_center,0,0,0,0,,0,0.0,0.0,0,0.0,0,2,0.0,2,2026-04,2026-05
WILLAMES.OFC,2026-03,2026-03-01,2026-03-31,0.0,0.0,0.0,0.0,0,0.0,0,1,0.0,Ferro,sem_dado,0.05,tiktok_seller_center,0,0,0,0,,,0.0,0.0,0,0.0,0,1,0.0,1,2026-03,2026-03
WILLIAN.JESSIMON,2026-04,2026-04-01,2026-04-30,0.0,0.0,0.0,0.0,0,0.0,0,2,0.0,Ferro,sem_dado,0.05,tiktok_seller_center,0,0,0,0,,,0.0,0.0,0,0.0,0,26,0.0,2,2026-03,2026-04
WILLIANE.TAVARES2,2026-04,2026-04-01,2026-04-30,0.0,0.0,0.0,0.0,0,0.0,1,0,0.0,Ferro,sem_dado,0.05,tiktok_seller_center,0,0,0,0,,,0.0,0.0,0,0.0,1,0,0.0,1,2026-04,2026-04
WILLYANE594,2026-05,2026-05-01,2026-05-23,0.0,0.0,0.0,0.0,0,0.0,0,1,0.0,Ferro,sem_dado,0.05,tiktok_seller_center,,0,0,0,,0,0.0,0.0,0,0.0,0,1,0.0,1,2026-05,2026-05
WILLYENEREIS,2026-01,2026-01-06,2026-01-31,77.5,77.5,0.0,0.0,1,77.5,0,0,7.91,Ferro,sem_dado,0.05,tiktok_seller_center,1,0,1,0,,,77.5,77.5,1,0.0,0,0,3.88,1,2026-01,2026-01
WILPEREIRA8,2026-03,2026-03-01,2026-03-31,0.0,0.0,0.0,0.0,0,0.0,0,2,0.0,Ferro,sem_dado,0.05,tiktok_seller_center,0,0,0,0,,,0.0,0.0,0,0.0,0,4,0.0,2,2026-02,2026-03
WLY_LUCENA,2026-02,2026-02-01,2026-02-28,0.0,0.0,0.0,0.0,0,0.0,1,0,0.0,Ferro,sem_dado,0.05,tiktok_seller_center,0,0,0,0,,,0.0,0.0,0,0.0,3,0,0.0,2,2026-01,2026-02
WW.MODA.TWINS,2026-05,2026-05-01,2026-05-23,0.0,0.0,0.0,0.0,0,0.0,0,1,0.0,Ferro,sem_dado,0.05,tiktok_seller_center,0,0,0,0,,0,0.0,0.0,0,0.0,0,15,0.0,2,2026-04,2026-05
WWW.TIKTOK.COMGUARDIAO,2026-04,2026-04-01,2026-04-30,0.0,0.0,0.0,0.0,0,0.0,0,2,0.0,Ferro,sem_dado,0.05,tiktok_seller_center,0,0,0,0,,,0.0,0.0,0,0.0,0,2,0.0,1,2026-04,2026-04
WWW.TIKTOK.COMISABEL57,2026-05,2026-05-01,2026-05-23,0.0,0.0,0.0,0.0,0,0.0,1,0,0.0,Ferro,sem_dado,0.05,tiktok_seller_center,,0,0,0,,0,0.0,0.0,0,0.0,1,0,0.0,1,2026-05,2026-05
WWW.TITOKHELENA,2026-02,2026-02-01,2026-02-28,0.0,0.0,0.0,0.0,0,0.0,3,0,0.0,Ferro,sem_dado,0.05,tiktok_seller_center,0,0,0,0,,,0.0,0.0,0,0.0,3,0,0.0,1,2026-02,2026-02
WWWTIKTOKMARAMORENO,2026-03,2026-03-01,2026-03-31,0.0,0.0,0.0,0.0,0,0.0,0,1,0.0,Ferro,sem_dado,0.05,tiktok_seller_center,0,0,0,0,,,0.0,0.0,0,0.0,0,1,0.0,1,2026-03,2026-03
WXB7776TK,2026-01,2026-01-06,2026-01-31,0.0,0.0,0.0,0.0,0,0.0,1,0,0.0,Ferro,sem_dado,0.05,tiktok_seller_center,0,0,0,0,,,0.0,0.0,0,0.0,1,0,0.0,1,2026-01,2026-01
XABELLE.STOREE,2026-05,2026-05-01,2026-05-23,0.0,0.0,0.0,0.0,0,0.0,0,1,0.0,Ferro,sem_dado,0.05,tiktok_seller_center,,0,0,0,,0,0.0,0.0,0,0.0,0,1,0.0,1,2026-05,2026-05
XAMPSSTORE,2026-03,2026-03-01,2026-03-31,0.0,0.0,0.0,0.0,0,0.0,1,0,0.0,Ferro,sem_dado,0.05,tiktok_seller_center,0,0,0,0,,,0.0,0.0,0,0.0,1,0,0.0,1,2026-03,2026-03
XANDENATAL,2026-04,2026-04-01,2026-04-30,0.0,0.0,0.0,0.0,0,0.0,0,2,0.0,Ferro,sem_dado,0.05,tiktok_seller_center,0,0,0,0,,,0.0,0.0,0,0.0,3,19,0.0,3,2026-01,2026-04
XHEP4,2026-04,2026-04-01,2026-04-30,0.0,0.0,0.0,0.0,0,0.0,2,0,0.0,Ferro,sem_dado,0.05,tiktok_seller_center,0,0,0,0,,,0.0,0.0,0,0.0,3,0,0.0,2,2026-02,2026-04
XINRORBDX3B,2026-03,2026-03-01,2026-03-31,0.0,0.0,0.0,0.0,0,0.0,1,0,0.0,Ferro,sem_dado,0.05,tiktok_seller_center,0,0,0,0,,,0.0,0.0,0,0.0,1,0,0.0,1,2026-03,2026-03
XKUIOVO,2026-04,2026-04-01,2026-04-30,0.0,0.0,0.0,0.0,0,0.0,1,0,0.0,Ferro,sem_dado,0.05,tiktok_seller_center,0,0,0,0,,,0.0,0.0,0,0.0,1,0,0.0,1,2026-04,2026-04
XRIXSIL,2026-02,2026-02-01,2026-02-28,0.0,0.0,0.0,0.0,0,0.0,1,1,0.0,Ferro,sem_dado,0.05,tiktok_seller_center,0,0,0,0,,,0.0,0.0,0,0.0,1,2,0.0,2,2026-01,2026-02
X_ACL1,2026-03,2026-03-01,2026-03-31,0.0,0.0,0.0,0.0,0,0.0,2,0,0.0,Ferro,sem_dado,0.05,tiktok_seller_center,0,0,0,0,,,0.0,0.0,0,0.0,3,0,0.0,2,2026-02,2026-03
YANCAGODINHO,2026-05,2026-05-01,2026-05-23,0.0,0.0,0.0,0.0,0,0.0,2,0,0.0,Ferro,sem_dado,0.05,tiktok_seller_center,1,0,0,0,,0,216.3,147.82,3,68.48,2,10,7.390000000000001,3,2026-01,2026-05
YAPONTS,2026-04,2026-04-01,2026-04-30,394.25,394.25,0.0,0.0,5,78.85,0,0,39.18,Ferro,sem_dado,0.05,tiktok_seller_center,5,0,1,0,,,1284.08,1284.08,16,0.0,3,0,64.21000000000001,4,2026-01,2026-04
YARA.TTSHOP,2026-04,2026-04-01,2026-04-30,0.0,0.0,0.0,0.0,0,0.0,2,0,0.0,Ferro,sem_dado,0.05,tiktok_seller_center,0,0,0,0,,,0.0,0.0,0,0.0,3,0,0.0,2,2026-02,2026-04
YARASANTINI,2026-03,2026-03-01,2026-03-31,0.0,0.0,0.0,0.0,0,0.0,1,0,0.0,Ferro,sem_dado,0.05,tiktok_seller_center,0,0,0,0,,,0.0,0.0,0,0.0,1,0,0.0,1,2026-03,2026-03
YARINHA_AMARAL,2026-04,2026-04-01,2026-04-30,0.0,0.0,0.0,0.0,0,0.0,1,0,0.0,Ferro,sem_dado,0.05,tiktok_seller_center,0,0,0,0,,,0.0,0.0,0,0.0,2,0,0.0,2,2026-03,2026-04
YAS.ALICE,2026-03,2026-03-01,2026-03-31,83.62,83.62,0.0,0.0,1,83.62,0,0,7.99,Ferro,sem_dado,0.05,tiktok_seller_center,1,0,1,0,,,83.62,83.62,1,0.0,0,0,4.18,1,2026-03,2026-03
YASMIIINALMEIDA,2026-03,2026-03-01,2026-03-31,76.01,76.01,0.0,0.0,1,76.01,2,0,7.99,Ferro,sem_dado,0.05,tiktok_seller_center,1,0,1,0,,,237.41000000000003,237.41000000000003,3,0.0,7,0,11.870000000000001,3,2026-01,2026-03
YASMIN.ALMEIIDA,2026-05,2026-05-01,2026-05-23,184.11,184.11,0.0,0.0,2,92.06,1,0,15.98,Ferro,sem_dado,0.05,tiktok_seller_center,,0,1,0,,2,184.11,184.11,2,0.0,1,0,9.21,1,2026-05,2026-05
YASMIN.AOLIVEIRA,2026-05,2026-05-01,2026-05-23,106.6,-78.9,185.5,174.02,1,106.6,0,0,8.79,Prata,sem_dado,0.09,tiktok_seller_center,9,2,1,0,,1,14915.699999999999,12486.76,192,2428.94,35,27,1010.38,5,2026-01,2026-05
YASMIN.SZ21,2026-02,2026-02-01,2026-02-28,0.0,0.0,0.0,0.0,0,0.0,1,0,0.0,Ferro,sem_dado,0.05,tiktok_seller_center,0,0,0,0,,,0.0,0.0,0,0.0,1,0,0.0,1,2026-02,2026-02
YASMINDICA,2026-05,2026-05-01,2026-05-23,0.0,0.0,0.0,0.0,0,0.0,0,23,0.0,Ferro,sem_dado,0.05,tiktok_seller_center,0,0,0,0,,0,0.0,0.0,0,0.0,0,74,0.0,2,2026-04,2026-05
YASMINFERNANDAA_,2026-05,2026-05-01,2026-05-23,0.0,0.0,0.0,0.0,0,0.0,5,0,0.0,Ferro,sem_dado,0.05,tiktok_seller_center,0,0,0,0,,0,0.0,0.0,0,0.0,8,0,0.0,2,2026-04,2026-05
YASMINFFER,2026-05,2026-05-01,2026-05-23,0.0,0.0,0.0,0.0,0,0.0,0,10,0.0,Ferro,sem_dado,0.05,tiktok_seller_center,0,0,0,0,,0,79.9,79.9,1,0.0,0,77,4.0,5,2026-01,2026-05
YASMINSHOP28,2026-01,2026-01-06,2026-01-31,0.0,0.0,0.0,0.0,0,0.0,1,0,0.0,Ferro,sem_dado,0.05,tiktok_seller_center,0,0,0,0,,,0.0,0.0,0,0.0,1,0,0.0,1,2026-01,2026-01
YASMINVDE,2026-03,2026-03-01,2026-03-31,0.0,0.0,0.0,0.0,0,0.0,2,0,0.0,Ferro,sem_dado,0.05,tiktok_seller_center,0,0,0,0,,,0.0,0.0,0,0.0,2,0,0.0,1,2026-03,2026-03
YAXMIN43,2026-01,2026-01-06,2026-01-31,0.0,0.0,0.0,0.0,0,0.0,1,0,0.0,Ferro,sem_dado,0.05,tiktok_seller_center,0,0,0,0,,,0.0,0.0,0,0.0,1,0,0.0,1,2026-01,2026-01
YELISASHOP,2026-05,2026-05-01,2026-05-23,0.0,0.0,0.0,0.0,0,0.0,1,0,0.0,Ferro,sem_dado,0.05,tiktok_seller_center,,0,0,0,,0,0.0,0.0,0,0.0,1,0,0.0,1,2026-05,2026-05
YFOPKBG8,2026-02,2026-02-01,2026-02-28,0.0,0.0,0.0,0.0,0,0.0,1,0,0.0,Ferro,sem_dado,0.05,tiktok_seller_center,0,0,0,0,,,0.0,0.0,0,0.0,1,0,0.0,1,2026-02,2026-02
YHS1FB0,2026-04,2026-04-01,2026-04-30,0.0,0.0,0.0,0.0,0,0.0,1,0,0.0,Ferro,sem_dado,0.05,tiktok_seller_center,0,0,0,0,,,0.0,0.0,0,0.0,1,0,0.0,1,2026-04,2026-04
YK5TBG8P,2026-04,2026-04-01,2026-04-30,0.0,0.0,0.0,0.0,0,0.0,2,0,0.0,Ferro,sem_dado,0.05,tiktok_seller_center,0,0,0,0,,,0.0,0.0,0,0.0,2,0,0.0,1,2026-04,2026-04
YLSHOPMODAELEGANCIA,2026-02,2026-02-01,2026-02-28,0.0,0.0,0.0,0.0,0,0.0,0,1,0.0,Ferro,sem_dado,0.05,tiktok_seller_center,0,0,0,0,,,0.0,0.0,0,0.0,0,1,0.0,1,2026-02,2026-02
YNAETIKTOKSHOP,2026-01,2026-01-06,2026-01-31,0.0,0.0,0.0,0.0,0,0.0,0,1,0.0,Ferro,sem_dado,0.05,tiktok_seller_center,0,0,0,0,,,0.0,0.0,0,0.0,0,1,0.0,1,2026-01,2026-01
YNGRIDBSHOP,2026-04,2026-04-01,2026-04-30,0.0,0.0,0.0,0.0,0,0.0,0,1,0.0,Ferro,sem_dado,0.05,tiktok_seller_center,0,0,0,0,,,0.0,0.0,0,0.0,0,2,0.0,2,2026-02,2026-04
YOARIADNY,2026-05,2026-05-01,2026-05-23,0.0,0.0,0.0,0.0,0,0.0,1,0,0.0,Ferro,sem_dado,0.05,tiktok_seller_center,2,0,0,0,,0,928.05,769.86,11,158.19,12,3,38.5,3,2026-03,2026-05
YOH.NOBRE,2026-03,2026-03-01,2026-03-31,339.86,339.86,0.0,0.0,4,84.96,1,0,35.89,Ferro,sem_dado,0.05,tiktok_seller_center,4,0,1,0,,,1761.74,1606.0,21,155.74,15,0,80.28999999999999,3,2026-01,2026-03
YORRANSHOP,2026-04,2026-04-01,2026-04-30,0.0,-93.1,93.1,0.0,0,0.0,0,1,0.0,Ferro,sem_dado,0.05,tiktok_seller_center,0,1,0,0,,,93.1,0.0,1,93.1,1,2,0.0,2,2026-03,2026-04
YRACIANEROCHA,2026-03,2026-03-01,2026-03-31,0.0,0.0,0.0,0.0,0,0.0,0,1,0.0,Ferro,sem_dado,0.05,tiktok_seller_center,0,0,0,0,,,0.0,0.0,0,0.0,0,1,0.0,1,2026-03,2026-03
YRSOUSAA,2026-04,2026-04-01,2026-04-30,0.0,0.0,0.0,0.0,0,0.0,1,0,0.0,Ferro,sem_dado,0.05,tiktok_seller_center,0,0,0,0,,,0.0,0.0,0,0.0,1,0,0.0,1,2026-04,2026-04
YUHARA2020,2026-03,2026-03-01,2026-03-31,0.0,0.0,0.0,0.0,0,0.0,0,2,0.0,Ferro,sem_dado,0.05,tiktok_seller_center,0,0,0,0,,,0.0,0.0,0,0.0,0,2,0.0,1,2026-03,2026-03
YUNASHOPOFICIAL,2026-01,2026-01-06,2026-01-31,0.0,0.0,0.0,0.0,0,0.0,0,1,0.0,Ferro,sem_dado,0.05,tiktok_seller_center,0,0,0,0,,,0.0,0.0,0,0.0,0,1,0.0,1,2026-01,2026-01
ZAH_INDICAMODA,2026-01,2026-01-06,2026-01-31,0.0,0.0,0.0,0.0,0,0.0,1,0,0.0,Ferro,sem_dado,0.05,tiktok_seller_center,0,0,0,0,,,0.0,0.0,0,0.0,1,0,0.0,1,2026-01,2026-01
ZAIAVALENTE,2026-05,2026-05-01,2026-05-23,0.0,0.0,0.0,0.0,0,0.0,1,0,0.0,Ferro,sem_dado,0.05,tiktok_seller_center,,0,0,0,,0,0.0,0.0,0,0.0,1,0,0.0,1,2026-05,2026-05
ZAIRA7976,2026-05,2026-05-01,2026-05-23,0.0,0.0,0.0,0.0,0,0.0,1,0,0.0,Ferro,sem_dado,0.05,tiktok_seller_center,,0,0,0,,0,0.0,0.0,0,0.0,1,0,0.0,1,2026-05,2026-05
ZAIROCHA_,2026-02,2026-02-01,2026-02-28,0.0,0.0,0.0,0.0,0,0.0,1,0,0.0,Ferro,sem_dado,0.05,tiktok_seller_center,0,0,0,0,,,0.0,0.0,0,0.0,1,0,0.0,1,2026-02,2026-02
ZANJAFABIO5,2026-01,2026-01-06,2026-01-31,80.7,80.7,0.0,0.0,1,80.7,0,0,7.99,Ferro,sem_dado,0.05,tiktok_seller_center,1,0,1,0,,,80.7,80.7,1,0.0,0,0,4.04,1,2026-01,2026-01
ZCKAK1,2026-04,2026-04-01,2026-04-30,80.7,80.7,0.0,0.0,1,80.7,1,0,0.0,Ferro,sem_dado,0.05,tiktok_seller_center,1,0,1,0,,,80.7,80.7,1,0.0,1,0,4.04,1,2026-04,2026-04
ZECA.SHOOP,2026-05,2026-05-01,2026-05-23,0.0,0.0,0.0,0.0,0,0.0,2,0,0.0,Ferro,sem_dado,0.05,tiktok_seller_center,,0,0,0,,0,0.0,0.0,0,0.0,2,0,0.0,1,2026-05,2026-05
ZENALEMES,2026-03,2026-03-01,2026-03-31,0.0,0.0,0.0,0.0,0,0.0,0,1,0.0,Ferro,sem_dado,0.05,tiktok_seller_center,0,0,0,0,,,0.0,0.0,0,0.0,0,1,0.0,1,2026-03,2026-03
ZENITTSELLER,2026-05,2026-05-01,2026-05-23,0.0,0.0,0.0,0.0,0,0.0,0,3,0.0,Ferro,sem_dado,0.05,tiktok_seller_center,,0,0,0,,0,0.0,0.0,0,0.0,0,3,0.0,1,2026-05,2026-05
ZHJJ6XJEX8,2026-04,2026-04-01,2026-04-30,0.0,0.0,0.0,0.0,0,0.0,1,0,0.0,Ferro,sem_dado,0.05,tiktok_seller_center,0,0,0,0,,,0.0,0.0,0,0.0,1,0,0.0,1,2026-04,2026-04
ZI3IXJXWW5,2026-02,2026-02-01,2026-02-28,0.0,0.0,0.0,0.0,0,0.0,1,0,0.0,Ferro,sem_dado,0.05,tiktok_seller_center,0,0,0,0,,,0.0,0.0,0,0.0,1,0,0.0,1,2026-02,2026-02
ZILBRAZILL,2026-03,2026-03-01,2026-03-31,0.0,-80.7,80.7,0.0,0,0.0,0,0,0.0,Ferro,sem_dado,0.05,tiktok_seller_center,0,1,0,0,,,160.6,79.89999999999999,2,80.7,0,53,3.9899999999999993,2,2026-02,2026-03
ZIPORAMACHADO,2026-02,2026-02-01,2026-02-28,0.0,0.0,0.0,0.0,0,0.0,0,102,0.0,Ferro,sem_dado,0.05,tiktok_seller_center,0,0,0,0,,,0.0,0.0,0,0.0,0,184,0.0,2,2026-01,2026-02
ZIZIDICAS,2026-03,2026-03-01,2026-03-31,0.0,0.0,0.0,0.0,0,0.0,0,1,0.0,Ferro,sem_dado,0.05,tiktok_seller_center,0,0,0,0,,,0.0,0.0,0,0.0,0,1,0.0,1,2026-03,2026-03
ZPSY6U7,2026-04,2026-04-01,2026-04-30,0.0,0.0,0.0,0.0,0,0.0,1,0,0.0,Ferro,sem_dado,0.05,tiktok_seller_center,0,0,0,0,,,0.0,0.0,0,0.0,1,0,0.0,1,2026-04,2026-04
ZSQ7H60,2026-04,2026-04-01,2026-04-30,0.0,0.0,0.0,0.0,0,0.0,1,0,0.0,Ferro,sem_dado,0.05,tiktok_seller_center,0,0,0,0,,,0.0,0.0,0,0.0,1,0,0.0,1,2026-04,2026-04
ZULEICADOURADO,2026-03,2026-03-01,2026-03-31,0.0,0.0,0.0,0.0,0,0.0,0,1,0.0,Ferro,sem_dado,0.05,tiktok_seller_center,0,0,0,0,,,0.0,0.0,0,0.0,0,1,0.0,1,2026-03,2026-03
ZZFDHHD,2026-03,2026-03-01,2026-03-31,0.0,0.0,0.0,0.0,0,0.0,3,0,0.0,Ferro,sem_dado,0.05,tiktok_seller_center,0,0,0,0,,,0.0,0.0,0,0.0,3,0,0.0,1,2026-03,2026-03
_365DIASCOMPRANDO,2026-02,2026-02-01,2026-02-28,0.0,0.0,0.0,0.0,0,0.0,2,0,0.0,Ferro,sem_dado,0.05,tiktok_seller_center,0,0,0,0,,,0.0,0.0,0,0.0,2,0,0.0,1,2026-02,2026-02
_ABBYMAIA,2026-03,2026-03-01,2026-03-31,0.0,0.0,0.0,0.0,0,0.0,1,0,0.0,Ferro,sem_dado,0.05,tiktok_seller_center,0,0,0,0,,,0.0,0.0,0,0.0,1,0,0.0,1,2026-03,2026-03
_BECCAMENDES,2026-05,2026-05-01,2026-05-23,0.0,0.0,0.0,0.0,0,0.0,0,3,0.0,Ferro,sem_dado,0.05,tiktok_seller_center,,0,0,0,,0,0.0,0.0,0,0.0,0,3,0.0,1,2026-05,2026-05
_CULINARIA_NOVA_VIDA,2026-02,2026-02-01,2026-02-28,0.0,0.0,0.0,0.0,0,0.0,1,0,0.0,Ferro,sem_dado,0.05,tiktok_seller_center,0,0,0,0,,,0.0,0.0,0,0.0,1,0,0.0,1,2026-02,2026-02
_DICASDAKARLA,2026-05,2026-05-01,2026-05-23,0.0,0.0,0.0,0.0,0,0.0,1,0,0.0,Ferro,sem_dado,0.05,tiktok_seller_center,,0,0,0,,0,0.0,0.0,0,0.0,1,0,0.0,1,2026-05,2026-05
_EUISABELLE,2026-05,2026-05-01,2026-05-23,0.0,0.0,0.0,0.0,0,0.0,0,4,0.0,Ferro,sem_dado,0.05,tiktok_seller_center,,0,0,0,,0,0.0,0.0,0,0.0,0,4,0.0,1,2026-05,2026-05
_FERNANDAP__,2026-02,2026-02-01,2026-02-28,0.0,0.0,0.0,0.0,0,0.0,0,2,0.0,Ferro,sem_dado,0.05,tiktok_seller_center,0,0,0,0,,,0.0,0.0,0,0.0,0,2,0.0,1,2026-02,2026-02
_FERREIRAROBERTA,2026-04,2026-04-01,2026-04-30,0.0,0.0,0.0,0.0,0,0.0,0,2,0.0,Ferro,sem_dado,0.05,tiktok_seller_center,0,0,0,0,,,0.0,0.0,0,0.0,0,2,0.0,1,2026-04,2026-04
_INSPIRAMODA,2026-02,2026-02-01,2026-02-28,0.0,0.0,0.0,0.0,0,0.0,1,0,0.0,Ferro,sem_dado,0.05,tiktok_seller_center,0,0,0,0,,,0.0,0.0,0,0.0,2,0,0.0,2,2026-01,2026-02
_JOANYINACIO,2026-05,2026-05-01,2026-05-23,0.0,0.0,0.0,0.0,0,0.0,0,1,0.0,Ferro,sem_dado,0.05,tiktok_seller_center,0,0,0,0,,0,0.0,0.0,0,0.0,0,4,0.0,2,2026-04,2026-05
_LAURAMMAIA,2026-05,2026-05-01,2026-05-23,0.0,0.0,0.0,0.0,0,0.0,0,1,0.0,Ferro,sem_dado,0.05,tiktok_seller_center,0,0,0,0,,0,0.0,0.0,0,0.0,0,4,0.0,2,2026-04,2026-05
_LECRISTINA_OFC,2026-04,2026-04-01,2026-04-30,0.0,0.0,0.0,0.0,0,0.0,0,1,0.0,Ferro,sem_dado,0.05,tiktok_seller_center,0,0,0,0,,,0.0,0.0,0,0.0,0,1,0.0,1,2026-04,2026-04
_LETICIAOOLIVEIRA,2026-05,2026-05-01,2026-05-23,0.0,0.0,0.0,0.0,0,0.0,2,0,0.0,Ferro,sem_dado,0.05,tiktok_seller_center,,0,0,0,,0,0.0,0.0,0,0.0,2,0,0.0,1,2026-05,2026-05
_LIGIADOURADO,2026-05,2026-05-01,2026-05-23,0.0,0.0,0.0,0.0,0,0.0,0,0,0.0,Ferro,sem_dado,0.05,tiktok_seller_center,,0,0,4,,0,0.0,0.0,0,0.0,0,0,0.0,1,2026-05,2026-05
_MAIARAFARIAS__,2026-03,2026-03-01,2026-03-31,0.0,-64.94,64.94,0.0,0,0.0,0,0,0.0,Ferro,sem_dado,0.05,tiktok_seller_center,0,1,0,0,,,64.94,0.0,1,64.94,0,0,0.0,2,2026-02,2026-03
_MAREIIS,2026-05,2026-05-01,2026-05-23,84.41,9.420000000000002,74.99,88.84,1,84.41,0,0,6.39,Prata,sem_dado,0.09,tiktok_seller_center,22,1,1,0,,1,26729.77,20928.98,334,5800.79,12,66,1829.34,4,2026-02,2026-05
_MARIAFERNANDAGD,2026-04,2026-04-01,2026-04-30,170.9,85.12,85.78,50.19,2,85.45,0,0,12.78,Ferro,sem_dado,0.05,tiktok_seller_center,2,1,1,0,,,170.9,85.12,2,85.78,0,0,4.26,1,2026-04,2026-04
_MARIANAREZENDE,2026-04,2026-04-01,2026-04-30,0.0,0.0,0.0,0.0,0,0.0,6,3,0.0,Ferro,sem_dado,0.05,tiktok_seller_center,0,0,0,0,,,0.0,0.0,0,0.0,6,3,0.0,1,2026-04,2026-04
_MAYAANDRADE333,2026-05,2026-05-01,2026-05-23,0.0,0.0,0.0,0.0,0,0.0,1,31,0.0,Ferro,sem_dado,0.05,tiktok_seller_center,0,0,0,0,,0,0.0,0.0,0,0.0,7,163,0.0,4,2026-02,2026-05
_MILENECARVALHO,2026-05,2026-05-01,2026-05-23,0.0,-87.2,87.2,0.0,0,0.0,1,4,0.0,Ferro,sem_dado,0.05,tiktok_seller_center,3,1,0,0,,0,821.86,734.66,9,87.2,25,60,36.73,5,2026-01,2026-05
_OI_BEATRIZ,2026-04,2026-04-01,2026-04-30,0.0,0.0,0.0,0.0,0,0.0,4,0,0.0,Ferro,sem_dado,0.05,tiktok_seller_center,0,0,0,0,,,0.0,0.0,0,0.0,4,0,0.0,1,2026-04,2026-04
_PAULINHA_GM,2026-02,2026-02-01,2026-02-28,0.0,0.0,0.0,0.0,0,0.0,1,0,0.0,Ferro,sem_dado,0.05,tiktok_seller_center,0,0,0,0,,,0.0,0.0,0,0.0,1,0,0.0,1,2026-02,2026-02
_RAFAELA.MELO,2026-05,2026-05-01,2026-05-23,0.0,0.0,0.0,0.0,0,0.0,1,0,0.0,Ferro,sem_dado,0.05,tiktok_seller_center,,0,0,0,,0,0.0,0.0,0,0.0,1,0,0.0,1,2026-05,2026-05
_SARAAHH33,2026-04,2026-04-01,2026-04-30,80.7,80.7,0.0,0.0,1,80.7,0,0,7.99,Ferro,sem_dado,0.05,tiktok_seller_center,1,0,1,0,,,80.7,80.7,1,0.0,1,0,4.04,2,2026-03,2026-04
_SHOP505_,2026-04,2026-04-01,2026-04-30,0.0,0.0,0.0,0.0,0,0.0,3,0,0.0,Ferro,sem_dado,0.05,tiktok_seller_center,0,0,0,0,,,0.0,0.0,0,0.0,3,0,0.0,1,2026-04,2026-04
_VANYSHOP,2026-02,2026-02-01,2026-02-28,0.0,0.0,0.0,0.0,0,0.0,1,0,0.0,Ferro,sem_dado,0.05,tiktok_seller_center,0,0,0,0,,,0.0,0.0,0,0.0,1,0,0.0,1,2026-02,2026-02
_VERIDIANA.FERREIRA,2026-03,2026-03-01,2026-03-31,948.07,805.3700000000001,142.7,15.05,11,86.19,0,4,94.92,Ferro,sem_dado,0.05,tiktok_seller_center,12,2,1,0,,,1362.67,1134.0700000000002,16,228.6,1,6,56.71000000000001,2,2026-02,2026-03
_YASMIMOURA,2026-03,2026-03-01,2026-03-31,0.0,0.0,0.0,0.0,0,0.0,0,1,0.0,Ferro,sem_dado,0.05,tiktok_seller_center,0,0,0,0,,,0.0,0.0,0,0.0,0,1,0.0,1,2026-03,2026-03
__AMANDAMACEDOO,2026-04,2026-04-01,2026-04-30,174.4,87.2,87.2,50.0,2,87.2,0,0,15.18,Ferro,sem_dado,0.05,tiktok_seller_center,2,1,1,0,,,174.4,87.2,2,87.2,0,0,4.36,1,2026-04,2026-04
