id,creator,data,content_type,gmv,comissao,pedidos,itens
thainabeautyoficial|2026-03-05|VIDEO,thainabeautyoficial,2026-03-05,VIDEO,1539.89,65.8,19,19
leticiatsec|2026-03-05|VIDEO,leticiatsec,2026-03-05,VIDEO,1352.83,62.11,16,16
alinecavanellas|2026-03-05|VIDEO,alinecavanellas,2026-03-05,VIDEO,1014.88,33.47,12,12
adv.dayane|2026-03-05|LIVE,adv.dayane,2026-03-05,LIVE,962.86,99.51,12,12
tacianecreator|2026-03-05|VIDEO,tacianecreator,2026-03-05,VIDEO,923.48,15.21,11,11
ericamcabeluda|2026-03-05|VIDEO,ericamcabeluda,2026-03-05,VIDEO,799.0,47.94,10,10
pattylazzarotto|2026-03-05|VIDEO,pattylazzarotto,2026-03-05,VIDEO,732.1,24.71,9,9
numarchi|2026-03-05|VIDEO,numarchi,2026-03-05,VIDEO,479.4,23.97,6,6
jessicamesant|2026-03-05|VIDEO,jessicamesant,2026-03-05,VIDEO,343.03,25.72,4,4
thami.brambilla|2026-03-05|VIDEO,thami.brambilla,2026-03-05,VIDEO,337.89,16.91,4,4
natmarquesvi|2026-03-05|LIVE,natmarquesvi,2026-03-05,LIVE,254.79,27.95,3,3
.familiapimentel|2026-03-05|VIDEO,.familiapimentel,2026-03-05,VIDEO,164.92,8.93,2,2
laianenovaisss|2026-03-05|VIDEO,laianenovaisss,2026-03-05,VIDEO,164.92,8.93,2,2
ee2ut0l0r4|2026-03-05|VIDEO,ee2ut0l0r4,2026-03-05,VIDEO,159.8,7.99,2,2
gabbizie|2026-03-05|VIDEO,gabbizie,2026-03-05,VIDEO,159.8,15.98,2,2
valindicaachadinhos|2026-03-05|VIDEO,valindicaachadinhos,2026-03-05,VIDEO,159.8,15.98,2,2
gomeseliane13|2026-03-05|VIDEO,gomeseliane13,2026-03-05,VIDEO,85.02,8.93,1,1
miiiihpires|2026-03-05|SHOP,miiiihpires,2026-03-05,SHOP,85.02,8.5,1,1
lu_dias10|2026-03-05|LIVE,lu_dias10,2026-03-05,LIVE,85.02,8.93,1,1
nati_sus|2026-03-05|VIDEO,nati_sus,2026-03-05,VIDEO,85.02,8.5,1,1
monique.rosilva|2026-03-05|SHOP,monique.rosilva,2026-03-05,SHOP,83.15,8.32,1,1
cliciamerces25|2026-03-05|LIVE,cliciamerces25,2026-03-05,LIVE,79.99,8.0,1,1
essenciadani|2026-03-05|VIDEO,essenciadani,2026-03-05,VIDEO,79.99,8.0,1,1
thalyytaguedes|2026-03-05|VIDEO,thalyytaguedes,2026-03-05,VIDEO,79.9,7.99,1,1
maritips_|2026-03-05|VIDEO,maritips_,2026-03-05,VIDEO,79.9,0.0,1,1
hitalasantiago|2026-03-05|VIDEO,hitalasantiago,2026-03-05,VIDEO,79.9,0.0,1,1
dicasdathayoficial|2026-03-05|VIDEO,dicasdathayoficial,2026-03-05,VIDEO,79.9,0.0,1,1
gleysaaguiar|2026-03-05|VIDEO,gleysaaguiar,2026-03-05,VIDEO,79.9,0.0,1,1
mo.joanaa|2026-03-05|VIDEO,mo.joanaa,2026-03-05,VIDEO,79.9,7.99,1,1
valenhoffmaann|2026-03-05|VIDEO,valenhoffmaann,2026-03-05,VIDEO,79.9,7.99,1,1
jessicap.braz|2026-03-05|VIDEO,jessicap.braz,2026-03-05,VIDEO,79.9,7.99,1,1
arenatajardim|2026-03-05|VIDEO,arenatajardim,2026-03-05,VIDEO,79.9,7.99,1,1
_mareiis|2026-03-05|LIVE,_mareiis,2026-03-05,LIVE,69.9,6.99,1,1
leticiatsec|2026-03-06|VIDEO,leticiatsec,2026-03-06,VIDEO,2028.46,123.55,24,24
adv.dayane|2026-03-06|LIVE,adv.dayane,2026-03-06,LIVE,1752.47,175.25,22,22
ericamcabeluda|2026-03-06|VIDEO,ericamcabeluda,2026-03-06,VIDEO,1590.29,135.06,19,20
alinecavanellas|2026-03-06|VIDEO,alinecavanellas,2026-03-06,VIDEO,1575.58,81.91,19,19
tacianecreator|2026-03-06|VIDEO,tacianecreator,2026-03-06,VIDEO,1555.39,65.89,19,19
thainabeautyoficial|2026-03-06|VIDEO,thainabeautyoficial,2026-03-06,VIDEO,1356.37,104.21,16,17
ee2ut0l0r4|2026-03-06|VIDEO,ee2ut0l0r4,2026-03-06,VIDEO,1103.18,23.97,12,14
thami.brambilla|2026-03-06|VIDEO,thami.brambilla,2026-03-06,VIDEO,988.71,76.18,10,12
kcomkarina|2026-03-06|LIVE,kcomkarina,2026-03-06,LIVE,629.91,63.0,9,9
nati_sus|2026-03-06|VIDEO,nati_sus,2026-03-06,VIDEO,510.12,51.0,6,6
numarchi|2026-03-06|VIDEO,numarchi,2026-03-06,VIDEO,461.78,31.19,5,6
elacatarina|2026-03-06|VIDEO,elacatarina,2026-03-06,VIDEO,391.79,39.18,5,5
natmarquesvi|2026-03-06|LIVE,natmarquesvi,2026-03-06,LIVE,379.95,45.6,5,5
jessicamesant|2026-03-06|VIDEO,jessicamesant,2026-03-06,VIDEO,339.44,25.78,4,4
pattylazzarotto|2026-03-06|VIDEO,pattylazzarotto,2026-03-06,VIDEO,248.07,7.99,3,3
_veridiana.ferreira|2026-03-06|LIVE,_veridiana.ferreira,2026-03-06,LIVE,239.7,23.97,3,3
carolmoraes.shop|2026-03-06|VIDEO,carolmoraes.shop,2026-03-06,VIDEO,239.7,23.97,1,3
laianenovaisss|2026-03-06|VIDEO,laianenovaisss,2026-03-06,VIDEO,163.05,7.99,2,2
natmarquesvi|2026-03-06|VIDEO,natmarquesvi,2026-03-06,VIDEO,159.8,19.18,1,2
matheuslimashop|2026-03-06|VIDEO,matheuslimashop,2026-03-06,VIDEO,159.8,0.0,2,2
dicasdathayoficial|2026-03-06|VIDEO,dicasdathayoficial,2026-03-06,VIDEO,159.8,0.0,1,2
narashoptkk|2026-03-06|VIDEO,narashoptkk,2026-03-06,VIDEO,144.38,14.44,1,2
yasmin.aoliveira|2026-03-06|VIDEO,yasmin.aoliveira,2026-03-06,VIDEO,94.9,0.0,1,1
.familiapimentel|2026-03-06|VIDEO,.familiapimentel,2026-03-06,VIDEO,85.02,8.93,1,1
robertakguilherme|2026-03-06|VIDEO,robertakguilherme,2026-03-06,VIDEO,85.02,8.93,1,1
vivilopes.021|2026-03-06|LINKSHARE,vivilopes.021,2026-03-06,LINKSHARE,85.02,8.5,1,1
flavinha.brand|2026-03-06|VIDEO,flavinha.brand,2026-03-06,VIDEO,85.02,0.0,1,1
tuanenozaki|2026-03-06|SHOP,tuanenozaki,2026-03-06,SHOP,83.15,8.32,1,1
dayinventando|2026-03-06|LINKSHARE,dayinventando,2026-03-06,LINKSHARE,83.15,4.16,1,1
allinesoares0|2026-03-06|LINKSHARE,allinesoares0,2026-03-06,LINKSHARE,83.15,4.16,1,1
carolxcreatorshop|2026-03-06|VIDEO,carolxcreatorshop,2026-03-06,VIDEO,79.9,7.99,1,1
npossebon|2026-03-06|VIDEO,npossebon,2026-03-06,VIDEO,79.9,7.99,1,1
loami.naama|2026-03-06|LIVE,loami.naama,2026-03-06,LIVE,79.9,7.99,1,1
andreapaiva270881|2026-03-06|SHOP,andreapaiva270881,2026-03-06,SHOP,79.9,7.99,1,1
brunaapiress_|2026-03-06|LINKSHARE,brunaapiress_,2026-03-06,LINKSHARE,79.9,7.99,1,1
compracomigoofertas|2026-03-06|SHOP,compracomigoofertas,2026-03-06,SHOP,79.9,7.99,1,1
dra.adriane_demko|2026-03-06|SHOP,dra.adriane_demko,2026-03-06,SHOP,79.9,7.99,1,1
bialuzzmodas|2026-03-06|VIDEO,bialuzzmodas,2026-03-06,VIDEO,79.9,0.0,1,1
robertarsampaio7|2026-03-06|LIVE,robertarsampaio7,2026-03-06,LIVE,79.9,0.0,1,1
mih.sibeli|2026-03-06|SHOP,mih.sibeli,2026-03-06,SHOP,79.9,7.99,1,1
jehfigueiredocreator|2026-03-06|VIDEO,jehfigueiredocreator,2026-03-06,VIDEO,79.9,7.99,1,1
silsantiagotrc|2026-03-06|VIDEO,silsantiagotrc,2026-03-06,VIDEO,79.9,7.99,1,1
streetstore_02|2026-03-06|VIDEO,streetstore_02,2026-03-06,VIDEO,79.9,7.99,1,1
gabbizie|2026-03-06|VIDEO,gabbizie,2026-03-06,VIDEO,79.9,7.99,1,1
allynnelanger|2026-03-06|VIDEO,allynnelanger,2026-03-06,VIDEO,79.9,7.99,1,1
lidikpf6|2026-03-06|VIDEO,lidikpf6,2026-03-06,VIDEO,79.9,7.99,1,1
yaponts|2026-03-06|VIDEO,yaponts,2026-03-06,VIDEO,79.9,7.99,1,1
cintia.thies|2026-03-06|VIDEO,cintia.thies,2026-03-06,VIDEO,79.9,7.99,1,1
brenda.theblushlab|2026-03-06|VIDEO,brenda.theblushlab,2026-03-06,VIDEO,79.9,7.99,1,1
hitalasantiago|2026-03-06|VIDEO,hitalasantiago,2026-03-06,VIDEO,79.9,0.0,1,1
gleysaaguiar|2026-03-06|VIDEO,gleysaaguiar,2026-03-06,VIDEO,79.9,0.0,1,1
kcomkarina|2026-03-06|VIDEO,kcomkarina,2026-03-06,VIDEO,72.19,7.22,1,1
tacianecreator|2026-03-07|VIDEO,tacianecreator,2026-03-07,VIDEO,7770.91,248.55,95,97
ee2ut0l0r4|2026-03-07|VIDEO,ee2ut0l0r4,2026-03-07,VIDEO,4219.28,151.04,51,53
_mareiis|2026-03-07|LIVE,_mareiis,2026-03-07,LIVE,4196.29,419.63,53,60
ericamcabeluda|2026-03-07|VIDEO,ericamcabeluda,2026-03-07,VIDEO,3549.24,211.11,45,45
thainabeautyoficial|2026-03-07|VIDEO,thainabeautyoficial,2026-03-07,VIDEO,2769.0,189.43,32,35
leticiatsec|2026-03-07|VIDEO,leticiatsec,2026-03-07,VIDEO,2541.73,114.95,30,30
numarchi|2026-03-07|VIDEO,numarchi,2026-03-07,VIDEO,1510.48,119.09,19,19
alinecavanellas|2026-03-07|VIDEO,alinecavanellas,2026-03-07,VIDEO,1344.96,66.47,16,16
pattylazzarotto|2026-03-07|VIDEO,pattylazzarotto,2026-03-07,VIDEO,1065.68,48.68,12,13
adv.dayane|2026-03-07|LIVE,adv.dayane,2026-03-07,LIVE,1041.08,104.11,10,13
natmarquesvi|2026-03-07|LIVE,natmarquesvi,2026-03-07,LIVE,831.73,91.16,11,11
nati_sus|2026-03-07|VIDEO,nati_sus,2026-03-07,VIDEO,595.14,8.5,7,7
dailycah08|2026-03-07|LIVE,dailycah08,2026-03-07,LIVE,559.92,56.0,8,8
maritips_|2026-03-07|VIDEO,maritips_,2026-03-07,VIDEO,559.3,55.93,7,7
laianenovaisss|2026-03-07|VIDEO,laianenovaisss,2026-03-07,VIDEO,551.59,31.19,7,7
jessicamesant|2026-03-07|VIDEO,jessicamesant,2026-03-07,VIDEO,422.59,34.51,5,5
dicasdathayoficial|2026-03-07|VIDEO,dicasdathayoficial,2026-03-07,VIDEO,399.5,0.0,5,5
yasmin.aoliveira|2026-03-07|VIDEO,yasmin.aoliveira,2026-03-07,VIDEO,379.6,0.0,4,4
thami.brambilla|2026-03-07|VIDEO,thami.brambilla,2026-03-07,VIDEO,329.6,15.98,4,4
.familiapimentel|2026-03-07|VIDEO,.familiapimentel,2026-03-07,VIDEO,311.89,7.99,4,4
silsantiagotrc|2026-03-07|VIDEO,silsantiagotrc,2026-03-07,VIDEO,239.7,23.97,3,3
gabbizie|2026-03-07|VIDEO,gabbizie,2026-03-07,VIDEO,239.7,23.97,3,3
lidikpf6|2026-03-07|VIDEO,lidikpf6,2026-03-07,VIDEO,239.7,23.97,3,3
bialuzzmodas|2026-03-07|VIDEO,bialuzzmodas,2026-03-07,VIDEO,231.99,7.99,3,3
elacatarina|2026-03-07|VIDEO,elacatarina,2026-03-07,VIDEO,224.28,22.43,3,3
essenciadani|2026-03-07|VIDEO,essenciadani,2026-03-07,VIDEO,159.98,0.0,2,2
_veridiana.ferreira|2026-03-07|LIVE,_veridiana.ferreira,2026-03-07,LIVE,159.8,15.98,2,2
revendeshop|2026-03-07|VIDEO,revendeshop,2026-03-07,VIDEO,159.8,15.98,2,2
kcomkarina|2026-03-07|LIVE,kcomkarina,2026-03-07,LIVE,159.8,15.98,1,2
hitalasantiago|2026-03-07|VIDEO,hitalasantiago,2026-03-07,VIDEO,159.8,7.99,2,2
rafaeleviviana|2026-03-07|LIVE,rafaeleviviana,2026-03-07,LIVE,159.8,15.98,1,2
larissapachecoindica|2026-03-07|VIDEO,larissapachecoindica,2026-03-07,VIDEO,159.8,15.98,2,2
laizaborgesferrari|2026-03-07|LIVE,laizaborgesferrari,2026-03-07,LIVE,159.8,15.98,2,2
abrunaindicaa|2026-03-07|VIDEO,abrunaindicaa,2026-03-07,VIDEO,152.09,7.22,2,2
arenatajardim|2026-03-07|VIDEO,arenatajardim,2026-03-07,VIDEO,152.09,15.21,2,2
glowvital2|2026-03-07|VIDEO,glowvital2,2026-03-07,VIDEO,152.09,15.21,2,2
laryoliveiira_|2026-03-07|LIVE,laryoliveiira_,2026-03-07,LIVE,94.9,9.49,1,1
studiogeislatairone|2026-03-07|LINKSHARE,studiogeislatairone,2026-03-07,LINKSHARE,85.02,8.5,1,1
jonisasouza4|2026-03-07|SHOP,jonisasouza4,2026-03-07,SHOP,85.02,8.5,1,1
yoh.nobre|2026-03-07|SHOP,yoh.nobre,2026-03-07,SHOP,85.02,8.93,1,1
cleodaaily|2026-03-07|VIDEO,cleodaaily,2026-03-07,VIDEO,85.02,8.5,1,1
robertakguilherme|2026-03-07|VIDEO,robertakguilherme,2026-03-07,VIDEO,85.02,8.93,1,1
vitordio1rr|2026-03-07|VIDEO,vitordio1rr,2026-03-07,VIDEO,83.15,8.32,1,1
eu.lidiannemartins|2026-03-07|VIDEO,eu.lidiannemartins,2026-03-07,VIDEO,83.15,0.0,1,1
danijeans|2026-03-07|VIDEO,danijeans,2026-03-07,VIDEO,79.99,8.0,1,1
shenna.topcreator|2026-03-07|VIDEO,shenna.topcreator,2026-03-07,VIDEO,79.99,8.0,1,1
bbrualvess|2026-03-07|VIDEO,bbrualvess,2026-03-07,VIDEO,79.9,7.99,1,1
mariaaugustareiss|2026-03-07|VIDEO,mariaaugustareiss,2026-03-07,VIDEO,79.9,7.99,1,1
edja.shop|2026-03-07|LIVE,edja.shop,2026-03-07,LIVE,79.9,7.99,1,1
danijeans|2026-03-07|LIVE,danijeans,2026-03-07,LIVE,79.9,7.99,1,1
nildavendasoficial|2026-03-07|LIVE,nildavendasoficial,2026-03-07,LIVE,79.9,7.99,1,1
npossebon|2026-03-07|VIDEO,npossebon,2026-03-07,VIDEO,79.9,7.99,1,1
dudaalmeidaofc1|2026-03-07|VIDEO,dudaalmeidaofc1,2026-03-07,VIDEO,79.9,7.99,1,1
lidikpf6|2026-03-07|SHOP,lidikpf6,2026-03-07,SHOP,79.9,7.99,1,1
rosiquelecosta1|2026-03-07|SHOP,rosiquelecosta1,2026-03-07,SHOP,79.9,7.99,1,1
thalyytaguedes|2026-03-07|VIDEO,thalyytaguedes,2026-03-07,VIDEO,79.9,7.99,1,1
shop.achadinhosss|2026-03-07|VIDEO,shop.achadinhosss,2026-03-07,VIDEO,79.9,7.99,1,1
brenda.theblushlab|2026-03-07|VIDEO,brenda.theblushlab,2026-03-07,VIDEO,79.9,7.99,1,1
kcomkarina|2026-03-07|VIDEO,kcomkarina,2026-03-07,VIDEO,79.9,7.99,1,1
tacianecreator|2026-03-07|LIVE,tacianecreator,2026-03-07,LIVE,79.9,7.99,1,1
garimpandocomlary|2026-03-07|LINKSHARE,garimpandocomlary,2026-03-07,LINKSHARE,79.9,7.99,1,1
thais.nepomucen0|2026-03-07|SHOP,thais.nepomucen0,2026-03-07,SHOP,79.9,7.99,1,1
mo.joanaa|2026-03-07|VIDEO,mo.joanaa,2026-03-07,VIDEO,79.9,7.99,1,1
cvs96shop|2026-03-07|VIDEO,cvs96shop,2026-03-07,VIDEO,79.9,7.99,1,1
thay.desbessel|2026-03-07|SHOP,thay.desbessel,2026-03-07,SHOP,79.9,7.99,1,1
carolxcreatorshop|2026-03-07|VIDEO,carolxcreatorshop,2026-03-07,VIDEO,79.9,7.99,1,1
jessicap.braz|2026-03-07|VIDEO,jessicap.braz,2026-03-07,VIDEO,79.9,7.99,1,1
taniaribeiro_creator|2026-03-07|LINKSHARE,taniaribeiro_creator,2026-03-07,LINKSHARE,79.9,7.99,1,1
neldicasdemoda|2026-03-07|VIDEO,neldicasdemoda,2026-03-07,VIDEO,79.9,7.99,1,1
creatorleia|2026-03-07|LIVE,creatorleia,2026-03-07,LIVE,79.9,7.99,1,1
cacauabraao|2026-03-07|VIDEO,cacauabraao,2026-03-07,VIDEO,79.9,7.99,1,1
creatortiktokvip|2026-03-07|VIDEO,creatortiktokvip,2026-03-07,VIDEO,79.9,7.99,1,1
matheuslimashop|2026-03-07|VIDEO,matheuslimashop,2026-03-07,VIDEO,79.9,0.0,1,1
ellentiiffany|2026-03-07|LIVE,ellentiiffany,2026-03-07,LIVE,79.9,7.99,1,1
leka.aysla|2026-03-07|SHOP,leka.aysla,2026-03-07,SHOP,79.9,7.99,1,1
nanacasagrandi|2026-03-07|VIDEO,nanacasagrandi,2026-03-07,VIDEO,76.41,0.0,1,1
gleysaaguiar|2026-03-07|VIDEO,gleysaaguiar,2026-03-07,VIDEO,72.19,0.0,1,1
fabiecleon|2026-03-07|VIDEO,fabiecleon,2026-03-07,VIDEO,72.19,7.22,1,1
_mareiis|2026-03-08|LIVE,_mareiis,2026-03-08,LIVE,11160.6,1116.07,147,159
tacianecreator|2026-03-08|VIDEO,tacianecreator,2026-03-08,VIDEO,4420.01,337.41,54,56
ericamcabeluda|2026-03-08|VIDEO,ericamcabeluda,2026-03-08,VIDEO,2582.73,234.31,33,33
thainabeautyoficial|2026-03-08|VIDEO,thainabeautyoficial,2026-03-08,VIDEO,2302.25,207.13,26,29
ee2ut0l0r4|2026-03-08|VIDEO,ee2ut0l0r4,2026-03-08,VIDEO,1598.0,151.81,19,20
adv.dayane|2026-03-08|LIVE,adv.dayane,2026-03-08,LIVE,1198.08,120.28,14,15
leticiatsec|2026-03-08|VIDEO,leticiatsec,2026-03-08,VIDEO,1028.24,98.59,12,12
numarchi|2026-03-08|VIDEO,numarchi,2026-03-08,VIDEO,855.77,78.36,11,11
alinecavanellas|2026-03-08|VIDEO,alinecavanellas,2026-03-08,VIDEO,567.59,40.28,7,7
pattylazzarotto|2026-03-08|VIDEO,pattylazzarotto,2026-03-08,VIDEO,476.81,48.11,6,6
maritips_|2026-03-08|VIDEO,maritips_,2026-03-08,VIDEO,471.69,47.17,6,6
laianenovaisss|2026-03-08|VIDEO,laianenovaisss,2026-03-08,VIDEO,399.5,39.95,5,5
cintia.thies|2026-03-08|VIDEO,cintia.thies,2026-03-08,VIDEO,391.79,39.18,4,5
laryoliveiira_|2026-03-08|LIVE,laryoliveiira_,2026-03-08,LIVE,379.6,37.96,4,4
dicasdathayoficial|2026-03-08|VIDEO,dicasdathayoficial,2026-03-08,VIDEO,376.37,37.64,4,5
nati_sus|2026-03-08|VIDEO,nati_sus,2026-03-08,VIDEO,340.08,17.0,4,4
jessicamesant|2026-03-08|VIDEO,jessicamesant,2026-03-08,VIDEO,336.19,34.04,4,4
gabbizie|2026-03-08|VIDEO,gabbizie,2026-03-08,VIDEO,319.6,31.96,4,4
thami.brambilla|2026-03-08|VIDEO,thami.brambilla,2026-03-08,VIDEO,311.89,31.19,4,4
natmarquesvi|2026-03-08|LIVE,natmarquesvi,2026-03-08,LIVE,289.87,34.79,4,4
danijeans|2026-03-08|VIDEO,danijeans,2026-03-08,VIDEO,243.13,24.32,3,3
danijeans|2026-03-08|LIVE,danijeans,2026-03-08,LIVE,239.7,23.97,3,3
bialuzzmodas|2026-03-08|VIDEO,bialuzzmodas,2026-03-08,VIDEO,239.7,15.98,3,3
yaponts|2026-03-08|VIDEO,yaponts,2026-03-08,VIDEO,159.8,15.98,2,2
euvivianeborges|2026-03-08|VIDEO,euvivianeborges,2026-03-08,VIDEO,159.8,15.98,2,2
_veridiana.ferreira|2026-03-08|LIVE,_veridiana.ferreira,2026-03-08,LIVE,159.8,15.98,2,2
amarishopcreator|2026-03-08|VIDEO,amarishopcreator,2026-03-08,VIDEO,159.8,15.98,2,2
npossebon|2026-03-08|VIDEO,npossebon,2026-03-08,VIDEO,152.09,15.21,2,2
paulaoliveira12343|2026-03-08|LINKSHARE,paulaoliveira12343,2026-03-08,LINKSHARE,144.38,14.44,2,2
mypeacejoias|2026-03-08|VIDEO,mypeacejoias,2026-03-08,VIDEO,89.9,8.99,1,1
robertakguilherme|2026-03-08|VIDEO,robertakguilherme,2026-03-08,VIDEO,85.02,0.0,1,1
anepcss|2026-03-08|SHOP,anepcss,2026-03-08,SHOP,85.02,8.5,1,1
lu_dias10|2026-03-08|LIVE,lu_dias10,2026-03-08,LIVE,85.02,8.93,1,1
yoh.nobre|2026-03-08|SHOP,yoh.nobre,2026-03-08,SHOP,85.02,8.93,1,1
monicap.pereira|2026-03-08|VIDEO,monicap.pereira,2026-03-08,VIDEO,83.15,8.73,1,1
anacarolinamoretti|2026-03-08|LINKSHARE,anacarolinamoretti,2026-03-08,LINKSHARE,79.99,8.0,1,1
essenciadani|2026-03-08|VIDEO,essenciadani,2026-03-08,VIDEO,79.99,8.0,1,1
robertakguilherme|2026-03-08|SHOP,robertakguilherme,2026-03-08,SHOP,79.9,7.99,1,1
valenhoffmaann|2026-03-08|VIDEO,valenhoffmaann,2026-03-08,VIDEO,79.9,7.99,1,1
.familiapimentel|2026-03-08|VIDEO,.familiapimentel,2026-03-08,VIDEO,79.9,7.99,1,1
athaisfavero|2026-03-08|VIDEO,athaisfavero,2026-03-08,VIDEO,79.9,7.99,1,1
edja.shop|2026-03-08|LIVE,edja.shop,2026-03-08,LIVE,79.9,7.99,1,1
julianatenoriop|2026-03-08|VIDEO,julianatenoriop,2026-03-08,VIDEO,79.9,7.99,1,1
ogarimpodamaria|2026-03-08|VIDEO,ogarimpodamaria,2026-03-08,VIDEO,79.9,7.99,1,1
tacianecreator|2026-03-08|LIVE,tacianecreator,2026-03-08,LIVE,79.9,7.99,1,1
arenatajardim|2026-03-08|VIDEO,arenatajardim,2026-03-08,VIDEO,79.9,7.99,1,1
miiiihpires|2026-03-08|SHOP,miiiihpires,2026-03-08,SHOP,79.9,7.99,1,1
jess.jan22|2026-03-08|VIDEO,jess.jan22,2026-03-08,VIDEO,79.9,7.99,1,1
gleysaaguiar|2026-03-08|VIDEO,gleysaaguiar,2026-03-08,VIDEO,79.9,0.0,1,1
mariaaugustareiss|2026-03-08|VIDEO,mariaaugustareiss,2026-03-08,VIDEO,79.9,7.99,1,1
juliananolibos7|2026-03-08|VIDEO,juliananolibos7,2026-03-08,VIDEO,79.9,7.99,1,1
natmarquesvi|2026-03-08|VIDEO,natmarquesvi,2026-03-08,VIDEO,79.9,9.59,1,1
lidikpf6|2026-03-08|VIDEO,lidikpf6,2026-03-08,VIDEO,79.9,7.99,1,1
leilacronicasvidareal|2026-03-08|VIDEO,leilacronicasvidareal,2026-03-08,VIDEO,79.9,7.99,1,1
laizaborgesferrari|2026-03-08|LIVE,laizaborgesferrari,2026-03-08,LIVE,79.9,7.99,1,1
kcomkarina|2026-03-08|VIDEO,kcomkarina,2026-03-08,VIDEO,79.9,7.99,1,1
mo.joanaa|2026-03-08|VIDEO,mo.joanaa,2026-03-08,VIDEO,79.9,7.99,1,1
silsantiagotrc|2026-03-08|VIDEO,silsantiagotrc,2026-03-08,VIDEO,79.9,7.99,1,1
thaisbrito.digital|2026-03-08|VIDEO,thaisbrito.digital,2026-03-08,VIDEO,79.9,7.99,1,1
hitalasantiago|2026-03-08|VIDEO,hitalasantiago,2026-03-08,VIDEO,72.19,0.0,1,1
compreitesteieaprovei|2026-03-08|VIDEO,compreitesteieaprovei,2026-03-08,VIDEO,72.19,7.22,1,1
oficialmarta|2026-03-08|VIDEO,oficialmarta,2026-03-08,VIDEO,72.19,7.22,1,1
elacatarina|2026-03-08|VIDEO,elacatarina,2026-03-08,VIDEO,72.19,7.22,1,1
clubedeoferta1|2026-03-08|SHOP,clubedeoferta1,2026-03-08,SHOP,72.19,7.22,1,1
kcomkarina|2026-03-08|LIVE,kcomkarina,2026-03-08,LIVE,69.99,7.0,1,1
brenda.theblushlab|2026-03-08|VIDEO,brenda.theblushlab,2026-03-08,VIDEO,69.99,7.0,1,1
tacianecreator|2026-03-09|VIDEO,tacianecreator,2026-03-09,VIDEO,6130.75,215.6,73,76
ericamcabeluda|2026-03-09|VIDEO,ericamcabeluda,2026-03-09,VIDEO,3845.71,201.58,46,49
thainabeautyoficial|2026-03-09|VIDEO,thainabeautyoficial,2026-03-09,VIDEO,3194.07,110.84,39,40
_mareiis|2026-03-09|LIVE,_mareiis,2026-03-09,LIVE,2955.8,295.58,39,42
pattylazzarotto|2026-03-09|VIDEO,pattylazzarotto,2026-03-09,VIDEO,2639.49,95.78,33,33
leticiatsec|2026-03-09|VIDEO,leticiatsec,2026-03-09,VIDEO,2132.86,104.17,24,25
alinecavanellas|2026-03-09|VIDEO,alinecavanellas,2026-03-09,VIDEO,1808.84,90.42,22,22
numarchi|2026-03-09|VIDEO,numarchi,2026-03-09,VIDEO,1415.07,102.33,17,18
adv.dayane|2026-03-09|LIVE,adv.dayane,2026-03-09,LIVE,1266.23,126.63,16,16
thami.brambilla|2026-03-09|VIDEO,thami.brambilla,2026-03-09,VIDEO,812.91,31.19,10,10
laianenovaisss|2026-03-09|VIDEO,laianenovaisss,2026-03-09,VIDEO,779.27,53.96,10,10
.familiapimentel|2026-03-09|VIDEO,.familiapimentel,2026-03-09,VIDEO,719.1,7.99,9,9
dicasdathayoficial|2026-03-09|VIDEO,dicasdathayoficial,2026-03-09,VIDEO,711.39,7.22,9,9
natmarquesvi|2026-03-09|LIVE,natmarquesvi,2026-03-09,LIVE,691.57,78.2,9,9
lidikpf6|2026-03-09|VIDEO,lidikpf6,2026-03-09,VIDEO,636.25,63.63,7,8
gabbizie|2026-03-09|VIDEO,gabbizie,2026-03-09,VIDEO,558.09,55.82,6,7
nati_sus|2026-03-09|VIDEO,nati_sus,2026-03-09,VIDEO,510.12,51.0,6,6
jessicamesant|2026-03-09|VIDEO,jessicamesant,2026-03-09,VIDEO,436.27,8.32,5,5
ee2ut0l0r4|2026-03-09|VIDEO,ee2ut0l0r4,2026-03-09,VIDEO,319.6,15.98,4,4
bialuzzmodas|2026-03-09|VIDEO,bialuzzmodas,2026-03-09,VIDEO,319.6,7.99,4,4
maritips_|2026-03-09|VIDEO,maritips_,2026-03-09,VIDEO,311.89,23.2,4,4
yasmin.aoliveira|2026-03-09|VIDEO,yasmin.aoliveira,2026-03-09,VIDEO,272.95,8.32,3,3
gleysaaguiar|2026-03-09|VIDEO,gleysaaguiar,2026-03-09,VIDEO,239.7,0.0,3,3
silsantiagotrc|2026-03-09|VIDEO,silsantiagotrc,2026-03-09,VIDEO,235.24,15.21,3,3
nay.tarcia|2026-03-09|LIVE,nay.tarcia,2026-03-09,LIVE,209.97,21.0,3,3
robertakguilherme|2026-03-09|VIDEO,robertakguilherme,2026-03-09,VIDEO,170.04,0.0,2,2
layonshoping|2026-03-09|VIDEO,layonshoping,2026-03-09,VIDEO,159.98,16.0,1,2
lozershop.shoppe|2026-03-09|LINKSHARE,lozershop.shoppe,2026-03-09,LINKSHARE,159.8,15.98,2,2
natmarquesvi|2026-03-09|VIDEO,natmarquesvi,2026-03-09,VIDEO,159.8,19.18,2,2
amarishopcreator|2026-03-09|VIDEO,amarishopcreator,2026-03-09,VIDEO,159.8,15.98,2,2
creatortiktokvip|2026-03-09|VIDEO,creatortiktokvip,2026-03-09,VIDEO,159.8,15.98,2,2
narashoptkk|2026-03-09|VIDEO,narashoptkk,2026-03-09,VIDEO,159.8,15.98,2,2
_veridiana.ferreira|2026-03-09|LIVE,_veridiana.ferreira,2026-03-09,LIVE,159.8,15.98,1,2
detudoumpoucovip|2026-03-09|LINKSHARE,detudoumpoucovip,2026-03-09,LINKSHARE,152.09,15.21,2,2
jehfigueiredocreator|2026-03-09|VIDEO,jehfigueiredocreator,2026-03-09,VIDEO,144.38,14.44,1,2
waaleskamacedo|2026-03-09|LINKSHARE,waaleskamacedo,2026-03-09,LINKSHARE,94.9,9.49,1,1
amandaindicaoficialshop|2026-03-09|SHOP,amandaindicaoficialshop,2026-03-09,SHOP,83.15,8.32,1,1
eu.lidiannemartins|2026-03-09|VIDEO,eu.lidiannemartins,2026-03-09,VIDEO,83.15,8.32,1,1
essenciadani|2026-03-09|VIDEO,essenciadani,2026-03-09,VIDEO,79.99,0.0,1,1
euvivianeborges|2026-03-09|VIDEO,euvivianeborges,2026-03-09,VIDEO,79.9,7.99,1,1
carolmoraes.shop|2026-03-09|VIDEO,carolmoraes.shop,2026-03-09,VIDEO,79.9,7.99,1,1
thalyytaguedes|2026-03-09|VIDEO,thalyytaguedes,2026-03-09,VIDEO,79.9,7.99,1,1
revendeshop|2026-03-09|VIDEO,revendeshop,2026-03-09,VIDEO,79.9,7.99,1,1
dpaula57|2026-03-09|LIVE,dpaula57,2026-03-09,LIVE,79.9,7.99,1,1
adv.dayane|2026-03-09|VIDEO,adv.dayane,2026-03-09,VIDEO,79.9,7.99,1,1
taniaribeiro_creator|2026-03-09|SHOP,taniaribeiro_creator,2026-03-09,SHOP,79.9,7.99,1,1
jessicatanara1|2026-03-09|LINKSHARE,jessicatanara1,2026-03-09,LINKSHARE,79.9,7.99,1,1
laryoliveiira_|2026-03-09|LIVE,laryoliveiira_,2026-03-09,LIVE,79.9,7.99,1,1
hitalasantiago|2026-03-09|VIDEO,hitalasantiago,2026-03-09,VIDEO,79.9,0.0,1,1
arenatajardim|2026-03-09|VIDEO,arenatajardim,2026-03-09,VIDEO,79.9,7.99,1,1
eusoueliene|2026-03-09|VIDEO,eusoueliene,2026-03-09,VIDEO,79.9,7.99,1,1
romulo_florent|2026-03-09|LINKSHARE,romulo_florent,2026-03-09,LINKSHARE,79.9,7.99,1,1
flavinha.brand|2026-03-09|VIDEO,flavinha.brand,2026-03-09,VIDEO,79.9,7.99,1,1
larissapachecoindica|2026-03-09|VIDEO,larissapachecoindica,2026-03-09,VIDEO,79.9,7.99,1,1
nanacasagrandi|2026-03-09|VIDEO,nanacasagrandi,2026-03-09,VIDEO,76.41,0.0,1,1
dailycah08|2026-03-09|LIVE,dailycah08,2026-03-09,LIVE,69.99,7.0,1,1
tacianecreator|2026-03-10|VIDEO,tacianecreator,2026-03-10,VIDEO,5772.71,230.8,71,72
ericamcabeluda|2026-03-10|VIDEO,ericamcabeluda,2026-03-10,VIDEO,3484.76,172.7,42,44
natmarquesvi|2026-03-10|LIVE,natmarquesvi,2026-03-10,LIVE,3080.8,368.15,39,39
thainabeautyoficial|2026-03-10|VIDEO,thainabeautyoficial,2026-03-10,VIDEO,2608.64,189.72,33,33
pattylazzarotto|2026-03-10|VIDEO,pattylazzarotto,2026-03-10,VIDEO,2479.6,63.48,30,31
numarchi|2026-03-10|VIDEO,numarchi,2026-03-10,VIDEO,2350.83,163.95,30,30
leticiatsec|2026-03-10|VIDEO,leticiatsec,2026-03-10,VIDEO,1186.53,25.5,14,14
laryoliveiira_|2026-03-10|LIVE,laryoliveiira_,2026-03-10,LIVE,879.7,87.98,11,12
thami.brambilla|2026-03-10|VIDEO,thami.brambilla,2026-03-10,VIDEO,818.83,40.78,10,10
maritips_|2026-03-10|VIDEO,maritips_,2026-03-10,VIDEO,791.29,47.17,10,10
adv.dayane|2026-03-10|LIVE,adv.dayane,2026-03-10,LIVE,786.92,78.69,8,9
alinecavanellas|2026-03-10|VIDEO,alinecavanellas,2026-03-10,VIDEO,726.26,23.53,9,9
natmarquesvi|2026-03-10|VIDEO,natmarquesvi,2026-03-10,VIDEO,724.22,86.92,9,9
.familiapimentel|2026-03-10|VIDEO,.familiapimentel,2026-03-10,VIDEO,639.2,23.97,8,8
yasmin.aoliveira|2026-03-10|VIDEO,yasmin.aoliveira,2026-03-10,VIDEO,617.3,53.43,4,7
nati_sus|2026-03-10|VIDEO,nati_sus,2026-03-10,VIDEO,595.14,17.0,7,7
_mareiis|2026-03-10|LIVE,_mareiis,2026-03-10,LIVE,499.3,49.93,7,7
bialuzzmodas|2026-03-10|VIDEO,bialuzzmodas,2026-03-10,VIDEO,471.69,7.22,6,6
laianenovaisss|2026-03-10|VIDEO,laianenovaisss,2026-03-10,VIDEO,402.75,31.96,5,5
jessicamesant|2026-03-10|VIDEO,jessicamesant,2026-03-10,VIDEO,264.79,17.48,3,3
eu.lidiannemartins|2026-03-10|VIDEO,eu.lidiannemartins,2026-03-10,VIDEO,249.45,24.96,3,3
elacatarina|2026-03-10|VIDEO,elacatarina,2026-03-10,VIDEO,239.7,23.97,2,3
ee2ut0l0r4|2026-03-10|VIDEO,ee2ut0l0r4,2026-03-10,VIDEO,239.7,23.97,3,3
dicasdathayoficial|2026-03-10|VIDEO,dicasdathayoficial,2026-03-10,VIDEO,239.7,7.99,3,3
mariaaugustareiss|2026-03-10|VIDEO,mariaaugustareiss,2026-03-10,VIDEO,239.7,23.97,3,3
hitalasantiago|2026-03-10|VIDEO,hitalasantiago,2026-03-10,VIDEO,224.28,22.43,2,3
euvivianeborges|2026-03-10|VIDEO,euvivianeborges,2026-03-10,VIDEO,159.8,15.98,2,2
arenatajardim|2026-03-10|VIDEO,arenatajardim,2026-03-10,VIDEO,159.8,15.98,2,2
gabbizie|2026-03-10|VIDEO,gabbizie,2026-03-10,VIDEO,159.8,15.98,2,2
yorranshop|2026-03-10|SHOP,yorranshop,2026-03-10,SHOP,159.8,15.98,2,2
nanacasagrandi|2026-03-10|VIDEO,nanacasagrandi,2026-03-10,VIDEO,152.82,0.0,2,2
essenciadani|2026-03-10|VIDEO,essenciadani,2026-03-10,VIDEO,94.9,9.49,1,1
bella_pontes|2026-03-10|LINKSHARE,bella_pontes,2026-03-10,LINKSHARE,85.02,8.5,1,1
danijeans|2026-03-10|VIDEO,danijeans,2026-03-10,VIDEO,85.02,0.0,1,1
robertakguilherme|2026-03-10|VIDEO,robertakguilherme,2026-03-10,VIDEO,85.02,0.0,1,1
alarividal|2026-03-10|SHOP,alarividal,2026-03-10,SHOP,85.02,8.5,1,1
yoh.nobre|2026-03-10|VIDEO,yoh.nobre,2026-03-10,VIDEO,85.02,8.5,1,1
ana.fernnandes|2026-03-10|SHOP,ana.fernnandes,2026-03-10,SHOP,83.15,8.32,1,1
isabellasfranca|2026-03-10|VIDEO,isabellasfranca,2026-03-10,VIDEO,79.9,7.99,1,1
creatortiktokvip|2026-03-10|VIDEO,creatortiktokvip,2026-03-10,VIDEO,79.9,7.99,1,1
jennifer_stefany98|2026-03-10|SHOP,jennifer_stefany98,2026-03-10,SHOP,79.9,7.99,1,1
taniaribeiro_creator|2026-03-10|SHOP,taniaribeiro_creator,2026-03-10,SHOP,79.9,7.99,1,1
marcelo.o.oliveira|2026-03-10|VIDEO,marcelo.o.oliveira,2026-03-10,VIDEO,79.9,7.99,1,1
carolxcreatorshop|2026-03-10|VIDEO,carolxcreatorshop,2026-03-10,VIDEO,79.9,7.99,1,1
mariaclaraprr0|2026-03-10|VIDEO,mariaclaraprr0,2026-03-10,VIDEO,79.9,0.0,1,1
dayinventando|2026-03-10|SHOP,dayinventando,2026-03-10,SHOP,79.9,7.99,1,1
karinalorenzetii|2026-03-10|VIDEO,karinalorenzetii,2026-03-10,VIDEO,79.9,7.99,1,1
gleysaaguiar|2026-03-10|VIDEO,gleysaaguiar,2026-03-10,VIDEO,79.9,0.0,1,1
aevelinvieira|2026-03-10|SHOP,aevelinvieira,2026-03-10,SHOP,79.9,7.99,1,1
patricia.creator1|2026-03-10|SHOP,patricia.creator1,2026-03-10,SHOP,79.9,7.99,1,1
mavi_souza__|2026-03-10|SHOP,mavi_souza__,2026-03-10,SHOP,79.9,7.99,1,1
achadinhosdalu952|2026-03-10|VIDEO,achadinhosdalu952,2026-03-10,VIDEO,79.9,7.99,1,1
gabsventurim|2026-03-10|VIDEO,gabsventurim,2026-03-10,VIDEO,79.9,7.99,1,1
danicontatiktok|2026-03-10|SHOP,danicontatiktok,2026-03-10,SHOP,79.9,7.99,1,1
lidikpf6|2026-03-10|VIDEO,lidikpf6,2026-03-10,VIDEO,79.9,7.99,1,1
joycekelly.carvalho|2026-03-10|VIDEO,joycekelly.carvalho,2026-03-10,VIDEO,79.9,7.99,1,1
silsantiagotrc|2026-03-10|VIDEO,silsantiagotrc,2026-03-10,VIDEO,79.9,7.99,1,1
_veridiana.ferreira|2026-03-10|LIVE,_veridiana.ferreira,2026-03-10,LIVE,79.9,7.99,1,1
mo.joanaa|2026-03-10|VIDEO,mo.joanaa,2026-03-10,VIDEO,72.19,7.22,1,1
francruz.26|2026-03-10|VIDEO,francruz.26,2026-03-10,VIDEO,72.19,7.22,1,1
nay.tarcia|2026-03-10|LIVE,nay.tarcia,2026-03-10,LIVE,69.99,7.0,1,1
tacianecreator|2026-03-11|VIDEO,tacianecreator,2026-03-11,VIDEO,5264.19,212.63,65,66
ericamcabeluda|2026-03-11|VIDEO,ericamcabeluda,2026-03-11,VIDEO,4108.54,212.65,49,52
leticiatsec|2026-03-11|VIDEO,leticiatsec,2026-03-11,VIDEO,2705.39,126.31,31,32
thainabeautyoficial|2026-03-11|VIDEO,thainabeautyoficial,2026-03-11,VIDEO,2473.1,71.98,31,31
pattylazzarotto|2026-03-11|VIDEO,pattylazzarotto,2026-03-11,VIDEO,2398.49,38.74,28,30
_mareiis|2026-03-11|LIVE,_mareiis,2026-03-11,LIVE,2190.15,219.02,26,31
numarchi|2026-03-11|VIDEO,numarchi,2026-03-11,VIDEO,1498.31,117.55,19,19
alinecavanellas|2026-03-11|VIDEO,alinecavanellas,2026-03-11,VIDEO,1484.81,49.11,18,18
maritips_|2026-03-11|VIDEO,maritips_,2026-03-11,VIDEO,1335.17,125.53,17,17
davyllag|2026-03-11|LIVE,davyllag,2026-03-11,LIVE,1189.83,119.0,16,17
laianenovaisss|2026-03-11|VIDEO,laianenovaisss,2026-03-11,VIDEO,962.05,96.21,11,12
natmarquesvi|2026-03-11|VIDEO,natmarquesvi,2026-03-11,VIDEO,646.85,77.62,7,8
nati_sus|2026-03-11|VIDEO,nati_sus,2026-03-11,VIDEO,595.14,34.0,6,7
thami.brambilla|2026-03-11|VIDEO,thami.brambilla,2026-03-11,VIDEO,566.38,31.52,7,7
jessicamesant|2026-03-11|VIDEO,jessicamesant,2026-03-11,VIDEO,489.15,32.62,6,6
adv.dayane|2026-03-11|LIVE,adv.dayane,2026-03-11,LIVE,482.23,48.23,6,6
.familiapimentel|2026-03-11|VIDEO,.familiapimentel,2026-03-11,VIDEO,395.04,7.99,5,5
gleysaaguiar|2026-03-11|VIDEO,gleysaaguiar,2026-03-11,VIDEO,391.79,23.2,5,5
bialuzzmodas|2026-03-11|VIDEO,bialuzzmodas,2026-03-11,VIDEO,384.08,30.42,4,5
danijeans|2026-03-11|VIDEO,danijeans,2026-03-11,VIDEO,329.84,15.98,4,4
natmarquesvi|2026-03-11|LIVE,natmarquesvi,2026-03-11,LIVE,311.98,37.44,4,4
nay.tarcia|2026-03-11|LIVE,nay.tarcia,2026-03-11,LIVE,279.96,28.0,3,4
robertakguilherme|2026-03-11|VIDEO,robertakguilherme,2026-03-11,VIDEO,255.06,0.0,3,3
gabbizie|2026-03-11|VIDEO,gabbizie,2026-03-11,VIDEO,242.95,24.3,3,3
leilacronicasvidareal|2026-03-11|VIDEO,leilacronicasvidareal,2026-03-11,VIDEO,239.7,23.97,3,3
dicasdathayoficial|2026-03-11|VIDEO,dicasdathayoficial,2026-03-11,VIDEO,239.7,0.0,3,3
carolxcreatorshop|2026-03-11|VIDEO,carolxcreatorshop,2026-03-11,VIDEO,239.7,23.97,3,3
bygabivianna|2026-03-11|VIDEO,bygabivianna,2026-03-11,VIDEO,170.04,17.0,1,2
flavinha.brand|2026-03-11|VIDEO,flavinha.brand,2026-03-11,VIDEO,170.04,0.0,2,2
lidikpf6|2026-03-11|VIDEO,lidikpf6,2026-03-11,VIDEO,169.89,16.99,1,2
laizaborgesferrari|2026-03-11|LIVE,laizaborgesferrari,2026-03-11,LIVE,159.8,15.98,2,2
cintia.thies|2026-03-11|VIDEO,cintia.thies,2026-03-11,VIDEO,159.8,7.99,2,2
eu.lidiannemartins|2026-03-11|VIDEO,eu.lidiannemartins,2026-03-11,VIDEO,94.9,9.49,1,1
yoh.nobre|2026-03-11|SHOP,yoh.nobre,2026-03-11,SHOP,85.02,8.5,1,1
yasmin.aoliveira|2026-03-11|VIDEO,yasmin.aoliveira,2026-03-11,VIDEO,83.15,8.32,1,1
fasampaioindica|2026-03-11|VIDEO,fasampaioindica,2026-03-11,VIDEO,83.15,8.32,1,1
chosenbykate|2026-03-11|SHOP,chosenbykate,2026-03-11,SHOP,83.15,8.32,1,1
essenciadani|2026-03-11|VIDEO,essenciadani,2026-03-11,VIDEO,79.99,0.0,1,1
silsantiagotrc|2026-03-11|VIDEO,silsantiagotrc,2026-03-11,VIDEO,79.9,7.99,1,1
mariaaugustareiss|2026-03-11|VIDEO,mariaaugustareiss,2026-03-11,VIDEO,79.9,0.0,1,1
cherry_mixxx|2026-03-11|LIVE,cherry_mixxx,2026-03-11,LIVE,79.9,7.99,1,1
yasmin.aoliveira|2026-03-11|LIVE,yasmin.aoliveira,2026-03-11,LIVE,79.9,7.99,1,1
flavia.cunha__|2026-03-11|VIDEO,flavia.cunha__,2026-03-11,VIDEO,79.9,7.99,1,1
thalyytaguedes|2026-03-11|VIDEO,thalyytaguedes,2026-03-11,VIDEO,79.9,7.99,1,1
monicaestephanio|2026-03-11|VIDEO,monicaestephanio,2026-03-11,VIDEO,79.9,7.99,1,1
m1nimaravilhas|2026-03-11|VIDEO,m1nimaravilhas,2026-03-11,VIDEO,79.9,7.99,1,1
manuelaenoque|2026-03-11|VIDEO,manuelaenoque,2026-03-11,VIDEO,79.9,7.99,1,1
lari.quaresma|2026-03-11|SHOP,lari.quaresma,2026-03-11,SHOP,79.9,7.99,1,1
giovannamarcelino_|2026-03-11|VIDEO,giovannamarcelino_,2026-03-11,VIDEO,79.9,7.99,1,1
fuuscw0|2026-03-11|VIDEO,fuuscw0,2026-03-11,VIDEO,79.9,0.0,1,1
arenatajardim|2026-03-11|VIDEO,arenatajardim,2026-03-11,VIDEO,79.9,7.99,1,1
vandianealencar|2026-03-11|SHOP,vandianealencar,2026-03-11,SHOP,79.9,7.99,1,1
achoucomproudj.26|2026-03-11|SHOP,achoucomproudj.26,2026-03-11,SHOP,79.9,7.99,1,1
valenhoffmaann|2026-03-11|VIDEO,valenhoffmaann,2026-03-11,VIDEO,79.9,7.99,1,1
uai.agoravai|2026-03-11|SHOP,uai.agoravai,2026-03-11,SHOP,79.9,7.99,1,1
daily.byjana|2026-03-11|VIDEO,daily.byjana,2026-03-11,VIDEO,79.9,7.99,1,1
npossebon|2026-03-11|SHOP,npossebon,2026-03-11,SHOP,72.19,7.22,1,1
coisasdeitgirrl|2026-03-11|LINKSHARE,coisasdeitgirrl,2026-03-11,LINKSHARE,72.19,7.22,1,1
dicasdakali_|2026-03-11|VIDEO,dicasdakali_,2026-03-11,VIDEO,69.99,7.0,1,1
natmarquesvi|2026-03-12|LIVE,natmarquesvi,2026-03-12,LIVE,4248.51,500.3,54,59
ericamcabeluda|2026-03-12|VIDEO,ericamcabeluda,2026-03-12,VIDEO,2783.88,230.46,34,36
tacianecreator|2026-03-12|VIDEO,tacianecreator,2026-03-12,VIDEO,2205.94,163.17,28,28
thainabeautyoficial|2026-03-12|VIDEO,thainabeautyoficial,2026-03-12,VIDEO,1823.13,166.01,20,22
pattylazzarotto|2026-03-12|VIDEO,pattylazzarotto,2026-03-12,VIDEO,1192.83,103.32,13,15
maritips_|2026-03-12|VIDEO,maritips_,2026-03-12,VIDEO,1183.08,102.33,14,15
_mareiis|2026-03-12|LIVE,_mareiis,2026-03-12,LIVE,1058.5,105.85,15,15
adv.dayane|2026-03-12|LIVE,adv.dayane,2026-03-12,LIVE,819.62,81.97,11,11
leticiatsec|2026-03-12|VIDEO,leticiatsec,2026-03-12,VIDEO,760.15,59.0,9,9
numarchi|2026-03-12|VIDEO,numarchi,2026-03-12,VIDEO,688.26,61.61,9,9
alinecavanellas|2026-03-12|VIDEO,alinecavanellas,2026-03-12,VIDEO,657.73,57.27,8,8
laianenovaisss|2026-03-12|VIDEO,laianenovaisss,2026-03-12,VIDEO,639.2,47.94,7,8
thami.brambilla|2026-03-12|VIDEO,thami.brambilla,2026-03-12,VIDEO,497.77,49.78,6,6
gabbizie|2026-03-12|VIDEO,gabbizie,2026-03-12,VIDEO,337.85,33.79,4,4
davyllag|2026-03-12|LIVE,davyllag,2026-03-12,LIVE,279.96,28.0,4,4
jessicamesant|2026-03-12|VIDEO,jessicamesant,2026-03-12,VIDEO,173.14,17.32,2,2
eu.lidiannemartins|2026-03-12|VIDEO,eu.lidiannemartins,2026-03-12,VIDEO,166.3,16.64,2,2
natmarquesvi|2026-03-12|VIDEO,natmarquesvi,2026-03-12,VIDEO,157.21,18.86,2,2
nati_sus|2026-03-12|VIDEO,nati_sus,2026-03-12,VIDEO,85.02,8.5,1,1
essenciadani|2026-03-12|VIDEO,essenciadani,2026-03-12,VIDEO,79.99,8.0,1,1
carolmoraes.shop|2026-03-12|VIDEO,carolmoraes.shop,2026-03-12,VIDEO,79.9,7.99,1,1
annaluiza.shop|2026-03-12|VIDEO,annaluiza.shop,2026-03-12,VIDEO,79.9,7.99,1,1
.familiapimentel|2026-03-12|VIDEO,.familiapimentel,2026-03-12,VIDEO,79.9,7.99,1,1
dicasdathayoficial|2026-03-12|VIDEO,dicasdathayoficial,2026-03-12,VIDEO,79.9,7.99,1,1
valdyrsa|2026-03-12|LINKSHARE,valdyrsa,2026-03-12,LINKSHARE,79.9,7.99,1,1
athaisfavero|2026-03-12|VIDEO,athaisfavero,2026-03-12,VIDEO,79.9,7.99,1,1
danijeans|2026-03-12|LIVE,danijeans,2026-03-12,LIVE,79.9,7.99,1,1
maurobengaly23|2026-03-12|VIDEO,maurobengaly23,2026-03-12,VIDEO,79.9,7.99,1,1
dicasdaaila2|2026-03-12|LIVE,dicasdaaila2,2026-03-12,LIVE,79.9,7.99,1,1
adv.dayane|2026-03-12|SHOP,adv.dayane,2026-03-12,SHOP,79.9,7.99,1,1
thaisbrito.digital|2026-03-12|VIDEO,thaisbrito.digital,2026-03-12,VIDEO,79.9,7.99,1,1
lidikpf6|2026-03-12|VIDEO,lidikpf6,2026-03-12,VIDEO,79.9,7.99,1,1
carolizese|2026-03-12|SHOP,carolizese,2026-03-12,SHOP,79.9,7.99,1,1
mdudaleitee|2026-03-12|SHOP,mdudaleitee,2026-03-12,SHOP,79.9,7.99,1,1
janissosweet|2026-03-12|LIVE,janissosweet,2026-03-12,LIVE,79.9,7.99,1,1
carolxcreatorshop|2026-03-12|VIDEO,carolxcreatorshop,2026-03-12,VIDEO,79.9,7.99,1,1
aheloisastainbach|2026-03-12|SHOP,aheloisastainbach,2026-03-12,SHOP,79.9,7.99,1,1
cary_barbs|2026-03-12|SHOP,cary_barbs,2026-03-12,SHOP,79.9,7.99,1,1
larschinzel|2026-03-12|VIDEO,larschinzel,2026-03-12,VIDEO,79.9,7.99,1,1
lucianajanuarioo|2026-03-12|LIVE,lucianajanuarioo,2026-03-12,LIVE,79.9,7.99,1,1
npossebon|2026-03-12|VIDEO,npossebon,2026-03-12,VIDEO,79.9,7.99,1,1
mariaaugustareiss|2026-03-12|VIDEO,mariaaugustareiss,2026-03-12,VIDEO,79.9,0.0,1,1
thalyytaguedes|2026-03-12|VIDEO,thalyytaguedes,2026-03-12,VIDEO,79.9,7.99,1,1
detudoumpoucovip|2026-03-12|LINKSHARE,detudoumpoucovip,2026-03-12,LINKSHARE,79.9,7.99,1,1
nanacasagrandi|2026-03-12|VIDEO,nanacasagrandi,2026-03-12,VIDEO,76.4,0.0,1,1
silsantiagotrc|2026-03-12|VIDEO,silsantiagotrc,2026-03-12,VIDEO,72.19,7.22,1,1
bialuzzmodas|2026-03-12|VIDEO,bialuzzmodas,2026-03-12,VIDEO,72.19,7.22,1,1
leticiatsec|2026-03-13|VIDEO,leticiatsec,2026-03-13,VIDEO,1691.53,67.3,18,20
thainabeautyoficial|2026-03-13|VIDEO,thainabeautyoficial,2026-03-13,VIDEO,1351.64,55.93,17,17
ericamcabeluda|2026-03-13|VIDEO,ericamcabeluda,2026-03-13,VIDEO,1190.79,79.13,15,15
alinecavanellas|2026-03-13|VIDEO,alinecavanellas,2026-03-13,VIDEO,1162.32,65.78,14,14
pattylazzarotto|2026-03-13|VIDEO,pattylazzarotto,2026-03-13,VIDEO,1132.75,40.02,14,14
tacianecreator|2026-03-13|VIDEO,tacianecreator,2026-03-13,VIDEO,1043.63,94.89,11,13
numarchi|2026-03-13|VIDEO,numarchi,2026-03-13,VIDEO,559.3,47.94,7,7
laianenovaisss|2026-03-13|VIDEO,laianenovaisss,2026-03-13,VIDEO,554.84,31.52,7,7
maritips_|2026-03-13|VIDEO,maritips_,2026-03-13,VIDEO,448.56,36.87,5,6
natmarquesvi|2026-03-13|VIDEO,natmarquesvi,2026-03-13,VIDEO,384.08,46.09,4,5
natmarquesvi|2026-03-13|LIVE,natmarquesvi,2026-03-13,LIVE,314.81,37.78,4,4
jessicamesant|2026-03-13|VIDEO,jessicamesant,2026-03-13,VIDEO,256.29,25.64,3,3
schepaesugc|2026-03-13|VIDEO,schepaesugc,2026-03-13,VIDEO,239.7,23.97,3,3
hitalasantiago|2026-03-13|VIDEO,hitalasantiago,2026-03-13,VIDEO,239.7,0.0,3,3
robertakguilherme|2026-03-13|VIDEO,robertakguilherme,2026-03-13,VIDEO,170.04,0.0,2,2
nati_sus|2026-03-13|VIDEO,nati_sus,2026-03-13,VIDEO,170.04,0.0,2,2
silsantiagotrc|2026-03-13|VIDEO,silsantiagotrc,2026-03-13,VIDEO,159.8,15.98,2,2
bialuzzmodas|2026-03-13|VIDEO,bialuzzmodas,2026-03-13,VIDEO,159.8,7.99,2,2
gabbizie|2026-03-13|VIDEO,gabbizie,2026-03-13,VIDEO,159.8,15.98,2,2
.familiapimentel|2026-03-13|VIDEO,.familiapimentel,2026-03-13,VIDEO,159.8,0.0,2,2
thami.brambilla|2026-03-13|VIDEO,thami.brambilla,2026-03-13,VIDEO,159.8,0.0,2,2
carolxcreatorshop|2026-03-13|VIDEO,carolxcreatorshop,2026-03-13,VIDEO,152.09,15.21,2,2
adv.dayane|2026-03-13|LIVE,adv.dayane,2026-03-13,LIVE,149.89,14.99,2,2
alarividal|2026-03-13|SHOP,alarividal,2026-03-13,SHOP,85.02,8.5,1,1
vicxsocials|2026-03-13|VIDEO,vicxsocials,2026-03-13,VIDEO,85.02,8.5,1,1
laryoliveiira_|2026-03-13|LIVE,laryoliveiira_,2026-03-13,LIVE,83.15,8.32,1,1
eu.lidiannemartins|2026-03-13|VIDEO,eu.lidiannemartins,2026-03-13,VIDEO,83.15,8.32,1,1
yasmin.aoliveira|2026-03-13|VIDEO,yasmin.aoliveira,2026-03-13,VIDEO,83.15,8.32,1,1
laryoliveiira_|2026-03-13|VIDEO,laryoliveiira_,2026-03-13,VIDEO,83.15,8.32,1,1
lidikpf6|2026-03-13|VIDEO,lidikpf6,2026-03-13,VIDEO,79.9,7.99,1,1
ellentiiffany|2026-03-13|LIVE,ellentiiffany,2026-03-13,LIVE,79.9,7.99,1,1
mariaaugustareiss|2026-03-13|VIDEO,mariaaugustareiss,2026-03-13,VIDEO,79.9,0.0,1,1
davyllag|2026-03-13|LIVE,davyllag,2026-03-13,LIVE,79.9,7.99,1,1
eujuliabellezacortes|2026-03-13|LINKSHARE,eujuliabellezacortes,2026-03-13,LINKSHARE,79.9,7.99,1,1
carolmoraes.shop|2026-03-13|VIDEO,carolmoraes.shop,2026-03-13,VIDEO,79.9,7.99,1,1
abrunaindicaa|2026-03-13|VIDEO,abrunaindicaa,2026-03-13,VIDEO,79.9,7.99,1,1
natalilemos|2026-03-13|VIDEO,natalilemos,2026-03-13,VIDEO,79.9,7.99,1,1
akello.nunes|2026-03-13|LIVE,akello.nunes,2026-03-13,LIVE,79.9,7.99,1,1
alessandraguedes27|2026-03-13|SHOP,alessandraguedes27,2026-03-13,SHOP,79.9,7.99,1,1
gleysaaguiar|2026-03-13|VIDEO,gleysaaguiar,2026-03-13,VIDEO,79.9,0.0,1,1
edneiacamargoafiliada|2026-03-13|LINKSHARE,edneiacamargoafiliada,2026-03-13,LINKSHARE,79.9,4.0,1,1
pormayaracosta|2026-03-13|SHOP,pormayaracosta,2026-03-13,SHOP,72.19,7.22,1,1
_mareiis|2026-03-13|LIVE,_mareiis,2026-03-13,LIVE,69.9,6.99,1,1
thainabeautyoficial|2026-03-14|VIDEO,thainabeautyoficial,2026-03-14,VIDEO,2283.98,83.24,28,28
pattylazzarotto|2026-03-14|VIDEO,pattylazzarotto,2026-03-14,VIDEO,1518.76,39.95,19,19
ericamcabeluda|2026-03-14|VIDEO,ericamcabeluda,2026-03-14,VIDEO,1335.17,95.11,15,17
alinecavanellas|2026-03-14|VIDEO,alinecavanellas,2026-03-14,VIDEO,1134.54,32.98,13,13
leticiatsec|2026-03-14|VIDEO,leticiatsec,2026-03-14,VIDEO,850.2,25.5,10,10
numarchi|2026-03-14|VIDEO,numarchi,2026-03-14,VIDEO,783.58,62.38,10,10
natmarquesvi|2026-03-14|LIVE,natmarquesvi,2026-03-14,LIVE,719.72,84.78,10,10
thami.brambilla|2026-03-14|VIDEO,thami.brambilla,2026-03-14,VIDEO,665.86,24.3,8,8
laianenovaisss|2026-03-14|VIDEO,laianenovaisss,2026-03-14,VIDEO,547.13,30.75,6,7
nati_sus|2026-03-14|VIDEO,nati_sus,2026-03-14,VIDEO,520.0,25.5,6,6
jessicamesant|2026-03-14|VIDEO,jessicamesant,2026-03-14,VIDEO,514.24,9.49,6,6
davyllag|2026-03-14|LIVE,davyllag,2026-03-14,LIVE,489.93,49.0,7,7
tacianecreator|2026-03-14|VIDEO,tacianecreator,2026-03-14,VIDEO,479.4,47.94,5,6
yasmin.aoliveira|2026-03-14|VIDEO,yasmin.aoliveira,2026-03-14,VIDEO,344.35,34.45,4,4
gleysaaguiar|2026-03-14|VIDEO,gleysaaguiar,2026-03-14,VIDEO,319.6,7.99,4,4
maritips_|2026-03-14|VIDEO,maritips_,2026-03-14,VIDEO,311.89,23.2,4,4
silsantiagotrc|2026-03-14|VIDEO,silsantiagotrc,2026-03-14,VIDEO,304.18,30.42,4,4
natmarquesvi|2026-03-14|VIDEO,natmarquesvi,2026-03-14,VIDEO,244.83,19.19,3,3
hitalasantiago|2026-03-14|VIDEO,hitalasantiago,2026-03-14,VIDEO,239.7,7.99,3,3
.familiapimentel|2026-03-14|VIDEO,.familiapimentel,2026-03-14,VIDEO,239.7,15.98,3,3
arenatajardim|2026-03-14|VIDEO,arenatajardim,2026-03-14,VIDEO,231.99,23.2,3,3
robertakguilherme|2026-03-14|VIDEO,robertakguilherme,2026-03-14,VIDEO,170.04,0.0,2,2
laryoliveiira_|2026-03-14|LIVE,laryoliveiira_,2026-03-14,LIVE,166.3,16.64,2,2
_mareiis|2026-03-14|LIVE,_mareiis,2026-03-14,LIVE,163.14,16.32,2,2
gabbizie|2026-03-14|VIDEO,gabbizie,2026-03-14,VIDEO,163.05,16.31,2,2
bbrualvess|2026-03-14|VIDEO,bbrualvess,2026-03-14,VIDEO,159.8,15.98,2,2
elacatarina|2026-03-14|VIDEO,elacatarina,2026-03-14,VIDEO,159.8,15.98,2,2
monicaamoraa7|2026-03-14|VIDEO,monicaamoraa7,2026-03-14,VIDEO,94.9,9.49,1,1
thaisbrito.digital|2026-03-14|VIDEO,thaisbrito.digital,2026-03-14,VIDEO,85.02,8.5,1,1
flavinha.brand|2026-03-14|VIDEO,flavinha.brand,2026-03-14,VIDEO,85.02,0.0,1,1
danijeans|2026-03-14|VIDEO,danijeans,2026-03-14,VIDEO,84.94,0.0,1,1
fasampaioindica|2026-03-14|VIDEO,fasampaioindica,2026-03-14,VIDEO,83.15,0.0,1,1
jesianealvescreator|2026-03-14|VIDEO,jesianealvescreator,2026-03-14,VIDEO,83.15,8.32,1,1
shopdalorena|2026-03-14|SHOP,shopdalorena,2026-03-14,SHOP,83.15,8.32,1,1
souathaiii|2026-03-14|LINKSHARE,souathaiii,2026-03-14,LINKSHARE,83.15,8.32,1,1
elenaratrindade|2026-03-14|VIDEO,elenaratrindade,2026-03-14,VIDEO,79.9,7.99,1,1
drisantosbr|2026-03-14|VIDEO,drisantosbr,2026-03-14,VIDEO,79.9,7.99,1,1
danuzakarla|2026-03-14|LINKSHARE,danuzakarla,2026-03-14,LINKSHARE,79.9,7.99,1,1
techshoplopes|2026-03-14|VIDEO,techshoplopes,2026-03-14,VIDEO,79.9,0.0,1,1
laizaborgesferrari|2026-03-14|LIVE,laizaborgesferrari,2026-03-14,LIVE,79.9,7.99,1,1
monique_shopp|2026-03-14|VIDEO,monique_shopp,2026-03-14,VIDEO,79.9,7.99,1,1
soujessicaquiroz1|2026-03-14|SHOP,soujessicaquiroz1,2026-03-14,SHOP,79.9,7.99,1,1
dayaneferreiradasilva|2026-03-14|VIDEO,dayaneferreiradasilva,2026-03-14,VIDEO,79.9,7.99,1,1
gabi.valiati|2026-03-14|VIDEO,gabi.valiati,2026-03-14,VIDEO,79.9,7.99,1,1
adv.dayane|2026-03-14|SHOP,adv.dayane,2026-03-14,SHOP,72.19,7.22,1,1
larschinzel|2026-03-14|LIVE,larschinzel,2026-03-14,LIVE,72.19,7.22,1,1
_milenecarvalho|2026-03-14|LIVE,_milenecarvalho,2026-03-14,LIVE,69.99,7.0,1,1
kcomkarina|2026-03-14|LIVE,kcomkarina,2026-03-14,LIVE,69.99,7.0,1,1
alinecavanellas|2026-03-15|VIDEO,alinecavanellas,2026-03-15,VIDEO,1850.1,81.42,21,22
pattylazzarotto|2026-03-15|VIDEO,pattylazzarotto,2026-03-15,VIDEO,1491.46,90.55,16,18
jessicamesant|2026-03-15|VIDEO,jessicamesant,2026-03-15,VIDEO,1432.12,91.5,8,17
thainabeautyoficial|2026-03-15|VIDEO,thainabeautyoficial,2026-03-15,VIDEO,1293.6,73.42,16,16
ericamcabeluda|2026-03-15|VIDEO,ericamcabeluda,2026-03-15,VIDEO,1190.79,87.12,14,15
leticiatsec|2026-03-15|VIDEO,leticiatsec,2026-03-15,VIDEO,1124.37,59.64,12,13
numarchi|2026-03-15|VIDEO,numarchi,2026-03-15,VIDEO,1113.42,79.38,14,14
adv.dayane|2026-03-15|LIVE,adv.dayane,2026-03-15,LIVE,1019.6,101.97,13,13
monicap.pereira|2026-03-15|VIDEO,monicap.pereira,2026-03-15,VIDEO,498.9,24.96,6,6
_mareiis|2026-03-15|LIVE,_mareiis,2026-03-15,LIVE,429.4,42.94,6,6
_milenecarvalho|2026-03-15|LIVE,_milenecarvalho,2026-03-15,LIVE,409.77,40.98,5,5
yasmin.aoliveira|2026-03-15|VIDEO,yasmin.aoliveira,2026-03-15,VIDEO,367.85,17.81,4,4
thami.brambilla|2026-03-15|VIDEO,thami.brambilla,2026-03-15,VIDEO,331.14,16.31,4,4
robertakguilherme|2026-03-15|VIDEO,robertakguilherme,2026-03-15,VIDEO,255.06,0.0,3,3
maritips_|2026-03-15|VIDEO,maritips_,2026-03-15,VIDEO,254.7,25.47,3,3
tacianecreator|2026-03-15|VIDEO,tacianecreator,2026-03-15,VIDEO,242.95,24.3,3,3
laianenovaisss|2026-03-15|VIDEO,laianenovaisss,2026-03-15,VIDEO,242.95,0.0,3,3
natmarquesvi|2026-03-15|VIDEO,natmarquesvi,2026-03-15,VIDEO,239.7,19.18,3,3
.familiapimentel|2026-03-15|VIDEO,.familiapimentel,2026-03-15,VIDEO,239.7,0.0,3,3
nati_sus|2026-03-15|VIDEO,nati_sus,2026-03-15,VIDEO,170.04,8.5,2,2
hitalasantiago|2026-03-15|VIDEO,hitalasantiago,2026-03-15,VIDEO,159.8,0.0,2,2
lidikpf6|2026-03-15|VIDEO,lidikpf6,2026-03-15,VIDEO,159.8,15.98,2,2
natmarquesvi|2026-03-15|LIVE,natmarquesvi,2026-03-15,LIVE,149.98,18.0,2,2
mariaaugustareiss|2026-03-15|SHOP,mariaaugustareiss,2026-03-15,SHOP,144.38,14.44,1,2
laryoliveiira_|2026-03-15|VIDEO,laryoliveiira_,2026-03-15,VIDEO,94.9,9.49,1,1
achadinhostts1|2026-03-15|VIDEO,achadinhostts1,2026-03-15,VIDEO,94.9,9.49,1,1
adv.dayane|2026-03-15|VIDEO,adv.dayane,2026-03-15,VIDEO,89.99,9.0,1,1
flavinha.brand|2026-03-15|VIDEO,flavinha.brand,2026-03-15,VIDEO,85.02,8.5,1,1
bygabivianna|2026-03-15|VIDEO,bygabivianna,2026-03-15,VIDEO,85.02,0.0,1,1
danijeans|2026-03-15|VIDEO,danijeans,2026-03-15,VIDEO,85.02,8.5,1,1
schepaesugc|2026-03-15|LIVE,schepaesugc,2026-03-15,LIVE,79.9,7.99,1,1
abrunaindicaa|2026-03-15|VIDEO,abrunaindicaa,2026-03-15,VIDEO,79.9,7.99,1,1
vivi_ttavares|2026-03-15|VIDEO,vivi_ttavares,2026-03-15,VIDEO,79.9,7.99,1,1
mariaaugustareiss|2026-03-15|VIDEO,mariaaugustareiss,2026-03-15,VIDEO,79.9,7.99,1,1
heyitsmarialves|2026-03-15|VIDEO,heyitsmarialves,2026-03-15,VIDEO,79.9,0.0,1,1
eusou.amanu|2026-03-15|SHOP,eusou.amanu,2026-03-15,SHOP,79.9,7.99,1,1
bialuzzmodas|2026-03-15|VIDEO,bialuzzmodas,2026-03-15,VIDEO,79.9,0.0,1,1
schepaesugc|2026-03-15|VIDEO,schepaesugc,2026-03-15,VIDEO,79.9,7.99,1,1
bbrualvess|2026-03-15|VIDEO,bbrualvess,2026-03-15,VIDEO,79.9,7.99,1,1
sylvana.riios|2026-03-15|LINKSHARE,sylvana.riios,2026-03-15,LINKSHARE,79.9,7.99,1,1
cintia.thies|2026-03-15|VIDEO,cintia.thies,2026-03-15,VIDEO,79.9,7.99,1,1
cliqueeachadinhos16|2026-03-15|VIDEO,cliqueeachadinhos16,2026-03-15,VIDEO,69.99,7.0,1,1
adv.dayane|2026-03-16|LIVE,adv.dayane,2026-03-16,LIVE,719.82,71.99,9,9
thainabeautyoficial|2026-03-16|VIDEO,thainabeautyoficial,2026-03-16,VIDEO,566.59,24.7,7,7
tacianecreator|2026-03-16|VIDEO,tacianecreator,2026-03-16,VIDEO,311.89,31.19,4,4
leticiatsec|2026-03-16|VIDEO,leticiatsec,2026-03-16,VIDEO,279.79,18.49,3,3
natmarquesvi|2026-03-16|VIDEO,natmarquesvi,2026-03-16,VIDEO,269.7,11.39,3,3
alinecavanellas|2026-03-16|VIDEO,alinecavanellas,2026-03-16,VIDEO,246.99,0.0,3,3
numarchi|2026-03-16|VIDEO,numarchi,2026-03-16,VIDEO,239.7,15.98,3,3
pattylazzarotto|2026-03-16|VIDEO,pattylazzarotto,2026-03-16,VIDEO,239.7,15.98,3,3
natmarquesvi|2026-03-16|LIVE,natmarquesvi,2026-03-16,LIVE,219.97,26.4,3,3
jessicamesant|2026-03-16|VIDEO,jessicamesant,2026-03-16,VIDEO,189.8,18.98,2,2
essenciadani|2026-03-16|VIDEO,essenciadani,2026-03-16,VIDEO,159.98,0.0,2,2
ericamcabeluda|2026-03-16|VIDEO,ericamcabeluda,2026-03-16,VIDEO,159.8,15.98,2,2
laianenovaisss|2026-03-16|VIDEO,laianenovaisss,2026-03-16,VIDEO,159.8,0.0,2,2
eusouamia_|2026-03-16|VIDEO,eusouamia_,2026-03-16,VIDEO,94.9,9.49,1,1
nati_sus|2026-03-16|VIDEO,nati_sus,2026-03-16,VIDEO,94.9,9.49,1,1
patriciaananias3|2026-03-16|VIDEO,patriciaananias3,2026-03-16,VIDEO,94.9,0.0,1,1
gabbizie|2026-03-16|VIDEO,gabbizie,2026-03-16,VIDEO,94.9,9.49,1,1
_milenecarvalho|2026-03-16|LIVE,_milenecarvalho,2026-03-16,LIVE,94.9,9.49,1,1
lidikpf6|2026-03-16|VIDEO,lidikpf6,2026-03-16,VIDEO,89.99,9.0,1,1
adv.dayane|2026-03-16|VIDEO,adv.dayane,2026-03-16,VIDEO,89.99,0.0,1,1
loja_lua.shop02|2026-03-16|LINKSHARE,loja_lua.shop02,2026-03-16,LINKSHARE,84.9,8.49,1,1
_milenecarvalho|2026-03-16|VIDEO,_milenecarvalho,2026-03-16,VIDEO,79.99,8.0,1,1
_mareiis|2026-03-16|LIVE,_mareiis,2026-03-16,LIVE,79.99,8.0,1,1
psi.mirellarodrigues|2026-03-16|LIVE,psi.mirellarodrigues,2026-03-16,LIVE,79.9,7.99,1,1
gleysaaguiar|2026-03-16|VIDEO,gleysaaguiar,2026-03-16,VIDEO,79.9,0.0,1,1
lidikpf6|2026-03-16|SHOP,lidikpf6,2026-03-16,SHOP,79.9,7.99,1,1
achadinhosyasminxavier|2026-03-16|VIDEO,achadinhosyasminxavier,2026-03-16,VIDEO,79.9,7.99,1,1
jessicap.braz|2026-03-16|LIVE,jessicap.braz,2026-03-16,LIVE,79.9,7.99,1,1
silsantiagotrc|2026-03-16|VIDEO,silsantiagotrc,2026-03-16,VIDEO,79.9,7.99,1,1
cintia.thies|2026-03-16|VIDEO,cintia.thies,2026-03-16,VIDEO,79.9,7.99,1,1
thalyytaguedes|2026-03-16|VIDEO,thalyytaguedes,2026-03-16,VIDEO,79.9,7.99,1,1
carolxcreatorshop|2026-03-16|VIDEO,carolxcreatorshop,2026-03-16,VIDEO,79.9,7.99,1,1
bialuzzmodas|2026-03-16|VIDEO,bialuzzmodas,2026-03-16,VIDEO,79.9,7.99,1,1
aelizagoulart|2026-03-16|VIDEO,aelizagoulart,2026-03-16,VIDEO,79.9,7.99,1,1
priscyllaamenezes|2026-03-16|SHOP,priscyllaamenezes,2026-03-16,SHOP,72.19,7.22,1,1
adv.dayane|2026-03-17|LIVE,adv.dayane,2026-03-17,LIVE,2479.56,247.99,34,35
ericamcabeluda|2026-03-17|VIDEO,ericamcabeluda,2026-03-17,VIDEO,997.95,83.82,13,13
tacianecreator|2026-03-17|VIDEO,tacianecreator,2026-03-17,VIDEO,878.9,87.89,11,11
numarchi|2026-03-17|VIDEO,numarchi,2026-03-17,VIDEO,629.29,62.93,6,8
thainabeautyoficial|2026-03-17|VIDEO,thainabeautyoficial,2026-03-17,VIDEO,623.78,38.41,7,8
natmarquesvi|2026-03-17|LIVE,natmarquesvi,2026-03-17,LIVE,534.66,59.07,7,7
alinecavanellas|2026-03-17|VIDEO,alinecavanellas,2026-03-17,VIDEO,524.4,15.98,6,6
pattylazzarotto|2026-03-17|VIDEO,pattylazzarotto,2026-03-17,VIDEO,509.4,42.95,6,6
laryoliveiira_|2026-03-17|LIVE,laryoliveiira_,2026-03-17,LIVE,394.77,39.48,5,5
nati_sus|2026-03-17|VIDEO,nati_sus,2026-03-17,VIDEO,284.7,28.47,3,3
davyllag|2026-03-17|LIVE,davyllag,2026-03-17,LIVE,279.96,28.0,4,4
_milenecarvalho|2026-03-17|LIVE,_milenecarvalho,2026-03-17,LIVE,219.97,22.0,1,3
vitordio1rr|2026-03-17|VIDEO,vitordio1rr,2026-03-17,VIDEO,189.8,18.98,1,2
essenciadani|2026-03-17|VIDEO,essenciadani,2026-03-17,VIDEO,159.98,16.0,2,2
gabrielaf011|2026-03-17|LIVE,gabrielaf011,2026-03-17,LIVE,159.98,16.0,2,2
brunaskawinski|2026-03-17|VIDEO,brunaskawinski,2026-03-17,VIDEO,159.8,15.98,1,2
maritips_|2026-03-17|VIDEO,maritips_,2026-03-17,VIDEO,159.8,15.98,2,2
natmarquesvi|2026-03-17|VIDEO,natmarquesvi,2026-03-17,VIDEO,159.8,19.18,1,2
leticiatsec|2026-03-17|VIDEO,leticiatsec,2026-03-17,VIDEO,94.9,9.49,1,1
monicalola02|2026-03-17|SHOP,monicalola02,2026-03-17,SHOP,94.9,9.49,1,1
monicap.pereira|2026-03-17|VIDEO,monicap.pereira,2026-03-17,VIDEO,94.9,0.0,1,1
gabbizie|2026-03-17|VIDEO,gabbizie,2026-03-17,VIDEO,89.99,9.0,1,1
dpaula57|2026-03-17|LIVE,dpaula57,2026-03-17,LIVE,79.99,8.0,1,1
jessicamesant|2026-03-17|VIDEO,jessicamesant,2026-03-17,VIDEO,79.9,7.99,1,1
matheuslimashop|2026-03-17|VIDEO,matheuslimashop,2026-03-17,VIDEO,79.9,7.99,1,1
yoariadny|2026-03-17|SHOP,yoariadny,2026-03-17,SHOP,79.9,7.99,1,1
airabranco|2026-03-17|SHOP,airabranco,2026-03-17,SHOP,79.9,7.99,1,1
nildavendasoficial|2026-03-17|LIVE,nildavendasoficial,2026-03-17,LIVE,79.9,7.99,1,1
dadaenicole|2026-03-17|VIDEO,dadaenicole,2026-03-17,VIDEO,79.9,7.99,1,1
lnjbn|2026-03-17|SHOP,lnjbn,2026-03-17,SHOP,79.9,7.99,1,1
steh.shopp|2026-03-17|LIVE,steh.shopp,2026-03-17,LIVE,79.9,7.99,1,1
silsantiagotrc|2026-03-17|VIDEO,silsantiagotrc,2026-03-17,VIDEO,79.9,7.99,1,1
laianenovaisss|2026-03-17|VIDEO,laianenovaisss,2026-03-17,VIDEO,79.9,7.99,1,1
re_ativah|2026-03-17|LINKSHARE,re_ativah,2026-03-17,LINKSHARE,79.9,7.99,1,1
amandaindicaoficialshop|2026-03-17|LIVE,amandaindicaoficialshop,2026-03-17,LIVE,72.19,7.22,1,1
itssthef|2026-03-17|VIDEO,itssthef,2026-03-17,VIDEO,72.19,7.22,1,1
adv.dayane|2026-03-18|LIVE,adv.dayane,2026-03-18,LIVE,1824.3,182.45,18,25
ericamcabeluda|2026-03-18|VIDEO,ericamcabeluda,2026-03-18,VIDEO,941.18,86.9,12,12
tacianecreator|2026-03-18|VIDEO,tacianecreator,2026-03-18,VIDEO,775.87,77.59,10,10
alinecavanellas|2026-03-18|VIDEO,alinecavanellas,2026-03-18,VIDEO,744.2,74.42,6,8
gabrielaf011|2026-03-18|LIVE,gabrielaf011,2026-03-18,LIVE,704.3,70.44,6,10
dpaula57|2026-03-18|LIVE,dpaula57,2026-03-18,LIVE,399.5,39.95,5,5
natmarquesvi|2026-03-18|LIVE,natmarquesvi,2026-03-18,LIVE,379.95,45.6,5,5
pattylazzarotto|2026-03-18|VIDEO,pattylazzarotto,2026-03-18,VIDEO,239.7,7.99,3,3
thainabeautyoficial|2026-03-18|VIDEO,thainabeautyoficial,2026-03-18,VIDEO,239.7,23.97,3,3
yasmin.aoliveira|2026-03-18|VIDEO,yasmin.aoliveira,2026-03-18,VIDEO,174.89,17.49,2,2
lidikpf6|2026-03-18|VIDEO,lidikpf6,2026-03-18,VIDEO,169.89,16.99,2,2
danijeans|2026-03-18|VIDEO,danijeans,2026-03-18,VIDEO,159.98,16.0,2,2
laianenovaisss|2026-03-18|VIDEO,laianenovaisss,2026-03-18,VIDEO,159.8,7.99,2,2
leticiatsec|2026-03-18|VIDEO,leticiatsec,2026-03-18,VIDEO,94.9,0.0,1,1
nati_sus|2026-03-18|VIDEO,nati_sus,2026-03-18,VIDEO,94.9,9.49,1,1
jannapavaotiktokshop|2026-03-18|SHOP,jannapavaotiktokshop,2026-03-18,SHOP,94.9,9.49,1,1
monicap.pereira|2026-03-18|VIDEO,monicap.pereira,2026-03-18,VIDEO,94.9,0.0,1,1
natmarquesvi|2026-03-18|VIDEO,natmarquesvi,2026-03-18,VIDEO,94.9,9.49,1,1
vivi_ttavares|2026-03-18|VIDEO,vivi_ttavares,2026-03-18,VIDEO,79.9,7.99,1,1
cintia.thies|2026-03-18|VIDEO,cintia.thies,2026-03-18,VIDEO,79.9,7.99,1,1
gabbizie|2026-03-18|VIDEO,gabbizie,2026-03-18,VIDEO,79.9,7.99,1,1
edja.shop|2026-03-18|LIVE,edja.shop,2026-03-18,LIVE,79.9,7.99,1,1
maritips_|2026-03-18|VIDEO,maritips_,2026-03-18,VIDEO,79.9,7.99,1,1
psi.mirellarodrigues|2026-03-18|LIVE,psi.mirellarodrigues,2026-03-18,LIVE,79.9,7.99,1,1
hitalasantiago|2026-03-18|VIDEO,hitalasantiago,2026-03-18,VIDEO,79.9,7.99,1,1
numarchi|2026-03-18|VIDEO,numarchi,2026-03-18,VIDEO,79.9,7.99,1,1
yoariadny|2026-03-18|VIDEO,yoariadny,2026-03-18,VIDEO,72.19,7.22,1,1
silsantiagotrc|2026-03-18|VIDEO,silsantiagotrc,2026-03-18,VIDEO,72.19,7.22,1,1
dicasdaaila2|2026-03-18|SHOP,dicasdaaila2,2026-03-18,SHOP,72.19,7.22,1,1
thainabeautyoficial|2026-03-19|VIDEO,thainabeautyoficial,2026-03-19,VIDEO,3122.97,96.57,39,39
pattylazzarotto|2026-03-19|VIDEO,pattylazzarotto,2026-03-19,VIDEO,2708.47,70.37,31,34
ericamcabeluda|2026-03-19|VIDEO,ericamcabeluda,2026-03-19,VIDEO,1750.09,71.14,22,22
numarchi|2026-03-19|VIDEO,numarchi,2026-03-19,VIDEO,1365.59,24.7,16,17
natmarquesvi|2026-03-19|LIVE,natmarquesvi,2026-03-19,LIVE,1201.94,142.65,17,17
.familiapimentel|2026-03-19|VIDEO,.familiapimentel,2026-03-19,VIDEO,789.09,0.0,10,10
alinecavanellas|2026-03-19|VIDEO,alinecavanellas,2026-03-19,VIDEO,759.2,28.47,8,8
leticiatsec|2026-03-19|VIDEO,leticiatsec,2026-03-19,VIDEO,744.2,9.49,8,8
davyllag|2026-03-19|LIVE,davyllag,2026-03-19,LIVE,559.92,56.0,7,8
dicasdathayoficial|2026-03-19|VIDEO,dicasdathayoficial,2026-03-19,VIDEO,479.4,15.98,6,6
laianenovaisss|2026-03-19|VIDEO,laianenovaisss,2026-03-19,VIDEO,421.79,24.7,5,5
natmarquesvi|2026-03-19|VIDEO,natmarquesvi,2026-03-19,VIDEO,414.5,38.36,5,5
nati_sus|2026-03-19|VIDEO,nati_sus,2026-03-19,VIDEO,379.6,28.47,4,4
thami.brambilla|2026-03-19|VIDEO,thami.brambilla,2026-03-19,VIDEO,356.89,7.22,4,4
bialuzzmodas|2026-03-19|VIDEO,bialuzzmodas,2026-03-19,VIDEO,319.6,15.98,4,4
tacianecreator|2026-03-19|VIDEO,tacianecreator,2026-03-19,VIDEO,239.7,23.97,3,3
lidikpf6|2026-03-19|VIDEO,lidikpf6,2026-03-19,VIDEO,239.7,23.97,3,3
drisantosbr|2026-03-19|VIDEO,drisantosbr,2026-03-19,VIDEO,239.7,0.0,3,3
maritips_|2026-03-19|VIDEO,maritips_,2026-03-19,VIDEO,224.28,14.44,3,3
yasmin.aoliveira|2026-03-19|VIDEO,yasmin.aoliveira,2026-03-19,VIDEO,189.8,9.49,2,2
matheuslimashop|2026-03-19|VIDEO,matheuslimashop,2026-03-19,VIDEO,159.8,0.0,1,2
gleysaaguiar|2026-03-19|VIDEO,gleysaaguiar,2026-03-19,VIDEO,159.8,0.0,2,2
dpaula57|2026-03-19|LIVE,dpaula57,2026-03-19,LIVE,152.09,15.21,2,2
robertakguilherme|2026-03-19|VIDEO,robertakguilherme,2026-03-19,VIDEO,94.9,0.0,1,1
diarioda_juu|2026-03-19|SHOP,diarioda_juu,2026-03-19,SHOP,79.9,7.99,1,1
priscyllaamenezes|2026-03-19|SHOP,priscyllaamenezes,2026-03-19,SHOP,79.9,7.99,1,1
psi.mirellarodrigues|2026-03-19|LIVE,psi.mirellarodrigues,2026-03-19,LIVE,79.9,7.99,1,1
cacauabraao|2026-03-19|VIDEO,cacauabraao,2026-03-19,VIDEO,79.9,7.99,1,1
eusoueliene|2026-03-19|VIDEO,eusoueliene,2026-03-19,VIDEO,79.9,7.99,1,1
a.nielly|2026-03-19|SHOP,a.nielly,2026-03-19,SHOP,79.9,7.99,1,1
anaflaviaaguiarr|2026-03-19|SHOP,anaflaviaaguiarr,2026-03-19,SHOP,79.9,7.99,1,1
elianemachado47|2026-03-19|SHOP,elianemachado47,2026-03-19,SHOP,79.9,7.99,1,1
hitalasantiago|2026-03-19|VIDEO,hitalasantiago,2026-03-19,VIDEO,79.9,0.0,1,1
gabbizie|2026-03-19|VIDEO,gabbizie,2026-03-19,VIDEO,79.9,7.99,1,1
daruana.aleixo.goncalves|2026-03-19|VIDEO,daruana.aleixo.goncalves,2026-03-19,VIDEO,72.19,7.22,1,1
nathimaldonadoo|2026-03-19|SHOP,nathimaldonadoo,2026-03-19,SHOP,72.19,7.22,1,1
laryoliveiira_|2026-03-19|LIVE,laryoliveiira_,2026-03-19,LIVE,69.99,7.0,1,1
adv.dayane|2026-03-19|LIVE,adv.dayane,2026-03-19,LIVE,69.99,7.0,1,1
adv.dayane|2026-03-20|LIVE,adv.dayane,2026-03-20,LIVE,4584.08,458.47,50,65
thainabeautyoficial|2026-03-20|VIDEO,thainabeautyoficial,2026-03-20,VIDEO,3385.38,130.8,37,42
pattylazzarotto|2026-03-20|VIDEO,pattylazzarotto,2026-03-20,VIDEO,2828.89,65.42,33,34
ericamcabeluda|2026-03-20|VIDEO,ericamcabeluda,2026-03-20,VIDEO,2430.64,171.93,31,31
natmarquesvi|2026-03-20|LIVE,natmarquesvi,2026-03-20,LIVE,1759.75,211.2,19,25
numarchi|2026-03-20|VIDEO,numarchi,2026-03-20,VIDEO,1190.79,47.17,15,15
laianenovaisss|2026-03-20|VIDEO,laianenovaisss,2026-03-20,VIDEO,1133.6,65.42,14,14
alinecavanellas|2026-03-20|VIDEO,alinecavanellas,2026-03-20,VIDEO,1113.7,84.4,13,13
leticiatsec|2026-03-20|VIDEO,leticiatsec,2026-03-20,VIDEO,854.1,37.96,9,9
natmarquesvi|2026-03-20|VIDEO,natmarquesvi,2026-03-20,VIDEO,718.68,86.25,9,9
dicasdathayoficial|2026-03-20|VIDEO,dicasdathayoficial,2026-03-20,VIDEO,479.4,7.99,6,6
nati_sus|2026-03-20|VIDEO,nati_sus,2026-03-20,VIDEO,474.5,18.98,5,5
.familiapimentel|2026-03-20|VIDEO,.familiapimentel,2026-03-20,VIDEO,399.5,0.0,5,5
psi.mirellarodrigues|2026-03-20|VIDEO,psi.mirellarodrigues,2026-03-20,VIDEO,399.5,23.97,5,5
bialuzzmodas|2026-03-20|VIDEO,bialuzzmodas,2026-03-20,VIDEO,319.6,15.98,3,4
hitalasantiago|2026-03-20|VIDEO,hitalasantiago,2026-03-20,VIDEO,319.6,23.97,3,4
yasmin.aoliveira|2026-03-20|VIDEO,yasmin.aoliveira,2026-03-20,VIDEO,284.7,0.0,3,3
jessicamesant|2026-03-20|VIDEO,jessicamesant,2026-03-20,VIDEO,269.97,0.0,3,3
lari.quaresma|2026-03-20|VIDEO,lari.quaresma,2026-03-20,VIDEO,239.7,0.0,2,3
tacianecreator|2026-03-20|VIDEO,tacianecreator,2026-03-20,VIDEO,239.7,23.97,3,3
maritips_|2026-03-20|VIDEO,maritips_,2026-03-20,VIDEO,239.7,23.97,2,3
lidikpf6|2026-03-20|VIDEO,lidikpf6,2026-03-20,VIDEO,239.7,23.97,3,3
mariaaugustareiss|2026-03-20|VIDEO,mariaaugustareiss,2026-03-20,VIDEO,239.7,15.98,3,3
gleysaaguiar|2026-03-20|VIDEO,gleysaaguiar,2026-03-20,VIDEO,231.99,7.99,3,3
robertakguilherme|2026-03-20|VIDEO,robertakguilherme,2026-03-20,VIDEO,189.8,9.49,2,2
nalucreator|2026-03-20|SHOP,nalucreator,2026-03-20,SHOP,159.8,15.98,2,2
gabbizie|2026-03-20|VIDEO,gabbizie,2026-03-20,VIDEO,159.8,15.98,2,2
matheuslimashop|2026-03-20|VIDEO,matheuslimashop,2026-03-20,VIDEO,159.8,0.0,2,2
_mareiis|2026-03-20|LIVE,_mareiis,2026-03-20,LIVE,149.8,14.98,2,2
ana.fernnandes|2026-03-20|VIDEO,ana.fernnandes,2026-03-20,VIDEO,94.9,9.49,1,1
monicap.pereira|2026-03-20|VIDEO,monicap.pereira,2026-03-20,VIDEO,94.9,0.0,1,1
glowup.mrd|2026-03-20|SHOP,glowup.mrd,2026-03-20,SHOP,94.9,9.49,1,1
adv.dayane|2026-03-20|VIDEO,adv.dayane,2026-03-20,VIDEO,89.99,9.0,1,1
yasmin.aoliveira|2026-03-20|LIVE,yasmin.aoliveira,2026-03-20,LIVE,79.9,7.99,1,1
carolxcreatorshop|2026-03-20|VIDEO,carolxcreatorshop,2026-03-20,VIDEO,79.9,7.99,1,1
cliqueeachadinhos16|2026-03-20|VIDEO,cliqueeachadinhos16,2026-03-20,VIDEO,79.9,7.99,1,1
tassiaagabriella|2026-03-20|LIVE,tassiaagabriella,2026-03-20,LIVE,79.9,7.99,1,1
danielle.soaressilva|2026-03-20|VIDEO,danielle.soaressilva,2026-03-20,VIDEO,79.9,7.99,1,1
amanda.raujo89|2026-03-20|VIDEO,amanda.raujo89,2026-03-20,VIDEO,79.9,7.99,1,1
cary_barbs|2026-03-20|SHOP,cary_barbs,2026-03-20,SHOP,79.9,7.99,1,1
beatrizbonilhalima|2026-03-20|SHOP,beatrizbonilhalima,2026-03-20,SHOP,79.9,7.99,1,1
nataliacruviinel|2026-03-20|SHOP,nataliacruviinel,2026-03-20,SHOP,79.9,7.99,1,1
revendeshop|2026-03-20|VIDEO,revendeshop,2026-03-20,VIDEO,79.9,7.99,1,1
dpaula57|2026-03-20|LIVE,dpaula57,2026-03-20,LIVE,79.9,7.99,1,1
tatianeandrade187|2026-03-20|LINKSHARE,tatianeandrade187,2026-03-20,LINKSHARE,79.9,7.99,1,1
barbaramirandashop|2026-03-20|VIDEO,barbaramirandashop,2026-03-20,VIDEO,79.9,7.99,1,1
mo.joanaa|2026-03-20|VIDEO,mo.joanaa,2026-03-20,VIDEO,79.9,7.99,1,1
amarishopcreator|2026-03-20|VIDEO,amarishopcreator,2026-03-20,VIDEO,79.9,7.99,1,1
jaquerothindica_|2026-03-20|VIDEO,jaquerothindica_,2026-03-20,VIDEO,72.19,7.22,1,1
thami.brambilla|2026-03-20|VIDEO,thami.brambilla,2026-03-20,VIDEO,72.19,7.22,1,1
davyllag|2026-03-20|LIVE,davyllag,2026-03-20,LIVE,69.99,7.0,1,1
laianenovaisss|2026-03-21|VIDEO,laianenovaisss,2026-03-21,VIDEO,3884.26,244.61,48,49
thainabeautyoficial|2026-03-21|VIDEO,thainabeautyoficial,2026-03-21,VIDEO,2905.98,89.35,35,36
pattylazzarotto|2026-03-21|VIDEO,pattylazzarotto,2026-03-21,VIDEO,2753.05,110.28,32,34
alinecavanellas|2026-03-21|VIDEO,alinecavanellas,2026-03-21,VIDEO,1979.99,160.04,23,23
ericamcabeluda|2026-03-21|VIDEO,ericamcabeluda,2026-03-21,VIDEO,1567.16,118.31,20,20
numarchi|2026-03-21|VIDEO,numarchi,2026-03-21,VIDEO,1342.97,94.35,17,17
natmarquesvi|2026-03-21|VIDEO,natmarquesvi,2026-03-21,VIDEO,1185.97,142.34,15,15
.familiapimentel|2026-03-21|VIDEO,.familiapimentel,2026-03-21,VIDEO,1030.99,7.99,12,13
lari.quaresma|2026-03-21|VIDEO,lari.quaresma,2026-03-21,VIDEO,791.29,55.16,10,10
_mareiis|2026-03-21|LIVE,_mareiis,2026-03-21,LIVE,788.99,78.9,11,11
psi.mirellarodrigues|2026-03-21|VIDEO,psi.mirellarodrigues,2026-03-21,VIDEO,783.58,78.36,10,10
leticiatsec|2026-03-21|VIDEO,leticiatsec,2026-03-21,VIDEO,759.2,28.47,7,8
dicasdathayoficial|2026-03-21|VIDEO,dicasdathayoficial,2026-03-21,VIDEO,719.1,7.99,8,9
lidikpf6|2026-03-21|VIDEO,lidikpf6,2026-03-21,VIDEO,639.2,63.92,8,8
compreia|2026-03-21|VIDEO,compreia,2026-03-21,VIDEO,639.2,63.92,7,8
jessicamesant|2026-03-21|VIDEO,jessicamesant,2026-03-21,VIDEO,549.49,45.95,6,6
bialuzzmodas|2026-03-21|VIDEO,bialuzzmodas,2026-03-21,VIDEO,399.5,7.99,5,5
nati_sus|2026-03-21|VIDEO,nati_sus,2026-03-21,VIDEO,379.6,18.98,4,4
adv.dayane|2026-03-21|LIVE,adv.dayane,2026-03-21,LIVE,329.68,32.97,4,5
natmarquesvi|2026-03-21|LIVE,natmarquesvi,2026-03-21,LIVE,309.96,37.2,4,4
thami.brambilla|2026-03-21|VIDEO,thami.brambilla,2026-03-21,VIDEO,269.7,17.48,3,3
thalyytaguedes|2026-03-21|VIDEO,thalyytaguedes,2026-03-21,VIDEO,239.7,23.97,2,3
gleysaaguiar|2026-03-21|VIDEO,gleysaaguiar,2026-03-21,VIDEO,239.7,0.0,3,3
mariaaugustareiss|2026-03-21|VIDEO,mariaaugustareiss,2026-03-21,VIDEO,239.7,15.98,3,3
arenatajardim|2026-03-21|VIDEO,arenatajardim,2026-03-21,VIDEO,231.99,23.2,3,3
maritips_|2026-03-21|VIDEO,maritips_,2026-03-21,VIDEO,231.99,23.2,3,3
eu.lidiannemartins|2026-03-21|VIDEO,eu.lidiannemartins,2026-03-21,VIDEO,189.8,9.49,2,2
yasmin.aoliveira|2026-03-21|VIDEO,yasmin.aoliveira,2026-03-21,VIDEO,189.8,9.49,2,2
francinefosss|2026-03-21|LIVE,francinefosss,2026-03-21,LIVE,159.8,15.98,2,2
tacianecreator|2026-03-21|VIDEO,tacianecreator,2026-03-21,VIDEO,159.8,15.98,2,2
revendeshop|2026-03-21|VIDEO,revendeshop,2026-03-21,VIDEO,159.8,15.98,2,2
hitalasantiago|2026-03-21|VIDEO,hitalasantiago,2026-03-21,VIDEO,159.8,15.98,1,2
danijeans|2026-03-21|LIVE,danijeans,2026-03-21,LIVE,94.9,9.49,1,1
adv.dayane|2026-03-21|VIDEO,adv.dayane,2026-03-21,VIDEO,89.99,0.0,1,1
louisecitou|2026-03-21|VIDEO,louisecitou,2026-03-21,VIDEO,79.9,7.99,1,1
silsantiagotrc|2026-03-21|VIDEO,silsantiagotrc,2026-03-21,VIDEO,79.9,7.99,1,1
dpaula57|2026-03-21|LIVE,dpaula57,2026-03-21,LIVE,79.9,7.99,1,1
casaltestoueaprovou|2026-03-21|SHOP,casaltestoueaprovou,2026-03-21,SHOP,79.9,7.99,1,1
estilo.de.milhoes|2026-03-21|VIDEO,estilo.de.milhoes,2026-03-21,VIDEO,79.9,7.99,1,1
elacatarina|2026-03-21|VIDEO,elacatarina,2026-03-21,VIDEO,79.9,7.99,1,1
comprinhas_da_ca|2026-03-21|LINKSHARE,comprinhas_da_ca,2026-03-21,LINKSHARE,79.9,7.99,1,1
jessicab.tiktokshop|2026-03-21|LIVE,jessicab.tiktokshop,2026-03-21,LIVE,79.9,7.99,1,1
natmarquesvi|2026-03-21|SHOP,natmarquesvi,2026-03-21,SHOP,72.19,8.66,1,1
natmarquesvi|2026-03-22|LIVE,natmarquesvi,2026-03-22,LIVE,15622.42,1872.26,205,222
adv.dayane|2026-03-22|LIVE,adv.dayane,2026-03-22,LIVE,4929.23,492.99,67,68
_mareiis|2026-03-22|LIVE,_mareiis,2026-03-22,LIVE,4085.11,408.52,53,57
psi.mirellarodrigues|2026-03-22|LIVE,psi.mirellarodrigues,2026-03-22,LIVE,1734.67,173.47,22,22
natmarquesvi|2026-03-22|VIDEO,natmarquesvi,2026-03-22,VIDEO,1733.83,206.17,21,22
laianenovaisss|2026-03-22|VIDEO,laianenovaisss,2026-03-22,VIDEO,1205.79,120.58,14,15
thainabeautyoficial|2026-03-22|VIDEO,thainabeautyoficial,2026-03-22,VIDEO,1167.66,77.59,15,15
ericamcabeluda|2026-03-22|VIDEO,ericamcabeluda,2026-03-22,VIDEO,1095.47,77.59,14,14
pattylazzarotto|2026-03-22|VIDEO,pattylazzarotto,2026-03-22,VIDEO,741.39,41.45,9,9
lidikpf6|2026-03-22|VIDEO,lidikpf6,2026-03-22,VIDEO,711.39,71.14,8,9
numarchi|2026-03-22|VIDEO,numarchi,2026-03-22,VIDEO,623.78,54.39,8,8
leticiatsec|2026-03-22|VIDEO,leticiatsec,2026-03-22,VIDEO,569.4,37.96,5,6
davyllag|2026-03-22|LIVE,davyllag,2026-03-22,LIVE,559.92,56.0,8,8
alinecavanellas|2026-03-22|VIDEO,alinecavanellas,2026-03-22,VIDEO,494.4,49.44,6,6
gabbizie|2026-03-22|VIDEO,gabbizie,2026-03-22,VIDEO,391.79,39.18,4,5
danijeans|2026-03-22|VIDEO,danijeans,2026-03-22,VIDEO,319.6,31.96,4,4
jessicamesant|2026-03-22|VIDEO,jessicamesant,2026-03-22,VIDEO,254.7,7.99,3,3
gleysaaguiar|2026-03-22|VIDEO,gleysaaguiar,2026-03-22,VIDEO,239.7,15.98,3,3
ninnyane|2026-03-22|LIVE,ninnyane,2026-03-22,LIVE,159.8,15.98,1,2
compreia|2026-03-22|VIDEO,compreia,2026-03-22,VIDEO,159.8,15.98,2,2
silsantiagotrc|2026-03-22|VIDEO,silsantiagotrc,2026-03-22,VIDEO,159.8,15.98,2,2
athaisfavero|2026-03-22|VIDEO,athaisfavero,2026-03-22,VIDEO,152.09,15.21,2,2
danijeans|2026-03-22|LIVE,danijeans,2026-03-22,LIVE,94.9,9.49,1,1
nanacasagrandi|2026-03-22|LIVE,nanacasagrandi,2026-03-22,LIVE,94.9,9.49,1,1
maricabraloliveiraa|2026-03-22|VIDEO,maricabraloliveiraa,2026-03-22,VIDEO,94.9,9.49,1,1
eu.lidiannemartins|2026-03-22|VIDEO,eu.lidiannemartins,2026-03-22,VIDEO,94.9,9.49,1,1
dpaula57|2026-03-22|LIVE,dpaula57,2026-03-22,LIVE,79.99,8.0,1,1
psi.mirellarodrigues|2026-03-22|VIDEO,psi.mirellarodrigues,2026-03-22,VIDEO,79.9,7.99,1,1
amandavirginioo|2026-03-22|SHOP,amandavirginioo,2026-03-22,SHOP,79.9,7.99,1,1
tacianecreator|2026-03-22|VIDEO,tacianecreator,2026-03-22,VIDEO,79.9,7.99,1,1
carinaba89|2026-03-22|SHOP,carinaba89,2026-03-22,SHOP,79.9,7.99,1,1
larisshopcreator|2026-03-22|VIDEO,larisshopcreator,2026-03-22,VIDEO,79.9,7.99,1,1
thauany.fog|2026-03-22|SHOP,thauany.fog,2026-03-22,SHOP,79.9,7.99,1,1
leticiasteinoficial|2026-03-22|VIDEO,leticiasteinoficial,2026-03-22,VIDEO,79.9,7.99,1,1
mariaaugustareiss|2026-03-22|VIDEO,mariaaugustareiss,2026-03-22,VIDEO,79.9,7.99,1,1
mi_facilita|2026-03-22|LINKSHARE,mi_facilita,2026-03-22,LINKSHARE,79.9,7.99,1,1
ana.fernnandes|2026-03-22|VIDEO,ana.fernnandes,2026-03-22,VIDEO,79.9,7.99,1,1
jessicap.braz|2026-03-22|VIDEO,jessicap.braz,2026-03-22,VIDEO,79.9,7.99,1,1
namatokanovic|2026-03-22|VIDEO,namatokanovic,2026-03-22,VIDEO,79.9,7.99,1,1
carolmoraes.shop|2026-03-22|VIDEO,carolmoraes.shop,2026-03-22,VIDEO,72.19,7.22,1,1
deisypawelski|2026-03-22|LIVE,deisypawelski,2026-03-22,LIVE,72.19,7.22,1,1
natmarquesvi|2026-03-23|LIVE,natmarquesvi,2026-03-23,LIVE,6383.74,764.56,89,90
laianenovaisss|2026-03-23|VIDEO,laianenovaisss,2026-03-23,VIDEO,3412.15,179.92,43,43
adv.dayane|2026-03-23|LIVE,adv.dayane,2026-03-23,LIVE,3369.45,336.99,44,46
thainabeautyoficial|2026-03-23|VIDEO,thainabeautyoficial,2026-03-23,VIDEO,3225.58,71.14,40,40
ericamcabeluda|2026-03-23|VIDEO,ericamcabeluda,2026-03-23,VIDEO,1670.19,103.1,21,21
alinecavanellas|2026-03-23|VIDEO,alinecavanellas,2026-03-23,VIDEO,1265.79,91.62,15,15
pattylazzarotto|2026-03-23|VIDEO,pattylazzarotto,2026-03-23,VIDEO,1018.8,25.47,12,12
natmarquesvi|2026-03-23|VIDEO,natmarquesvi,2026-03-23,VIDEO,870.77,102.6,10,11
numarchi|2026-03-23|VIDEO,numarchi,2026-03-23,VIDEO,863.48,55.16,11,11
.familiapimentel|2026-03-23|VIDEO,.familiapimentel,2026-03-23,VIDEO,559.3,7.99,7,7
jessicamesant|2026-03-23|VIDEO,jessicamesant,2026-03-23,VIDEO,494.4,0.0,6,6
maritips_|2026-03-23|VIDEO,maritips_,2026-03-23,VIDEO,471.69,47.17,6,6
lidikpf6|2026-03-23|VIDEO,lidikpf6,2026-03-23,VIDEO,399.5,31.96,5,5
leticiatsec|2026-03-23|VIDEO,leticiatsec,2026-03-23,VIDEO,344.69,7.99,4,4
gleysaaguiar|2026-03-23|VIDEO,gleysaaguiar,2026-03-23,VIDEO,319.6,23.97,4,4
bialuzzmodas|2026-03-23|VIDEO,bialuzzmodas,2026-03-23,VIDEO,319.6,15.98,4,4
ingridcreator|2026-03-23|LIVE,ingridcreator,2026-03-23,LIVE,319.6,31.96,2,4
_mareiis|2026-03-23|LIVE,_mareiis,2026-03-23,LIVE,279.6,27.96,4,4
someoneduda|2026-03-23|VIDEO,someoneduda,2026-03-23,VIDEO,239.7,0.0,3,3
jadycrosa|2026-03-23|LIVE,jadycrosa,2026-03-23,LIVE,231.99,23.2,3,3
bbrualvess|2026-03-23|VIDEO,bbrualvess,2026-03-23,VIDEO,159.8,15.98,2,2
silsantiagotrc|2026-03-23|VIDEO,silsantiagotrc,2026-03-23,VIDEO,159.8,15.98,2,2
dicasdathayoficial|2026-03-23|VIDEO,dicasdathayoficial,2026-03-23,VIDEO,159.8,7.99,2,2
yasmin.almeiida|2026-03-23|VIDEO,yasmin.almeiida,2026-03-23,VIDEO,159.8,15.98,2,2
danijeans|2026-03-23|VIDEO,danijeans,2026-03-23,VIDEO,159.8,15.98,2,2
estilo.de.milhoes|2026-03-23|SHOP,estilo.de.milhoes,2026-03-23,SHOP,159.8,15.98,2,2
psi.mirellarodrigues|2026-03-23|VIDEO,psi.mirellarodrigues,2026-03-23,VIDEO,159.8,0.0,2,2
mariaaugustareiss|2026-03-23|VIDEO,mariaaugustareiss,2026-03-23,VIDEO,152.09,15.21,2,2
ana.fernnandes|2026-03-23|VIDEO,ana.fernnandes,2026-03-23,VIDEO,94.9,9.49,1,1
yasmin.aoliveira|2026-03-23|VIDEO,yasmin.aoliveira,2026-03-23,VIDEO,94.9,0.0,1,1
nanacasagrandi|2026-03-23|VIDEO,nanacasagrandi,2026-03-23,VIDEO,84.9,0.0,1,1
flavia_leonel|2026-03-23|VIDEO,flavia_leonel,2026-03-23,VIDEO,79.99,8.0,1,1
_saraahh33|2026-03-23|VIDEO,_saraahh33,2026-03-23,VIDEO,79.9,0.0,1,1
casaltestoueaprovou|2026-03-23|SHOP,casaltestoueaprovou,2026-03-23,SHOP,79.9,7.99,1,1
jehfigueiredocreator|2026-03-23|VIDEO,jehfigueiredocreator,2026-03-23,VIDEO,79.9,7.99,1,1
namatokanovic|2026-03-23|VIDEO,namatokanovic,2026-03-23,VIDEO,79.9,7.99,1,1
lari.quaresma|2026-03-23|VIDEO,lari.quaresma,2026-03-23,VIDEO,79.9,7.99,1,1
yas.alice|2026-03-23|LINKSHARE,yas.alice,2026-03-23,LINKSHARE,79.9,7.99,1,1
edja.shop|2026-03-23|LIVE,edja.shop,2026-03-23,LIVE,79.9,7.99,1,1
matheuslimashop|2026-03-23|VIDEO,matheuslimashop,2026-03-23,VIDEO,79.9,0.0,1,1
jully.dayli|2026-03-23|VIDEO,jully.dayli,2026-03-23,VIDEO,79.9,7.99,1,1
camillamonteirooo|2026-03-23|SHOP,camillamonteirooo,2026-03-23,SHOP,79.9,7.99,1,1
compreia|2026-03-23|VIDEO,compreia,2026-03-23,VIDEO,79.9,7.99,1,1
gabychavess|2026-03-23|VIDEO,gabychavess,2026-03-23,VIDEO,79.9,7.99,1,1
rutholiver43|2026-03-23|LIVE,rutholiver43,2026-03-23,LIVE,79.9,7.99,1,1
deiaborgees|2026-03-23|VIDEO,deiaborgees,2026-03-23,VIDEO,79.9,7.99,1,1
estilo.anashop|2026-03-23|SHOP,estilo.anashop,2026-03-23,SHOP,79.9,7.99,1,1
francinefosss|2026-03-23|LIVE,francinefosss,2026-03-23,LIVE,79.9,7.99,1,1
estilo.de.milhoes|2026-03-23|VIDEO,estilo.de.milhoes,2026-03-23,VIDEO,79.9,7.99,1,1
laisalmeida531|2026-03-23|LIVE,laisalmeida531,2026-03-23,LIVE,79.9,7.99,1,1
hitalasantiago|2026-03-23|VIDEO,hitalasantiago,2026-03-23,VIDEO,72.19,7.22,1,1
abrunaindicaa|2026-03-23|VIDEO,abrunaindicaa,2026-03-23,VIDEO,72.19,7.22,1,1
thami.brambilla|2026-03-23|VIDEO,thami.brambilla,2026-03-23,VIDEO,72.19,7.22,1,1
miriam.carvalho6388|2026-03-23|SHOP,miriam.carvalho6388,2026-03-23,SHOP,72.19,7.22,1,1
psi.mirellarodrigues|2026-03-24|LIVE,psi.mirellarodrigues,2026-03-24,LIVE,11428.19,1128.98,160,163
laianenovaisss|2026-03-24|VIDEO,laianenovaisss,2026-03-24,VIDEO,2198.65,171.93,27,28
thainabeautyoficial|2026-03-24|VIDEO,thainabeautyoficial,2026-03-24,VIDEO,1262.98,47.17,16,16
ericamcabeluda|2026-03-24|VIDEO,ericamcabeluda,2026-03-24,VIDEO,1190.79,95.11,15,15
pattylazzarotto|2026-03-24|VIDEO,pattylazzarotto,2026-03-24,VIDEO,1148.6,31.96,9,14
numarchi|2026-03-24|VIDEO,numarchi,2026-03-24,VIDEO,879.17,71.94,10,11
gabbizie|2026-03-24|VIDEO,gabbizie,2026-03-24,VIDEO,756.75,48.68,9,9
alinecavanellas|2026-03-24|VIDEO,alinecavanellas,2026-03-24,VIDEO,756.39,59.66,9,9
natmarquesvi|2026-03-24|VIDEO,natmarquesvi,2026-03-24,VIDEO,734.1,86.21,8,9
moniqueeva25|2026-03-24|LIVE,moniqueeva25,2026-03-24,LIVE,695.97,69.6,8,9
adv.dayane|2026-03-24|LIVE,adv.dayane,2026-03-24,LIVE,492.13,49.22,6,7
yasmin.aoliveira|2026-03-24|VIDEO,yasmin.aoliveira,2026-03-24,VIDEO,379.6,9.49,3,4
.familiapimentel|2026-03-24|VIDEO,.familiapimentel,2026-03-24,VIDEO,311.89,15.21,3,4
leticiatsec|2026-03-24|VIDEO,leticiatsec,2026-03-24,VIDEO,284.7,0.0,3,3
someoneduda|2026-03-24|VIDEO,someoneduda,2026-03-24,VIDEO,239.7,23.97,3,3
lidikpf6|2026-03-24|VIDEO,lidikpf6,2026-03-24,VIDEO,239.7,15.98,3,3
arenatajardim|2026-03-24|VIDEO,arenatajardim,2026-03-24,VIDEO,231.99,23.2,3,3
jessicamesant|2026-03-24|VIDEO,jessicamesant,2026-03-24,VIDEO,189.8,18.98,1,2
natmarquesvi|2026-03-24|LIVE,natmarquesvi,2026-03-24,LIVE,164.8,18.08,2,2
silsantiagotrc|2026-03-24|VIDEO,silsantiagotrc,2026-03-24,VIDEO,159.8,15.98,2,2
taniaribeiro_creator|2026-03-24|LIVE,taniaribeiro_creator,2026-03-24,LIVE,159.8,15.98,2,2
dicasdathayoficial|2026-03-24|VIDEO,dicasdathayoficial,2026-03-24,VIDEO,159.8,7.99,2,2
bialuzzmodas|2026-03-24|VIDEO,bialuzzmodas,2026-03-24,VIDEO,159.8,15.98,2,2
marcelo.o.oliveira|2026-03-24|VIDEO,marcelo.o.oliveira,2026-03-24,VIDEO,144.38,14.44,1,2
ellen_maeatipica|2026-03-24|VIDEO,ellen_maeatipica,2026-03-24,VIDEO,94.9,9.49,1,1
monicap.pereira|2026-03-24|VIDEO,monicap.pereira,2026-03-24,VIDEO,94.9,0.0,1,1
laryoliveiira_|2026-03-24|LIVE,laryoliveiira_,2026-03-24,LIVE,89.99,9.0,1,1
adv.dayane|2026-03-24|VIDEO,adv.dayane,2026-03-24,VIDEO,89.9,0.0,1,1
tassiaagabriella|2026-03-24|LINKSHARE,tassiaagabriella,2026-03-24,LINKSHARE,79.9,7.99,1,1
indicadosdaedi|2026-03-24|VIDEO,indicadosdaedi,2026-03-24,VIDEO,79.9,7.99,1,1
tacianecreator|2026-03-24|VIDEO,tacianecreator,2026-03-24,VIDEO,79.9,7.99,1,1
francinefosss|2026-03-24|LIVE,francinefosss,2026-03-24,LIVE,79.9,7.99,1,1
lucianajanuarioo|2026-03-24|LIVE,lucianajanuarioo,2026-03-24,LIVE,79.9,7.99,1,1
amandasimoess0|2026-03-24|LIVE,amandasimoess0,2026-03-24,LIVE,79.9,7.99,1,1
larissapachecoindica|2026-03-24|VIDEO,larissapachecoindica,2026-03-24,VIDEO,79.9,7.99,1,1
psi.mirellarodrigues|2026-03-24|VIDEO,psi.mirellarodrigues,2026-03-24,VIDEO,79.9,7.99,1,1
annasilva_ac1|2026-03-24|LINKSHARE,annasilva_ac1,2026-03-24,LINKSHARE,79.9,7.99,1,1
gleysaaguiar|2026-03-24|VIDEO,gleysaaguiar,2026-03-24,VIDEO,79.9,0.0,1,1
drisantosbr|2026-03-24|VIDEO,drisantosbr,2026-03-24,VIDEO,79.9,7.99,1,1
hitalasantiago|2026-03-24|VIDEO,hitalasantiago,2026-03-24,VIDEO,79.9,0.0,1,1
namatokanovic|2026-03-24|VIDEO,namatokanovic,2026-03-24,VIDEO,79.9,7.99,1,1
neinhacourashop|2026-03-24|LIVE,neinhacourashop,2026-03-24,LIVE,79.9,7.99,1,1
revendeshop|2026-03-24|VIDEO,revendeshop,2026-03-24,VIDEO,79.9,7.99,1,1
maritips_|2026-03-24|VIDEO,maritips_,2026-03-24,VIDEO,72.19,7.22,1,1
mariaaugustareiss|2026-03-24|VIDEO,mariaaugustareiss,2026-03-24,VIDEO,72.19,7.22,1,1
psi.mirellarodrigues|2026-03-25|LIVE,psi.mirellarodrigues,2026-03-25,LIVE,11268.39,1127.0,156,161
natmarquesvi|2026-03-25|LIVE,natmarquesvi,2026-03-25,LIVE,2559.37,305.57,34,36
thainabeautyoficial|2026-03-25|VIDEO,thainabeautyoficial,2026-03-25,VIDEO,1677.68,118.33,18,19
ericamcabeluda|2026-03-25|VIDEO,ericamcabeluda,2026-03-25,VIDEO,1567.16,116.77,20,20
pattylazzarotto|2026-03-25|VIDEO,pattylazzarotto,2026-03-25,VIDEO,1380.59,41.45,15,17
laianenovaisss|2026-03-25|VIDEO,laianenovaisss,2026-03-25,VIDEO,1317.55,85.36,16,17
escuta.amiga|2026-03-25|LIVE,escuta.amiga,2026-03-25,LIVE,1262.98,126.3,13,16
tacianecreator|2026-03-25|VIDEO,tacianecreator,2026-03-25,VIDEO,848.06,14.44,11,11
numarchi|2026-03-25|VIDEO,numarchi,2026-03-25,VIDEO,711.57,55.18,8,9
.familiapimentel|2026-03-25|VIDEO,.familiapimentel,2026-03-25,VIDEO,549.39,14.99,6,7
leticiatsec|2026-03-25|VIDEO,leticiatsec,2026-03-25,VIDEO,474.5,28.47,5,5
alinecavanellas|2026-03-25|VIDEO,alinecavanellas,2026-03-25,VIDEO,421.79,24.7,5,5
natmarquesvi|2026-03-25|VIDEO,natmarquesvi,2026-03-25,VIDEO,326.89,39.23,4,4
gabbizie|2026-03-25|VIDEO,gabbizie,2026-03-25,VIDEO,319.69,31.97,4,4
gleysaaguiar|2026-03-25|VIDEO,gleysaaguiar,2026-03-25,VIDEO,319.6,0.0,4,4
nati_sus|2026-03-25|VIDEO,nati_sus,2026-03-25,VIDEO,284.7,18.98,3,3
thami.brambilla|2026-03-25|VIDEO,thami.brambilla,2026-03-25,VIDEO,284.7,28.47,1,3
adv.dayane|2026-03-25|VIDEO,adv.dayane,2026-03-25,VIDEO,274.88,18.49,2,3
arenatajardim|2026-03-25|VIDEO,arenatajardim,2026-03-25,VIDEO,239.7,23.97,2,3
adv.dayane|2026-03-25|LIVE,adv.dayane,2026-03-25,LIVE,222.08,22.21,3,3
monicap.pereira|2026-03-25|VIDEO,monicap.pereira,2026-03-25,VIDEO,189.8,0.0,2,2
lidikpf6|2026-03-25|VIDEO,lidikpf6,2026-03-25,VIDEO,159.8,15.98,2,2
francruz.26|2026-03-25|VIDEO,francruz.26,2026-03-25,VIDEO,159.8,15.98,2,2
maritips_|2026-03-25|VIDEO,maritips_,2026-03-25,VIDEO,159.8,15.98,2,2
namatokanovic|2026-03-25|VIDEO,namatokanovic,2026-03-25,VIDEO,159.8,15.98,2,2
_mareiis|2026-03-25|LIVE,_mareiis,2026-03-25,LIVE,159.8,15.98,1,2
robertakguilherme|2026-03-25|VIDEO,robertakguilherme,2026-03-25,VIDEO,94.9,0.0,1,1
brenda.luiza5|2026-03-25|VIDEO,brenda.luiza5,2026-03-25,VIDEO,94.9,9.49,1,1
jessicamesant|2026-03-25|VIDEO,jessicamesant,2026-03-25,VIDEO,89.99,0.0,1,1
psi.mirellarodrigues|2026-03-25|VIDEO,psi.mirellarodrigues,2026-03-25,VIDEO,79.9,0.0,1,1
dicasdathayoficial|2026-03-25|VIDEO,dicasdathayoficial,2026-03-25,VIDEO,79.9,0.0,1,1
estilo.de.milhoes|2026-03-25|VIDEO,estilo.de.milhoes,2026-03-25,VIDEO,79.9,7.99,1,1
mariaaugustareiss|2026-03-25|VIDEO,mariaaugustareiss,2026-03-25,VIDEO,79.9,7.99,1,1
someoneduda|2026-03-25|VIDEO,someoneduda,2026-03-25,VIDEO,79.9,7.99,1,1
escuta.amiga|2026-03-25|VIDEO,escuta.amiga,2026-03-25,VIDEO,79.9,7.99,1,1
larisshopcreator|2026-03-25|VIDEO,larisshopcreator,2026-03-25,VIDEO,79.9,7.99,1,1
silsantiagotrc|2026-03-25|VIDEO,silsantiagotrc,2026-03-25,VIDEO,79.9,7.99,1,1
hitalasantiago|2026-03-25|VIDEO,hitalasantiago,2026-03-25,VIDEO,79.9,0.0,1,1
elacatarina|2026-03-25|VIDEO,elacatarina,2026-03-25,VIDEO,79.9,7.99,1,1
bialuzzmodas|2026-03-25|VIDEO,bialuzzmodas,2026-03-25,VIDEO,79.9,0.0,1,1
achadinhosdal60|2026-03-25|LIVE,achadinhosdal60,2026-03-25,LIVE,79.9,7.99,1,1
tassiaagabriella|2026-03-25|LIVE,tassiaagabriella,2026-03-25,LIVE,79.9,7.99,1,1
janabettio|2026-03-25|VIDEO,janabettio,2026-03-25,VIDEO,79.9,7.99,1,1
camilasalis1|2026-03-25|VIDEO,camilasalis1,2026-03-25,VIDEO,79.9,7.99,1,1
juginezcreatorshop|2026-03-25|VIDEO,juginezcreatorshop,2026-03-25,VIDEO,79.9,7.99,1,1
elainecoquemala|2026-03-25|LIVE,elainecoquemala,2026-03-25,LIVE,79.9,7.99,1,1
drisantosbr|2026-03-25|VIDEO,drisantosbr,2026-03-25,VIDEO,79.9,7.99,1,1
angelacpgomes_|2026-03-25|VIDEO,angelacpgomes_,2026-03-25,VIDEO,79.9,7.99,1,1
mariabohrer|2026-03-25|LINKSHARE,mariabohrer,2026-03-25,LINKSHARE,69.99,7.0,1,1
psi.mirellarodrigues|2026-03-26|LIVE,psi.mirellarodrigues,2026-03-26,LIVE,5923.89,592.47,81,84
adv.dayane|2026-03-26|LIVE,adv.dayane,2026-03-26,LIVE,2394.4,239.47,28,33
thainabeautyoficial|2026-03-26|VIDEO,thainabeautyoficial,2026-03-26,VIDEO,1917.28,71.15,23,23
ericamcabeluda|2026-03-26|VIDEO,ericamcabeluda,2026-03-26,VIDEO,1342.88,78.36,16,17
pattylazzarotto|2026-03-26|VIDEO,pattylazzarotto,2026-03-26,VIDEO,1295.79,39.18,15,15
laianenovaisss|2026-03-26|VIDEO,laianenovaisss,2026-03-26,VIDEO,1293.4,49.44,16,16
tacianecreator|2026-03-26|VIDEO,tacianecreator,2026-03-26,VIDEO,1205.79,40.68,14,15
alinecavanellas|2026-03-26|VIDEO,alinecavanellas,2026-03-26,VIDEO,889.0,34.96,10,10
numarchi|2026-03-26|VIDEO,numarchi,2026-03-26,VIDEO,536.17,30.42,7,7
leticiatsec|2026-03-26|VIDEO,leticiatsec,2026-03-26,VIDEO,459.5,26.97,5,5
gabbizie|2026-03-26|VIDEO,gabbizie,2026-03-26,VIDEO,414.5,41.45,5,5
nati_sus|2026-03-26|VIDEO,nati_sus,2026-03-26,VIDEO,284.7,18.98,3,3
_mareiis|2026-03-26|LIVE,_mareiis,2026-03-26,LIVE,239.79,23.98,2,3
nataliacruviinel|2026-03-26|LIVE,nataliacruviinel,2026-03-26,LIVE,239.7,23.97,3,3
silsantiagotrc|2026-03-26|VIDEO,silsantiagotrc,2026-03-26,VIDEO,239.7,23.97,2,3
natmarquesvi|2026-03-26|VIDEO,natmarquesvi,2026-03-26,VIDEO,239.7,28.77,2,3
laryoliveiira_|2026-03-26|LIVE,laryoliveiira_,2026-03-26,LIVE,229.97,23.0,3,3
natmarquesvi|2026-03-26|LIVE,natmarquesvi,2026-03-26,LIVE,219.97,26.4,3,3
thami.brambilla|2026-03-26|VIDEO,thami.brambilla,2026-03-26,VIDEO,174.8,17.48,2,2
dicasdathayoficial|2026-03-26|VIDEO,dicasdathayoficial,2026-03-26,VIDEO,159.8,7.99,2,2
.familiapimentel|2026-03-26|VIDEO,.familiapimentel,2026-03-26,VIDEO,159.8,0.0,2,2
escuta.amiga|2026-03-26|LIVE,escuta.amiga,2026-03-26,LIVE,159.8,15.98,2,2
jully.dayli|2026-03-26|VIDEO,jully.dayli,2026-03-26,VIDEO,152.09,15.21,2,2
flavinha.brand|2026-03-26|VIDEO,flavinha.brand,2026-03-26,VIDEO,94.9,0.0,1,1
yasmin.aoliveira|2026-03-26|VIDEO,yasmin.aoliveira,2026-03-26,VIDEO,94.9,0.0,1,1
nanacasagrandi|2026-03-26|LIVE,nanacasagrandi,2026-03-26,LIVE,94.9,9.49,1,1
ana.fernnandes|2026-03-26|VIDEO,ana.fernnandes,2026-03-26,VIDEO,94.9,0.0,1,1
adnycastelo|2026-03-26|LIVE,adnycastelo,2026-03-26,LIVE,94.9,9.49,1,1
monicap.pereira|2026-03-26|VIDEO,monicap.pereira,2026-03-26,VIDEO,94.9,0.0,1,1
robertakguilherme|2026-03-26|VIDEO,robertakguilherme,2026-03-26,VIDEO,94.9,0.0,1,1
escuta.amiga|2026-03-26|VIDEO,escuta.amiga,2026-03-26,VIDEO,79.9,7.99,1,1
arenatajardim|2026-03-26|VIDEO,arenatajardim,2026-03-26,VIDEO,79.9,7.99,1,1
larisshopcreator|2026-03-26|VIDEO,larisshopcreator,2026-03-26,VIDEO,79.9,7.99,1,1
mariaaugustareiss|2026-03-26|VIDEO,mariaaugustareiss,2026-03-26,VIDEO,79.9,7.99,1,1
jenifferpassos25|2026-03-26|LIVE,jenifferpassos25,2026-03-26,LIVE,79.9,7.99,1,1
namatokanovic|2026-03-26|VIDEO,namatokanovic,2026-03-26,VIDEO,79.9,7.99,1,1
keicylopess|2026-03-26|LINKSHARE,keicylopess,2026-03-26,LINKSHARE,79.9,7.99,1,1
hitalasantiago|2026-03-26|VIDEO,hitalasantiago,2026-03-26,VIDEO,79.9,0.0,1,1
jessicap.braz|2026-03-26|VIDEO,jessicap.braz,2026-03-26,VIDEO,79.9,0.0,1,1
estilo.de.milhoes|2026-03-26|VIDEO,estilo.de.milhoes,2026-03-26,VIDEO,79.9,7.99,1,1
dicasdalane.silva|2026-03-26|SHOP,dicasdalane.silva,2026-03-26,SHOP,72.19,7.22,1,1
biaversaodaily|2026-03-26|VIDEO,biaversaodaily,2026-03-26,VIDEO,72.19,0.0,1,1
maritips_|2026-03-26|VIDEO,maritips_,2026-03-26,VIDEO,72.19,7.22,1,1
dicasporalinelucas|2026-03-26|LINKSHARE,dicasporalinelucas,2026-03-26,LINKSHARE,72.19,3.61,1,1
compreia|2026-03-26|VIDEO,compreia,2026-03-26,VIDEO,72.19,7.22,1,1
talissaaloreto|2026-03-26|LIVE,talissaaloreto,2026-03-26,LIVE,69.99,7.0,1,1
danijeans|2026-03-26|LIVE,danijeans,2026-03-26,LIVE,69.99,7.0,1,1
psi.mirellarodrigues|2026-03-27|LIVE,psi.mirellarodrigues,2026-03-27,LIVE,13308.01,1302.99,176,190
tacianecreator|2026-03-27|VIDEO,tacianecreator,2026-03-27,VIDEO,2107.4,66.92,25,26
ericamcabeluda|2026-03-27|VIDEO,ericamcabeluda,2026-03-27,VIDEO,1327.46,108.78,17,17
laianenovaisss|2026-03-27|VIDEO,laianenovaisss,2026-03-27,VIDEO,1270.69,71.14,16,16
thainabeautyoficial|2026-03-27|VIDEO,thainabeautyoficial,2026-03-27,VIDEO,1135.98,73.65,14,14
alinecavanellas|2026-03-27|VIDEO,alinecavanellas,2026-03-27,VIDEO,1063.8,61.93,11,12
numarchi|2026-03-27|VIDEO,numarchi,2026-03-27,VIDEO,1031.08,55.94,13,13
pattylazzarotto|2026-03-27|VIDEO,pattylazzarotto,2026-03-27,VIDEO,916.19,24.7,11,11
adv.dayane|2026-03-27|LIVE,adv.dayane,2026-03-27,LIVE,794.36,79.44,9,10
.familiapimentel|2026-03-27|VIDEO,.familiapimentel,2026-03-27,VIDEO,639.2,7.99,8,8
leticiatsec|2026-03-27|VIDEO,leticiatsec,2026-03-27,VIDEO,549.49,35.97,6,6
escuta.amiga|2026-03-27|LIVE,escuta.amiga,2026-03-27,LIVE,391.79,39.18,5,5
hitalasantiago|2026-03-27|VIDEO,hitalasantiago,2026-03-27,VIDEO,384.08,7.99,4,5
lidikpf6|2026-03-27|VIDEO,lidikpf6,2026-03-27,VIDEO,329.69,15.98,4,4
natmarquesvi|2026-03-27|VIDEO,natmarquesvi,2026-03-27,VIDEO,326.89,29.64,4,4
danijeans|2026-03-27|LIVE,danijeans,2026-03-27,LIVE,254.7,25.47,3,3
maritips_|2026-03-27|VIDEO,maritips_,2026-03-27,VIDEO,239.7,23.97,3,3
yasmin.aoliveira|2026-03-27|VIDEO,yasmin.aoliveira,2026-03-27,VIDEO,189.8,9.49,2,2
robertakguilherme|2026-03-27|VIDEO,robertakguilherme,2026-03-27,VIDEO,174.89,17.49,2,2
luanamagnacardoso|2026-03-27|LIVE,luanamagnacardoso,2026-03-27,LIVE,169.98,17.0,2,2
gabbizie|2026-03-27|VIDEO,gabbizie,2026-03-27,VIDEO,159.8,15.98,2,2
nataliacruviinel|2026-03-27|LIVE,nataliacruviinel,2026-03-27,LIVE,159.8,15.98,2,2
larisshopcreator|2026-03-27|VIDEO,larisshopcreator,2026-03-27,VIDEO,159.8,15.98,2,2
adnycastelo|2026-03-27|LINKSHARE,adnycastelo,2026-03-27,LINKSHARE,94.9,9.49,1,1
michellettkshop|2026-03-27|LIVE,michellettkshop,2026-03-27,LIVE,94.9,9.49,1,1
ingridcaldeira01|2026-03-27|SHOP,ingridcaldeira01,2026-03-27,SHOP,94.9,9.49,1,1
bygabivianna|2026-03-27|SHOP,bygabivianna,2026-03-27,SHOP,94.9,9.49,1,1
monicap.pereira|2026-03-27|VIDEO,monicap.pereira,2026-03-27,VIDEO,94.9,0.0,1,1
adv.dayane|2026-03-27|VIDEO,adv.dayane,2026-03-27,VIDEO,89.99,0.0,1,1
amandalimashop|2026-03-27|LINKSHARE,amandalimashop,2026-03-27,LINKSHARE,79.9,7.99,1,1
escuta.amiga|2026-03-27|VIDEO,escuta.amiga,2026-03-27,VIDEO,79.9,7.99,1,1
euvivianeborges|2026-03-27|VIDEO,euvivianeborges,2026-03-27,VIDEO,79.9,7.99,1,1
jessicamesant|2026-03-27|VIDEO,jessicamesant,2026-03-27,VIDEO,79.9,0.0,1,1
michellerocha.n|2026-03-27|VIDEO,michellerocha.n,2026-03-27,VIDEO,79.9,7.99,1,1
brunasilvestre94|2026-03-27|SHOP,brunasilvestre94,2026-03-27,SHOP,79.9,7.99,1,1
someoneduda|2026-03-27|VIDEO,someoneduda,2026-03-27,VIDEO,79.9,7.99,1,1
silsantiagotrc|2026-03-27|VIDEO,silsantiagotrc,2026-03-27,VIDEO,79.9,7.99,1,1
francruz.26|2026-03-27|VIDEO,francruz.26,2026-03-27,VIDEO,79.9,7.99,1,1
compreia|2026-03-27|VIDEO,compreia,2026-03-27,VIDEO,79.9,7.99,1,1
bialuzzmodas|2026-03-27|VIDEO,bialuzzmodas,2026-03-27,VIDEO,79.9,0.0,1,1
gleysaaguiar|2026-03-27|VIDEO,gleysaaguiar,2026-03-27,VIDEO,79.9,0.0,1,1
lari.quaresma|2026-03-27|VIDEO,lari.quaresma,2026-03-27,VIDEO,79.9,7.99,1,1
giovannamarcelino_|2026-03-27|VIDEO,giovannamarcelino_,2026-03-27,VIDEO,79.9,7.99,1,1
francinefosss|2026-03-27|LIVE,francinefosss,2026-03-27,LIVE,79.9,7.99,1,1
tassiaagabriella|2026-03-27|LIVE,tassiaagabriella,2026-03-27,LIVE,79.9,7.99,1,1
maninhaqueiroz379|2026-03-27|LIVE,maninhaqueiroz379,2026-03-27,LIVE,79.9,7.99,1,1
mariaeduardakguilherme|2026-03-27|VIDEO,mariaeduardakguilherme,2026-03-27,VIDEO,79.9,7.99,1,1
barbaramirandashop|2026-03-27|VIDEO,barbaramirandashop,2026-03-27,VIDEO,72.19,7.22,1,1
thalyytaguedes|2026-03-27|VIDEO,thalyytaguedes,2026-03-27,VIDEO,72.19,7.22,1,1
mariaaugustareiss|2026-03-27|VIDEO,mariaaugustareiss,2026-03-27,VIDEO,72.19,7.22,1,1
laryoliveiira_|2026-03-27|LIVE,laryoliveiira_,2026-03-27,LIVE,69.99,7.0,1,1
natmarquesvi|2026-03-27|LIVE,natmarquesvi,2026-03-27,LIVE,69.99,8.4,1,1
gabrielaf011|2026-03-27|LIVE,gabrielaf011,2026-03-27,LIVE,69.99,7.0,1,1
psi.mirellarodrigues|2026-03-28|LIVE,psi.mirellarodrigues,2026-03-28,LIVE,8758.4,875.96,116,124
adv.dayane|2026-03-28|LIVE,adv.dayane,2026-03-28,LIVE,2319.5,231.98,29,32
natmarquesvi|2026-03-28|LIVE,natmarquesvi,2026-03-28,LIVE,2119.61,254.39,25,30
tacianecreator|2026-03-28|VIDEO,tacianecreator,2026-03-28,VIDEO,2106.98,64.65,25,26
thainabeautyoficial|2026-03-28|VIDEO,thainabeautyoficial,2026-03-28,VIDEO,1533.1,49.44,19,19
ericamcabeluda|2026-03-28|VIDEO,ericamcabeluda,2026-03-28,VIDEO,1422.78,126.3,18,18
pattylazzarotto|2026-03-28|VIDEO,pattylazzarotto,2026-03-28,VIDEO,1338.5,108.38,14,15
alinecavanellas|2026-03-28|VIDEO,alinecavanellas,2026-03-28,VIDEO,968.9,49.44,11,11
.familiapimentel|2026-03-28|VIDEO,.familiapimentel,2026-03-28,VIDEO,799.0,0.0,10,10
laianenovaisss|2026-03-28|VIDEO,laianenovaisss,2026-03-28,VIDEO,734.1,39.95,9,9
jessicamesant|2026-03-28|VIDEO,jessicamesant,2026-03-28,VIDEO,519.76,24.98,6,6
natmarquesvi|2026-03-28|VIDEO,natmarquesvi,2026-03-28,VIDEO,471.69,56.61,6,6
nati_sus|2026-03-28|VIDEO,nati_sus,2026-03-28,VIDEO,379.6,9.49,4,4
monicap.pereira|2026-03-28|VIDEO,monicap.pereira,2026-03-28,VIDEO,364.6,7.99,4,4
numarchi|2026-03-28|VIDEO,numarchi,2026-03-28,VIDEO,304.18,22.43,4,4
leticiatsec|2026-03-28|VIDEO,leticiatsec,2026-03-28,VIDEO,284.7,0.0,3,3
lidikpf6|2026-03-28|VIDEO,lidikpf6,2026-03-28,VIDEO,269.97,9.0,3,3
thami.brambilla|2026-03-28|VIDEO,thami.brambilla,2026-03-28,VIDEO,254.7,25.47,3,3
taniaribeiro_creator|2026-03-28|VIDEO,taniaribeiro_creator,2026-03-28,VIDEO,239.7,23.97,3,3
dicasdathayoficial|2026-03-28|VIDEO,dicasdathayoficial,2026-03-28,VIDEO,239.7,0.0,3,3
someoneduda|2026-03-28|VIDEO,someoneduda,2026-03-28,VIDEO,239.7,15.98,3,3
bialuzzmodas|2026-03-28|VIDEO,bialuzzmodas,2026-03-28,VIDEO,231.99,23.2,3,3
hitalasantiago|2026-03-28|VIDEO,hitalasantiago,2026-03-28,VIDEO,231.99,0.0,3,3
arenatajardim|2026-03-28|VIDEO,arenatajardim,2026-03-28,VIDEO,159.8,15.98,2,2
brunasilvaindica|2026-03-28|LIVE,brunasilvaindica,2026-03-28,LIVE,152.09,15.21,2,2
_mareiis|2026-03-28|VIDEO,_mareiis,2026-03-28,VIDEO,94.9,9.49,1,1
ana.fernnandes|2026-03-28|VIDEO,ana.fernnandes,2026-03-28,VIDEO,94.9,0.0,1,1
_mareiis|2026-03-28|LIVE,_mareiis,2026-03-28,LIVE,94.9,9.49,1,1
tacirecomenda|2026-03-28|VIDEO,tacirecomenda,2026-03-28,VIDEO,89.99,9.0,1,1
adv.dayane|2026-03-28|VIDEO,adv.dayane,2026-03-28,VIDEO,89.99,9.0,1,1
jhennythh|2026-03-28|VIDEO,jhennythh,2026-03-28,VIDEO,89.99,9.0,1,1
gitiktokshop|2026-03-28|LINKSHARE,gitiktokshop,2026-03-28,LINKSHARE,79.9,7.99,1,1
francinefosss|2026-03-28|LIVE,francinefosss,2026-03-28,LIVE,79.9,7.99,1,1
ingridcreator|2026-03-28|LIVE,ingridcreator,2026-03-28,LIVE,79.9,7.99,1,1
mariaaugustareiss|2026-03-28|VIDEO,mariaaugustareiss,2026-03-28,VIDEO,79.9,7.99,1,1
lari.quaresma|2026-03-28|VIDEO,lari.quaresma,2026-03-28,VIDEO,79.9,7.99,1,1
gleysaaguiar|2026-03-28|VIDEO,gleysaaguiar,2026-03-28,VIDEO,79.9,7.99,1,1
larissapachecoindica|2026-03-28|VIDEO,larissapachecoindica,2026-03-28,VIDEO,79.9,7.99,1,1
cintia.thies|2026-03-28|VIDEO,cintia.thies,2026-03-28,VIDEO,79.9,7.99,1,1
silsantiagotrc|2026-03-28|VIDEO,silsantiagotrc,2026-03-28,VIDEO,79.9,7.99,1,1
compreia|2026-03-28|VIDEO,compreia,2026-03-28,VIDEO,79.9,7.99,1,1
maciel.bre|2026-03-28|SHOP,maciel.bre,2026-03-28,SHOP,79.9,7.99,1,1
danijeans|2026-03-28|LIVE,danijeans,2026-03-28,LIVE,79.9,7.99,1,1
psi.mirellarodrigues|2026-03-29|LIVE,psi.mirellarodrigues,2026-03-29,LIVE,21816.37,2139.94,271,309
natmarquesvi|2026-03-29|LIVE,natmarquesvi,2026-03-29,LIVE,7053.55,843.65,96,100
brunasilvaindica|2026-03-29|LIVE,brunasilvaindica,2026-03-29,LIVE,5400.76,540.09,67,69
tacianecreator|2026-03-29|VIDEO,tacianecreator,2026-03-29,VIDEO,3288.88,119.81,33,42
adv.dayane|2026-03-29|LIVE,adv.dayane,2026-03-29,LIVE,3028.6,302.89,36,41
thainabeautyoficial|2026-03-29|VIDEO,thainabeautyoficial,2026-03-29,VIDEO,2129.77,87.89,26,27
laianenovaisss|2026-03-29|VIDEO,laianenovaisss,2026-03-29,VIDEO,1917.6,135.83,23,24
natmarquesvi|2026-03-29|VIDEO,natmarquesvi,2026-03-29,VIDEO,1468.2,164.83,17,18
ericamcabeluda|2026-03-29|VIDEO,ericamcabeluda,2026-03-29,VIDEO,1430.49,135.06,18,18
pattylazzarotto|2026-03-29|VIDEO,pattylazzarotto,2026-03-29,VIDEO,1190.79,71.91,15,15
alinecavanellas|2026-03-29|VIDEO,alinecavanellas,2026-03-29,VIDEO,1023.89,33.46,11,12
francruz.26|2026-03-29|VIDEO,francruz.26,2026-03-29,VIDEO,971.27,97.13,12,12
numarchi|2026-03-29|VIDEO,numarchi,2026-03-29,VIDEO,711.48,47.18,8,9
jessicamesant|2026-03-29|VIDEO,jessicamesant,2026-03-29,VIDEO,694.65,42.47,8,8
silsantiagotrc|2026-03-29|VIDEO,silsantiagotrc,2026-03-29,VIDEO,639.2,63.92,8,8
.familiapimentel|2026-03-29|VIDEO,.familiapimentel,2026-03-29,VIDEO,639.2,7.99,8,8
_mareiis|2026-03-29|LIVE,_mareiis,2026-03-29,LIVE,559.92,56.0,8,8
lari.quaresma|2026-03-29|VIDEO,lari.quaresma,2026-03-29,VIDEO,559.3,55.93,7,7
yoariadny|2026-03-29|LIVE,yoariadny,2026-03-29,LIVE,551.59,55.16,7,7
gleysaaguiar|2026-03-29|VIDEO,gleysaaguiar,2026-03-29,VIDEO,391.79,7.99,4,5
hitalasantiago|2026-03-29|VIDEO,hitalasantiago,2026-03-29,VIDEO,319.6,31.96,3,4
thai.vitrine|2026-03-29|LIVE,thai.vitrine,2026-03-29,LIVE,319.6,31.96,3,4
nati_sus|2026-03-29|VIDEO,nati_sus,2026-03-29,VIDEO,284.7,18.98,3,3
leticiatsec|2026-03-29|VIDEO,leticiatsec,2026-03-29,VIDEO,284.7,9.49,3,3
someoneduda|2026-03-29|VIDEO,someoneduda,2026-03-29,VIDEO,239.7,15.98,3,3
gabbizie|2026-03-29|VIDEO,gabbizie,2026-03-29,VIDEO,239.7,23.97,3,3
psi.mirellarodrigues|2026-03-29|VIDEO,psi.mirellarodrigues,2026-03-29,VIDEO,239.7,7.99,2,3
thami.brambilla|2026-03-29|VIDEO,thami.brambilla,2026-03-29,VIDEO,231.99,23.2,3,3
davyllag|2026-03-29|LIVE,davyllag,2026-03-29,LIVE,209.97,21.0,3,3
robertakguilherme|2026-03-29|VIDEO,robertakguilherme,2026-03-29,VIDEO,189.8,0.0,2,2
yasmin.aoliveira|2026-03-29|VIDEO,yasmin.aoliveira,2026-03-29,VIDEO,189.8,0.0,2,2
familialiu|2026-03-29|VIDEO,familialiu,2026-03-29,VIDEO,159.8,7.99,2,2
mariaaugustareiss|2026-03-29|VIDEO,mariaaugustareiss,2026-03-29,VIDEO,159.8,15.98,2,2
_veridiana.ferreira|2026-03-29|LIVE,_veridiana.ferreira,2026-03-29,LIVE,159.8,15.98,2,2
lidikpf6|2026-03-29|VIDEO,lidikpf6,2026-03-29,VIDEO,159.8,15.98,2,2
bialuzzmodas|2026-03-29|VIDEO,bialuzzmodas,2026-03-29,VIDEO,159.8,7.99,2,2
angelacpgomes_|2026-03-29|VIDEO,angelacpgomes_,2026-03-29,VIDEO,159.8,7.99,2,2
taniaribeiro_creator|2026-03-29|VIDEO,taniaribeiro_creator,2026-03-29,VIDEO,152.09,15.21,2,2
re.cerqueira|2026-03-29|SHOP,re.cerqueira,2026-03-29,SHOP,144.38,14.44,1,2
eu.lidiannemartins|2026-03-29|VIDEO,eu.lidiannemartins,2026-03-29,VIDEO,94.9,9.49,1,1
ingridcaldeira01|2026-03-29|SHOP,ingridcaldeira01,2026-03-29,SHOP,94.9,9.49,1,1
monicap.pereira|2026-03-29|VIDEO,monicap.pereira,2026-03-29,VIDEO,94.9,0.0,1,1
tacirecomenda|2026-03-29|VIDEO,tacirecomenda,2026-03-29,VIDEO,89.99,9.0,1,1
nanacasagrandi|2026-03-29|VIDEO,nanacasagrandi,2026-03-29,VIDEO,84.9,8.49,1,1
danijeans|2026-03-29|VIDEO,danijeans,2026-03-29,VIDEO,79.99,8.0,1,1
essenciadani|2026-03-29|VIDEO,essenciadani,2026-03-29,VIDEO,79.99,8.0,1,1
thaisstorchcatani|2026-03-29|LIVE,thaisstorchcatani,2026-03-29,LIVE,79.9,7.99,1,1
tathy8406|2026-03-29|SHOP,tathy8406,2026-03-29,SHOP,79.9,7.99,1,1
multilllimpo|2026-03-29|VIDEO,multilllimpo,2026-03-29,VIDEO,79.9,7.99,1,1
mislaynebrandao|2026-03-29|SHOP,mislaynebrandao,2026-03-29,SHOP,79.9,7.99,1,1
compreia|2026-03-29|VIDEO,compreia,2026-03-29,VIDEO,79.9,7.99,1,1
amarishopcreator|2026-03-29|VIDEO,amarishopcreator,2026-03-29,VIDEO,79.9,7.99,1,1
camilasantos._|2026-03-29|VIDEO,camilasantos._,2026-03-29,VIDEO,79.9,7.99,1,1
maelycustodio|2026-03-29|VIDEO,maelycustodio,2026-03-29,VIDEO,79.9,7.99,1,1
dicasdathayoficial|2026-03-29|VIDEO,dicasdathayoficial,2026-03-29,VIDEO,79.9,0.0,1,1
yaponts|2026-03-29|VIDEO,yaponts,2026-03-29,VIDEO,79.9,7.99,1,1
monica.nunes98|2026-03-29|LINKSHARE,monica.nunes98,2026-03-29,LINKSHARE,79.9,7.99,1,1
tassiaagabriella|2026-03-29|VIDEO,tassiaagabriella,2026-03-29,VIDEO,79.9,7.99,1,1
jessicab.tiktokshop|2026-03-29|LIVE,jessicab.tiktokshop,2026-03-29,LIVE,79.9,7.99,1,1
elacatarina|2026-03-29|VIDEO,elacatarina,2026-03-29,VIDEO,79.9,7.99,1,1
barbaramirandashop|2026-03-29|VIDEO,barbaramirandashop,2026-03-29,VIDEO,79.9,7.99,1,1
thay.desbessel|2026-03-29|SHOP,thay.desbessel,2026-03-29,SHOP,79.9,7.99,1,1
moniqueeva25|2026-03-29|LIVE,moniqueeva25,2026-03-29,LIVE,79.9,7.99,1,1
arenatajardim|2026-03-29|VIDEO,arenatajardim,2026-03-29,VIDEO,79.9,7.99,1,1
leticiasteinoficial|2026-03-29|VIDEO,leticiasteinoficial,2026-03-29,VIDEO,79.9,7.99,1,1
escuta.amiga|2026-03-29|LIVE,escuta.amiga,2026-03-29,LIVE,79.9,7.99,1,1
karitas.devillart|2026-03-29|SHOP,karitas.devillart,2026-03-29,SHOP,72.19,7.22,1,1
—|2026-03-29|LINKSHARE,—,2026-03-29,LINKSHARE,72.19,7.22,1,1
tacianecreator|2026-03-30|LIVE,tacianecreator,2026-03-30,LIVE,21216.62,1897.96,273,302
psi.mirellarodrigues|2026-03-30|LIVE,psi.mirellarodrigues,2026-03-30,LIVE,10160.04,1009.14,134,144
natmarquesvi|2026-03-30|LIVE,natmarquesvi,2026-03-30,LIVE,5840.04,699.31,72,81
tacianecreator|2026-03-30|VIDEO,tacianecreator,2026-03-30,VIDEO,3889.77,125.31,47,49
natmarquesvi|2026-03-30|VIDEO,natmarquesvi,2026-03-30,VIDEO,2890.56,325.94,36,36
laianenovaisss|2026-03-30|VIDEO,laianenovaisss,2026-03-30,VIDEO,2004.88,103.11,24,25
ericamcabeluda|2026-03-30|VIDEO,ericamcabeluda,2026-03-30,VIDEO,1951.24,131.21,24,25
thainabeautyoficial|2026-03-30|VIDEO,thainabeautyoficial,2026-03-30,VIDEO,1932.6,79.9,24,24
pattylazzarotto|2026-03-30|VIDEO,pattylazzarotto,2026-03-30,VIDEO,1293.4,39.95,16,16
numarchi|2026-03-30|VIDEO,numarchi,2026-03-30,VIDEO,973.98,81.41,12,12
alinecavanellas|2026-03-30|VIDEO,alinecavanellas,2026-03-30,VIDEO,938.9,66.92,11,11
adv.dayane|2026-03-30|LIVE,adv.dayane,2026-03-30,LIVE,664.73,66.48,8,9
francruz.26|2026-03-30|VIDEO,francruz.26,2026-03-30,VIDEO,599.66,50.97,7,7
someoneduda|2026-03-30|VIDEO,someoneduda,2026-03-30,VIDEO,543.88,46.4,7,7
thami.brambilla|2026-03-30|VIDEO,thami.brambilla,2026-03-30,VIDEO,444.5,25.47,5,5
brunasilvaindica|2026-03-30|LIVE,brunasilvaindica,2026-03-30,LIVE,391.79,39.18,5,5
tacirecomenda|2026-03-30|VIDEO,tacirecomenda,2026-03-30,VIDEO,359.96,27.0,4,4
maritips_|2026-03-30|VIDEO,maritips_,2026-03-30,VIDEO,319.6,31.96,4,4
davyllag|2026-03-30|LIVE,davyllag,2026-03-30,LIVE,279.96,28.0,4,4
nati_sus|2026-03-30|VIDEO,nati_sus,2026-03-30,VIDEO,269.79,17.49,3,3
familialiu|2026-03-30|VIDEO,familialiu,2026-03-30,VIDEO,239.7,7.99,3,3
gleysaaguiar|2026-03-30|VIDEO,gleysaaguiar,2026-03-30,VIDEO,239.7,15.98,3,3
taniaribeiro_creator|2026-03-30|VIDEO,taniaribeiro_creator,2026-03-30,VIDEO,239.7,23.97,3,3
leticiatsec|2026-03-30|VIDEO,leticiatsec,2026-03-30,VIDEO,189.8,18.98,2,2
jhennythh|2026-03-30|VIDEO,jhennythh,2026-03-30,VIDEO,179.98,9.0,2,2
lidikpf6|2026-03-30|VIDEO,lidikpf6,2026-03-30,VIDEO,169.89,16.99,2,2
escuta.amiga|2026-03-30|LIVE,escuta.amiga,2026-03-30,LIVE,159.8,15.98,2,2
lari.quaresma|2026-03-30|VIDEO,lari.quaresma,2026-03-30,VIDEO,159.8,7.99,2,2
mo.joanaa|2026-03-30|VIDEO,mo.joanaa,2026-03-30,VIDEO,152.09,15.21,2,2
luanamagnacardoso|2026-03-30|LIVE,luanamagnacardoso,2026-03-30,LIVE,149.89,14.99,2,2
yasmin.aoliveira|2026-03-30|VIDEO,yasmin.aoliveira,2026-03-30,VIDEO,94.9,9.49,1,1
erikaoliveiracassim|2026-03-30|SHOP,erikaoliveiracassim,2026-03-30,SHOP,94.9,9.49,1,1
larissamello.indica|2026-03-30|SHOP,larissamello.indica,2026-03-30,SHOP,89.99,9.0,1,1
elainecoquemala|2026-03-30|LIVE,elainecoquemala,2026-03-30,LIVE,89.99,9.0,1,1
jessicamesant|2026-03-30|VIDEO,jessicamesant,2026-03-30,VIDEO,89.99,0.0,1,1
danijeans|2026-03-30|LIVE,danijeans,2026-03-30,LIVE,79.99,8.0,1,1
marinatheesr|2026-03-30|VIDEO,marinatheesr,2026-03-30,VIDEO,79.9,7.99,1,1
raianaoikiacreatorshop|2026-03-30|SHOP,raianaoikiacreatorshop,2026-03-30,SHOP,79.9,7.99,1,1
jenifferpassos25|2026-03-30|LIVE,jenifferpassos25,2026-03-30,LIVE,79.9,7.99,1,1
hitalasantiago|2026-03-30|VIDEO,hitalasantiago,2026-03-30,VIDEO,79.9,0.0,1,1
cecymonteiroc|2026-03-30|LINKSHARE,cecymonteiroc,2026-03-30,LINKSHARE,79.9,7.99,1,1
larissapachecoindica|2026-03-30|VIDEO,larissapachecoindica,2026-03-30,VIDEO,79.9,7.99,1,1
mariaaugustareiss|2026-03-30|VIDEO,mariaaugustareiss,2026-03-30,VIDEO,79.9,7.99,1,1
ah.barbra|2026-03-30|SHOP,ah.barbra,2026-03-30,SHOP,79.9,7.99,1,1
escuta.amiga|2026-03-30|VIDEO,escuta.amiga,2026-03-30,VIDEO,79.9,7.99,1,1
silsantiagotrc|2026-03-30|VIDEO,silsantiagotrc,2026-03-30,VIDEO,79.9,7.99,1,1
amarishopcreator|2026-03-30|VIDEO,amarishopcreator,2026-03-30,VIDEO,79.9,7.99,1,1
carlaf.bitencourt|2026-03-30|LIVE,carlaf.bitencourt,2026-03-30,LIVE,79.9,7.99,1,1
cacauabraao|2026-03-30|VIDEO,cacauabraao,2026-03-30,VIDEO,79.9,7.99,1,1
euvivianeborges|2026-03-30|VIDEO,euvivianeborges,2026-03-30,VIDEO,79.9,7.99,1,1
leidiane.gommes|2026-03-30|LINKSHARE,leidiane.gommes,2026-03-30,LINKSHARE,79.9,7.99,1,1
elisaashop|2026-03-30|VIDEO,elisaashop,2026-03-30,VIDEO,79.9,7.99,1,1
arenatajardim|2026-03-30|VIDEO,arenatajardim,2026-03-30,VIDEO,79.9,7.99,1,1
gabbizie|2026-03-30|VIDEO,gabbizie,2026-03-30,VIDEO,79.9,7.99,1,1
annaluiza.shop|2026-03-30|VIDEO,annaluiza.shop,2026-03-30,VIDEO,72.19,7.22,1,1
compreia|2026-03-30|VIDEO,compreia,2026-03-30,VIDEO,72.19,7.22,1,1
tacianecreator|2026-03-31|LIVE,tacianecreator,2026-03-31,LIVE,13017.08,1217.88,171,184
psi.mirellarodrigues|2026-03-31|LIVE,psi.mirellarodrigues,2026-03-31,LIVE,10048.39,990.98,133,143
natmarquesvi|2026-03-31|LIVE,natmarquesvi,2026-03-31,LIVE,3884.01,466.15,52,54
adv.dayane|2026-03-31|LIVE,adv.dayane,2026-03-31,LIVE,2069.44,206.97,28,29
thainabeautyoficial|2026-03-31|VIDEO,thainabeautyoficial,2026-03-31,VIDEO,1765.65,96.63,19,20
tacianecreator|2026-03-31|VIDEO,tacianecreator,2026-03-31,VIDEO,1685.38,80.63,18,20
_mareiis|2026-03-31|LIVE,_mareiis,2026-03-31,LIVE,1059.85,106.0,14,15
natmarquesvi|2026-03-31|VIDEO,natmarquesvi,2026-03-31,VIDEO,1056.26,117.18,13,13
numarchi|2026-03-31|VIDEO,numarchi,2026-03-31,VIDEO,936.23,77.65,10,10
ericamcabeluda|2026-03-31|VIDEO,ericamcabeluda,2026-03-31,VIDEO,855.77,62.38,11,11
alinecavanellas|2026-03-31|VIDEO,alinecavanellas,2026-03-31,VIDEO,764.1,26.97,8,9
pattylazzarotto|2026-03-31|VIDEO,pattylazzarotto,2026-03-31,VIDEO,623.78,23.97,8,8
escuta.amiga|2026-03-31|LIVE,escuta.amiga,2026-03-31,LIVE,551.59,55.16,7,7
jessicamesant|2026-03-31|VIDEO,jessicamesant,2026-03-31,VIDEO,429.77,24.98,5,5
arenatajardim|2026-03-31|VIDEO,arenatajardim,2026-03-31,VIDEO,399.5,39.95,5,5
laianenovaisss|2026-03-31|VIDEO,laianenovaisss,2026-03-31,VIDEO,399.5,0.0,5,5
lidikpf6|2026-03-31|VIDEO,lidikpf6,2026-03-31,VIDEO,319.6,31.96,4,4
leticiatsec|2026-03-31|VIDEO,leticiatsec,2026-03-31,VIDEO,284.7,18.98,3,3
tacirecomenda|2026-03-31|VIDEO,tacirecomenda,2026-03-31,VIDEO,269.97,27.0,3,3
hitalasantiago|2026-03-31|VIDEO,hitalasantiago,2026-03-31,VIDEO,239.7,7.99,3,3
someoneduda|2026-03-31|VIDEO,someoneduda,2026-03-31,VIDEO,239.7,23.97,3,3
gleysaaguiar|2026-03-31|VIDEO,gleysaaguiar,2026-03-31,VIDEO,239.7,7.99,3,3
escuta.amiga|2026-03-31|VIDEO,escuta.amiga,2026-03-31,VIDEO,239.7,7.99,3,3
monicap.pereira|2026-03-31|VIDEO,monicap.pereira,2026-03-31,VIDEO,189.8,9.49,2,2
francruz.26|2026-03-31|VIDEO,francruz.26,2026-03-31,VIDEO,169.89,7.99,2,2
francruz.26|2026-03-31|SHOP,francruz.26,2026-03-31,SHOP,159.99,16.0,1,1
taniaribeiro_creator|2026-03-31|VIDEO,taniaribeiro_creator,2026-03-31,VIDEO,159.8,15.98,2,2
barbaramirandashop|2026-03-31|VIDEO,barbaramirandashop,2026-03-31,VIDEO,159.8,15.98,2,2
nati_sus|2026-03-31|VIDEO,nati_sus,2026-03-31,VIDEO,94.9,0.0,1,1
vanessarrferreiraa|2026-03-31|SHOP,vanessarrferreiraa,2026-03-31,SHOP,89.99,9.0,1,1
essenciadani|2026-03-31|VIDEO,essenciadani,2026-03-31,VIDEO,79.99,0.0,1,1
mah.almeida.creator|2026-03-31|SHOP,mah.almeida.creator,2026-03-31,SHOP,79.99,8.0,1,1
janakarolinee|2026-03-31|VIDEO,janakarolinee,2026-03-31,VIDEO,79.9,0.0,1,1
psi.mirellarodrigues|2026-03-31|VIDEO,psi.mirellarodrigues,2026-03-31,VIDEO,79.9,0.0,1,1
tatialves054|2026-03-31|LIVE,tatialves054,2026-03-31,LIVE,79.9,7.99,1,1
paolawinnie|2026-03-31|SHOP,paolawinnie,2026-03-31,SHOP,79.9,7.99,1,1
ceciliamanttovani|2026-03-31|VIDEO,ceciliamanttovani,2026-03-31,VIDEO,79.9,7.99,1,1
rayanemoraesm|2026-03-31|VIDEO,rayanemoraesm,2026-03-31,VIDEO,79.9,7.99,1,1
silsantiagotrc|2026-03-31|VIDEO,silsantiagotrc,2026-03-31,VIDEO,79.9,7.99,1,1
suramacastillo|2026-03-31|SHOP,suramacastillo,2026-03-31,SHOP,79.9,7.99,1,1
familialiu|2026-03-31|VIDEO,familialiu,2026-03-31,VIDEO,79.9,7.99,1,1
lack.roupas|2026-03-31|VIDEO,lack.roupas,2026-03-31,VIDEO,79.9,7.99,1,1
revendeshop|2026-03-31|VIDEO,revendeshop,2026-03-31,VIDEO,79.9,7.99,1,1
maelycustodio|2026-03-31|VIDEO,maelycustodio,2026-03-31,VIDEO,79.9,7.99,1,1
brunasilvaindica|2026-03-31|LIVE,brunasilvaindica,2026-03-31,LIVE,72.19,7.22,1,1
marinatheesr|2026-03-31|VIDEO,marinatheesr,2026-03-31,VIDEO,72.19,7.22,1,1
maritips_|2026-03-31|VIDEO,maritips_,2026-03-31,VIDEO,72.19,7.22,1,1
ariane.ferreira15|2026-03-31|SHOP,ariane.ferreira15,2026-03-31,SHOP,72.19,7.22,1,1
laryoliveiira_|2026-03-31|LIVE,laryoliveiira_,2026-03-31,LIVE,69.99,7.0,1,1
psi.mirellarodrigues|2026-04-01|LIVE,psi.mirellarodrigues,2026-04-01,LIVE,11020.36,1088.19,149,157
tacianecreator|2026-04-01|VIDEO,tacianecreator,2026-04-01,VIDEO,3154.92,79.87,38,40
adv.dayane|2026-04-01|LIVE,adv.dayane,2026-04-01,LIVE,3129.03,312.94,41,43
thainabeautyoficial|2026-04-01|VIDEO,thainabeautyoficial,2026-04-01,VIDEO,1350.59,79.9,16,17
natmarquesvi|2026-04-01|LIVE,natmarquesvi,2026-04-01,LIVE,1234.47,119.97,17,17
ericamcabeluda|2026-04-01|VIDEO,ericamcabeluda,2026-04-01,VIDEO,1167.66,76.82,15,15
tacianecreator|2026-04-01|LIVE,tacianecreator,2026-04-01,LIVE,1059.85,106.0,11,15
natmarquesvi|2026-04-01|VIDEO,natmarquesvi,2026-04-01,VIDEO,921.83,65.19,10,10
laianenovaisss|2026-04-01|VIDEO,laianenovaisss,2026-04-01,VIDEO,783.58,22.43,10,10
jessicamesant|2026-04-01|VIDEO,jessicamesant,2026-04-01,VIDEO,699.74,7.99,8,8
numarchi|2026-04-01|VIDEO,numarchi,2026-04-01,VIDEO,688.26,38.41,8,9
alinecavanellas|2026-04-01|VIDEO,alinecavanellas,2026-04-01,VIDEO,524.4,25.47,6,6
pattylazzarotto|2026-04-01|VIDEO,pattylazzarotto,2026-04-01,VIDEO,429.5,7.99,5,5
francruz.26|2026-04-01|VIDEO,francruz.26,2026-04-01,VIDEO,359.96,27.0,4,4
tacirecomenda|2026-04-01|VIDEO,tacirecomenda,2026-04-01,VIDEO,359.96,9.0,4,4
escuta.amiga|2026-04-01|VIDEO,escuta.amiga,2026-04-01,VIDEO,319.6,23.97,4,4
taniaribeiro_creator|2026-04-01|VIDEO,taniaribeiro_creator,2026-04-01,VIDEO,319.6,31.96,4,4
leticiatsec|2026-04-01|VIDEO,leticiatsec,2026-04-01,VIDEO,279.79,27.98,3,3
silsantiagotrc|2026-04-01|VIDEO,silsantiagotrc,2026-04-01,VIDEO,239.89,23.99,2,2
thami.brambilla|2026-04-01|VIDEO,thami.brambilla,2026-04-01,VIDEO,194.8,19.98,2,2
monicap.pereira|2026-04-01|VIDEO,monicap.pereira,2026-04-01,VIDEO,159.99,16.0,1,1
essenciadani|2026-04-01|VIDEO,essenciadani,2026-04-01,VIDEO,159.98,16.0,1,2
familialiu|2026-04-01|VIDEO,familialiu,2026-04-01,VIDEO,159.8,15.98,2,2
someoneduda|2026-04-01|VIDEO,someoneduda,2026-04-01,VIDEO,159.8,7.99,2,2
arenatajardim|2026-04-01|VIDEO,arenatajardim,2026-04-01,VIDEO,152.09,15.21,2,2
ariianecostacont|2026-04-01|LINKSHARE,ariianecostacont,2026-04-01,LINKSHARE,89.99,9.0,1,1
mcecilia.araujo1|2026-04-01|SHOP,mcecilia.araujo1,2026-04-01,SHOP,79.9,7.99,1,1
fggutyy2|2026-04-01|VIDEO,fggutyy2,2026-04-01,VIDEO,79.9,0.0,1,1
mariaaugustareiss|2026-04-01|VIDEO,mariaaugustareiss,2026-04-01,VIDEO,79.9,7.99,1,1
hitalasantiago|2026-04-01|VIDEO,hitalasantiago,2026-04-01,VIDEO,79.9,7.99,1,1
keilobshop03|2026-04-01|LIVE,keilobshop03,2026-04-01,LIVE,79.9,7.99,1,1
elili_kids|2026-04-01|SHOP,elili_kids,2026-04-01,SHOP,79.9,7.99,1,1
cintia.thies|2026-04-01|VIDEO,cintia.thies,2026-04-01,VIDEO,79.9,7.99,1,1
marinatheesr|2026-04-01|VIDEO,marinatheesr,2026-04-01,VIDEO,79.9,7.99,1,1
maritips_|2026-04-01|VIDEO,maritips_,2026-04-01,VIDEO,79.9,7.99,1,1
ncshop33|2026-04-01|SHOP,ncshop33,2026-04-01,SHOP,79.9,7.99,1,1
gabbizie|2026-04-01|VIDEO,gabbizie,2026-04-01,VIDEO,79.9,7.99,1,1
ceciliamanttovani|2026-04-01|VIDEO,ceciliamanttovani,2026-04-01,VIDEO,79.9,7.99,1,1
gesycavardieribou|2026-04-01|SHOP,gesycavardieribou,2026-04-01,SHOP,79.9,7.99,1,1
nutrii_shop|2026-04-01|LIVE,nutrii_shop,2026-04-01,LIVE,72.19,7.22,1,1
danlopes.a|2026-04-01|LINKSHARE,danlopes.a,2026-04-01,LINKSHARE,72.19,7.22,1,1
escuta.amiga|2026-04-01|LIVE,escuta.amiga,2026-04-01,LIVE,72.19,7.22,1,1
psi.mirellarodrigues|2026-04-02|LIVE,psi.mirellarodrigues,2026-04-02,LIVE,11450.21,1117.18,156,163
tacianecreator|2026-04-02|VIDEO,tacianecreator,2026-04-02,VIDEO,2680.94,117.83,31,34
adv.dayane|2026-04-02|LIVE,adv.dayane,2026-04-02,LIVE,1839.21,183.94,25,25
ericamcabeluda|2026-04-02|VIDEO,ericamcabeluda,2026-04-02,VIDEO,1799.15,116.0,23,23
natmarquesvi|2026-04-02|LIVE,natmarquesvi,2026-04-02,LIVE,1679.23,162.54,22,23
thainabeautyoficial|2026-04-02|VIDEO,thainabeautyoficial,2026-04-02,VIDEO,1582.58,62.38,20,20
natmarquesvi|2026-04-02|VIDEO,natmarquesvi,2026-04-02,VIDEO,1289.04,77.33,15,15
laianenovaisss|2026-04-02|VIDEO,laianenovaisss,2026-04-02,VIDEO,1118.18,87.85,13,14
pattylazzarotto|2026-04-02|VIDEO,pattylazzarotto,2026-04-02,VIDEO,1068.7,49.44,13,13
numarchi|2026-04-02|VIDEO,numarchi,2026-04-02,VIDEO,871.37,79.15,11,11
alinecavanellas|2026-04-02|VIDEO,alinecavanellas,2026-04-02,VIDEO,661.49,66.15,7,8
.familiapimentel|2026-04-02|VIDEO,.familiapimentel,2026-04-02,VIDEO,559.3,7.99,6,7
escuta.amiga|2026-04-02|VIDEO,escuta.amiga,2026-04-02,VIDEO,549.39,38.96,7,7
tacianecreator|2026-04-02|LIVE,tacianecreator,2026-04-02,LIVE,509.75,42.99,7,7
francruz.26|2026-04-02|VIDEO,francruz.26,2026-04-02,VIDEO,444.77,35.48,4,5
psi.mirellarodrigues|2026-04-02|VIDEO,psi.mirellarodrigues,2026-04-02,VIDEO,389.59,30.97,5,5
bialuzzmodas|2026-04-02|VIDEO,bialuzzmodas,2026-04-02,VIDEO,319.6,15.98,4,4
someoneduda|2026-04-02|VIDEO,someoneduda,2026-04-02,VIDEO,311.89,15.21,4,4
leticiatsec|2026-04-02|VIDEO,leticiatsec,2026-04-02,VIDEO,284.7,18.98,3,3
tacirecomenda|2026-04-02|VIDEO,tacirecomenda,2026-04-02,VIDEO,269.97,18.0,3,3
thami.brambilla|2026-04-02|VIDEO,thami.brambilla,2026-04-02,VIDEO,269.7,7.99,3,3
jessicamesant|2026-04-02|VIDEO,jessicamesant,2026-04-02,VIDEO,259.88,16.99,3,3
gabbizie|2026-04-02|VIDEO,gabbizie,2026-04-02,VIDEO,249.79,24.98,3,3
silsantiagotrc|2026-04-02|VIDEO,silsantiagotrc,2026-04-02,VIDEO,239.7,23.97,3,3
nati_sus|2026-04-02|VIDEO,nati_sus,2026-04-02,VIDEO,189.8,18.98,2,2
taniaribeiro_creator|2026-04-02|VIDEO,taniaribeiro_creator,2026-04-02,VIDEO,159.8,15.98,2,2
arenatajardim|2026-04-02|VIDEO,arenatajardim,2026-04-02,VIDEO,149.89,14.99,2,2
pollyanna.andrade.s|2026-04-02|LIVE,pollyanna.andrade.s,2026-04-02,LIVE,139.98,14.0,1,2
danijeans|2026-04-02|VIDEO,danijeans,2026-04-02,VIDEO,94.9,0.0,1,1
nati.shop|2026-04-02|LIVE,nati.shop,2026-04-02,LIVE,94.9,9.49,1,1
jenifferpassos25|2026-04-02|VIDEO,jenifferpassos25,2026-04-02,VIDEO,79.9,7.99,1,1
magsouza.shop|2026-04-02|SHOP,magsouza.shop,2026-04-02,SHOP,79.9,7.99,1,1
danijeans|2026-04-02|LIVE,danijeans,2026-04-02,LIVE,79.9,7.99,1,1
lu_dias10|2026-04-02|LIVE,lu_dias10,2026-04-02,LIVE,79.9,7.99,1,1
mariaaugustareiss|2026-04-02|VIDEO,mariaaugustareiss,2026-04-02,VIDEO,79.9,7.99,1,1
familialiu|2026-04-02|VIDEO,familialiu,2026-04-02,VIDEO,79.9,7.99,1,1
gabbizie|2026-04-02|SHOP,gabbizie,2026-04-02,SHOP,79.9,7.99,1,1
_saraahh33|2026-04-02|VIDEO,_saraahh33,2026-04-02,VIDEO,79.9,7.99,1,1
vitrinneshopp|2026-04-02|VIDEO,vitrinneshopp,2026-04-02,VIDEO,79.9,7.99,1,1
patylopesoliveira|2026-04-02|SHOP,patylopesoliveira,2026-04-02,SHOP,79.9,7.99,1,1
tiktokshop.lily1|2026-04-02|VIDEO,tiktokshop.lily1,2026-04-02,VIDEO,79.9,7.99,1,1
lidikpf6|2026-04-02|VIDEO,lidikpf6,2026-04-02,VIDEO,79.9,7.99,1,1
gab_caroline|2026-04-02|VIDEO,gab_caroline,2026-04-02,VIDEO,79.9,0.0,1,1
hitalasantiago|2026-04-02|VIDEO,hitalasantiago,2026-04-02,VIDEO,79.9,7.99,1,1
yasmin.aoliveira|2026-04-02|LIVE,yasmin.aoliveira,2026-04-02,LIVE,79.9,7.99,1,1
compreia|2026-04-02|VIDEO,compreia,2026-04-02,VIDEO,79.9,7.99,1,1
gabrielaf011|2026-04-02|LIVE,gabrielaf011,2026-04-02,LIVE,79.9,7.99,1,1
robertafrias|2026-04-02|VIDEO,robertafrias,2026-04-02,VIDEO,79.9,7.99,1,1
yaponts|2026-04-02|VIDEO,yaponts,2026-04-02,VIDEO,79.9,7.99,1,1
neldicasdemoda|2026-04-02|LINKSHARE,neldicasdemoda,2026-04-02,LINKSHARE,72.19,7.22,1,1
yoariadny|2026-04-02|LIVE,yoariadny,2026-04-02,LIVE,69.99,7.0,1,1
psi.mirellarodrigues|2026-04-03|LIVE,psi.mirellarodrigues,2026-04-03,LIVE,12760.2,1276.2,167,182
tacianecreator|2026-04-03|LIVE,tacianecreator,2026-04-03,LIVE,4779.14,463.98,65,68
tacianecreator|2026-04-03|VIDEO,tacianecreator,2026-04-03,VIDEO,2643.57,87.12,32,33
ericamcabeluda|2026-04-03|VIDEO,ericamcabeluda,2026-04-03,VIDEO,2111.04,163.17,25,27
thainabeautyoficial|2026-04-03|VIDEO,thainabeautyoficial,2026-04-03,VIDEO,1777.89,42.95,22,22
laianenovaisss|2026-04-03|VIDEO,laianenovaisss,2026-04-03,VIDEO,1358.3,71.91,17,17
pattylazzarotto|2026-04-03|VIDEO,pattylazzarotto,2026-04-03,VIDEO,1298.49,64.43,16,16
brunasilvaindica|2026-04-03|LIVE,brunasilvaindica,2026-04-03,LIVE,1103.18,110.32,14,14
alinecavanellas|2026-04-03|VIDEO,alinecavanellas,2026-04-03,VIDEO,881.29,34.19,10,10
someoneduda|2026-04-03|VIDEO,someoneduda,2026-04-03,VIDEO,871.19,47.94,10,11
natmarquesvi|2026-04-03|VIDEO,natmarquesvi,2026-04-03,VIDEO,720.91,54.1,7,9
numarchi|2026-04-03|VIDEO,numarchi,2026-04-03,VIDEO,711.48,55.17,9,9
arenatajardim|2026-04-03|VIDEO,arenatajardim,2026-04-03,VIDEO,459.58,45.96,5,6
silsantiagotrc|2026-04-03|VIDEO,silsantiagotrc,2026-04-03,VIDEO,399.5,39.95,5,5
mariaboscooo|2026-04-03|SHOP,mariaboscooo,2026-04-03,SHOP,399.5,39.95,1,5
gabbizie|2026-04-03|VIDEO,gabbizie,2026-04-03,VIDEO,391.79,39.18,5,5
familialiu|2026-04-03|VIDEO,familialiu,2026-04-03,VIDEO,391.79,31.19,5,5
escuta.amiga|2026-04-03|VIDEO,escuta.amiga,2026-04-03,VIDEO,391.79,23.97,5,5
fggutyy2|2026-04-03|VIDEO,fggutyy2,2026-04-03,VIDEO,319.6,0.0,4,4
nati_sus|2026-04-03|VIDEO,nati_sus,2026-04-03,VIDEO,284.7,28.47,3,3
thami.brambilla|2026-04-03|VIDEO,thami.brambilla,2026-04-03,VIDEO,246.99,24.7,3,3
maritips_|2026-04-03|VIDEO,maritips_,2026-04-03,VIDEO,239.7,23.97,3,3
achadinhoslalas|2026-04-03|SHOP,achadinhoslalas,2026-04-03,SHOP,239.7,19.17,3,3
bialuzzmodas|2026-04-03|VIDEO,bialuzzmodas,2026-04-03,VIDEO,239.7,0.0,3,3
.familiapimentel|2026-04-03|VIDEO,.familiapimentel,2026-04-03,VIDEO,239.7,15.98,2,3
matheuslimashop|2026-04-03|VIDEO,matheuslimashop,2026-04-03,VIDEO,239.7,0.0,3,3
psi.mirellarodrigues|2026-04-03|VIDEO,psi.mirellarodrigues,2026-04-03,VIDEO,222.08,22.21,3,3
leticiatsec|2026-04-03|VIDEO,leticiatsec,2026-04-03,VIDEO,189.8,18.98,2,2
mallenadepaula|2026-04-03|LIVE,mallenadepaula,2026-04-03,LIVE,189.8,18.98,2,2
jessicamesant|2026-04-03|VIDEO,jessicamesant,2026-04-03,VIDEO,184.89,9.49,2,2
tacirecomenda|2026-04-03|VIDEO,tacirecomenda,2026-04-03,VIDEO,179.98,18.0,2,2
adv.dayane|2026-04-03|VIDEO,adv.dayane,2026-04-03,VIDEO,169.89,0.0,2,2
francruz.26|2026-04-03|VIDEO,francruz.26,2026-04-03,VIDEO,169.89,16.99,2,2
mariaaugustareiss|2026-04-03|VIDEO,mariaaugustareiss,2026-04-03,VIDEO,159.8,15.98,2,2
laryoliveiira_|2026-04-03|VIDEO,laryoliveiira_,2026-04-03,VIDEO,159.8,15.98,2,2
clau_1604|2026-04-03|LINKSHARE,clau_1604,2026-04-03,LINKSHARE,159.8,15.98,1,2
edja.shop|2026-04-03|LIVE,edja.shop,2026-04-03,LIVE,159.8,15.98,1,2
eduardadailyx|2026-04-03|LIVE,eduardadailyx,2026-04-03,LIVE,159.8,12.78,2,2
isabelezimbicki|2026-04-03|LINKSHARE,isabelezimbicki,2026-04-03,LINKSHARE,159.8,15.98,1,2
dicasdathayoficial|2026-04-03|VIDEO,dicasdathayoficial,2026-04-03,VIDEO,159.8,7.99,2,2
brunasilvaindica|2026-04-03|VIDEO,brunasilvaindica,2026-04-03,VIDEO,152.09,15.21,2,2
natmarquesvi|2026-04-03|LIVE,natmarquesvi,2026-04-03,LIVE,149.89,14.99,2,2
adv.dayane|2026-04-03|LIVE,adv.dayane,2026-04-03,LIVE,142.18,14.22,1,2
celitashop|2026-04-03|VIDEO,celitashop,2026-04-03,VIDEO,94.9,9.49,1,1
cleodaaily|2026-04-03|VIDEO,cleodaaily,2026-04-03,VIDEO,94.9,9.49,1,1
eu.lidiannemartins|2026-04-03|VIDEO,eu.lidiannemartins,2026-04-03,VIDEO,94.9,9.49,1,1
jhosysilvaa|2026-04-03|SHOP,jhosysilvaa,2026-04-03,SHOP,94.9,7.59,1,1
monicap.pereira|2026-04-03|VIDEO,monicap.pereira,2026-04-03,VIDEO,94.9,0.0,1,1
dailysecretzzz|2026-04-03|SHOP,dailysecretzzz,2026-04-03,SHOP,94.9,9.49,1,1
bygabivianna|2026-04-03|VIDEO,bygabivianna,2026-04-03,VIDEO,94.9,9.49,1,1
danijeans|2026-04-03|LIVE,danijeans,2026-04-03,LIVE,79.99,8.0,1,1
allynegomes.dicas|2026-04-03|VIDEO,allynegomes.dicas,2026-04-03,VIDEO,79.9,7.99,1,1
laizaborgesferrari|2026-04-03|LIVE,laizaborgesferrari,2026-04-03,LIVE,79.9,7.99,1,1
lari.quaresma|2026-04-03|VIDEO,lari.quaresma,2026-04-03,VIDEO,79.9,0.0,1,1
hitalasantiago|2026-04-03|VIDEO,hitalasantiago,2026-04-03,VIDEO,79.9,0.0,1,1
essenciadani|2026-04-03|VIDEO,essenciadani,2026-04-03,VIDEO,79.9,7.99,1,1
lu_dias10|2026-04-03|LIVE,lu_dias10,2026-04-03,LIVE,79.9,7.99,1,1
compreia|2026-04-03|VIDEO,compreia,2026-04-03,VIDEO,79.9,7.99,1,1
fabiecleon|2026-04-03|VIDEO,fabiecleon,2026-04-03,VIDEO,79.9,7.99,1,1
manoelavizzotto|2026-04-03|VIDEO,manoelavizzotto,2026-04-03,VIDEO,79.9,7.99,1,1
natyy.b|2026-04-03|SHOP,natyy.b,2026-04-03,SHOP,79.9,7.99,1,1
diarioda_juu|2026-04-03|VIDEO,diarioda_juu,2026-04-03,VIDEO,79.9,7.99,1,1
itana.azevedo7|2026-04-03|SHOP,itana.azevedo7,2026-04-03,SHOP,79.9,6.39,1,1
gleysaaguiar|2026-04-03|VIDEO,gleysaaguiar,2026-04-03,VIDEO,79.9,0.0,1,1
maryferaryht|2026-04-03|SHOP,maryferaryht,2026-04-03,SHOP,79.9,6.39,1,1
dailypam.wk|2026-04-03|VIDEO,dailypam.wk,2026-04-03,VIDEO,72.19,7.22,1,1
ana_gorgatti|2026-04-03|LINKSHARE,ana_gorgatti,2026-04-03,LINKSHARE,72.19,5.78,1,1
clahmoraesa|2026-04-03|SHOP,clahmoraesa,2026-04-03,SHOP,72.19,7.22,1,1
escuta.amiga|2026-04-03|LIVE,escuta.amiga,2026-04-03,LIVE,72.19,7.22,1,1
psi.mirellarodrigues|2026-04-04|LIVE,psi.mirellarodrigues,2026-04-04,LIVE,15152.76,1508.49,194,215
natmarquesvi|2026-04-04|LIVE,natmarquesvi,2026-04-04,LIVE,1909.64,192.59,27,27
tacianecreator|2026-04-04|VIDEO,tacianecreator,2026-04-04,VIDEO,1817.46,111.82,19,23
laianenovaisss|2026-04-04|VIDEO,laianenovaisss,2026-04-04,VIDEO,791.29,79.13,9,10
ericamcabeluda|2026-04-04|VIDEO,ericamcabeluda,2026-04-04,VIDEO,688.26,68.83,8,9
alinecavanellas|2026-04-04|VIDEO,alinecavanellas,2026-04-04,VIDEO,649.3,55.44,7,7
brunasilvaindica|2026-04-04|LIVE,brunasilvaindica,2026-04-04,LIVE,559.3,55.93,7,7
pattylazzarotto|2026-04-04|VIDEO,pattylazzarotto,2026-04-04,VIDEO,534.5,43.96,3,5
larissamello.indica|2026-04-04|LIVE,larissamello.indica,2026-04-04,LIVE,484.16,48.42,5,6
numarchi|2026-04-04|VIDEO,numarchi,2026-04-04,VIDEO,448.56,44.86,6,6
natmarquesvi|2026-04-04|VIDEO,natmarquesvi,2026-04-04,VIDEO,419.68,32.97,5,5
compreia|2026-04-04|VIDEO,compreia,2026-04-04,VIDEO,391.79,39.18,4,5
thainabeautyoficial|2026-04-04|VIDEO,thainabeautyoficial,2026-04-04,VIDEO,391.79,31.19,5,5
lidikpf6|2026-04-04|VIDEO,lidikpf6,2026-04-04,VIDEO,391.79,39.18,5,5
leticiatsec|2026-04-04|VIDEO,leticiatsec,2026-04-04,VIDEO,379.6,37.96,4,4
thami.brambilla|2026-04-04|VIDEO,thami.brambilla,2026-04-04,VIDEO,254.7,25.47,3,3
someoneduda|2026-04-04|VIDEO,someoneduda,2026-04-04,VIDEO,239.7,0.0,3,3
tacianecreator|2026-04-04|LIVE,tacianecreator,2026-04-04,LIVE,209.97,21.0,3,3
nati_sus|2026-04-04|VIDEO,nati_sus,2026-04-04,VIDEO,189.8,18.98,2,2
escuta.amiga|2026-04-04|LIVE,escuta.amiga,2026-04-04,LIVE,159.8,15.98,2,2
marisa.vianad|2026-04-04|LIVE,marisa.vianad,2026-04-04,LIVE,159.8,12.78,2,2
silsantiagotrc|2026-04-04|VIDEO,silsantiagotrc,2026-04-04,VIDEO,159.8,15.98,2,2
irisvitrine|2026-04-04|LINKSHARE,irisvitrine,2026-04-04,LINKSHARE,159.8,12.78,1,2
gabbizie|2026-04-04|VIDEO,gabbizie,2026-04-04,VIDEO,159.8,15.98,2,2
carolrossoni|2026-04-04|VIDEO,carolrossoni,2026-04-04,VIDEO,159.8,15.98,2,2
dil.canuto|2026-04-04|SHOP,dil.canuto,2026-04-04,SHOP,94.9,9.49,1,1
gomeseliane13|2026-04-04|VIDEO,gomeseliane13,2026-04-04,VIDEO,94.9,9.49,1,1
bygabivianna|2026-04-04|VIDEO,bygabivianna,2026-04-04,VIDEO,94.9,9.49,1,1
tacirecomenda|2026-04-04|VIDEO,tacirecomenda,2026-04-04,VIDEO,89.99,9.0,1,1
tatamaravilha_tiktokshop|2026-04-04|LIVE,tatamaravilha_tiktokshop,2026-04-04,LIVE,79.99,8.0,1,1
arenatajardim|2026-04-04|VIDEO,arenatajardim,2026-04-04,VIDEO,79.9,7.99,1,1
.familiapimentel|2026-04-04|VIDEO,.familiapimentel,2026-04-04,VIDEO,79.9,7.99,1,1
ajoicyemanuelly|2026-04-04|VIDEO,ajoicyemanuelly,2026-04-04,VIDEO,79.9,7.99,1,1
barbaramirandashop|2026-04-04|VIDEO,barbaramirandashop,2026-04-04,VIDEO,79.9,7.99,1,1
francruz.26|2026-04-04|VIDEO,francruz.26,2026-04-04,VIDEO,79.9,7.99,1,1
mo.joanaa|2026-04-04|VIDEO,mo.joanaa,2026-04-04,VIDEO,79.9,7.99,1,1
camilasantos._|2026-04-04|VIDEO,camilasantos._,2026-04-04,VIDEO,79.9,7.99,1,1
adrianaqfranca40|2026-04-04|SHOP,adrianaqfranca40,2026-04-04,SHOP,79.9,7.99,1,1
bialuzzmodas|2026-04-04|VIDEO,bialuzzmodas,2026-04-04,VIDEO,79.9,7.99,1,1
larissapachecoindica|2026-04-04|VIDEO,larissapachecoindica,2026-04-04,VIDEO,79.9,7.99,1,1
escuta.amiga|2026-04-04|VIDEO,escuta.amiga,2026-04-04,VIDEO,79.9,0.0,1,1
tatialves054|2026-04-04|LIVE,tatialves054,2026-04-04,LIVE,79.9,7.99,1,1
carlarocco13|2026-04-04|SHOP,carlarocco13,2026-04-04,SHOP,79.9,7.99,1,1
rafaeleviviana|2026-04-04|LIVE,rafaeleviviana,2026-04-04,LIVE,79.9,7.99,1,1
anamariagiro|2026-04-04|LINKSHARE,anamariagiro,2026-04-04,LINKSHARE,79.9,6.39,1,1
yaponts|2026-04-04|VIDEO,yaponts,2026-04-04,VIDEO,79.9,7.99,1,1
brunasilvaindica|2026-04-04|VIDEO,brunasilvaindica,2026-04-04,VIDEO,79.9,0.0,1,1
gleysaaguiar|2026-04-04|VIDEO,gleysaaguiar,2026-04-04,VIDEO,79.9,0.0,1,1
pollyanna.andrade.s|2026-04-04|LIVE,pollyanna.andrade.s,2026-04-04,LIVE,79.9,7.99,1,1
rosianealmeida104|2026-04-04|SHOP,rosianealmeida104,2026-04-04,SHOP,72.19,7.22,1,1
dicasdo906|2026-04-04|SHOP,dicasdo906,2026-04-04,SHOP,72.19,7.22,1,1
adv.dayane|2026-04-04|LIVE,adv.dayane,2026-04-04,LIVE,69.99,7.0,1,1
familialiu|2026-04-04|VIDEO,familialiu,2026-04-04,VIDEO,69.99,7.0,1,1
psi.mirellarodrigues|2026-04-05|LIVE,psi.mirellarodrigues,2026-04-05,LIVE,19097.33,1909.97,233,240
adv.dayane|2026-04-05|LIVE,adv.dayane,2026-04-05,LIVE,3129.31,312.97,37,42
tacianecreator|2026-04-05|VIDEO,tacianecreator,2026-04-05,VIDEO,1260.36,119.04,16,16
_mareiis|2026-04-05|LIVE,_mareiis,2026-04-05,LIVE,1229.83,123.0,16,17
natmarquesvi|2026-04-05|LIVE,natmarquesvi,2026-04-05,LIVE,1069.67,106.98,12,15
ericamcabeluda|2026-04-05|VIDEO,ericamcabeluda,2026-04-05,VIDEO,951.09,95.11,12,12
laianenovaisss|2026-04-05|VIDEO,laianenovaisss,2026-04-05,VIDEO,791.29,79.13,10,10
numarchi|2026-04-05|VIDEO,numarchi,2026-04-05,VIDEO,711.57,71.16,9,9
pattylazzarotto|2026-04-05|VIDEO,pattylazzarotto,2026-04-05,VIDEO,494.4,49.44,6,6
tacianecreator|2026-04-05|LIVE,tacianecreator,2026-04-05,LIVE,419.94,42.0,5,6
alinecavanellas|2026-04-05|VIDEO,alinecavanellas,2026-04-05,VIDEO,334.6,23.97,4,4
someoneduda|2026-04-05|VIDEO,someoneduda,2026-04-05,VIDEO,319.6,23.97,4,4
thainabeautyoficial|2026-04-05|VIDEO,thainabeautyoficial,2026-04-05,VIDEO,304.6,30.46,4,4
nati_sus|2026-04-05|VIDEO,nati_sus,2026-04-05,VIDEO,189.8,18.98,2,2
psi.mirellarodrigues|2026-04-05|VIDEO,psi.mirellarodrigues,2026-04-05,VIDEO,159.98,16.0,1,2
lidikpf6|2026-04-05|VIDEO,lidikpf6,2026-04-05,VIDEO,159.8,15.98,2,2
familialiu|2026-04-05|VIDEO,familialiu,2026-04-05,VIDEO,159.8,15.98,2,2
carolrossoni|2026-04-05|VIDEO,carolrossoni,2026-04-05,VIDEO,159.8,15.98,2,2
natmarquesvi|2026-04-05|VIDEO,natmarquesvi,2026-04-05,VIDEO,159.8,15.98,2,2
lohaannaverlingue|2026-04-05|LINKSHARE,lohaannaverlingue,2026-04-05,LINKSHARE,159.8,15.98,2,2
escuta.amiga|2026-04-05|VIDEO,escuta.amiga,2026-04-05,VIDEO,159.8,15.98,2,2
silsantiagotrc|2026-04-05|VIDEO,silsantiagotrc,2026-04-05,VIDEO,159.8,15.98,2,2
drielly.ferreira_creator|2026-04-05|LIVE,drielly.ferreira_creator,2026-04-05,LIVE,159.8,15.98,2,2
jesialvescreator|2026-04-05|VIDEO,jesialvescreator,2026-04-05,VIDEO,94.9,9.49,1,1
leticiatsec|2026-04-05|VIDEO,leticiatsec,2026-04-05,VIDEO,94.9,9.49,1,1
bellamodasfeminina|2026-04-05|VIDEO,bellamodasfeminina,2026-04-05,VIDEO,94.9,9.49,1,1
logoshopofc|2026-04-05|VIDEO,logoshopofc,2026-04-05,VIDEO,79.99,8.0,1,1
laryoliveiira_|2026-04-05|LIVE,laryoliveiira_,2026-04-05,LIVE,79.99,8.0,1,1
lohaannaverlingue|2026-04-05|SHOP,lohaannaverlingue,2026-04-05,SHOP,79.9,7.99,1,1
brunasilvaindica|2026-04-05|LIVE,brunasilvaindica,2026-04-05,LIVE,79.9,7.99,1,1
thami.brambilla|2026-04-05|VIDEO,thami.brambilla,2026-04-05,VIDEO,79.9,7.99,1,1
barbaramirandashop|2026-04-05|VIDEO,barbaramirandashop,2026-04-05,VIDEO,79.9,7.99,1,1
francruz.26|2026-04-05|VIDEO,francruz.26,2026-04-05,VIDEO,79.9,7.99,1,1
monicap.pereira|2026-04-05|VIDEO,monicap.pereira,2026-04-05,VIDEO,79.9,7.99,1,1
usergwe51ofl5q|2026-04-05|LINKSHARE,usergwe51ofl5q,2026-04-05,LINKSHARE,79.9,6.39,1,1
.familiapimentel|2026-04-05|VIDEO,.familiapimentel,2026-04-05,VIDEO,79.9,7.99,1,1
clubedamenopausa|2026-04-05|SHOP,clubedamenopausa,2026-04-05,SHOP,79.9,7.99,1,1
ingridcreator|2026-04-05|LIVE,ingridcreator,2026-04-05,LIVE,79.9,7.99,1,1
monique_shopp|2026-04-05|VIDEO,monique_shopp,2026-04-05,VIDEO,79.9,7.99,1,1
danijeans|2026-04-05|LIVE,danijeans,2026-04-05,LIVE,79.9,7.99,1,1
eduardadailyx|2026-04-05|VIDEO,eduardadailyx,2026-04-05,VIDEO,79.9,6.39,1,1
_mariafernandagd|2026-04-05|LINKSHARE,_mariafernandagd,2026-04-05,LINKSHARE,79.9,6.39,1,1
gabipinh_|2026-04-05|LINKSHARE,gabipinh_,2026-04-05,LINKSHARE,72.19,5.78,1,1
cintia.thies|2026-04-05|VIDEO,cintia.thies,2026-04-05,VIDEO,72.19,7.22,1,1
lozershop.shoppe|2026-04-05|VIDEO,lozershop.shoppe,2026-04-05,VIDEO,72.19,7.22,1,1
jess.jan22|2026-04-05|VIDEO,jess.jan22,2026-04-05,VIDEO,72.19,7.22,1,1
marisa.vianad|2026-04-05|LIVE,marisa.vianad,2026-04-05,LIVE,69.99,5.6,1,1
psi.mirellarodrigues|2026-04-06|LIVE,psi.mirellarodrigues,2026-04-06,LIVE,9258.23,925.94,111,123
tacianecreator|2026-04-06|VIDEO,tacianecreator,2026-04-06,VIDEO,3932.15,112.37,45,49
thainabeautyoficial|2026-04-06|VIDEO,thainabeautyoficial,2026-04-06,VIDEO,1822.28,78.36,23,23
ericamcabeluda|2026-04-06|VIDEO,ericamcabeluda,2026-04-06,VIDEO,1582.58,119.08,20,20
alinecavanellas|2026-04-06|VIDEO,alinecavanellas,2026-04-06,VIDEO,1458.4,69.92,16,16
natmarquesvi|2026-04-06|VIDEO,natmarquesvi,2026-04-06,VIDEO,956.28,80.94,9,11
laianenovaisss|2026-04-06|VIDEO,laianenovaisss,2026-04-06,VIDEO,951.09,31.19,12,12
pattylazzarotto|2026-04-06|VIDEO,pattylazzarotto,2026-04-06,VIDEO,814.0,15.98,10,10
adv.dayane|2026-04-06|LIVE,adv.dayane,2026-04-06,LIVE,719.9,72.0,8,10
.familiapimentel|2026-04-06|VIDEO,.familiapimentel,2026-04-06,VIDEO,639.2,15.98,7,8
numarchi|2026-04-06|VIDEO,numarchi,2026-04-06,VIDEO,623.87,46.4,8,8
brunasilvaindica|2026-04-06|LIVE,brunasilvaindica,2026-04-06,LIVE,559.3,55.93,7,7
fggutyy2|2026-04-06|VIDEO,fggutyy2,2026-04-06,VIDEO,479.4,0.0,5,6
someoneduda|2026-04-06|VIDEO,someoneduda,2026-04-06,VIDEO,479.4,23.97,6,6
tacianecreator|2026-04-06|LIVE,tacianecreator,2026-04-06,LIVE,369.86,36.99,5,5
tacirecomenda|2026-04-06|VIDEO,tacirecomenda,2026-04-06,VIDEO,339.78,33.98,2,4
natmarquesvi|2026-04-06|LIVE,natmarquesvi,2026-04-06,LIVE,284.87,31.39,4,4
leticiatsec|2026-04-06|VIDEO,leticiatsec,2026-04-06,VIDEO,284.7,28.47,3,3
familiamichelon|2026-04-06|SHOP,familiamichelon,2026-04-06,SHOP,239.7,19.17,1,3
escuta.amiga|2026-04-06|VIDEO,escuta.amiga,2026-04-06,VIDEO,239.7,0.0,3,3
bialuzzmodas|2026-04-06|VIDEO,bialuzzmodas,2026-04-06,VIDEO,231.99,7.22,3,3
eu.lidiannemartins|2026-04-06|VIDEO,eu.lidiannemartins,2026-04-06,VIDEO,189.8,0.0,2,2
leiliferminiano|2026-04-06|LIVE,leiliferminiano,2026-04-06,LIVE,184.89,14.79,2,2
francruz.26|2026-04-06|VIDEO,francruz.26,2026-04-06,VIDEO,174.8,7.99,2,2
thami.brambilla|2026-04-06|VIDEO,thami.brambilla,2026-04-06,VIDEO,159.8,7.99,2,2
lidikpf6|2026-04-06|VIDEO,lidikpf6,2026-04-06,VIDEO,159.8,15.98,2,2
arenatajardim|2026-04-06|VIDEO,arenatajardim,2026-04-06,VIDEO,159.8,15.98,2,2
dicasdathayoficial|2026-04-06|VIDEO,dicasdathayoficial,2026-04-06,VIDEO,159.8,7.99,2,2
gleysaaguiar|2026-04-06|VIDEO,gleysaaguiar,2026-04-06,VIDEO,159.8,0.0,2,2
fernanda.caio.anthony7|2026-04-06|LINKSHARE,fernanda.caio.anthony7,2026-04-06,LINKSHARE,144.38,11.56,1,2
luanamagnacardoso|2026-04-06|LIVE,luanamagnacardoso,2026-04-06,LIVE,119.98,12.0,2,2
nati_sus|2026-04-06|VIDEO,nati_sus,2026-04-06,VIDEO,94.9,9.49,1,1
xhep4|2026-04-06|VIDEO,xhep4,2026-04-06,VIDEO,94.9,0.0,1,1
amandaorbite|2026-04-06|VIDEO,amandaorbite,2026-04-06,VIDEO,94.9,0.0,1,1
vso_viih|2026-04-06|SHOP,vso_viih,2026-04-06,SHOP,94.9,9.49,1,1
jesialvescreator|2026-04-06|VIDEO,jesialvescreator,2026-04-06,VIDEO,79.99,8.0,1,1
danijeans|2026-04-06|VIDEO,danijeans,2026-04-06,VIDEO,79.99,8.0,1,1
dailycah08|2026-04-06|VIDEO,dailycah08,2026-04-06,VIDEO,79.99,8.0,1,1
maritips_|2026-04-06|VIDEO,maritips_,2026-04-06,VIDEO,79.9,7.99,1,1
adv.dayane|2026-04-06|VIDEO,adv.dayane,2026-04-06,VIDEO,79.9,7.99,1,1
psi.mirellarodrigues|2026-04-06|VIDEO,psi.mirellarodrigues,2026-04-06,VIDEO,79.9,0.0,1,1
maelycustodio|2026-04-06|VIDEO,maelycustodio,2026-04-06,VIDEO,79.9,7.99,1,1
matheuslimashop|2026-04-06|VIDEO,matheuslimashop,2026-04-06,VIDEO,79.9,0.0,1,1
carolrossoni|2026-04-06|VIDEO,carolrossoni,2026-04-06,VIDEO,79.9,7.99,1,1
compreia|2026-04-06|VIDEO,compreia,2026-04-06,VIDEO,79.9,7.99,1,1
mariaaugustareiss|2026-04-06|VIDEO,mariaaugustareiss,2026-04-06,VIDEO,79.9,7.99,1,1
drielly.ferreira_creator|2026-04-06|LIVE,drielly.ferreira_creator,2026-04-06,LIVE,79.9,7.99,1,1
cvs96shop|2026-04-06|VIDEO,cvs96shop,2026-04-06,VIDEO,79.9,7.99,1,1
amandawenzel_|2026-04-06|VIDEO,amandawenzel_,2026-04-06,VIDEO,79.9,7.99,1,1
hitalasantiago|2026-04-06|VIDEO,hitalasantiago,2026-04-06,VIDEO,79.9,7.99,1,1
cliciamerces25|2026-04-06|VIDEO,cliciamerces25,2026-04-06,VIDEO,79.9,7.99,1,1
gabbizie|2026-04-06|VIDEO,gabbizie,2026-04-06,VIDEO,79.9,7.99,1,1
_mareiis|2026-04-06|LIVE,_mareiis,2026-04-06,LIVE,69.99,7.0,1,1
natmarquesvi|2026-04-07|LIVE,natmarquesvi,2026-04-07,LIVE,5285.56,504.94,68,74
thainabeautyoficial|2026-04-07|VIDEO,thainabeautyoficial,2026-04-07,VIDEO,1757.8,111.86,20,22
tacianecreator|2026-04-07|VIDEO,tacianecreator,2026-04-07,VIDEO,1362.55,78.32,17,17
ericamcabeluda|2026-04-07|VIDEO,ericamcabeluda,2026-04-07,VIDEO,1118.6,79.9,14,14
laianenovaisss|2026-04-07|VIDEO,laianenovaisss,2026-04-07,VIDEO,791.29,71.14,9,10
pattylazzarotto|2026-04-07|VIDEO,pattylazzarotto,2026-04-07,VIDEO,718.68,22.43,9,9
natmarquesvi|2026-04-07|VIDEO,natmarquesvi,2026-04-07,VIDEO,664.47,38.96,8,8
thami.brambilla|2026-04-07|VIDEO,thami.brambilla,2026-04-07,VIDEO,457.59,47.17,5,5
alinecavanellas|2026-04-07|VIDEO,alinecavanellas,2026-04-07,VIDEO,429.5,42.95,5,5
gabbizie|2026-04-07|VIDEO,gabbizie,2026-04-07,VIDEO,421.79,42.18,5,5
psi.mirellarodrigues|2026-04-07|LIVE,psi.mirellarodrigues,2026-04-07,LIVE,404.59,40.46,5,5
sarahemanuelys|2026-04-07|LINKSHARE,sarahemanuelys,2026-04-07,LINKSHARE,399.5,20.0,1,5
escuta.amiga|2026-04-07|VIDEO,escuta.amiga,2026-04-07,VIDEO,391.79,23.97,5,5
adv.dayane|2026-04-07|LIVE,adv.dayane,2026-04-07,LIVE,369.86,36.99,5,5
numarchi|2026-04-07|VIDEO,numarchi,2026-04-07,VIDEO,312.07,23.21,4,4
eu.lidiannemartins|2026-04-07|VIDEO,eu.lidiannemartins,2026-04-07,VIDEO,284.7,9.49,2,3
nati_sus|2026-04-07|VIDEO,nati_sus,2026-04-07,VIDEO,284.7,28.47,3,3
monica.nunes98|2026-04-07|LIVE,monica.nunes98,2026-04-07,LIVE,279.96,28.0,3,4
lidikpf6|2026-04-07|VIDEO,lidikpf6,2026-04-07,VIDEO,239.7,15.98,3,3
silsantiagotrc|2026-04-07|VIDEO,silsantiagotrc,2026-04-07,VIDEO,239.7,23.97,3,3
.familiapimentel|2026-04-07|VIDEO,.familiapimentel,2026-04-07,VIDEO,239.7,7.99,3,3
tacianecreator|2026-04-07|LIVE,tacianecreator,2026-04-07,LIVE,219.88,21.99,3,3
maryalves.euu|2026-04-07|LIVE,maryalves.euu,2026-04-07,LIVE,159.8,12.78,2,2
arenatajardim|2026-04-07|VIDEO,arenatajardim,2026-04-07,VIDEO,159.8,15.98,2,2
psi.mirellarodrigues|2026-04-07|VIDEO,psi.mirellarodrigues,2026-04-07,VIDEO,159.8,7.99,2,2
hitalasantiago|2026-04-07|VIDEO,hitalasantiago,2026-04-07,VIDEO,159.8,0.0,2,2
amandaorbite|2026-04-07|LIVE,amandaorbite,2026-04-07,LIVE,94.9,9.49,1,1
adv.dayane|2026-04-07|VIDEO,adv.dayane,2026-04-07,VIDEO,94.9,9.49,1,1
gomeseliane13|2026-04-07|VIDEO,gomeseliane13,2026-04-07,VIDEO,94.9,9.49,1,1
jessicamesant|2026-04-07|VIDEO,jessicamesant,2026-04-07,VIDEO,94.9,0.0,1,1
monicap.pereira|2026-04-07|VIDEO,monicap.pereira,2026-04-07,VIDEO,94.9,0.0,1,1
anasantana.pires|2026-04-07|SHOP,anasantana.pires,2026-04-07,SHOP,79.9,7.99,1,1
sarahemanuelys|2026-04-07|LIVE,sarahemanuelys,2026-04-07,LIVE,79.9,7.99,1,1
ajenifermilagres|2026-04-07|SHOP,ajenifermilagres,2026-04-07,SHOP,79.9,6.39,1,1
mirellavilas|2026-04-07|SHOP,mirellavilas,2026-04-07,SHOP,79.9,7.99,1,1
deiarealiza|2026-04-07|SHOP,deiarealiza,2026-04-07,SHOP,79.9,6.39,1,1
redlampes|2026-04-07|LIVE,redlampes,2026-04-07,LIVE,79.9,7.99,1,1
jackmundomabu|2026-04-07|LIVE,jackmundomabu,2026-04-07,LIVE,79.9,7.99,1,1
gleysaaguiar|2026-04-07|VIDEO,gleysaaguiar,2026-04-07,VIDEO,79.9,7.99,1,1
gab_caroline|2026-04-07|VIDEO,gab_caroline,2026-04-07,VIDEO,79.9,7.99,1,1
jehfigueiredocreator|2026-04-07|VIDEO,jehfigueiredocreator,2026-04-07,VIDEO,79.9,7.99,1,1
francruz.26|2026-04-07|VIDEO,francruz.26,2026-04-07,VIDEO,79.9,7.99,1,1
elianemachado47|2026-04-07|VIDEO,elianemachado47,2026-04-07,VIDEO,79.9,7.99,1,1
dai70993|2026-04-07|LINKSHARE,dai70993,2026-04-07,LINKSHARE,79.9,7.99,1,1
lari.quaresma|2026-04-07|VIDEO,lari.quaresma,2026-04-07,VIDEO,79.9,7.99,1,1
mariaaugustareiss|2026-04-07|VIDEO,mariaaugustareiss,2026-04-07,VIDEO,79.9,7.99,1,1
marcelo.o.oliveira|2026-04-07|VIDEO,marcelo.o.oliveira,2026-04-07,VIDEO,79.9,7.99,1,1
familialiu|2026-04-07|VIDEO,familialiu,2026-04-07,VIDEO,79.9,7.99,1,1
yaponts|2026-04-07|VIDEO,yaponts,2026-04-07,VIDEO,79.9,7.99,1,1
someoneduda|2026-04-07|VIDEO,someoneduda,2026-04-07,VIDEO,79.9,0.0,1,1
bialuzzmodas|2026-04-07|VIDEO,bialuzzmodas,2026-04-07,VIDEO,79.9,7.99,1,1
_mareiis|2026-04-07|LIVE,_mareiis,2026-04-07,LIVE,69.99,7.0,1,1
luanamagnacardoso|2026-04-07|LIVE,luanamagnacardoso,2026-04-07,LIVE,69.99,7.0,1,1
tacianecreator|2026-04-08|VIDEO,tacianecreator,2026-04-08,VIDEO,4074.06,87.85,50,51
adv.dayane|2026-04-08|LIVE,adv.dayane,2026-04-08,LIVE,3570.13,357.05,46,48
thainabeautyoficial|2026-04-08|VIDEO,thainabeautyoficial,2026-04-08,VIDEO,3028.67,111.88,37,38
ericamcabeluda|2026-04-08|VIDEO,ericamcabeluda,2026-04-08,VIDEO,2061.98,143.05,26,26
laianenovaisss|2026-04-08|VIDEO,laianenovaisss,2026-04-08,VIDEO,1820.08,95.11,23,23
pattylazzarotto|2026-04-08|VIDEO,pattylazzarotto,2026-04-08,VIDEO,1685.19,48.67,21,21
psi.mirellarodrigues|2026-04-08|LIVE,psi.mirellarodrigues,2026-04-08,LIVE,1609.61,160.98,21,21
alinecavanellas|2026-04-08|VIDEO,alinecavanellas,2026-04-08,VIDEO,1553.3,82.41,15,17
gleysaaguiar|2026-04-08|VIDEO,gleysaaguiar,2026-04-08,VIDEO,931.27,7.99,5,12
numarchi|2026-04-08|VIDEO,numarchi,2026-04-08,VIDEO,623.87,54.4,7,8
francruz.26|2026-04-08|VIDEO,francruz.26,2026-04-08,VIDEO,414.5,41.45,5,5
someoneduda|2026-04-08|VIDEO,someoneduda,2026-04-08,VIDEO,399.5,15.98,5,5
monicap.pereira|2026-04-08|VIDEO,monicap.pereira,2026-04-08,VIDEO,379.6,0.0,4,4
leticiatsec|2026-04-08|VIDEO,leticiatsec,2026-04-08,VIDEO,379.6,37.96,4,4
thami.brambilla|2026-04-08|VIDEO,thami.brambilla,2026-04-08,VIDEO,349.6,35.43,4,4
natmarquesvi|2026-04-08|LIVE,natmarquesvi,2026-04-08,LIVE,299.78,29.98,4,4
neldicasdemoda|2026-04-08|VIDEO,neldicasdemoda,2026-04-08,VIDEO,288.76,28.88,1,4
nati_sus|2026-04-08|VIDEO,nati_sus,2026-04-08,VIDEO,269.79,26.98,3,3
hitalasantiago|2026-04-08|VIDEO,hitalasantiago,2026-04-08,VIDEO,239.7,0.0,3,3
tacianecreator|2026-04-08|LIVE,tacianecreator,2026-04-08,LIVE,234.88,23.49,3,3
.familiapimentel|2026-04-08|VIDEO,.familiapimentel,2026-04-08,VIDEO,231.99,7.22,3,3
gabbizie|2026-04-08|VIDEO,gabbizie,2026-04-08,VIDEO,231.99,23.2,3,3
_mareiis|2026-04-08|LIVE,_mareiis,2026-04-08,LIVE,209.97,21.0,2,3
jessicamesant|2026-04-08|VIDEO,jessicamesant,2026-04-08,VIDEO,189.8,18.98,2,2
dudabetiatoo|2026-04-08|SHOP,dudabetiatoo,2026-04-08,SHOP,184.89,18.49,1,2
natmarquesvi|2026-04-08|VIDEO,natmarquesvi,2026-04-08,VIDEO,159.8,15.98,2,2
amarishopcreator|2026-04-08|VIDEO,amarishopcreator,2026-04-08,VIDEO,159.8,15.98,2,2
arenatajardim|2026-04-08|VIDEO,arenatajardim,2026-04-08,VIDEO,159.8,15.98,2,2
taniaribeiro_creator|2026-04-08|VIDEO,taniaribeiro_creator,2026-04-08,VIDEO,159.8,0.0,2,2
leiliferminiano|2026-04-08|LIVE,leiliferminiano,2026-04-08,LIVE,159.8,12.78,2,2
adv.dayane|2026-04-08|SHOP,adv.dayane,2026-04-08,SHOP,94.9,9.49,1,1
ana.fernnandes|2026-04-08|VIDEO,ana.fernnandes,2026-04-08,VIDEO,94.9,9.49,1,1
yasmin.aoliveira|2026-04-08|VIDEO,yasmin.aoliveira,2026-04-08,VIDEO,94.9,0.0,1,1
robertakguilherme|2026-04-08|VIDEO,robertakguilherme,2026-04-08,VIDEO,94.9,9.49,1,1
karinalorenzetii|2026-04-08|VIDEO,karinalorenzetii,2026-04-08,VIDEO,82.9,8.29,1,1
fggutyy2|2026-04-08|VIDEO,fggutyy2,2026-04-08,VIDEO,79.9,0.0,1,1
raianaoikiacreatorshop|2026-04-08|SHOP,raianaoikiacreatorshop,2026-04-08,SHOP,79.9,7.99,1,1
gabibarrettto|2026-04-08|SHOP,gabibarrettto,2026-04-08,SHOP,79.9,7.99,1,1
ee2ut0l0r4|2026-04-08|VIDEO,ee2ut0l0r4,2026-04-08,VIDEO,79.9,7.99,1,1
psi.mirellarodrigues|2026-04-08|VIDEO,psi.mirellarodrigues,2026-04-08,VIDEO,79.9,0.0,1,1
lidikpf6|2026-04-08|VIDEO,lidikpf6,2026-04-08,VIDEO,79.9,7.99,1,1
carinaba89|2026-04-08|SHOP,carinaba89,2026-04-08,SHOP,79.9,7.99,1,1
bialuzzmodas|2026-04-08|VIDEO,bialuzzmodas,2026-04-08,VIDEO,79.9,7.99,1,1
patriciatavares.beauty|2026-04-08|VIDEO,patriciatavares.beauty,2026-04-08,VIDEO,79.9,6.39,1,1
mariaaugustareiss|2026-04-08|VIDEO,mariaaugustareiss,2026-04-08,VIDEO,79.9,7.99,1,1
silsantiagotrc|2026-04-08|VIDEO,silsantiagotrc,2026-04-08,VIDEO,79.9,7.99,1,1
akello.nunes|2026-04-08|LIVE,akello.nunes,2026-04-08,LIVE,79.9,7.99,1,1
maritips_|2026-04-08|VIDEO,maritips_,2026-04-08,VIDEO,79.9,7.99,1,1
gab_caroline|2026-04-08|VIDEO,gab_caroline,2026-04-08,VIDEO,79.9,7.99,1,1
lu_dias10|2026-04-08|LIVE,lu_dias10,2026-04-08,LIVE,79.9,7.99,1,1
patriciaborgeslive|2026-04-08|LIVE,patriciaborgeslive,2026-04-08,LIVE,79.9,7.99,1,1
angelatimburi|2026-04-08|SHOP,angelatimburi,2026-04-08,SHOP,79.9,7.99,1,1
marcelo.o.oliveira|2026-04-08|VIDEO,marcelo.o.oliveira,2026-04-08,VIDEO,79.9,7.99,1,1
dicasdathayoficial|2026-04-08|VIDEO,dicasdathayoficial,2026-04-08,VIDEO,79.9,7.99,1,1
barbaramirandashop|2026-04-08|VIDEO,barbaramirandashop,2026-04-08,VIDEO,79.9,7.99,1,1
dpaula57|2026-04-08|VIDEO,dpaula57,2026-04-08,VIDEO,79.9,7.99,1,1
escuta.amiga|2026-04-08|VIDEO,escuta.amiga,2026-04-08,VIDEO,79.9,7.99,1,1
motta.lu|2026-04-08|SHOP,motta.lu,2026-04-08,SHOP,79.9,7.99,1,1
marisa.vianad|2026-04-08|LIVE,marisa.vianad,2026-04-08,LIVE,79.9,6.39,1,1
kakachic.shop|2026-04-08|SHOP,kakachic.shop,2026-04-08,SHOP,79.9,7.99,1,1
compreia|2026-04-08|VIDEO,compreia,2026-04-08,VIDEO,79.9,7.99,1,1
lohaannaverlingue|2026-04-08|SHOP,lohaannaverlingue,2026-04-08,SHOP,79.9,7.99,1,1
lohaannaverlingue|2026-04-08|LINKSHARE,lohaannaverlingue,2026-04-08,LINKSHARE,72.19,7.22,1,1
davyllag|2026-04-08|LIVE,davyllag,2026-04-08,LIVE,69.99,7.0,1,1
tacianecreator|2026-04-09|VIDEO,tacianecreator,2026-04-09,VIDEO,5247.85,129.31,60,64
thainabeautyoficial|2026-04-09|VIDEO,thainabeautyoficial,2026-04-09,VIDEO,2933.17,78.36,36,37
laianenovaisss|2026-04-09|VIDEO,laianenovaisss,2026-04-09,VIDEO,2061.56,80.63,26,26
psi.mirellarodrigues|2026-04-09|LIVE,psi.mirellarodrigues,2026-04-09,LIVE,2004.29,200.45,25,26
pattylazzarotto|2026-04-09|VIDEO,pattylazzarotto,2026-04-09,VIDEO,1532.26,74.14,19,19
ericamcabeluda|2026-04-09|VIDEO,ericamcabeluda,2026-04-09,VIDEO,1456.42,129.67,17,19
alinecavanellas|2026-04-09|VIDEO,alinecavanellas,2026-04-09,VIDEO,1223.6,34.96,14,14
natmarquesvi|2026-04-09|VIDEO,natmarquesvi,2026-04-09,VIDEO,1008.98,63.92,12,12
monicap.pereira|2026-04-09|VIDEO,monicap.pereira,2026-04-09,VIDEO,854.1,37.96,9,9
escuta.amiga|2026-04-09|VIDEO,escuta.amiga,2026-04-09,VIDEO,479.4,0.0,6,6
lidikpf6|2026-04-09|VIDEO,lidikpf6,2026-04-09,VIDEO,471.69,39.18,6,6
.familiapimentel|2026-04-09|VIDEO,.familiapimentel,2026-04-09,VIDEO,471.69,15.21,6,6
numarchi|2026-04-09|VIDEO,numarchi,2026-04-09,VIDEO,471.69,39.18,6,6
brunasilvaindica|2026-04-09|LIVE,brunasilvaindica,2026-04-09,LIVE,471.69,47.17,6,6
gab_caroline|2026-04-09|VIDEO,gab_caroline,2026-04-09,VIDEO,319.6,31.96,4,4
gleysaaguiar|2026-04-09|VIDEO,gleysaaguiar,2026-04-09,VIDEO,319.6,0.0,4,4
someoneduda|2026-04-09|VIDEO,someoneduda,2026-04-09,VIDEO,319.6,7.99,4,4
francruz.26|2026-04-09|VIDEO,francruz.26,2026-04-09,VIDEO,239.7,23.97,3,3
gabrielaf011|2026-04-09|VIDEO,gabrielaf011,2026-04-09,VIDEO,239.7,23.97,2,3
bialuzzmodas|2026-04-09|VIDEO,bialuzzmodas,2026-04-09,VIDEO,239.7,15.98,3,3
jessicamesant|2026-04-09|VIDEO,jessicamesant,2026-04-09,VIDEO,231.99,23.2,3,3
natmarquesvi|2026-04-09|LIVE,natmarquesvi,2026-04-09,LIVE,229.79,22.98,3,3
nati_sus|2026-04-09|VIDEO,nati_sus,2026-04-09,VIDEO,189.8,18.98,2,2
leiliferminiano|2026-04-09|LIVE,leiliferminiano,2026-04-09,LIVE,174.8,13.98,2,2
essenciadani|2026-04-09|VIDEO,essenciadani,2026-04-09,VIDEO,159.98,16.0,2,2
gabbizie|2026-04-09|VIDEO,gabbizie,2026-04-09,VIDEO,159.8,15.98,2,2
lari.quaresma|2026-04-09|VIDEO,lari.quaresma,2026-04-09,VIDEO,159.8,7.99,2,2
thami.brambilla|2026-04-09|VIDEO,thami.brambilla,2026-04-09,VIDEO,159.8,15.98,2,2
arenatajardim|2026-04-09|VIDEO,arenatajardim,2026-04-09,VIDEO,159.8,15.98,2,2
silsantiagotrc|2026-04-09|VIDEO,silsantiagotrc,2026-04-09,VIDEO,159.8,15.98,2,2
akello.nunes|2026-04-09|LIVE,akello.nunes,2026-04-09,LIVE,159.8,15.98,1,2
fggutyy2|2026-04-09|VIDEO,fggutyy2,2026-04-09,VIDEO,159.8,0.0,2,2
universodascalcas|2026-04-09|SHOP,universodascalcas,2026-04-09,SHOP,159.8,12.78,1,2
jesialvescreator|2026-04-09|VIDEO,jesialvescreator,2026-04-09,VIDEO,94.9,9.49,1,1
ana.fernnandes|2026-04-09|VIDEO,ana.fernnandes,2026-04-09,VIDEO,94.9,0.0,1,1
leticiatsec|2026-04-09|VIDEO,leticiatsec,2026-04-09,VIDEO,94.9,9.49,1,1
yasmin.aoliveira|2026-04-09|VIDEO,yasmin.aoliveira,2026-04-09,VIDEO,94.9,9.49,1,1
laryoliveiira_|2026-04-09|LIVE,laryoliveiira_,2026-04-09,LIVE,94.9,9.49,1,1
eu.lidiannemartins|2026-04-09|VIDEO,eu.lidiannemartins,2026-04-09,VIDEO,94.9,0.0,1,1
isapires.indica|2026-04-09|VIDEO,isapires.indica,2026-04-09,VIDEO,94.9,9.49,1,1
stella.maria83|2026-04-09|VIDEO,stella.maria83,2026-04-09,VIDEO,79.99,8.0,1,1
pattylazzarotto|2026-04-09|SHOP,pattylazzarotto,2026-04-09,SHOP,79.99,8.0,1,1
causandocharme_nb|2026-04-09|LINKSHARE,causandocharme_nb,2026-04-09,LINKSHARE,79.9,7.99,1,1
barbaramirandashop|2026-04-09|VIDEO,barbaramirandashop,2026-04-09,VIDEO,79.9,7.99,1,1
danijeans|2026-04-09|VIDEO,danijeans,2026-04-09,VIDEO,79.9,7.99,1,1
emanuelli.massi|2026-04-09|LIVE,emanuelli.massi,2026-04-09,LIVE,79.9,7.99,1,1
estilo.de.milhoes|2026-04-09|LIVE,estilo.de.milhoes,2026-04-09,LIVE,79.9,7.99,1,1
dailysecretzzz|2026-04-09|SHOP,dailysecretzzz,2026-04-09,SHOP,79.9,6.39,1,1
amarishopcreator|2026-04-09|VIDEO,amarishopcreator,2026-04-09,VIDEO,79.9,7.99,1,1
mariaaugustareiss|2026-04-09|VIDEO,mariaaugustareiss,2026-04-09,VIDEO,79.9,7.99,1,1
tamaraonlive|2026-04-09|SHOP,tamaraonlive,2026-04-09,SHOP,79.9,7.99,1,1
adv.dayane|2026-04-09|LIVE,adv.dayane,2026-04-09,LIVE,79.9,7.99,1,1
_mariafernandagd|2026-04-09|LINKSHARE,_mariafernandagd,2026-04-09,LINKSHARE,79.9,6.39,1,1
maciel.bre|2026-04-09|VIDEO,maciel.bre,2026-04-09,VIDEO,79.9,7.99,1,1
diarioda_juu|2026-04-09|VIDEO,diarioda_juu,2026-04-09,VIDEO,79.9,0.0,1,1
alerodrigues.shop|2026-04-09|SHOP,alerodrigues.shop,2026-04-09,SHOP,79.9,7.99,1,1
yaponts|2026-04-09|VIDEO,yaponts,2026-04-09,VIDEO,79.9,7.99,1,1
ingridcreator|2026-04-09|LIVE,ingridcreator,2026-04-09,LIVE,79.9,7.99,1,1
mariaeduardakguilherme|2026-04-09|VIDEO,mariaeduardakguilherme,2026-04-09,VIDEO,79.9,7.99,1,1
nataliacruviinel|2026-04-09|LIVE,nataliacruviinel,2026-04-09,LIVE,79.9,7.99,1,1
familialiu|2026-04-09|VIDEO,familialiu,2026-04-09,VIDEO,79.9,7.99,1,1
clau_1604|2026-04-09|LINKSHARE,clau_1604,2026-04-09,LINKSHARE,79.9,7.99,1,1
laizaborgesf|2026-04-09|LINKSHARE,laizaborgesf,2026-04-09,LINKSHARE,72.19,5.78,1,1
taniaribeiro_creator|2026-04-09|VIDEO,taniaribeiro_creator,2026-04-09,VIDEO,72.19,7.22,1,1
euvivianeborges|2026-04-09|LINKSHARE,euvivianeborges,2026-04-09,LINKSHARE,72.19,7.22,1,1
tacianecreator|2026-04-09|LIVE,tacianecreator,2026-04-09,LIVE,69.99,7.0,1,1
tacianecreator|2026-04-10|LIVE,tacianecreator,2026-04-10,LIVE,3969.17,360.98,52,56
tacianecreator|2026-04-10|VIDEO,tacianecreator,2026-04-10,VIDEO,3242.02,117.54,38,41
thainabeautyoficial|2026-04-10|VIDEO,thainabeautyoficial,2026-04-10,VIDEO,2061.98,63.15,26,26
psi.mirellarodrigues|2026-04-10|LIVE,psi.mirellarodrigues,2026-04-10,LIVE,1109.76,110.99,15,15
ericamcabeluda|2026-04-10|VIDEO,ericamcabeluda,2026-04-10,VIDEO,1023.28,94.34,13,13
laianenovaisss|2026-04-10|VIDEO,laianenovaisss,2026-04-10,VIDEO,863.48,38.41,10,11
pattylazzarotto|2026-04-10|VIDEO,pattylazzarotto,2026-04-10,VIDEO,821.29,32.69,10,10
natmarquesvi|2026-04-10|VIDEO,natmarquesvi,2026-04-10,VIDEO,794.64,24.98,9,9
escuta.amiga|2026-04-10|LIVE,escuta.amiga,2026-04-10,LIVE,775.87,77.59,10,10
numarchi|2026-04-10|VIDEO,numarchi,2026-04-10,VIDEO,479.49,39.96,6,6
nati_sus|2026-04-10|VIDEO,nati_sus,2026-04-10,VIDEO,474.5,47.45,4,5
natmarquesvi|2026-04-10|LIVE,natmarquesvi,2026-04-10,LIVE,439.76,43.98,6,6
alinecavanellas|2026-04-10|VIDEO,alinecavanellas,2026-04-10,VIDEO,429.5,33.46,5,5
someoneduda|2026-04-10|VIDEO,someoneduda,2026-04-10,VIDEO,399.5,15.98,5,5
bialuzzmodas|2026-04-10|VIDEO,bialuzzmodas,2026-04-10,VIDEO,384.08,30.42,5,5
monicap.pereira|2026-04-10|VIDEO,monicap.pereira,2026-04-10,VIDEO,379.6,0.0,4,4
jessicamesant|2026-04-10|VIDEO,jessicamesant,2026-04-10,VIDEO,374.69,18.98,4,4
chay.martns|2026-04-10|LIVE,chay.martns,2026-04-10,LIVE,319.6,25.56,1,4
gleysaaguiar|2026-04-10|VIDEO,gleysaaguiar,2026-04-10,VIDEO,239.7,7.99,3,3
lari.quaresma|2026-04-10|VIDEO,lari.quaresma,2026-04-10,VIDEO,239.7,23.97,2,3
arenatajardim|2026-04-10|VIDEO,arenatajardim,2026-04-10,VIDEO,239.7,23.97,3,3
irisvitrine|2026-04-10|LIVE,irisvitrine,2026-04-10,LIVE,229.79,18.38,3,3
gab_caroline|2026-04-10|VIDEO,gab_caroline,2026-04-10,VIDEO,229.79,22.98,3,3
yasmin.aoliveira|2026-04-10|VIDEO,yasmin.aoliveira,2026-04-10,VIDEO,189.8,9.49,2,2
adv.dayane|2026-04-10|LIVE,adv.dayane,2026-04-10,LIVE,159.8,15.98,2,2
escuta.amiga|2026-04-10|VIDEO,escuta.amiga,2026-04-10,VIDEO,159.8,7.99,2,2
hitalasantiago|2026-04-10|VIDEO,hitalasantiago,2026-04-10,VIDEO,159.8,0.0,2,2
lidikpf6|2026-04-10|VIDEO,lidikpf6,2026-04-10,VIDEO,159.8,7.99,2,2
.familiapimentel|2026-04-10|VIDEO,.familiapimentel,2026-04-10,VIDEO,159.8,0.0,2,2
maritips_|2026-04-10|VIDEO,maritips_,2026-04-10,VIDEO,152.09,15.21,2,2
barbaramirandashop|2026-04-10|VIDEO,barbaramirandashop,2026-04-10,VIDEO,144.38,14.44,2,2
danijeans|2026-04-10|LIVE,danijeans,2026-04-10,LIVE,139.98,14.0,2,2
laryoliveiira_|2026-04-10|VIDEO,laryoliveiira_,2026-04-10,VIDEO,94.9,0.0,1,1
alinemendespsi|2026-04-10|LIVE,alinemendespsi,2026-04-10,LIVE,94.9,9.49,1,1
leticiatsec|2026-04-10|VIDEO,leticiatsec,2026-04-10,VIDEO,94.9,9.49,1,1
mallenadepaula|2026-04-10|LIVE,mallenadepaula,2026-04-10,LIVE,94.9,9.49,1,1
laryoliveiira_|2026-04-10|LIVE,laryoliveiira_,2026-04-10,LIVE,94.9,9.49,1,1
monicaestephanio|2026-04-10|SHOP,monicaestephanio,2026-04-10,SHOP,94.9,9.49,1,1
eu.lidiannemartins|2026-04-10|VIDEO,eu.lidiannemartins,2026-04-10,VIDEO,94.9,9.49,1,1
francruz.26|2026-04-10|VIDEO,francruz.26,2026-04-10,VIDEO,89.99,0.0,1,1
gabbizie|2026-04-10|VIDEO,gabbizie,2026-04-10,VIDEO,89.99,0.0,1,1
taniaribeiro_creator|2026-04-10|VIDEO,taniaribeiro_creator,2026-04-10,VIDEO,79.9,7.99,1,1
priscilaluisasantos|2026-04-10|LINKSHARE,priscilaluisasantos,2026-04-10,LINKSHARE,79.9,6.39,1,1
crisglow6|2026-04-10|LINKSHARE,crisglow6,2026-04-10,LINKSHARE,79.9,7.99,1,1
carolrossoni|2026-04-10|VIDEO,carolrossoni,2026-04-10,VIDEO,79.9,7.99,1,1
karolcasapratica|2026-04-10|LINKSHARE,karolcasapratica,2026-04-10,LINKSHARE,79.9,6.39,1,1
vaniacardoso86|2026-04-10|SHOP,vaniacardoso86,2026-04-10,SHOP,79.9,6.39,1,1
psi.mirellarodrigues|2026-04-10|VIDEO,psi.mirellarodrigues,2026-04-10,VIDEO,79.9,0.0,1,1
aquilalemos2|2026-04-10|SHOP,aquilalemos2,2026-04-10,SHOP,79.9,7.99,1,1
mo.joanaa|2026-04-10|VIDEO,mo.joanaa,2026-04-10,VIDEO,79.9,7.99,1,1
silsantiagotrc|2026-04-10|VIDEO,silsantiagotrc,2026-04-10,VIDEO,79.9,7.99,1,1
larisshopcreator|2026-04-10|VIDEO,larisshopcreator,2026-04-10,VIDEO,79.9,7.99,1,1
lohaannaverlingue|2026-04-10|LINKSHARE,lohaannaverlingue,2026-04-10,LINKSHARE,79.9,7.99,1,1
shopvendas11|2026-04-10|SHOP,shopvendas11,2026-04-10,SHOP,79.9,6.39,1,1
espacodeboranayane|2026-04-10|LINKSHARE,espacodeboranayane,2026-04-10,LINKSHARE,72.19,7.22,1,1
psi.mirellarodrigues|2026-04-11|LIVE,psi.mirellarodrigues,2026-04-11,LIVE,7197.86,719.87,91,97
tacianecreator|2026-04-11|VIDEO,tacianecreator,2026-04-11,VIDEO,2187.3,34.96,26,27
ericamcabeluda|2026-04-11|VIDEO,ericamcabeluda,2026-04-11,VIDEO,1103.18,87.12,14,14
thainabeautyoficial|2026-04-11|VIDEO,thainabeautyoficial,2026-04-11,VIDEO,958.8,71.91,11,12
danijeans|2026-04-11|LIVE,danijeans,2026-04-11,LIVE,629.91,63.0,9,9
natmarquesvi|2026-04-11|LIVE,natmarquesvi,2026-04-11,LIVE,509.93,52.6,7,7
alinecavanellas|2026-04-11|VIDEO,alinecavanellas,2026-04-11,VIDEO,444.5,34.96,4,5
natmarquesvi|2026-04-11|VIDEO,natmarquesvi,2026-04-11,VIDEO,359.69,17.48,4,4
numarchi|2026-04-11|VIDEO,numarchi,2026-04-11,VIDEO,319.6,23.97,4,4
thami.brambilla|2026-04-11|VIDEO,thami.brambilla,2026-04-11,VIDEO,319.6,31.96,4,4
leticiatsec|2026-04-11|VIDEO,leticiatsec,2026-04-11,VIDEO,284.7,28.47,3,3
monicap.pereira|2026-04-11|VIDEO,monicap.pereira,2026-04-11,VIDEO,254.79,25.48,2,3
laianenovaisss|2026-04-11|VIDEO,laianenovaisss,2026-04-11,VIDEO,247.08,24.71,3,3
pattylazzarotto|2026-04-11|VIDEO,pattylazzarotto,2026-04-11,VIDEO,224.28,15.21,3,3
tacianecreator|2026-04-11|LIVE,tacianecreator,2026-04-11,LIVE,209.97,21.0,3,3
someoneduda|2026-04-11|VIDEO,someoneduda,2026-04-11,VIDEO,159.8,15.98,1,2
gabbizie|2026-04-11|VIDEO,gabbizie,2026-04-11,VIDEO,159.8,15.98,2,2
laizaborgesferrari|2026-04-11|LIVE,laizaborgesferrari,2026-04-11,LIVE,159.8,15.98,2,2
silsantiagotrc|2026-04-11|VIDEO,silsantiagotrc,2026-04-11,VIDEO,159.8,15.98,2,2
adanicardoso|2026-04-11|SHOP,adanicardoso,2026-04-11,SHOP,159.8,12.78,1,2
patricia.felipe.r8|2026-04-11|LIVE,patricia.felipe.r8,2026-04-11,LIVE,159.8,15.98,1,2
yoariadny|2026-04-11|LINKSHARE,yoariadny,2026-04-11,LINKSHARE,119.9,11.99,1,1
ml5lhbazc2|2026-04-11|VIDEO,ml5lhbazc2,2026-04-11,VIDEO,94.9,7.59,1,1
yasmin.aoliveira|2026-04-11|VIDEO,yasmin.aoliveira,2026-04-11,VIDEO,94.9,0.0,1,1
brunasilvaindica|2026-04-11|LIVE,brunasilvaindica,2026-04-11,LIVE,79.9,7.99,1,1
athaisfavero|2026-04-11|VIDEO,athaisfavero,2026-04-11,VIDEO,79.9,7.99,1,1
gislene.custodiosrv|2026-04-11|SHOP,gislene.custodiosrv,2026-04-11,SHOP,79.9,6.39,1,1
compreia|2026-04-11|VIDEO,compreia,2026-04-11,VIDEO,79.9,7.99,1,1
bbrualvess|2026-04-11|VIDEO,bbrualvess,2026-04-11,VIDEO,79.9,7.99,1,1
mah_baptista19|2026-04-11|SHOP,mah_baptista19,2026-04-11,SHOP,79.9,6.39,1,1
fggutyy2|2026-04-11|VIDEO,fggutyy2,2026-04-11,VIDEO,79.9,0.0,1,1
jd_top_shop|2026-04-11|SHOP,jd_top_shop,2026-04-11,SHOP,79.9,7.99,1,1
livia.gmcamargo|2026-04-11|VIDEO,livia.gmcamargo,2026-04-11,VIDEO,79.9,7.99,1,1
jessicamesant|2026-04-11|VIDEO,jessicamesant,2026-04-11,VIDEO,79.9,7.99,1,1
marinatheesr|2026-04-11|VIDEO,marinatheesr,2026-04-11,VIDEO,79.9,7.99,1,1
.familiapimentel|2026-04-11|VIDEO,.familiapimentel,2026-04-11,VIDEO,79.9,7.99,1,1
marcelo.o.oliveira|2026-04-11|VIDEO,marcelo.o.oliveira,2026-04-11,VIDEO,79.9,0.0,1,1
gleysaaguiar|2026-04-11|VIDEO,gleysaaguiar,2026-04-11,VIDEO,79.9,0.0,1,1
bialuzzmodas|2026-04-11|VIDEO,bialuzzmodas,2026-04-11,VIDEO,79.9,7.99,1,1
taniaribeiro_creator|2026-04-11|VIDEO,taniaribeiro_creator,2026-04-11,VIDEO,79.9,7.99,1,1
brunasilvaindica|2026-04-11|SHOP,brunasilvaindica,2026-04-11,SHOP,72.19,7.22,1,1
irisvitrine|2026-04-11|LIVE,irisvitrine,2026-04-11,LIVE,72.19,5.78,1,1
redlampes|2026-04-11|LIVE,redlampes,2026-04-11,LIVE,72.19,7.22,1,1
psi.mirellarodrigues|2026-04-12|LIVE,psi.mirellarodrigues,2026-04-12,LIVE,10350.05,1035.13,127,134
tacianecreator|2026-04-12|VIDEO,tacianecreator,2026-04-12,VIDEO,1203.17,78.87,14,15
numarchi|2026-04-12|VIDEO,numarchi,2026-04-12,VIDEO,631.49,63.15,8,8
thainabeautyoficial|2026-04-12|VIDEO,thainabeautyoficial,2026-04-12,VIDEO,551.59,55.16,6,7
alinecavanellas|2026-04-12|VIDEO,alinecavanellas,2026-04-12,VIDEO,509.4,50.94,5,6
nara.e.borges|2026-04-12|LIVE,nara.e.borges,2026-04-12,LIVE,489.49,39.15,5,6
natmarquesvi|2026-04-12|VIDEO,natmarquesvi,2026-04-12,VIDEO,486.78,48.68,6,6
ericamcabeluda|2026-04-12|VIDEO,ericamcabeluda,2026-04-12,VIDEO,479.4,47.94,6,6
.familiapimentel|2026-04-12|VIDEO,.familiapimentel,2026-04-12,VIDEO,319.6,15.98,3,4
pattylazzarotto|2026-04-12|VIDEO,pattylazzarotto,2026-04-12,VIDEO,319.6,31.96,4,4
laianenovaisss|2026-04-12|VIDEO,laianenovaisss,2026-04-12,VIDEO,319.6,31.96,4,4
someoneduda|2026-04-12|VIDEO,someoneduda,2026-04-12,VIDEO,239.7,15.98,3,3
natmarquesvi|2026-04-12|LIVE,natmarquesvi,2026-04-12,LIVE,229.88,22.99,3,3
jessicamesant|2026-04-12|VIDEO,jessicamesant,2026-04-12,VIDEO,189.8,18.98,2,2
isapires.indica|2026-04-12|LIVE,isapires.indica,2026-04-12,LIVE,189.8,18.98,2,2
lidikpf6|2026-04-12|VIDEO,lidikpf6,2026-04-12,VIDEO,159.8,15.98,2,2
gabbizie|2026-04-12|VIDEO,gabbizie,2026-04-12,VIDEO,159.8,15.98,2,2
arenatajardim|2026-04-12|VIDEO,arenatajardim,2026-04-12,VIDEO,159.8,15.98,2,2
escuta.amiga|2026-04-12|VIDEO,escuta.amiga,2026-04-12,VIDEO,159.8,15.98,2,2
nubiarodrigues8|2026-04-12|LIVE,nubiarodrigues8,2026-04-12,LIVE,79.9,7.99,1,1
compreia|2026-04-12|VIDEO,compreia,2026-04-12,VIDEO,79.9,7.99,1,1
ocasalempreendedor0|2026-04-12|LIVE,ocasalempreendedor0,2026-04-12,LIVE,79.9,6.39,1,1
larissapachecoindica|2026-04-12|VIDEO,larissapachecoindica,2026-04-12,VIDEO,79.9,7.99,1,1
vanessarrferreiraa|2026-04-12|SHOP,vanessarrferreiraa,2026-04-12,SHOP,79.9,7.99,1,1
thami.brambilla|2026-04-12|VIDEO,thami.brambilla,2026-04-12,VIDEO,79.9,7.99,1,1
ceciliamanttovani|2026-04-12|VIDEO,ceciliamanttovani,2026-04-12,VIDEO,79.9,7.99,1,1
rosianealmeida104|2026-04-12|LIVE,rosianealmeida104,2026-04-12,LIVE,79.9,7.99,1,1
marisa.vianad|2026-04-12|LIVE,marisa.vianad,2026-04-12,LIVE,79.9,6.39,1,1
karitas.devillart|2026-04-12|VIDEO,karitas.devillart,2026-04-12,VIDEO,79.9,7.99,1,1
shop.camilamartins|2026-04-12|SHOP,shop.camilamartins,2026-04-12,SHOP,79.9,7.99,1,1
alannalavinia.xavier|2026-04-12|LIVE,alannalavinia.xavier,2026-04-12,LIVE,79.9,6.39,1,1
talitabrazsouza|2026-04-12|LIVE,talitabrazsouza,2026-04-12,LIVE,79.9,7.99,1,1
neinhacourashop|2026-04-12|LIVE,neinhacourashop,2026-04-12,LIVE,79.9,7.99,1,1
diarioda_juu|2026-04-12|LINKSHARE,diarioda_juu,2026-04-12,LINKSHARE,72.19,7.22,1,1
athaisfavero|2026-04-12|SHOP,athaisfavero,2026-04-12,SHOP,72.19,7.22,1,1
psi.mirellarodrigues|2026-04-13|LIVE,psi.mirellarodrigues,2026-04-13,LIVE,2279.26,226.05,28,29
tacianecreator|2026-04-13|VIDEO,tacianecreator,2026-04-13,VIDEO,559.3,39.95,7,7
ericamcabeluda|2026-04-13|VIDEO,ericamcabeluda,2026-04-13,VIDEO,471.69,47.17,6,6
natmarquesvi|2026-04-13|VIDEO,natmarquesvi,2026-04-13,VIDEO,401.88,40.19,4,5
numarchi|2026-04-13|VIDEO,numarchi,2026-04-13,VIDEO,399.59,39.96,5,5
laianenovaisss|2026-04-13|VIDEO,laianenovaisss,2026-04-13,VIDEO,399.5,31.96,4,5
talitabrazsouza|2026-04-13|LIVE,talitabrazsouza,2026-04-13,LIVE,304.18,30.42,3,4
leticiatsec|2026-04-13|VIDEO,leticiatsec,2026-04-13,VIDEO,284.7,28.47,3,3
alinecavanellas|2026-04-13|VIDEO,alinecavanellas,2026-04-13,VIDEO,269.7,17.48,3,3
someoneduda|2026-04-13|VIDEO,someoneduda,2026-04-13,VIDEO,239.7,23.97,3,3
silsantiagotrc|2026-04-13|VIDEO,silsantiagotrc,2026-04-13,VIDEO,239.7,23.97,3,3
thainabeautyoficial|2026-04-13|VIDEO,thainabeautyoficial,2026-04-13,VIDEO,231.99,23.2,3,3
gabbizie|2026-04-13|VIDEO,gabbizie,2026-04-13,VIDEO,174.8,9.49,2,2
pattylazzarotto|2026-04-13|VIDEO,pattylazzarotto,2026-04-13,VIDEO,174.8,17.48,2,2
natmarquesvi|2026-04-13|LIVE,natmarquesvi,2026-04-13,LIVE,159.98,19.2,2,2
psi.mirellarodrigues|2026-04-13|VIDEO,psi.mirellarodrigues,2026-04-13,VIDEO,159.8,7.99,2,2
.familiapimentel|2026-04-13|VIDEO,.familiapimentel,2026-04-13,VIDEO,159.8,15.98,2,2
stte.__|2026-04-13|LIVE,stte.__,2026-04-13,LIVE,159.8,15.98,2,2
revendeshop|2026-04-13|VIDEO,revendeshop,2026-04-13,VIDEO,159.8,15.98,1,2
lidikpf6|2026-04-13|VIDEO,lidikpf6,2026-04-13,VIDEO,152.09,15.21,2,2
adv.dayane|2026-04-13|LIVE,adv.dayane,2026-04-13,LIVE,144.8,14.48,2,2
nati_sus|2026-04-13|VIDEO,nati_sus,2026-04-13,VIDEO,94.9,9.49,1,1
tacirecomenda|2026-04-13|VIDEO,tacirecomenda,2026-04-13,VIDEO,89.99,9.0,1,1
danijeans|2026-04-13|LIVE,danijeans,2026-04-13,LIVE,79.99,8.0,1,1
michellerocha.n|2026-04-13|VIDEO,michellerocha.n,2026-04-13,VIDEO,79.9,7.99,1,1
bentoshop|2026-04-13|VIDEO,bentoshop,2026-04-13,VIDEO,79.9,7.99,1,1
nara.e.borges|2026-04-13|LIVE,nara.e.borges,2026-04-13,LIVE,79.9,6.39,1,1
thami.brambilla|2026-04-13|VIDEO,thami.brambilla,2026-04-13,VIDEO,79.9,7.99,1,1
escuta.amiga|2026-04-13|LIVE,escuta.amiga,2026-04-13,LIVE,79.9,7.99,1,1
larisshopcreator|2026-04-13|VIDEO,larisshopcreator,2026-04-13,VIDEO,79.9,7.99,1,1
o.que.voce.faria.2026|2026-04-13|LINKSHARE,o.que.voce.faria.2026,2026-04-13,LINKSHARE,79.9,6.39,1,1
vivianepedrolife|2026-04-13|SHOP,vivianepedrolife,2026-04-13,SHOP,79.9,7.99,1,1
taniaribeiro_creator|2026-04-13|VIDEO,taniaribeiro_creator,2026-04-13,VIDEO,79.9,7.99,1,1
mendesamanda.m|2026-04-13|VIDEO,mendesamanda.m,2026-04-13,VIDEO,79.9,6.39,1,1
escuta.amiga|2026-04-13|VIDEO,escuta.amiga,2026-04-13,VIDEO,79.9,7.99,1,1
maryalves.euu|2026-04-13|LIVE,maryalves.euu,2026-04-13,LIVE,79.9,6.39,1,1
gab_caroline|2026-04-13|VIDEO,gab_caroline,2026-04-13,VIDEO,79.9,7.99,1,1
pattylazzarotto|2026-04-13|LINKSHARE,pattylazzarotto,2026-04-13,LINKSHARE,72.19,7.22,1,1
thaystuberr|2026-04-13|LINKSHARE,thaystuberr,2026-04-13,LINKSHARE,72.19,5.78,1,1
psi.mirellarodrigues|2026-04-14|LIVE,psi.mirellarodrigues,2026-04-14,LIVE,10677.42,1057.08,137,150
tacianecreator|2026-04-14|VIDEO,tacianecreator,2026-04-14,VIDEO,4478.23,118.27,54,56
thainabeautyoficial|2026-04-14|VIDEO,thainabeautyoficial,2026-04-14,VIDEO,3265.99,127.84,39,41
tacianecreator|2026-04-14|LIVE,tacianecreator,2026-04-14,LIVE,3159.46,294.99,41,45
laianenovaisss|2026-04-14|VIDEO,laianenovaisss,2026-04-14,VIDEO,2549.09,63.15,32,32
alinecavanellas|2026-04-14|VIDEO,alinecavanellas,2026-04-14,VIDEO,1823.0,49.44,20,20
pattylazzarotto|2026-04-14|VIDEO,pattylazzarotto,2026-04-14,VIDEO,1616.0,49.74,20,20
someoneduda|2026-04-14|VIDEO,someoneduda,2026-04-14,VIDEO,1438.2,15.98,18,18
ericamcabeluda|2026-04-14|VIDEO,ericamcabeluda,2026-04-14,VIDEO,1213.08,53.99,15,15
natmarquesvi|2026-04-14|VIDEO,natmarquesvi,2026-04-14,VIDEO,935.25,93.53,12,12
talitabrazsouza|2026-04-14|LIVE,talitabrazsouza,2026-04-14,LIVE,878.9,87.89,11,11
thami.brambilla|2026-04-14|VIDEO,thami.brambilla,2026-04-14,VIDEO,709.29,54.95,8,8
arenatajardim|2026-04-14|VIDEO,arenatajardim,2026-04-14,VIDEO,531.77,53.18,6,7
numarchi|2026-04-14|VIDEO,numarchi,2026-04-14,VIDEO,479.4,31.96,6,6
leticiatsec|2026-04-14|VIDEO,leticiatsec,2026-04-14,VIDEO,284.7,28.47,3,3
nati_sus|2026-04-14|VIDEO,nati_sus,2026-04-14,VIDEO,269.7,26.97,3,3
silsantiagotrc|2026-04-14|VIDEO,silsantiagotrc,2026-04-14,VIDEO,254.7,15.98,3,3
adv.dayane|2026-04-14|LIVE,adv.dayane,2026-04-14,LIVE,242.08,24.21,3,3
.familiapimentel|2026-04-14|VIDEO,.familiapimentel,2026-04-14,VIDEO,239.7,0.0,3,3
gleysaaguiar|2026-04-14|VIDEO,gleysaaguiar,2026-04-14,VIDEO,239.7,0.0,3,3
natmarquesvi|2026-04-14|LIVE,natmarquesvi,2026-04-14,LIVE,219.88,21.99,3,3
jessicamesant|2026-04-14|VIDEO,jessicamesant,2026-04-14,VIDEO,189.8,18.98,2,2
shopdamonalisa|2026-04-14|LINKSHARE,shopdamonalisa,2026-04-14,LINKSHARE,189.8,18.98,2,2
robertakguilherme|2026-04-14|VIDEO,robertakguilherme,2026-04-14,VIDEO,174.8,17.48,2,2
danijeans|2026-04-14|VIDEO,danijeans,2026-04-14,VIDEO,159.98,8.0,2,2
lari.quaresma|2026-04-14|VIDEO,lari.quaresma,2026-04-14,VIDEO,159.8,15.98,2,2
bialuzzmodas|2026-04-14|VIDEO,bialuzzmodas,2026-04-14,VIDEO,159.8,7.99,2,2
jenifferpassos25|2026-04-14|LIVE,jenifferpassos25,2026-04-14,LIVE,159.8,15.98,2,2
compreia|2026-04-14|VIDEO,compreia,2026-04-14,VIDEO,152.09,15.21,2,2
eu.lidiannemartins|2026-04-14|VIDEO,eu.lidiannemartins,2026-04-14,VIDEO,94.9,0.0,1,1
danijeans|2026-04-14|LIVE,danijeans,2026-04-14,LIVE,94.9,9.49,1,1
monicap.pereira|2026-04-14|VIDEO,monicap.pereira,2026-04-14,VIDEO,94.9,0.0,1,1
fasampaioindica|2026-04-14|VIDEO,fasampaioindica,2026-04-14,VIDEO,94.9,9.49,1,1
tacirecomenda|2026-04-14|VIDEO,tacirecomenda,2026-04-14,VIDEO,89.99,9.0,1,1
hemilymendes0|2026-04-14|LINKSHARE,hemilymendes0,2026-04-14,LINKSHARE,82.9,6.63,1,1
comprasnottkshopp|2026-04-14|SHOP,comprasnottkshopp,2026-04-14,SHOP,79.99,6.4,1,1
lidikpf6|2026-04-14|VIDEO,lidikpf6,2026-04-14,VIDEO,79.9,7.99,1,1
gab_caroline|2026-04-14|VIDEO,gab_caroline,2026-04-14,VIDEO,79.9,7.99,1,1
julianasoares0307|2026-04-14|SHOP,julianasoares0307,2026-04-14,SHOP,79.9,7.99,1,1
nanacasagrandi|2026-04-14|LIVE,nanacasagrandi,2026-04-14,LIVE,79.9,7.99,1,1
fggutyy2|2026-04-14|VIDEO,fggutyy2,2026-04-14,VIDEO,79.9,0.0,1,1
maiaravieirap_|2026-04-14|SHOP,maiaravieirap_,2026-04-14,SHOP,79.9,6.39,1,1
mariaaugustareiss|2026-04-14|VIDEO,mariaaugustareiss,2026-04-14,VIDEO,79.9,7.99,1,1
cintia.thies|2026-04-14|VIDEO,cintia.thies,2026-04-14,VIDEO,79.9,7.99,1,1
eubarbararodrigues|2026-04-14|LIVE,eubarbararodrigues,2026-04-14,LIVE,79.9,7.99,1,1
matheuslimashop|2026-04-14|VIDEO,matheuslimashop,2026-04-14,VIDEO,79.9,0.0,1,1
—|2026-04-14|VIDEO,—,2026-04-14,VIDEO,79.9,7.99,1,1
hitalasantiago|2026-04-14|VIDEO,hitalasantiago,2026-04-14,VIDEO,79.9,0.0,1,1
mariabohrer|2026-04-14|VIDEO,mariabohrer,2026-04-14,VIDEO,79.9,7.99,1,1
rafaeleviviana|2026-04-14|LIVE,rafaeleviviana,2026-04-14,LIVE,79.9,7.99,1,1
neuzianeadv|2026-04-14|SHOP,neuzianeadv,2026-04-14,SHOP,79.9,6.39,1,1
larissapachecoindica|2026-04-14|VIDEO,larissapachecoindica,2026-04-14,VIDEO,79.9,7.99,1,1
kleobotelho|2026-04-14|LIVE,kleobotelho,2026-04-14,LIVE,79.9,7.99,1,1
taniaribeiro_creator|2026-04-14|VIDEO,taniaribeiro_creator,2026-04-14,VIDEO,79.9,7.99,1,1
estilo.de.milhoes|2026-04-14|VIDEO,estilo.de.milhoes,2026-04-14,VIDEO,79.9,7.99,1,1
thage.creatorshop|2026-04-14|LINKSHARE,thage.creatorshop,2026-04-14,LINKSHARE,79.9,6.39,1,1
francruz.26|2026-04-14|VIDEO,francruz.26,2026-04-14,VIDEO,79.9,7.99,1,1
lamaismariss|2026-04-14|SHOP,lamaismariss,2026-04-14,SHOP,72.19,7.22,1,1
maiconeandreia|2026-04-15|LIVE,maiconeandreia,2026-04-15,LIVE,24599.4,2952.35,326,351
tacianecreator|2026-04-15|VIDEO,tacianecreator,2026-04-15,VIDEO,5816.02,173.47,70,73
psi.mirellarodrigues|2026-04-15|LIVE,psi.mirellarodrigues,2026-04-15,LIVE,5778.56,572.53,71,81
thainabeautyoficial|2026-04-15|VIDEO,thainabeautyoficial,2026-04-15,VIDEO,4089.48,159.03,51,51
tacianecreator|2026-04-15|LIVE,tacianecreator,2026-04-15,LIVE,3369.08,307.96,39,47
laianenovaisss|2026-04-15|VIDEO,laianenovaisss,2026-04-15,VIDEO,2701.18,94.34,34,34
ericamcabeluda|2026-04-15|VIDEO,ericamcabeluda,2026-04-15,VIDEO,2316.68,166.25,28,29
natmarquesvi|2026-04-15|LIVE,natmarquesvi,2026-04-15,LIVE,1829.65,182.99,26,26
natmarquesvi|2026-04-15|VIDEO,natmarquesvi,2026-04-15,VIDEO,1653.41,132.91,18,20
someoneduda|2026-04-15|VIDEO,someoneduda,2026-04-15,VIDEO,1518.1,39.95,19,19
numarchi|2026-04-15|VIDEO,numarchi,2026-04-15,VIDEO,1213.86,113.39,14,15
pattylazzarotto|2026-04-15|VIDEO,pattylazzarotto,2026-04-15,VIDEO,1205.79,31.19,15,15
alinecavanellas|2026-04-15|VIDEO,alinecavanellas,2026-04-15,VIDEO,1038.28,88.62,13,13
.familiapimentel|2026-04-15|VIDEO,.familiapimentel,2026-04-15,VIDEO,1023.28,30.42,13,13
escuta.amiga|2026-04-15|VIDEO,escuta.amiga,2026-04-15,VIDEO,711.39,7.99,9,9
thami.brambilla|2026-04-15|VIDEO,thami.brambilla,2026-04-15,VIDEO,551.17,39.14,7,7
francruz.26|2026-04-15|VIDEO,francruz.26,2026-04-15,VIDEO,344.69,34.47,4,4
daily.beca|2026-04-15|VIDEO,daily.beca,2026-04-15,VIDEO,319.6,31.96,4,4
gab_caroline|2026-04-15|VIDEO,gab_caroline,2026-04-15,VIDEO,319.6,31.96,4,4
silsantiagotrc|2026-04-15|VIDEO,silsantiagotrc,2026-04-15,VIDEO,319.6,31.96,4,4
escuta.amiga|2026-04-15|LIVE,escuta.amiga,2026-04-15,LIVE,319.6,31.96,4,4
vanessa.pachalki|2026-04-15|LIVE,vanessa.pachalki,2026-04-15,LIVE,284.7,22.77,2,3
leticiatsec|2026-04-15|VIDEO,leticiatsec,2026-04-15,VIDEO,284.7,28.47,3,3
laryoliveiira_|2026-04-15|LIVE,laryoliveiira_,2026-04-15,LIVE,279.96,28.0,4,4
gleysaaguiar|2026-04-15|VIDEO,gleysaaguiar,2026-04-15,VIDEO,239.7,15.98,3,3
bialuzzmodas|2026-04-15|VIDEO,bialuzzmodas,2026-04-15,VIDEO,239.7,7.99,3,3
adv.dayane|2026-04-15|LIVE,adv.dayane,2026-04-15,LIVE,231.99,23.2,3,3
jessicamesant|2026-04-15|VIDEO,jessicamesant,2026-04-15,VIDEO,174.8,9.49,2,2
lidikpf6|2026-04-15|VIDEO,lidikpf6,2026-04-15,VIDEO,159.8,15.98,2,2
psi.mirellarodrigues|2026-04-15|VIDEO,psi.mirellarodrigues,2026-04-15,VIDEO,159.8,0.0,2,2
arenatajardim|2026-04-15|VIDEO,arenatajardim,2026-04-15,VIDEO,159.8,7.99,2,2
brunasilvaindica|2026-04-15|LIVE,brunasilvaindica,2026-04-15,LIVE,159.8,15.98,2,2
carolxcreatorshop|2026-04-15|VIDEO,carolxcreatorshop,2026-04-15,VIDEO,159.8,15.98,1,2
laysedebossan|2026-04-15|VIDEO,laysedebossan,2026-04-15,VIDEO,144.38,11.56,1,2
nati_sus|2026-04-15|VIDEO,nati_sus,2026-04-15,VIDEO,94.9,9.49,1,1
carolinanogueirabarcelos|2026-04-15|SHOP,carolinanogueirabarcelos,2026-04-15,SHOP,94.9,7.59,1,1
gh5fzphbe9|2026-04-15|VIDEO,gh5fzphbe9,2026-04-15,VIDEO,94.9,0.0,1,1
lilimsxx|2026-04-15|VIDEO,lilimsxx,2026-04-15,VIDEO,94.9,9.49,1,1
fasampaioindica|2026-04-15|VIDEO,fasampaioindica,2026-04-15,VIDEO,94.9,9.49,1,1
laianeaparecida_|2026-04-15|SHOP,laianeaparecida_,2026-04-15,SHOP,94.9,7.59,1,1
thialle|2026-04-15|SHOP,thialle,2026-04-15,SHOP,79.9,6.39,1,1
matheuslimashop|2026-04-15|VIDEO,matheuslimashop,2026-04-15,VIDEO,79.9,0.0,1,1
eupriscilallopes|2026-04-15|VIDEO,eupriscilallopes,2026-04-15,VIDEO,79.9,7.99,1,1
tatirezendetiktokshop|2026-04-15|VIDEO,tatirezendetiktokshop,2026-04-15,VIDEO,79.9,0.0,1,1
lidi_giehl|2026-04-15|LINKSHARE,lidi_giehl,2026-04-15,LINKSHARE,79.9,7.99,1,1
clubedamenopausa|2026-04-15|SHOP,clubedamenopausa,2026-04-15,SHOP,79.9,7.99,1,1
gabbizie|2026-04-15|VIDEO,gabbizie,2026-04-15,VIDEO,79.9,7.99,1,1
compreia|2026-04-15|VIDEO,compreia,2026-04-15,VIDEO,79.9,7.99,1,1
psi.mirellarodrigues|2026-04-15|SHOP,psi.mirellarodrigues,2026-04-15,SHOP,79.9,7.99,1,1
achadinhos.danahh1|2026-04-15|LIVE,achadinhos.danahh1,2026-04-15,LIVE,79.9,7.99,1,1
hitalasantiago|2026-04-15|VIDEO,hitalasantiago,2026-04-15,VIDEO,79.9,0.0,1,1
dpaula57|2026-04-15|VIDEO,dpaula57,2026-04-15,VIDEO,79.9,7.99,1,1
lari.quaresma|2026-04-15|VIDEO,lari.quaresma,2026-04-15,VIDEO,79.9,0.0,1,1
michellerocha.n|2026-04-15|VIDEO,michellerocha.n,2026-04-15,VIDEO,79.9,7.99,1,1
cintia.thies|2026-04-15|VIDEO,cintia.thies,2026-04-15,VIDEO,72.19,7.22,1,1
diarioda_juu|2026-04-15|VIDEO,diarioda_juu,2026-04-15,VIDEO,72.19,7.22,1,1
sabrinajhemellyco|2026-04-15|VIDEO,sabrinajhemellyco,2026-04-15,VIDEO,72.19,7.22,1,1
kleobotelho|2026-04-15|LIVE,kleobotelho,2026-04-15,LIVE,69.99,7.0,1,1
maiconeandreia|2026-04-16|LIVE,maiconeandreia,2026-04-16,LIVE,25227.54,3027.74,341,358
tacianecreator|2026-04-16|VIDEO,tacianecreator,2026-04-16,VIDEO,4038.32,123.22,49,50
thainabeautyoficial|2026-04-16|VIDEO,thainabeautyoficial,2026-04-16,VIDEO,2963.59,121.35,35,37
psi.mirellarodrigues|2026-04-16|LIVE,psi.mirellarodrigues,2026-04-16,LIVE,2279.53,227.98,29,29
laianenovaisss|2026-04-16|VIDEO,laianenovaisss,2026-04-16,VIDEO,2038.85,100.02,26,26
ericamcabeluda|2026-04-16|VIDEO,ericamcabeluda,2026-04-16,VIDEO,1816.96,116.77,22,22
pattylazzarotto|2026-04-16|VIDEO,pattylazzarotto,2026-04-16,VIDEO,1740.38,23.21,19,20
alinecavanellas|2026-04-16|VIDEO,alinecavanellas,2026-04-16,VIDEO,1530.59,59.66,17,17
natmarquesvi|2026-04-16|VIDEO,natmarquesvi,2026-04-16,VIDEO,838.94,58.8,10,10
natmarquesvi|2026-04-16|LIVE,natmarquesvi,2026-04-16,LIVE,799.71,74.58,10,11
escuta.amiga|2026-04-16|VIDEO,escuta.amiga,2026-04-16,VIDEO,799.0,0.0,10,10
monicap.pereira|2026-04-16|VIDEO,monicap.pereira,2026-04-16,VIDEO,759.2,9.49,8,8
numarchi|2026-04-16|VIDEO,numarchi,2026-04-16,VIDEO,639.2,23.97,8,8
thami.brambilla|2026-04-16|VIDEO,thami.brambilla,2026-04-16,VIDEO,559.3,55.93,7,7
adv.dayane|2026-04-16|LIVE,adv.dayane,2026-04-16,LIVE,519.75,51.98,7,7
tacianecreator|2026-04-16|LIVE,tacianecreator,2026-04-16,LIVE,499.93,14.0,6,7
someoneduda|2026-04-16|VIDEO,someoneduda,2026-04-16,VIDEO,471.69,15.21,6,6
escuta.amiga|2026-04-16|LIVE,escuta.amiga,2026-04-16,LIVE,391.79,39.18,5,5
gab_caroline|2026-04-16|VIDEO,gab_caroline,2026-04-16,VIDEO,319.6,31.96,4,4
gleysaaguiar|2026-04-16|VIDEO,gleysaaguiar,2026-04-16,VIDEO,319.6,15.98,4,4
lidikpf6|2026-04-16|VIDEO,lidikpf6,2026-04-16,VIDEO,311.89,31.19,4,4
jessicamesant|2026-04-16|VIDEO,jessicamesant,2026-04-16,VIDEO,254.7,9.49,3,3
silsantiagotrc|2026-04-16|VIDEO,silsantiagotrc,2026-04-16,VIDEO,239.7,23.97,3,3
hitalasantiago|2026-04-16|VIDEO,hitalasantiago,2026-04-16,VIDEO,239.7,7.99,3,3
bialuzzmodas|2026-04-16|VIDEO,bialuzzmodas,2026-04-16,VIDEO,239.7,0.0,3,3
taniaribeiro_creator|2026-04-16|VIDEO,taniaribeiro_creator,2026-04-16,VIDEO,239.7,23.97,3,3
.familiapimentel|2026-04-16|VIDEO,.familiapimentel,2026-04-16,VIDEO,239.7,0.0,3,3
eu.lidiannemartins|2026-04-16|VIDEO,eu.lidiannemartins,2026-04-16,VIDEO,189.8,0.0,2,2
yasmin.aoliveira|2026-04-16|VIDEO,yasmin.aoliveira,2026-04-16,VIDEO,189.8,9.49,2,2
tacirecomenda|2026-04-16|VIDEO,tacirecomenda,2026-04-16,VIDEO,179.98,9.0,2,2
biscuit.da.edi|2026-04-16|LIVE,biscuit.da.edi,2026-04-16,LIVE,169.89,16.99,2,2
indicadosdaedi|2026-04-16|VIDEO,indicadosdaedi,2026-04-16,VIDEO,159.8,15.98,2,2
gabbizie|2026-04-16|VIDEO,gabbizie,2026-04-16,VIDEO,152.09,15.21,2,2
dpaula57|2026-04-16|VIDEO,dpaula57,2026-04-16,VIDEO,149.89,14.99,1,2
stee_mello|2026-04-16|LIVE,stee_mello,2026-04-16,LIVE,94.9,7.59,1,1
nati_sus|2026-04-16|VIDEO,nati_sus,2026-04-16,VIDEO,94.9,9.49,1,1
laisstefanydaily|2026-04-16|VIDEO,laisstefanydaily,2026-04-16,VIDEO,94.9,0.0,1,1
robertakguilherme|2026-04-16|VIDEO,robertakguilherme,2026-04-16,VIDEO,94.9,9.49,1,1
brenda.theblushlab|2026-04-16|LINKSHARE,brenda.theblushlab,2026-04-16,LINKSHARE,94.9,7.59,1,1
ana_abadie|2026-04-16|VIDEO,ana_abadie,2026-04-16,VIDEO,94.9,0.0,1,1
jhennythh|2026-04-16|VIDEO,jhennythh,2026-04-16,VIDEO,82.9,8.29,1,1
toqueda.pele|2026-04-16|SHOP,toqueda.pele,2026-04-16,SHOP,79.9,7.99,1,1
compreia|2026-04-16|VIDEO,compreia,2026-04-16,VIDEO,79.9,7.99,1,1
sougabrielaneves|2026-04-16|VIDEO,sougabrielaneves,2026-04-16,VIDEO,79.9,7.99,1,1
cintia.thies|2026-04-16|VIDEO,cintia.thies,2026-04-16,VIDEO,79.9,7.99,1,1
carolnarizinho|2026-04-16|VIDEO,carolnarizinho,2026-04-16,VIDEO,79.9,7.99,1,1
giseledebora.shop|2026-04-16|LINKSHARE,giseledebora.shop,2026-04-16,LINKSHARE,79.9,7.99,1,1
mariaaugustareiss|2026-04-16|VIDEO,mariaaugustareiss,2026-04-16,VIDEO,79.9,7.99,1,1
psi.mirellarodrigues|2026-04-16|VIDEO,psi.mirellarodrigues,2026-04-16,VIDEO,79.9,0.0,1,1
achadinhos.danahh1|2026-04-16|LIVE,achadinhos.danahh1,2026-04-16,LIVE,79.9,7.99,1,1
maritips_|2026-04-16|VIDEO,maritips_,2026-04-16,VIDEO,79.9,7.99,1,1
leleshop0|2026-04-16|VIDEO,leleshop0,2026-04-16,VIDEO,79.9,7.99,1,1
talitabrazsouza|2026-04-16|LIVE,talitabrazsouza,2026-04-16,LIVE,79.9,7.99,1,1
thalyytaguedes|2026-04-16|VIDEO,thalyytaguedes,2026-04-16,VIDEO,79.9,7.99,1,1
patriciadioniziomakeup|2026-04-16|LINKSHARE,patriciadioniziomakeup,2026-04-16,LINKSHARE,79.9,7.99,1,1
matheuslimashop|2026-04-16|VIDEO,matheuslimashop,2026-04-16,VIDEO,72.19,0.0,1,1
clara_luz_cl|2026-04-16|LINKSHARE,clara_luz_cl,2026-04-16,LINKSHARE,72.19,5.78,1,1
arenatajardim|2026-04-16|VIDEO,arenatajardim,2026-04-16,VIDEO,72.19,7.22,1,1
maiconeandreia|2026-04-17|LIVE,maiconeandreia,2026-04-17,LIVE,10258.36,1231.18,140,146
natmarquesvi|2026-04-17|LIVE,natmarquesvi,2026-04-17,LIVE,6218.76,618.16,85,88
psi.mirellarodrigues|2026-04-17|LIVE,psi.mirellarodrigues,2026-04-17,LIVE,6088.88,608.97,78,85
tacianecreator|2026-04-17|VIDEO,tacianecreator,2026-04-17,VIDEO,2391.26,71.86,27,29
thainabeautyoficial|2026-04-17|VIDEO,thainabeautyoficial,2026-04-17,VIDEO,1989.79,47.17,25,25
pattylazzarotto|2026-04-17|VIDEO,pattylazzarotto,2026-04-17,VIDEO,1715.19,91.62,20,21
alinecavanellas|2026-04-17|VIDEO,alinecavanellas,2026-04-17,VIDEO,1378.5,17.48,15,15
laianenovaisss|2026-04-17|VIDEO,laianenovaisss,2026-04-17,VIDEO,1190.79,55.16,15,15
ericamcabeluda|2026-04-17|VIDEO,ericamcabeluda,2026-04-17,VIDEO,1140.89,63.15,13,14
monicap.pereira|2026-04-17|VIDEO,monicap.pereira,2026-04-17,VIDEO,744.2,36.46,8,8
adv.dayane|2026-04-17|LIVE,adv.dayane,2026-04-17,LIVE,639.91,64.0,9,9
biscuit.da.edi|2026-04-17|LIVE,biscuit.da.edi,2026-04-17,LIVE,494.4,49.44,6,6
natmarquesvi|2026-04-17|VIDEO,natmarquesvi,2026-04-17,VIDEO,494.4,51.34,6,6
escuta.amiga|2026-04-17|VIDEO,escuta.amiga,2026-04-17,VIDEO,479.4,15.98,6,6
talitabrazsouza|2026-04-17|LIVE,talitabrazsouza,2026-04-17,LIVE,479.4,47.94,5,6
numarchi|2026-04-17|VIDEO,numarchi,2026-04-17,VIDEO,471.69,7.22,6,6
someoneduda|2026-04-17|VIDEO,someoneduda,2026-04-17,VIDEO,471.69,39.18,6,6
nati_sus|2026-04-17|VIDEO,nati_sus,2026-04-17,VIDEO,349.6,25.37,4,4
tacianecreator|2026-04-17|LIVE,tacianecreator,2026-04-17,LIVE,339.69,27.48,3,4
danijeans|2026-04-17|LIVE,danijeans,2026-04-17,LIVE,311.89,31.19,4,4
francruz.26|2026-04-17|VIDEO,francruz.26,2026-04-17,VIDEO,231.99,15.98,3,3
jd_top_shop|2026-04-17|LIVE,jd_top_shop,2026-04-17,LIVE,231.99,23.2,3,3
hitalasantiago|2026-04-17|VIDEO,hitalasantiago,2026-04-17,VIDEO,224.28,7.22,3,3
thami.brambilla|2026-04-17|VIDEO,thami.brambilla,2026-04-17,VIDEO,189.8,18.98,2,2
stee_mello|2026-04-17|LIVE,stee_mello,2026-04-17,LIVE,184.8,14.78,2,2
tacirecomenda|2026-04-17|VIDEO,tacirecomenda,2026-04-17,VIDEO,179.98,9.0,2,2
vanessarrferreiraa|2026-04-17|VIDEO,vanessarrferreiraa,2026-04-17,VIDEO,179.98,0.0,2,2
psi.mirellarodrigues|2026-04-17|VIDEO,psi.mirellarodrigues,2026-04-17,VIDEO,159.8,0.0,2,2
.familiapimentel|2026-04-17|VIDEO,.familiapimentel,2026-04-17,VIDEO,159.8,0.0,2,2
taniaribeiro_creator|2026-04-17|VIDEO,taniaribeiro_creator,2026-04-17,VIDEO,159.8,15.98,2,2
gleysaaguiar|2026-04-17|VIDEO,gleysaaguiar,2026-04-17,VIDEO,159.8,0.0,2,2
angelramoss.oficial|2026-04-17|LIVE,angelramoss.oficial,2026-04-17,LIVE,149.89,11.99,2,2
eu.lidiannemartins|2026-04-17|VIDEO,eu.lidiannemartins,2026-04-17,VIDEO,94.9,0.0,1,1
robertakguilherme|2026-04-17|VIDEO,robertakguilherme,2026-04-17,VIDEO,94.9,0.0,1,1
anac.coutinho|2026-04-17|VIDEO,anac.coutinho,2026-04-17,VIDEO,94.9,7.59,1,1
jesialvescreator|2026-04-17|VIDEO,jesialvescreator,2026-04-17,VIDEO,94.9,9.49,1,1
ana.frana229|2026-04-17|SHOP,ana.frana229,2026-04-17,SHOP,94.9,7.59,1,1
ml5lhbazc2|2026-04-17|VIDEO,ml5lhbazc2,2026-04-17,VIDEO,94.9,0.0,1,1
leticiatsec|2026-04-17|VIDEO,leticiatsec,2026-04-17,VIDEO,94.9,9.49,1,1
mariadalmas_|2026-04-17|VIDEO,mariadalmas_,2026-04-17,VIDEO,94.9,7.59,1,1
nanacasagrandi|2026-04-17|VIDEO,nanacasagrandi,2026-04-17,VIDEO,82.9,8.29,1,1
danijeans|2026-04-17|VIDEO,danijeans,2026-04-17,VIDEO,79.99,0.0,1,1
silsantiagotrc|2026-04-17|VIDEO,silsantiagotrc,2026-04-17,VIDEO,79.9,7.99,1,1
achadinhosdacrisfusinato|2026-04-17|VIDEO,achadinhosdacrisfusinato,2026-04-17,VIDEO,79.9,7.99,1,1
maritips_|2026-04-17|VIDEO,maritips_,2026-04-17,VIDEO,79.9,7.99,1,1
escuta.amiga|2026-04-17|LIVE,escuta.amiga,2026-04-17,LIVE,79.9,7.99,1,1
greiceindica|2026-04-17|VIDEO,greiceindica,2026-04-17,VIDEO,79.9,7.99,1,1
jane.creator.shop|2026-04-17|LINKSHARE,jane.creator.shop,2026-04-17,LINKSHARE,79.9,6.39,1,1
jessicamesant|2026-04-17|VIDEO,jessicamesant,2026-04-17,VIDEO,79.9,0.0,1,1
arenatajardim|2026-04-17|VIDEO,arenatajardim,2026-04-17,VIDEO,79.9,7.99,1,1
barbaramirandashop|2026-04-17|VIDEO,barbaramirandashop,2026-04-17,VIDEO,79.9,7.99,1,1
bialuzzmodas|2026-04-17|VIDEO,bialuzzmodas,2026-04-17,VIDEO,79.9,7.99,1,1
jd_top_shop|2026-04-17|VIDEO,jd_top_shop,2026-04-17,VIDEO,79.9,7.99,1,1
katiuselorraine|2026-04-17|SHOP,katiuselorraine,2026-04-17,SHOP,79.9,7.99,1,1
samahanascimento|2026-04-17|SHOP,samahanascimento,2026-04-17,SHOP,79.9,6.39,1,1
keith.nobrega|2026-04-17|LINKSHARE,keith.nobrega,2026-04-17,LINKSHARE,79.9,7.99,1,1
loucasporbelezas|2026-04-17|VIDEO,loucasporbelezas,2026-04-17,VIDEO,79.9,6.39,1,1
purpurinandoshop|2026-04-17|VIDEO,purpurinandoshop,2026-04-17,VIDEO,72.19,7.22,1,1
rafaelamonteis|2026-04-17|SHOP,rafaelamonteis,2026-04-17,SHOP,72.19,5.78,1,1
dpaula57|2026-04-17|LIVE,dpaula57,2026-04-17,LIVE,69.99,7.0,1,1
natmarquesvi|2026-04-18|LIVE,natmarquesvi,2026-04-18,LIVE,15457.19,1564.53,205,218
psi.mirellarodrigues|2026-04-18|LIVE,psi.mirellarodrigues,2026-04-18,LIVE,3324.21,332.46,41,43
maiconeandreia|2026-04-18|LIVE,maiconeandreia,2026-04-18,LIVE,2659.62,319.2,37,38
adv.dayane|2026-04-18|LIVE,adv.dayane,2026-04-18,LIVE,2204.35,221.36,27,29
tacianecreator|2026-04-18|VIDEO,tacianecreator,2026-04-18,VIDEO,2164.59,95.9,27,27
talitabrazsouza|2026-04-18|LIVE,talitabrazsouza,2026-04-18,LIVE,1430.49,143.05,18,18
ericamcabeluda|2026-04-18|VIDEO,ericamcabeluda,2026-04-18,VIDEO,1108.27,68.98,14,14
thainabeautyoficial|2026-04-18|VIDEO,thainabeautyoficial,2026-04-18,VIDEO,1103.18,70.37,13,14
laianenovaisss|2026-04-18|VIDEO,laianenovaisss,2026-04-18,VIDEO,958.38,55.89,12,12
pattylazzarotto|2026-04-18|VIDEO,pattylazzarotto,2026-04-18,VIDEO,813.58,39.91,10,10
numarchi|2026-04-18|VIDEO,numarchi,2026-04-18,VIDEO,791.38,71.15,10,10
biscuit.da.edi|2026-04-18|LIVE,biscuit.da.edi,2026-04-18,LIVE,749.1,74.91,9,9
monicap.pereira|2026-04-18|VIDEO,monicap.pereira,2026-04-18,VIDEO,649.3,26.97,7,7
natmarquesvi|2026-04-18|VIDEO,natmarquesvi,2026-04-18,VIDEO,499.58,40.96,6,6
.familiapimentel|2026-04-18|VIDEO,.familiapimentel,2026-04-18,VIDEO,471.69,7.22,6,6
alinecavanellas|2026-04-18|VIDEO,alinecavanellas,2026-04-18,VIDEO,429.5,33.46,5,5
escuta.amiga|2026-04-18|LIVE,escuta.amiga,2026-04-18,LIVE,399.5,39.95,5,5
jd_top_shop|2026-04-18|LIVE,jd_top_shop,2026-04-18,LIVE,391.79,39.18,5,5
nati_sus|2026-04-18|VIDEO,nati_sus,2026-04-18,VIDEO,364.6,26.57,4,4
silsantiagotrc|2026-04-18|VIDEO,silsantiagotrc,2026-04-18,VIDEO,239.7,15.98,3,3
thami.brambilla|2026-04-18|VIDEO,thami.brambilla,2026-04-18,VIDEO,239.7,15.98,3,3
escuta.amiga|2026-04-18|VIDEO,escuta.amiga,2026-04-18,VIDEO,239.7,0.0,2,3
someoneduda|2026-04-18|VIDEO,someoneduda,2026-04-18,VIDEO,239.7,7.99,3,3
leticiatsec|2026-04-18|VIDEO,leticiatsec,2026-04-18,VIDEO,174.8,17.48,2,2
gleysaaguiar|2026-04-18|VIDEO,gleysaaguiar,2026-04-18,VIDEO,159.8,7.99,2,2
arenatajardim|2026-04-18|VIDEO,arenatajardim,2026-04-18,VIDEO,159.8,15.98,2,2
gab_caroline|2026-04-18|VIDEO,gab_caroline,2026-04-18,VIDEO,159.8,15.98,1,2
mouratayneves|2026-04-18|LINKSHARE,mouratayneves,2026-04-18,LINKSHARE,155.09,12.41,1,2
hitalasantiago|2026-04-18|VIDEO,hitalasantiago,2026-04-18,VIDEO,152.09,15.21,2,2
talissaaloreto|2026-04-18|VIDEO,talissaaloreto,2026-04-18,VIDEO,94.9,9.49,1,1
adv.dayane|2026-04-18|VIDEO,adv.dayane,2026-04-18,VIDEO,94.9,0.0,1,1
vanessarrferreiraa|2026-04-18|VIDEO,vanessarrferreiraa,2026-04-18,VIDEO,89.99,0.0,1,1
ofertasdagih8|2026-04-18|SHOP,ofertasdagih8,2026-04-18,SHOP,89.99,7.2,1,1
laizaborgesferrari|2026-04-18|LIVE,laizaborgesferrari,2026-04-18,LIVE,79.9,7.99,1,1
bialuzzmodas|2026-04-18|VIDEO,bialuzzmodas,2026-04-18,VIDEO,79.9,7.99,1,1
lucianalacerdasantos|2026-04-18|SHOP,lucianalacerdasantos,2026-04-18,SHOP,79.9,6.39,1,1
kleobotelho|2026-04-18|LIVE,kleobotelho,2026-04-18,LIVE,79.9,7.99,1,1
biafigueiredofav|2026-04-18|SHOP,biafigueiredofav,2026-04-18,SHOP,79.9,7.99,1,1
palomacarvalholima|2026-04-18|SHOP,palomacarvalholima,2026-04-18,SHOP,79.9,6.39,1,1
yaponts|2026-04-18|VIDEO,yaponts,2026-04-18,VIDEO,79.9,7.99,1,1
thalyytaguedes|2026-04-18|VIDEO,thalyytaguedes,2026-04-18,VIDEO,79.9,7.99,1,1
mariaeduardakguilherme|2026-04-18|VIDEO,mariaeduardakguilherme,2026-04-18,VIDEO,79.9,7.99,1,1
matheuslimashop|2026-04-18|VIDEO,matheuslimashop,2026-04-18,VIDEO,79.9,0.0,1,1
janakarolinee|2026-04-18|VIDEO,janakarolinee,2026-04-18,VIDEO,79.9,7.99,1,1
elianemaria_lili|2026-04-18|SHOP,elianemaria_lili,2026-04-18,SHOP,79.9,6.39,1,1
lari.quaresma|2026-04-18|VIDEO,lari.quaresma,2026-04-18,VIDEO,79.9,7.99,1,1
fggutyy2|2026-04-18|VIDEO,fggutyy2,2026-04-18,VIDEO,79.9,0.0,1,1
larissapachecoindica|2026-04-18|VIDEO,larissapachecoindica,2026-04-18,VIDEO,79.9,7.99,1,1
tuu.shop|2026-04-18|SHOP,tuu.shop,2026-04-18,SHOP,79.9,7.99,1,1
danijeans|2026-04-18|VIDEO,danijeans,2026-04-18,VIDEO,79.9,7.99,1,1
leticiasteinoficial|2026-04-18|VIDEO,leticiasteinoficial,2026-04-18,VIDEO,72.19,7.22,1,1
psi.mirellarodrigues|2026-04-18|VIDEO,psi.mirellarodrigues,2026-04-18,VIDEO,72.19,7.22,1,1
gabbizie|2026-04-18|VIDEO,gabbizie,2026-04-18,VIDEO,72.19,7.22,1,1
natmarquesvi|2026-04-19|LIVE,natmarquesvi,2026-04-19,LIVE,12295.57,1268.58,160,171
adv.dayane|2026-04-19|LIVE,adv.dayane,2026-04-19,LIVE,1409.81,141.0,19,19
psi.mirellarodrigues|2026-04-19|LIVE,psi.mirellarodrigues,2026-04-19,LIVE,1139.76,113.99,15,15
ericamcabeluda|2026-04-19|VIDEO,ericamcabeluda,2026-04-19,VIDEO,1095.47,93.57,14,14
biscuit.da.edi|2026-04-19|LIVE,biscuit.da.edi,2026-04-19,LIVE,878.9,87.89,11,11
alinecavanellas|2026-04-19|VIDEO,alinecavanellas,2026-04-19,VIDEO,626.59,53.17,7,7
laianenovaisss|2026-04-19|VIDEO,laianenovaisss,2026-04-19,VIDEO,551.59,39.95,7,7
numarchi|2026-04-19|VIDEO,numarchi,2026-04-19,VIDEO,494.67,49.47,6,6
tacianecreator|2026-04-19|VIDEO,tacianecreator,2026-04-19,VIDEO,471.69,56.61,6,6
pattylazzarotto|2026-04-19|VIDEO,pattylazzarotto,2026-04-19,VIDEO,311.89,31.19,4,4
maiconeandreia|2026-04-19|LIVE,maiconeandreia,2026-04-19,LIVE,289.87,34.79,4,4
thainabeautyoficial|2026-04-19|VIDEO,thainabeautyoficial,2026-04-19,VIDEO,249.79,24.98,3,3
dpaula57|2026-04-19|LIVE,dpaula57,2026-04-19,LIVE,209.97,21.0,3,3
flaviadogakiuti|2026-04-19|LIVE,flaviadogakiuti,2026-04-19,LIVE,179.98,18.0,2,2
jessicamesant|2026-04-19|VIDEO,jessicamesant,2026-04-19,VIDEO,174.8,17.48,2,2
mo.joanaa|2026-04-19|VIDEO,mo.joanaa,2026-04-19,VIDEO,159.8,15.98,2,2
casalmr.shop|2026-04-19|LIVE,casalmr.shop,2026-04-19,LIVE,159.8,15.98,2,2
thami.brambilla|2026-04-19|VIDEO,thami.brambilla,2026-04-19,VIDEO,152.09,15.21,2,2
palomaindicaoficial|2026-04-19|LINKSHARE,palomaindicaoficial,2026-04-19,LINKSHARE,94.9,9.49,1,1
danijeans|2026-04-19|VIDEO,danijeans,2026-04-19,VIDEO,94.9,9.49,1,1
vanessarrferreiraa|2026-04-19|VIDEO,vanessarrferreiraa,2026-04-19,VIDEO,89.99,9.0,1,1
taniaribeiro_creator|2026-04-19|VIDEO,taniaribeiro_creator,2026-04-19,VIDEO,79.9,7.99,1,1
monicaestephanio|2026-04-19|VIDEO,monicaestephanio,2026-04-19,VIDEO,79.9,7.99,1,1
gab_caroline|2026-04-19|VIDEO,gab_caroline,2026-04-19,VIDEO,79.9,7.99,1,1
edja.shop|2026-04-19|LIVE,edja.shop,2026-04-19,LIVE,79.9,7.99,1,1
arenatajardim|2026-04-19|VIDEO,arenatajardim,2026-04-19,VIDEO,79.9,7.99,1,1
revendeshop|2026-04-19|VIDEO,revendeshop,2026-04-19,VIDEO,79.9,7.99,1,1
vanessarrferreiraa|2026-04-19|LINKSHARE,vanessarrferreiraa,2026-04-19,LINKSHARE,79.9,7.99,1,1
stte.__|2026-04-19|LIVE,stte.__,2026-04-19,LIVE,79.9,7.99,1,1
maelycustodio|2026-04-19|VIDEO,maelycustodio,2026-04-19,VIDEO,79.9,7.99,1,1
carololiiveiira2|2026-04-19|SHOP,carololiiveiira2,2026-04-19,SHOP,79.9,7.99,1,1
bialuzzmodas|2026-04-19|VIDEO,bialuzzmodas,2026-04-19,VIDEO,79.9,7.99,1,1
gabbizie|2026-04-19|VIDEO,gabbizie,2026-04-19,VIDEO,79.9,7.99,1,1
dailypam.wk|2026-04-19|VIDEO,dailypam.wk,2026-04-19,VIDEO,79.9,7.99,1,1
natmarquesvi|2026-04-19|VIDEO,natmarquesvi,2026-04-19,VIDEO,79.9,7.99,1,1
cintia.thies|2026-04-19|VIDEO,cintia.thies,2026-04-19,VIDEO,79.9,7.99,1,1
luasena20|2026-04-19|LIVE,luasena20,2026-04-19,LIVE,79.9,7.99,1,1
escuta.amiga|2026-04-19|LIVE,escuta.amiga,2026-04-19,LIVE,72.19,7.22,1,1
mariaaugustareiss|2026-04-19|VIDEO,mariaaugustareiss,2026-04-19,VIDEO,72.19,7.22,1,1
brunasilvaindica|2026-04-19|LIVE,brunasilvaindica,2026-04-19,LIVE,72.19,7.22,1,1
lidikpf6|2026-04-19|VIDEO,lidikpf6,2026-04-19,VIDEO,72.19,7.22,1,1
gabi.valiati|2026-04-19|VIDEO,gabi.valiati,2026-04-19,VIDEO,72.19,7.22,1,1
_mareiis|2026-04-19|LIVE,_mareiis,2026-04-19,LIVE,69.99,7.0,1,1
s91industria3|2026-04-19|LINKSHARE,s91industria3,2026-04-19,LINKSHARE,64.9,5.19,1,1
danijeans|2026-04-20|LIVE,danijeans,2026-04-20,LIVE,5199.17,519.99,70,74
jackmundomabu|2026-04-20|LIVE,jackmundomabu,2026-04-20,LIVE,4769.32,475.4,60,68
maiconeandreia|2026-04-20|LIVE,maiconeandreia,2026-04-20,LIVE,3289.53,394.8,45,47
tacianecreator|2026-04-20|VIDEO,tacianecreator,2026-04-20,VIDEO,2649.08,115.08,33,33
natmarquesvi|2026-04-20|LIVE,natmarquesvi,2026-04-20,LIVE,1949.28,196.55,26,27
alinecavanellas|2026-04-20|VIDEO,alinecavanellas,2026-04-20,VIDEO,1910.19,51.67,20,21
psi.mirellarodrigues|2026-04-20|LIVE,psi.mirellarodrigues,2026-04-20,LIVE,1659.24,164.14,22,22
thainabeautyoficial|2026-04-20|VIDEO,thainabeautyoficial,2026-04-20,VIDEO,1582.16,70.33,19,20
laianenovaisss|2026-04-20|VIDEO,laianenovaisss,2026-04-20,VIDEO,1453.2,31.96,18,18
.familiapimentel|2026-04-20|VIDEO,.familiapimentel,2026-04-20,VIDEO,1048.79,16.99,12,13
ericamcabeluda|2026-04-20|VIDEO,ericamcabeluda,2026-04-20,VIDEO,791.29,47.94,9,10
pattylazzarotto|2026-04-20|VIDEO,pattylazzarotto,2026-04-20,VIDEO,701.48,22.21,7,9
someoneduda|2026-04-20|VIDEO,someoneduda,2026-04-20,VIDEO,639.2,31.96,8,8
adv.dayane|2026-04-20|LIVE,adv.dayane,2026-04-20,LIVE,499.84,49.99,7,7
numarchi|2026-04-20|VIDEO,numarchi,2026-04-20,VIDEO,479.67,47.97,6,6
natmarquesvi|2026-04-20|VIDEO,natmarquesvi,2026-04-20,VIDEO,414.5,25.47,5,5
francruz.26|2026-04-20|VIDEO,francruz.26,2026-04-20,VIDEO,399.5,39.95,5,5
escuta.amiga|2026-04-20|VIDEO,escuta.amiga,2026-04-20,VIDEO,384.08,15.98,5,5
thami.brambilla|2026-04-20|VIDEO,thami.brambilla,2026-04-20,VIDEO,334.6,33.46,4,4
anapaulaferreir068|2026-04-20|LIVE,anapaulaferreir068,2026-04-20,LIVE,311.89,31.19,4,4
anac.coutinho|2026-04-20|VIDEO,anac.coutinho,2026-04-20,VIDEO,284.7,0.0,3,3
ml5lhbazc2|2026-04-20|VIDEO,ml5lhbazc2,2026-04-20,VIDEO,284.7,0.0,3,3
laryoliveiira_|2026-04-20|LIVE,laryoliveiira_,2026-04-20,LIVE,279.96,28.0,4,4
silsantiagotrc|2026-04-20|VIDEO,silsantiagotrc,2026-04-20,VIDEO,246.99,24.7,3,3
monicap.pereira|2026-04-20|VIDEO,monicap.pereira,2026-04-20,VIDEO,189.8,0.0,2,2
robertakguilherme|2026-04-20|VIDEO,robertakguilherme,2026-04-20,VIDEO,189.8,0.0,2,2
luciaborgesindica|2026-04-20|LINKSHARE,luciaborgesindica,2026-04-20,LINKSHARE,189.8,15.18,2,2
nati_sus|2026-04-20|VIDEO,nati_sus,2026-04-20,VIDEO,169.89,0.0,2,2
matheuslimashop|2026-04-20|VIDEO,matheuslimashop,2026-04-20,VIDEO,159.8,0.0,2,2
danijeans|2026-04-20|VIDEO,danijeans,2026-04-20,VIDEO,159.8,7.99,2,2
arenatajardim|2026-04-20|VIDEO,arenatajardim,2026-04-20,VIDEO,159.8,15.98,2,2
mariaeduardakguilherme|2026-04-20|VIDEO,mariaeduardakguilherme,2026-04-20,VIDEO,159.8,7.99,2,2
nataliacruviinel|2026-04-20|LIVE,nataliacruviinel,2026-04-20,LIVE,159.8,15.98,2,2
taniaribeiro_creator|2026-04-20|VIDEO,taniaribeiro_creator,2026-04-20,VIDEO,152.09,15.21,2,2
lidikpf6|2026-04-20|VIDEO,lidikpf6,2026-04-20,VIDEO,152.09,15.21,2,2
biscuit.da.edi|2026-04-20|LIVE,biscuit.da.edi,2026-04-20,LIVE,149.89,14.99,1,2
lu_dias10|2026-04-20|VIDEO,lu_dias10,2026-04-20,VIDEO,94.9,9.49,1,1
yasmin.aoliveira|2026-04-20|VIDEO,yasmin.aoliveira,2026-04-20,VIDEO,94.9,9.49,1,1
fasampaioindica|2026-04-20|VIDEO,fasampaioindica,2026-04-20,VIDEO,94.9,9.49,1,1
leticiatsec|2026-04-20|VIDEO,leticiatsec,2026-04-20,VIDEO,94.9,9.49,1,1
karinalorenzetii|2026-04-20|VIDEO,karinalorenzetii,2026-04-20,VIDEO,82.9,8.29,1,1
dicasdakessia|2026-04-20|LIVE,dicasdakessia,2026-04-20,LIVE,79.9,6.39,1,1
jessicatanara1|2026-04-20|LIVE,jessicatanara1,2026-04-20,LIVE,79.9,7.99,1,1
dicasdathayoficial|2026-04-20|VIDEO,dicasdathayoficial,2026-04-20,VIDEO,79.9,0.0,1,1
jecreatorshop|2026-04-20|LIVE,jecreatorshop,2026-04-20,LIVE,79.9,6.39,1,1
deysedam|2026-04-20|SHOP,deysedam,2026-04-20,SHOP,79.9,6.39,1,1
josypestanashop|2026-04-20|SHOP,josypestanashop,2026-04-20,SHOP,79.9,6.39,1,1
gleysaaguiar|2026-04-20|VIDEO,gleysaaguiar,2026-04-20,VIDEO,79.9,0.0,1,1
leticiafariasarantes|2026-04-20|LIVE,leticiafariasarantes,2026-04-20,LIVE,79.9,6.39,1,1
alexnovidades40|2026-04-20|LINKSHARE,alexnovidades40,2026-04-20,LINKSHARE,79.9,6.39,1,1
carinaba89|2026-04-20|LIVE,carinaba89,2026-04-20,LIVE,79.9,7.99,1,1
dinhacampello|2026-04-20|SHOP,dinhacampello,2026-04-20,SHOP,79.9,6.39,1,1
ajoicyemanuelly|2026-04-20|VIDEO,ajoicyemanuelly,2026-04-20,VIDEO,79.9,0.0,1,1
hitalasantiago|2026-04-20|VIDEO,hitalasantiago,2026-04-20,VIDEO,79.9,0.0,1,1
familiamichelon|2026-04-20|LIVE,familiamichelon,2026-04-20,LIVE,79.9,6.39,1,1
mariamalu999|2026-04-20|LINKSHARE,mariamalu999,2026-04-20,LINKSHARE,79.9,6.39,1,1
talitabrazsouza|2026-04-20|LIVE,talitabrazsouza,2026-04-20,LIVE,79.9,7.99,1,1
adv.dayane|2026-04-20|VIDEO,adv.dayane,2026-04-20,VIDEO,79.9,0.0,1,1
isnta.quessiasilva2126|2026-04-20|SHOP,isnta.quessiasilva2126,2026-04-20,SHOP,79.9,7.99,1,1
dicanoclique|2026-04-20|LINKSHARE,dicanoclique,2026-04-20,LINKSHARE,79.9,6.39,1,1
deusinha.s2|2026-04-20|VIDEO,deusinha.s2,2026-04-20,VIDEO,72.19,0.0,1,1
maritips_|2026-04-20|VIDEO,maritips_,2026-04-20,VIDEO,72.19,7.22,1,1
bialuzzmodas|2026-04-20|VIDEO,bialuzzmodas,2026-04-20,VIDEO,72.19,0.0,1,1
jehfigueiredocreator|2026-04-20|VIDEO,jehfigueiredocreator,2026-04-20,VIDEO,72.19,7.22,1,1
natmarquesvi|2026-04-21|LIVE,natmarquesvi,2026-04-21,LIVE,36945.87,3648.5,484,525
tacianecreator|2026-04-21|VIDEO,tacianecreator,2026-04-21,VIDEO,2549.09,104.56,31,32
thainabeautyoficial|2026-04-21|VIDEO,thainabeautyoficial,2026-04-21,VIDEO,2106.98,114.82,24,26
psi.mirellarodrigues|2026-04-21|LIVE,psi.mirellarodrigues,2026-04-21,LIVE,1809.58,180.98,22,24
ericamcabeluda|2026-04-21|VIDEO,ericamcabeluda,2026-04-21,VIDEO,1662.48,70.37,21,21
pattylazzarotto|2026-04-21|VIDEO,pattylazzarotto,2026-04-21,VIDEO,1216.5,55.93,15,15
laianenovaisss|2026-04-21|VIDEO,laianenovaisss,2026-04-21,VIDEO,1213.5,73.41,15,15
someoneduda|2026-04-21|VIDEO,someoneduda,2026-04-21,VIDEO,943.38,14.44,12,12
alinecavanellas|2026-04-21|VIDEO,alinecavanellas,2026-04-21,VIDEO,911.29,45.18,10,10
.familiapimentel|2026-04-21|VIDEO,.familiapimentel,2026-04-21,VIDEO,878.9,7.99,11,11
laryoliveiira_|2026-04-21|LIVE,laryoliveiira_,2026-04-21,LIVE,639.82,63.99,9,9
leticiatsec|2026-04-21|VIDEO,leticiatsec,2026-04-21,VIDEO,564.49,56.45,5,6
anapaulaferreir068|2026-04-21|LIVE,anapaulaferreir068,2026-04-21,LIVE,549.39,54.94,7,7
arenatajardim|2026-04-21|VIDEO,arenatajardim,2026-04-21,VIDEO,543.88,54.39,6,7
maiconeandreia|2026-04-21|LIVE,maiconeandreia,2026-04-21,LIVE,529.75,63.58,5,7
francruz.26|2026-04-21|VIDEO,francruz.26,2026-04-21,VIDEO,406.79,40.68,5,5
tathianeresende|2026-04-21|LIVE,tathianeresende,2026-04-21,LIVE,399.5,31.95,5,5
nati_sus|2026-04-21|VIDEO,nati_sus,2026-04-21,VIDEO,334.6,9.49,4,4
escuta.amiga|2026-04-21|VIDEO,escuta.amiga,2026-04-21,VIDEO,319.6,7.99,4,4
gleysaaguiar|2026-04-21|VIDEO,gleysaaguiar,2026-04-21,VIDEO,319.6,0.0,4,4
natmarquesvi|2026-04-21|VIDEO,natmarquesvi,2026-04-21,VIDEO,239.7,23.97,3,3
gab_caroline|2026-04-21|VIDEO,gab_caroline,2026-04-21,VIDEO,239.7,23.97,3,3
thami.brambilla|2026-04-21|VIDEO,thami.brambilla,2026-04-21,VIDEO,231.99,23.2,3,3
robertakguilherme|2026-04-21|VIDEO,robertakguilherme,2026-04-21,VIDEO,189.8,9.49,2,2
monicap.pereira|2026-04-21|VIDEO,monicap.pereira,2026-04-21,VIDEO,189.8,9.49,2,2
danijeans|2026-04-21|VIDEO,danijeans,2026-04-21,VIDEO,159.89,15.99,2,2
deusinha.s2|2026-04-21|VIDEO,deusinha.s2,2026-04-21,VIDEO,159.8,6.39,2,2
jessicamesant|2026-04-21|VIDEO,jessicamesant,2026-04-21,VIDEO,159.8,0.0,2,2
numarchi|2026-04-21|VIDEO,numarchi,2026-04-21,VIDEO,159.8,7.99,2,2
daily.ksb|2026-04-21|LIVE,daily.ksb,2026-04-21,LIVE,149.89,11.99,2,2
danijeans|2026-04-21|LIVE,danijeans,2026-04-21,LIVE,139.98,14.0,2,2
_mareiis|2026-04-21|LIVE,_mareiis,2026-04-21,LIVE,139.98,14.0,2,2
jackmundomabu|2026-04-21|LIVE,jackmundomabu,2026-04-21,LIVE,139.98,14.0,2,2
.ana.paulaaa|2026-04-21|LINKSHARE,.ana.paulaaa,2026-04-21,LINKSHARE,94.9,7.59,1,1
eu.lidiannemartins|2026-04-21|VIDEO,eu.lidiannemartins,2026-04-21,VIDEO,94.9,0.0,1,1
ml5lhbazc2|2026-04-21|VIDEO,ml5lhbazc2,2026-04-21,VIDEO,94.9,0.0,1,1
anac.coutinho|2026-04-21|VIDEO,anac.coutinho,2026-04-21,VIDEO,94.9,7.59,1,1
vanessarrferreiraa|2026-04-21|VIDEO,vanessarrferreiraa,2026-04-21,VIDEO,89.99,0.0,1,1
jesialvescreator|2026-04-21|VIDEO,jesialvescreator,2026-04-21,VIDEO,79.99,8.0,1,1
dpaula57|2026-04-21|LIVE,dpaula57,2026-04-21,LIVE,79.99,8.0,1,1
marianemiguel6|2026-04-21|LIVE,marianemiguel6,2026-04-21,LIVE,79.9,7.99,1,1
athaisfavero|2026-04-21|VIDEO,athaisfavero,2026-04-21,VIDEO,79.9,7.99,1,1
zckak1|2026-04-21|VIDEO,zckak1,2026-04-21,VIDEO,79.9,0.0,1,1
paolaluna.b|2026-04-21|VIDEO,paolaluna.b,2026-04-21,VIDEO,79.9,0.0,1,1
maciel.bre|2026-04-21|VIDEO,maciel.bre,2026-04-21,VIDEO,79.9,0.0,1,1
fabiolasantanafs|2026-04-21|VIDEO,fabiolasantanafs,2026-04-21,VIDEO,79.9,6.39,1,1
ninnaromanno|2026-04-21|SHOP,ninnaromanno,2026-04-21,SHOP,79.9,7.99,1,1
adv.dayane|2026-04-21|LIVE,adv.dayane,2026-04-21,LIVE,79.9,7.99,1,1
silsantiagotrc|2026-04-21|VIDEO,silsantiagotrc,2026-04-21,VIDEO,79.9,7.99,1,1
lidikpf6|2026-04-21|VIDEO,lidikpf6,2026-04-21,VIDEO,79.9,7.99,1,1
camilareisaf|2026-04-21|LIVE,camilareisaf,2026-04-21,LIVE,79.9,7.99,1,1
hitalasantiago|2026-04-21|VIDEO,hitalasantiago,2026-04-21,VIDEO,79.9,0.0,1,1
hozanaribeiro_|2026-04-21|SHOP,hozanaribeiro_,2026-04-21,SHOP,79.9,7.99,1,1
conecteshopping|2026-04-21|VIDEO,conecteshopping,2026-04-21,VIDEO,79.9,0.0,1,1
jucoelhomoraes|2026-04-21|SHOP,jucoelhomoraes,2026-04-21,SHOP,79.9,6.39,1,1
ahahazou|2026-04-21|LINKSHARE,ahahazou,2026-04-21,LINKSHARE,79.9,6.39,1,1
escuta.amiga|2026-04-21|LIVE,escuta.amiga,2026-04-21,LIVE,79.9,7.99,1,1
brenda.theblushlab|2026-04-21|VIDEO,brenda.theblushlab,2026-04-21,VIDEO,79.9,7.99,1,1
ciellecostaa|2026-04-21|SHOP,ciellecostaa,2026-04-21,SHOP,79.9,6.39,1,1
tathianeresende|2026-04-21|VIDEO,tathianeresende,2026-04-21,VIDEO,79.9,6.39,1,1
biscuit.da.edi|2026-04-21|LIVE,biscuit.da.edi,2026-04-21,LIVE,79.9,7.99,1,1
talitabrazsouza|2026-04-21|LIVE,talitabrazsouza,2026-04-21,LIVE,79.9,7.99,1,1
lidi_giehl|2026-04-21|LIVE,lidi_giehl,2026-04-21,LIVE,79.9,7.99,1,1
mariaaugustareiss|2026-04-21|VIDEO,mariaaugustareiss,2026-04-21,VIDEO,79.9,7.99,1,1
adv.dayane|2026-04-21|VIDEO,adv.dayane,2026-04-21,VIDEO,79.9,0.0,1,1
gabbizie|2026-04-21|VIDEO,gabbizie,2026-04-21,VIDEO,79.9,7.99,1,1
mirellavilas|2026-04-21|LIVE,mirellavilas,2026-04-21,LIVE,72.19,7.22,1,1
marrye.shop|2026-04-21|LIVE,marrye.shop,2026-04-21,LIVE,72.19,7.22,1,1
psi.mirellarodrigues|2026-04-22|LIVE,psi.mirellarodrigues,2026-04-22,LIVE,5454.06,545.48,72,76
natmarquesvi|2026-04-22|LIVE,natmarquesvi,2026-04-22,LIVE,3208.22,345.45,39,43
tacianecreator|2026-04-22|VIDEO,tacianecreator,2026-04-22,VIDEO,1533.1,59.34,19,19
thainabeautyoficial|2026-04-22|VIDEO,thainabeautyoficial,2026-04-22,VIDEO,1270.69,39.95,16,16
laianenovaisss|2026-04-22|VIDEO,laianenovaisss,2026-04-22,VIDEO,1198.5,39.95,15,15
ericamcabeluda|2026-04-22|VIDEO,ericamcabeluda,2026-04-22,VIDEO,1110.98,55.16,14,14
alinecavanellas|2026-04-22|VIDEO,alinecavanellas,2026-04-22,VIDEO,1028.9,64.93,11,11
natmarquesvi|2026-04-22|VIDEO,natmarquesvi,2026-04-22,VIDEO,774.37,56.36,8,9
pattylazzarotto|2026-04-22|VIDEO,pattylazzarotto,2026-04-22,VIDEO,749.1,17.48,9,9
.familiapimentel|2026-04-22|VIDEO,.familiapimentel,2026-04-22,VIDEO,471.69,15.21,6,6
numarchi|2026-04-22|VIDEO,numarchi,2026-04-22,VIDEO,399.5,31.96,5,5
someoneduda|2026-04-22|VIDEO,someoneduda,2026-04-22,VIDEO,381.88,15.98,5,5
monicap.pereira|2026-04-22|VIDEO,monicap.pereira,2026-04-22,VIDEO,379.6,18.98,4,4
robertakguilherme|2026-04-22|VIDEO,robertakguilherme,2026-04-22,VIDEO,379.6,18.98,4,4
hitalasantiago|2026-04-22|VIDEO,hitalasantiago,2026-04-22,VIDEO,319.6,15.98,3,4
nati_sus|2026-04-22|VIDEO,nati_sus,2026-04-22,VIDEO,279.79,26.18,3,3
francruz.26|2026-04-22|VIDEO,francruz.26,2026-04-22,VIDEO,239.7,23.97,3,3
gab_caroline|2026-04-22|VIDEO,gab_caroline,2026-04-22,VIDEO,239.7,23.97,3,3
arenatajardim|2026-04-22|VIDEO,arenatajardim,2026-04-22,VIDEO,239.7,23.97,3,3
leticiatsec|2026-04-22|VIDEO,leticiatsec,2026-04-22,VIDEO,189.8,0.0,2,2
jessicamesant|2026-04-22|VIDEO,jessicamesant,2026-04-22,VIDEO,169.89,16.99,2,2
edja.shop|2026-04-22|LIVE,edja.shop,2026-04-22,LIVE,152.09,15.21,2,2
marciamichelle._|2026-04-22|SHOP,marciamichelle._,2026-04-22,SHOP,94.9,7.59,1,1
marcianoschang_achadinho|2026-04-22|LINKSHARE,marcianoschang_achadinho,2026-04-22,LINKSHARE,94.9,9.49,1,1
ml5lhbazc2|2026-04-22|VIDEO,ml5lhbazc2,2026-04-22,VIDEO,94.9,0.0,1,1
pandora.maria.shihtzu|2026-04-22|LINKSHARE,pandora.maria.shihtzu,2026-04-22,LINKSHARE,94.9,7.59,1,1
maiconeandreia|2026-04-22|VIDEO,maiconeandreia,2026-04-22,VIDEO,94.9,11.39,1,1
nilce.ferreira.imagem|2026-04-22|SHOP,nilce.ferreira.imagem,2026-04-22,SHOP,94.9,7.59,1,1
coisinhasqueamoo|2026-04-22|SHOP,coisinhasqueamoo,2026-04-22,SHOP,94.9,7.59,1,1
thami.brambilla|2026-04-22|VIDEO,thami.brambilla,2026-04-22,VIDEO,89.9,8.99,1,1
adv.dayane|2026-04-22|VIDEO,adv.dayane,2026-04-22,VIDEO,82.9,0.0,1,1
bianca.hasss|2026-04-22|VIDEO,bianca.hasss,2026-04-22,VIDEO,79.99,0.0,1,1
marcelaperes_|2026-04-22|SHOP,marcelaperes_,2026-04-22,SHOP,79.99,6.4,1,1
brsaantos_|2026-04-22|SHOP,brsaantos_,2026-04-22,SHOP,79.9,7.99,1,1
psi.mirellarodrigues|2026-04-22|VIDEO,psi.mirellarodrigues,2026-04-22,VIDEO,79.9,0.0,1,1
mariaaugustareiss|2026-04-22|VIDEO,mariaaugustareiss,2026-04-22,VIDEO,79.9,7.99,1,1
daianeshopp|2026-04-22|SHOP,daianeshopp,2026-04-22,SHOP,79.9,6.39,1,1
elacatarina|2026-04-22|VIDEO,elacatarina,2026-04-22,VIDEO,79.9,7.99,1,1
biscuit.da.edi|2026-04-22|LIVE,biscuit.da.edi,2026-04-22,LIVE,79.9,7.99,1,1
laryoliveiira_|2026-04-22|LIVE,laryoliveiira_,2026-04-22,LIVE,79.9,7.99,1,1
bbrualvess|2026-04-22|VIDEO,bbrualvess,2026-04-22,VIDEO,79.9,7.99,1,1
walleribecher|2026-04-22|SHOP,walleribecher,2026-04-22,SHOP,79.9,6.39,1,1
josypestanashop|2026-04-22|SHOP,josypestanashop,2026-04-22,SHOP,79.9,6.39,1,1
ajenifermilagres|2026-04-22|SHOP,ajenifermilagres,2026-04-22,SHOP,79.9,6.39,1,1
silsantiagotrc|2026-04-22|VIDEO,silsantiagotrc,2026-04-22,VIDEO,79.9,7.99,1,1
bialuzzmodas|2026-04-22|VIDEO,bialuzzmodas,2026-04-22,VIDEO,79.9,0.0,1,1
danyoliveirasensibilite|2026-04-22|VIDEO,danyoliveirasensibilite,2026-04-22,VIDEO,79.9,7.99,1,1
karitas.devillart|2026-04-22|LIVE,karitas.devillart,2026-04-22,LIVE,79.9,7.99,1,1
dicasdathayoficial|2026-04-22|VIDEO,dicasdathayoficial,2026-04-22,VIDEO,79.9,0.0,1,1
jecreatorshop|2026-04-22|LIVE,jecreatorshop,2026-04-22,LIVE,79.9,6.39,1,1
lucianalacerdasantos|2026-04-22|LIVE,lucianalacerdasantos,2026-04-22,LIVE,72.19,5.78,1,1
escuta.amiga|2026-04-22|LIVE,escuta.amiga,2026-04-22,LIVE,72.19,7.22,1,1
jackmundomabu|2026-04-22|LIVE,jackmundomabu,2026-04-22,LIVE,69.99,7.0,1,1
tacianecreator|2026-04-23|LIVE,tacianecreator,2026-04-23,LIVE,1828.5,200.26,22,24
leticiatsec|2026-04-23|VIDEO,leticiatsec,2026-04-23,VIDEO,1423.5,75.92,15,15
psi.mirellarodrigues|2026-04-23|LIVE,psi.mirellarodrigues,2026-04-23,LIVE,1249.75,124.99,16,16
tacianecreator|2026-04-23|VIDEO,tacianecreator,2026-04-23,VIDEO,779.27,47.96,8,10
natmarquesvi|2026-04-23|LIVE,natmarquesvi,2026-04-23,LIVE,684.2,76.42,7,8
alinecavanellas|2026-04-23|VIDEO,alinecavanellas,2026-04-23,VIDEO,649.3,36.46,7,7
nati_sus|2026-04-23|VIDEO,nati_sus,2026-04-23,VIDEO,649.3,61.43,7,7
thainabeautyoficial|2026-04-23|VIDEO,thainabeautyoficial,2026-04-23,VIDEO,584.39,58.44,7,7
ericamcabeluda|2026-04-23|VIDEO,ericamcabeluda,2026-04-23,VIDEO,461.78,30.2,6,6
natmarquesvi|2026-04-23|VIDEO,natmarquesvi,2026-04-23,VIDEO,454.59,20.39,5,5
laianenovaisss|2026-04-23|VIDEO,laianenovaisss,2026-04-23,VIDEO,399.5,31.96,5,5
someoneduda|2026-04-23|VIDEO,someoneduda,2026-04-23,VIDEO,319.6,31.96,4,4
numarchi|2026-04-23|VIDEO,numarchi,2026-04-23,VIDEO,254.79,25.48,3,3
brenda.luiza5|2026-04-23|VIDEO,brenda.luiza5,2026-04-23,VIDEO,189.8,18.98,1,2
monicap.pereira|2026-04-23|VIDEO,monicap.pereira,2026-04-23,VIDEO,174.89,8.0,2,2
fernanda.ppegoraro|2026-04-23|SHOP,fernanda.ppegoraro,2026-04-23,SHOP,174.8,13.98,2,2
gabrielliduartte|2026-04-23|LINKSHARE,gabrielliduartte,2026-04-23,LINKSHARE,159.8,12.78,1,2
monicaestephanio|2026-04-23|VIDEO,monicaestephanio,2026-04-23,VIDEO,159.8,15.98,1,2
silsantiagotrc|2026-04-23|VIDEO,silsantiagotrc,2026-04-23,VIDEO,152.09,15.21,2,2
maiconeandreia|2026-04-23|LIVE,maiconeandreia,2026-04-23,LIVE,139.98,16.8,2,2
anac.coutinho|2026-04-23|VIDEO,anac.coutinho,2026-04-23,VIDEO,94.9,7.59,1,1
brunacaldeira10|2026-04-23|LINKSHARE,brunacaldeira10,2026-04-23,LINKSHARE,94.9,7.59,1,1
jesialvescreator|2026-04-23|VIDEO,jesialvescreator,2026-04-23,VIDEO,94.9,9.49,1,1
eu.lidiannemartins|2026-04-23|VIDEO,eu.lidiannemartins,2026-04-23,VIDEO,94.9,0.0,1,1
yasmin.aoliveira|2026-04-23|VIDEO,yasmin.aoliveira,2026-04-23,VIDEO,94.9,9.49,1,1
danijeans|2026-04-23|VIDEO,danijeans,2026-04-23,VIDEO,94.9,0.0,1,1
robertakguilherme|2026-04-23|VIDEO,robertakguilherme,2026-04-23,VIDEO,94.9,0.0,1,1
francruz.26|2026-04-23|VIDEO,francruz.26,2026-04-23,VIDEO,89.99,9.0,1,1
gleysaaguiar|2026-04-23|VIDEO,gleysaaguiar,2026-04-23,VIDEO,79.9,7.99,1,1
lidikpf6|2026-04-23|VIDEO,lidikpf6,2026-04-23,VIDEO,79.9,7.99,1,1
suellen.viana6|2026-04-23|SHOP,suellen.viana6,2026-04-23,SHOP,79.9,6.39,1,1
lari.quaresma|2026-04-23|VIDEO,lari.quaresma,2026-04-23,VIDEO,79.9,7.99,1,1
angelramoss.oficial|2026-04-23|LIVE,angelramoss.oficial,2026-04-23,LIVE,79.9,6.39,1,1
thami.brambilla|2026-04-23|VIDEO,thami.brambilla,2026-04-23,VIDEO,79.9,7.99,1,1
lucianalacerdasantos|2026-04-23|VIDEO,lucianalacerdasantos,2026-04-23,VIDEO,79.9,6.39,1,1
arenatajardim|2026-04-23|VIDEO,arenatajardim,2026-04-23,VIDEO,79.9,7.99,1,1
maritips_|2026-04-23|VIDEO,maritips_,2026-04-23,VIDEO,79.9,7.99,1,1
gab_caroline|2026-04-23|VIDEO,gab_caroline,2026-04-23,VIDEO,79.9,7.99,1,1
gab_caroline|2026-04-23|LIVE,gab_caroline,2026-04-23,LIVE,79.9,7.99,1,1
tathianeresende|2026-04-23|LIVE,tathianeresende,2026-04-23,LIVE,79.9,6.39,1,1
monicaestephanio|2026-04-23|SHOP,monicaestephanio,2026-04-23,SHOP,79.9,7.99,1,1
matheuslimashop|2026-04-23|VIDEO,matheuslimashop,2026-04-23,VIDEO,79.9,0.0,1,1
palomacarvalholima|2026-04-23|SHOP,palomacarvalholima,2026-04-23,SHOP,79.9,6.39,1,1
escuta.amiga|2026-04-23|LIVE,escuta.amiga,2026-04-23,LIVE,79.9,7.99,1,1
pattylazzarotto|2026-04-23|VIDEO,pattylazzarotto,2026-04-23,VIDEO,79.9,0.0,1,1
julabancashop|2026-04-23|SHOP,julabancashop,2026-04-23,SHOP,79.9,7.99,1,1
tacianecreator|2026-04-24|VIDEO,tacianecreator,2026-04-24,VIDEO,3203.47,58.75,39,40
ericamcabeluda|2026-04-24|VIDEO,ericamcabeluda,2026-04-24,VIDEO,1023.28,55.16,13,13
alinecavanellas|2026-04-24|VIDEO,alinecavanellas,2026-04-24,VIDEO,824.1,53.94,9,9
thainabeautyoficial|2026-04-24|VIDEO,thainabeautyoficial,2026-04-24,VIDEO,669.2,17.48,7,8
pattylazzarotto|2026-04-24|VIDEO,pattylazzarotto,2026-04-24,VIDEO,644.29,49.44,8,8
nati_sus|2026-04-24|VIDEO,nati_sus,2026-04-24,VIDEO,569.4,47.45,6,6
leticiatsec|2026-04-24|VIDEO,leticiatsec,2026-04-24,VIDEO,569.4,18.98,6,6
psi.mirellarodrigues|2026-04-24|LIVE,psi.mirellarodrigues,2026-04-24,LIVE,529.84,52.99,6,7
jackmundomabu|2026-04-24|LIVE,jackmundomabu,2026-04-24,LIVE,519.93,47.2,7,7
natmarquesvi|2026-04-24|VIDEO,natmarquesvi,2026-04-24,VIDEO,444.59,19.19,5,5
laianenovaisss|2026-04-24|VIDEO,laianenovaisss,2026-04-24,VIDEO,406.79,24.7,5,5
arenatajardim|2026-04-24|VIDEO,arenatajardim,2026-04-24,VIDEO,399.5,0.0,5,5
numarchi|2026-04-24|VIDEO,numarchi,2026-04-24,VIDEO,384.08,38.41,5,5
robertakguilherme|2026-04-24|VIDEO,robertakguilherme,2026-04-24,VIDEO,284.7,0.0,2,3
gabbizie|2026-04-24|VIDEO,gabbizie,2026-04-24,VIDEO,264.79,26.48,3,3
hitalasantiago|2026-04-24|VIDEO,hitalasantiago,2026-04-24,VIDEO,239.7,0.0,3,3
natmarquesvi|2026-04-24|LIVE,natmarquesvi,2026-04-24,LIVE,219.88,24.79,3,3
danijeans|2026-04-24|VIDEO,danijeans,2026-04-24,VIDEO,174.8,7.99,2,2
tacianecreator|2026-04-24|LIVE,tacianecreator,2026-04-24,LIVE,159.8,15.98,2,2
someoneduda|2026-04-24|VIDEO,someoneduda,2026-04-24,VIDEO,159.8,15.98,2,2
danijeans|2026-04-24|LIVE,danijeans,2026-04-24,LIVE,149.98,15.0,2,2
monicap.pereira|2026-04-24|VIDEO,monicap.pereira,2026-04-24,VIDEO,94.9,0.0,1,1
eu.lidiannemartins|2026-04-24|VIDEO,eu.lidiannemartins,2026-04-24,VIDEO,94.9,9.49,1,1
malubeautycreator|2026-04-24|SHOP,malubeautycreator,2026-04-24,SHOP,94.9,7.59,1,1
laryoliveiira_|2026-04-24|LIVE,laryoliveiira_,2026-04-24,LIVE,94.9,9.49,1,1
vanessaburquy|2026-04-24|LIVE,vanessaburquy,2026-04-24,LIVE,94.9,7.59,1,1
jessicamesant|2026-04-24|VIDEO,jessicamesant,2026-04-24,VIDEO,94.9,9.49,1,1
alannalavinia.xavier|2026-04-24|VIDEO,alannalavinia.xavier,2026-04-24,VIDEO,79.9,6.39,1,1
taniaribeiro_creator|2026-04-24|VIDEO,taniaribeiro_creator,2026-04-24,VIDEO,79.9,0.0,1,1
bszindica|2026-04-24|VIDEO,bszindica,2026-04-24,VIDEO,79.9,6.39,1,1
thaisnicolelife|2026-04-24|SHOP,thaisnicolelife,2026-04-24,SHOP,79.9,6.39,1,1
priscilaluthz|2026-04-24|SHOP,priscilaluthz,2026-04-24,SHOP,79.9,7.99,1,1
stte.__|2026-04-24|VIDEO,stte.__,2026-04-24,VIDEO,79.9,7.99,1,1
gab_caroline|2026-04-24|LIVE,gab_caroline,2026-04-24,LIVE,79.9,7.99,1,1
minisnovelasdoramas|2026-04-24|LINKSHARE,minisnovelasdoramas,2026-04-24,LINKSHARE,79.9,6.39,1,1
francruz.26|2026-04-24|VIDEO,francruz.26,2026-04-24,VIDEO,79.9,7.99,1,1
marinatheesr|2026-04-24|VIDEO,marinatheesr,2026-04-24,VIDEO,79.9,0.0,1,1
stylebyste|2026-04-24|SHOP,stylebyste,2026-04-24,SHOP,79.9,6.39,1,1
achoueamou2|2026-04-24|VIDEO,achoueamou2,2026-04-24,VIDEO,79.9,0.0,1,1
edja.shop|2026-04-24|LIVE,edja.shop,2026-04-24,LIVE,79.9,7.99,1,1
silsantiagotrc|2026-04-24|VIDEO,silsantiagotrc,2026-04-24,VIDEO,79.9,7.99,1,1
escuta.amiga|2026-04-24|VIDEO,escuta.amiga,2026-04-24,VIDEO,79.9,7.99,1,1
adrianacarvalho.lisle|2026-04-24|LINKSHARE,adrianacarvalho.lisle,2026-04-24,LINKSHARE,79.9,6.39,1,1
karinaraubach|2026-04-24|LIVE,karinaraubach,2026-04-24,LIVE,79.9,6.39,1,1
gleysaaguiar|2026-04-24|VIDEO,gleysaaguiar,2026-04-24,VIDEO,79.9,7.99,1,1
escuta.amiga|2026-04-24|LIVE,escuta.amiga,2026-04-24,LIVE,79.9,7.99,1,1
bialuzzmodas|2026-04-24|VIDEO,bialuzzmodas,2026-04-24,VIDEO,72.19,7.22,1,1
cellydemello37|2026-04-24|LINKSHARE,cellydemello37,2026-04-24,LINKSHARE,72.19,5.78,1,1
vitrinedaana.oficial|2026-04-24|SHOP,vitrinedaana.oficial,2026-04-24,SHOP,72.19,7.22,1,1
maiconeandreia|2026-04-24|LIVE,maiconeandreia,2026-04-24,LIVE,69.99,8.4,1,1
adv.dayane|2026-04-24|LIVE,adv.dayane,2026-04-24,LIVE,69.99,7.0,1,1
natmarquesvi|2026-04-25|LIVE,natmarquesvi,2026-04-25,LIVE,28148.86,3309.97,321,398
maiconeandreia|2026-04-25|LIVE,maiconeandreia,2026-04-25,LIVE,12608.11,1513.19,133,180
tacianecreator|2026-04-25|LIVE,tacianecreator,2026-04-25,LIVE,12592.14,1309.7,159,178
tacianecreator|2026-04-25|VIDEO,tacianecreator,2026-04-25,VIDEO,4007.38,88.01,48,50
danijeans|2026-04-25|LIVE,danijeans,2026-04-25,LIVE,3524.41,345.49,47,50
laryoliveiira_|2026-04-25|LIVE,laryoliveiira_,2026-04-25,LIVE,2489.38,248.97,32,35
alinecavanellas|2026-04-25|VIDEO,alinecavanellas,2026-04-25,VIDEO,1423.5,75.92,15,15
natmarquesvi|2026-04-25|VIDEO,natmarquesvi,2026-04-25,VIDEO,1071.09,84.79,12,12
thainabeautyoficial|2026-04-25|VIDEO,thainabeautyoficial,2026-04-25,VIDEO,1068.7,41.45,13,13
laianenovaisss|2026-04-25|VIDEO,laianenovaisss,2026-04-25,VIDEO,943.38,54.39,12,12
nati_sus|2026-04-25|VIDEO,nati_sus,2026-04-25,VIDEO,809.1,53.94,9,9
ericamcabeluda|2026-04-25|VIDEO,ericamcabeluda,2026-04-25,VIDEO,798.58,46.4,10,10
leticiatsec|2026-04-25|VIDEO,leticiatsec,2026-04-25,VIDEO,664.3,56.94,7,7
pattylazzarotto|2026-04-25|VIDEO,pattylazzarotto,2026-04-25,VIDEO,659.29,18.49,8,8
monicap.pereira|2026-04-25|VIDEO,monicap.pereira,2026-04-25,VIDEO,569.4,18.98,6,6
numarchi|2026-04-25|VIDEO,numarchi,2026-04-25,VIDEO,494.49,49.45,6,6
psi.mirellarodrigues|2026-04-25|LIVE,psi.mirellarodrigues,2026-04-25,LIVE,474.76,47.48,5,6
escuta.amiga|2026-04-25|LIVE,escuta.amiga,2026-04-25,LIVE,469.49,46.95,6,6
someoneduda|2026-04-25|VIDEO,someoneduda,2026-04-25,VIDEO,399.5,39.95,5,5
purpurinandoshop|2026-04-25|LIVE,purpurinandoshop,2026-04-25,LIVE,239.7,23.97,3,3
hitalasantiago|2026-04-25|VIDEO,hitalasantiago,2026-04-25,VIDEO,239.7,7.99,3,3
coisas.feminina|2026-04-25|SHOP,coisas.feminina,2026-04-25,SHOP,239.7,19.17,1,3
jessicamesant|2026-04-25|VIDEO,jessicamesant,2026-04-25,VIDEO,189.8,18.98,2,2
robertakguilherme|2026-04-25|VIDEO,robertakguilherme,2026-04-25,VIDEO,189.8,9.49,2,2
achoueamou2|2026-04-25|VIDEO,achoueamou2,2026-04-25,VIDEO,159.8,0.0,1,2
brunasilvaindica|2026-04-25|LIVE,brunasilvaindica,2026-04-25,LIVE,159.8,15.98,2,2
gleysaaguiar|2026-04-25|VIDEO,gleysaaguiar,2026-04-25,VIDEO,159.8,0.0,2,2
adriana_ruiz11|2026-04-25|SHOP,adriana_ruiz11,2026-04-25,SHOP,159.8,12.78,1,2
kleobotelho|2026-04-25|LIVE,kleobotelho,2026-04-25,LIVE,159.8,15.98,2,2
arenatajardim|2026-04-25|VIDEO,arenatajardim,2026-04-25,VIDEO,159.8,15.98,1,2
lidikpf6|2026-04-25|VIDEO,lidikpf6,2026-04-25,VIDEO,159.8,15.98,2,2
brenda.luiza5|2026-04-25|VIDEO,brenda.luiza5,2026-04-25,VIDEO,94.9,0.0,1,1
eu.lidiannemartins|2026-04-25|VIDEO,eu.lidiannemartins,2026-04-25,VIDEO,94.9,0.0,1,1
marialuciacardoso8|2026-04-25|SHOP,marialuciacardoso8,2026-04-25,SHOP,94.9,7.59,1,1
quidottiana|2026-04-25|VIDEO,quidottiana,2026-04-25,VIDEO,94.9,9.49,1,1
flavinha.brand|2026-04-25|VIDEO,flavinha.brand,2026-04-25,VIDEO,94.9,0.0,1,1
carinevgarcia|2026-04-25|VIDEO,carinevgarcia,2026-04-25,VIDEO,89.9,7.19,1,1
dicasdathayoficial|2026-04-25|VIDEO,dicasdathayoficial,2026-04-25,VIDEO,79.9,0.0,1,1
veriantunes|2026-04-25|SHOP,veriantunes,2026-04-25,SHOP,79.9,6.39,1,1
escuta.amiga|2026-04-25|VIDEO,escuta.amiga,2026-04-25,VIDEO,79.9,0.0,1,1
bettinacreator|2026-04-25|SHOP,bettinacreator,2026-04-25,SHOP,79.9,7.99,1,1
suzanaoficialbrasil|2026-04-25|SHOP,suzanaoficialbrasil,2026-04-25,SHOP,79.9,6.39,1,1
amandaachouu|2026-04-25|VIDEO,amandaachouu,2026-04-25,VIDEO,79.9,7.99,1,1
jucoelhomoraes|2026-04-25|VIDEO,jucoelhomoraes,2026-04-25,VIDEO,79.9,6.39,1,1
familialiu|2026-04-25|VIDEO,familialiu,2026-04-25,VIDEO,79.9,7.99,1,1
achadinhos.da.jeh52|2026-04-25|LIVE,achadinhos.da.jeh52,2026-04-25,LIVE,79.9,6.39,1,1
jujuteixeiraa_|2026-04-25|SHOP,jujuteixeiraa_,2026-04-25,SHOP,79.9,7.99,1,1
beatrizmcavalcante|2026-04-25|SHOP,beatrizmcavalcante,2026-04-25,SHOP,79.9,6.39,1,1
maritips_|2026-04-25|VIDEO,maritips_,2026-04-25,VIDEO,79.9,7.99,1,1
.familiapimentel|2026-04-25|VIDEO,.familiapimentel,2026-04-25,VIDEO,79.9,7.99,1,1
danijeans|2026-04-25|VIDEO,danijeans,2026-04-25,VIDEO,79.9,7.99,1,1
suellennuness1|2026-04-25|LINKSHARE,suellennuness1,2026-04-25,LINKSHARE,79.9,6.39,1,1
leticiasteinoficial|2026-04-25|VIDEO,leticiasteinoficial,2026-04-25,VIDEO,79.9,7.99,1,1
elii.llopes|2026-04-25|SHOP,elii.llopes,2026-04-25,SHOP,72.19,5.78,1,1
estilo.anashop|2026-04-25|LIVE,estilo.anashop,2026-04-25,LIVE,72.19,7.22,1,1
lari.quaresma|2026-04-25|VIDEO,lari.quaresma,2026-04-25,VIDEO,72.19,7.22,1,1
vanessa.soares.ramos|2026-04-25|SHOP,vanessa.soares.ramos,2026-04-25,SHOP,72.19,5.78,1,1
natmarquesvi|2026-04-26|LIVE,natmarquesvi,2026-04-26,LIVE,11867.6,1399.12,142,168
psi.mirellarodrigues|2026-04-26|LIVE,psi.mirellarodrigues,2026-04-26,LIVE,6988.74,691.97,91,99
tacianecreator|2026-04-26|VIDEO,tacianecreator,2026-04-26,VIDEO,2316.68,123.74,27,29
alinecavanellas|2026-04-26|VIDEO,alinecavanellas,2026-04-26,VIDEO,1868.0,63.43,20,20
laianenovaisss|2026-04-26|VIDEO,laianenovaisss,2026-04-26,VIDEO,1737.98,94.89,19,22
thainabeautyoficial|2026-04-26|VIDEO,thainabeautyoficial,2026-04-26,VIDEO,1482.78,82.13,18,18
nati_sus|2026-04-26|VIDEO,nati_sus,2026-04-26,VIDEO,1013.9,37.96,10,11
pattylazzarotto|2026-04-26|VIDEO,pattylazzarotto,2026-04-26,VIDEO,938.9,44.45,11,11
leticiatsec|2026-04-26|VIDEO,leticiatsec,2026-04-26,VIDEO,854.1,75.92,9,9
ericamcabeluda|2026-04-26|VIDEO,ericamcabeluda,2026-04-26,VIDEO,773.67,46.18,10,10
numarchi|2026-04-26|VIDEO,numarchi,2026-04-26,VIDEO,726.39,40.68,9,9
tacianecreator|2026-04-26|LIVE,tacianecreator,2026-04-26,LIVE,569.83,51.59,7,8
someoneduda|2026-04-26|VIDEO,someoneduda,2026-04-26,VIDEO,479.4,23.97,6,6
arenatajardim|2026-04-26|VIDEO,arenatajardim,2026-04-26,VIDEO,399.5,31.96,4,5
achoueamou2|2026-04-26|VIDEO,achoueamou2,2026-04-26,VIDEO,399.5,6.39,5,5
quidottiana|2026-04-26|VIDEO,quidottiana,2026-04-26,VIDEO,379.6,37.96,3,4
.familiapimentel|2026-04-26|VIDEO,.familiapimentel,2026-04-26,VIDEO,319.6,7.99,4,4
_milenecarvalho|2026-04-26|LIVE,_milenecarvalho,2026-04-26,LIVE,304.87,28.59,4,4
danijeans|2026-04-26|LIVE,danijeans,2026-04-26,LIVE,289.96,29.0,4,4
monicap.pereira|2026-04-26|VIDEO,monicap.pereira,2026-04-26,VIDEO,269.7,17.48,2,3
thami.brambilla|2026-04-26|VIDEO,thami.brambilla,2026-04-26,VIDEO,269.7,27.91,2,3
taniaribeiro_creator|2026-04-26|VIDEO,taniaribeiro_creator,2026-04-26,VIDEO,239.7,15.98,3,3
bialuzzmodas|2026-04-26|VIDEO,bialuzzmodas,2026-04-26,VIDEO,239.7,23.97,3,3
gab_caroline|2026-04-26|VIDEO,gab_caroline,2026-04-26,VIDEO,239.7,23.97,3,3
maiconeandreia|2026-04-26|LIVE,maiconeandreia,2026-04-26,LIVE,209.97,25.2,2,3
natmarquesvi|2026-04-26|VIDEO,natmarquesvi,2026-04-26,VIDEO,174.8,11.39,2,2
akello.nunes|2026-04-26|LIVE,akello.nunes,2026-04-26,LIVE,159.8,15.98,2,2
escuta.amiga|2026-04-26|VIDEO,escuta.amiga,2026-04-26,VIDEO,159.8,0.0,2,2
gabbizie|2026-04-26|VIDEO,gabbizie,2026-04-26,VIDEO,159.8,15.98,2,2
bila.breve|2026-04-26|VIDEO,bila.breve,2026-04-26,VIDEO,152.09,12.17,1,2
lucianaprados84|2026-04-26|SHOP,lucianaprados84,2026-04-26,SHOP,94.9,7.59,1,1
angelmodaeachadinhos|2026-04-26|VIDEO,angelmodaeachadinhos,2026-04-26,VIDEO,94.9,0.0,1,1
jesianealvescreator|2026-04-26|VIDEO,jesianealvescreator,2026-04-26,VIDEO,94.9,9.49,1,1
yasmin.aoliveira|2026-04-26|VIDEO,yasmin.aoliveira,2026-04-26,VIDEO,94.9,9.49,1,1
sabrina_castrooo|2026-04-26|LINKSHARE,sabrina_castrooo,2026-04-26,LINKSHARE,94.9,7.59,1,1
alessandraandrad938|2026-04-26|LIVE,alessandraandrad938,2026-04-26,LIVE,94.9,7.59,1,1
daily.ksb|2026-04-26|LIVE,daily.ksb,2026-04-26,LIVE,94.9,7.59,1,1
marciamichelle._|2026-04-26|SHOP,marciamichelle._,2026-04-26,SHOP,79.9,6.39,1,1
drapriscilamoraes|2026-04-26|LINKSHARE,drapriscilamoraes,2026-04-26,LINKSHARE,79.9,6.39,1,1
heloisabiancom|2026-04-26|LINKSHARE,heloisabiancom,2026-04-26,LINKSHARE,79.9,7.99,1,1
michelly.modolo|2026-04-26|VIDEO,michelly.modolo,2026-04-26,VIDEO,79.9,7.99,1,1
angelatimburi|2026-04-26|LIVE,angelatimburi,2026-04-26,LIVE,79.9,7.99,1,1
mikaelle.matos|2026-04-26|SHOP,mikaelle.matos,2026-04-26,SHOP,79.9,6.39,1,1
achadosbyjuliana|2026-04-26|LIVE,achadosbyjuliana,2026-04-26,LIVE,79.9,7.99,1,1
dicasdathayoficial|2026-04-26|VIDEO,dicasdathayoficial,2026-04-26,VIDEO,79.9,7.99,1,1
ebson.augusto|2026-04-26|SHOP,ebson.augusto,2026-04-26,SHOP,79.9,6.39,1,1
gleysaaguiar|2026-04-26|VIDEO,gleysaaguiar,2026-04-26,VIDEO,79.9,0.0,1,1
cintia.thies|2026-04-26|VIDEO,cintia.thies,2026-04-26,VIDEO,79.9,7.99,1,1
mihlopestkshop10|2026-04-26|LINKSHARE,mihlopestkshop10,2026-04-26,LINKSHARE,79.9,7.99,1,1
danijeans|2026-04-26|VIDEO,danijeans,2026-04-26,VIDEO,79.9,0.0,1,1
edja.shop|2026-04-26|LIVE,edja.shop,2026-04-26,LIVE,79.9,7.99,1,1
hitalasantiago|2026-04-26|VIDEO,hitalasantiago,2026-04-26,VIDEO,79.9,7.99,1,1
laryoliveiira_|2026-04-26|LIVE,laryoliveiira_,2026-04-26,LIVE,79.9,7.99,1,1
luasena20|2026-04-26|LIVE,luasena20,2026-04-26,LIVE,79.9,7.99,1,1
dicadanaah|2026-04-26|VIDEO,dicadanaah,2026-04-26,VIDEO,69.99,0.0,1,1
laianenovaisss|2026-04-27|VIDEO,laianenovaisss,2026-04-27,VIDEO,958.8,0.0,11,12
natmarquesvi|2026-04-27|LIVE,natmarquesvi,2026-04-27,LIVE,864.79,103.79,12,12
tacianecreator|2026-04-27|LIVE,tacianecreator,2026-04-27,LIVE,699.9,75.6,9,10
leticiatsec|2026-04-27|VIDEO,leticiatsec,2026-04-27,VIDEO,569.4,56.94,5,6
natmarquesvi|2026-04-27|VIDEO,natmarquesvi,2026-04-27,VIDEO,501.69,60.21,6,6
ericamcabeluda|2026-04-27|VIDEO,ericamcabeluda,2026-04-27,VIDEO,479.4,39.95,6,6
nati_sus|2026-04-27|VIDEO,nati_sus,2026-04-27,VIDEO,444.5,28.47,3,5
thainabeautyoficial|2026-04-27|VIDEO,thainabeautyoficial,2026-04-27,VIDEO,399.5,23.97,5,5
psi.mirellarodrigues|2026-04-27|LIVE,psi.mirellarodrigues,2026-04-27,LIVE,372.15,37.22,5,5
alinecavanellas|2026-04-27|VIDEO,alinecavanellas,2026-04-27,VIDEO,364.6,36.46,3,4
tacianecreator|2026-04-27|VIDEO,tacianecreator,2026-04-27,VIDEO,319.6,19.18,4,4
escuta.amiga|2026-04-27|LIVE,escuta.amiga,2026-04-27,LIVE,311.89,31.19,3,4
numarchi|2026-04-27|VIDEO,numarchi,2026-04-27,VIDEO,239.79,23.98,3,3
pattylazzarotto|2026-04-27|VIDEO,pattylazzarotto,2026-04-27,VIDEO,239.7,15.98,3,3
maiconeandreia|2026-04-27|LIVE,maiconeandreia,2026-04-27,LIVE,139.98,16.8,2,2
brenda.luiza5|2026-04-27|VIDEO,brenda.luiza5,2026-04-27,VIDEO,94.9,9.49,1,1
robertakguilherme|2026-04-27|VIDEO,robertakguilherme,2026-04-27,VIDEO,94.9,0.0,1,1
jessicamesant|2026-04-27|VIDEO,jessicamesant,2026-04-27,VIDEO,79.9,7.99,1,1
gab_caroline|2026-04-27|VIDEO,gab_caroline,2026-04-27,VIDEO,79.9,7.99,1,1
.familiapimentel|2026-04-27|VIDEO,.familiapimentel,2026-04-27,VIDEO,79.9,7.99,1,1
marialuciacardoso8|2026-04-27|SHOP,marialuciacardoso8,2026-04-27,SHOP,79.9,6.39,1,1
sarahemanuelys|2026-04-27|LINKSHARE,sarahemanuelys,2026-04-27,LINKSHARE,79.9,7.99,1,1
arenatajardim|2026-04-27|VIDEO,arenatajardim,2026-04-27,VIDEO,79.9,7.99,1,1
escuta.amiga|2026-04-27|VIDEO,escuta.amiga,2026-04-27,VIDEO,79.9,7.99,1,1
tathianeresende|2026-04-27|LIVE,tathianeresende,2026-04-27,LIVE,72.19,5.78,1,1
adv.dayane|2026-04-28|LIVE,adv.dayane,2026-04-28,LIVE,1869.65,186.99,20,26
thainabeautyoficial|2026-04-28|VIDEO,thainabeautyoficial,2026-04-28,VIDEO,1498.2,26.97,17,18
alinecavanellas|2026-04-28|VIDEO,alinecavanellas,2026-04-28,VIDEO,998.9,99.89,10,11
laianenovaisss|2026-04-28|VIDEO,laianenovaisss,2026-04-28,VIDEO,543.88,54.39,7,7
jackmundomabu|2026-04-28|LIVE,jackmundomabu,2026-04-28,LIVE,429.94,41.4,6,6
ericamcabeluda|2026-04-28|VIDEO,ericamcabeluda,2026-04-28,VIDEO,399.5,23.97,5,5
nati_sus|2026-04-28|VIDEO,nati_sus,2026-04-28,VIDEO,364.6,23.47,4,4
tacianecreator|2026-04-28|VIDEO,tacianecreator,2026-04-28,VIDEO,349.6,40.06,4,4
natmarquesvi|2026-04-28|LIVE,natmarquesvi,2026-04-28,LIVE,284.7,34.17,1,3
natmarquesvi|2026-04-28|VIDEO,natmarquesvi,2026-04-28,VIDEO,269.7,32.37,3,3
numarchi|2026-04-28|VIDEO,numarchi,2026-04-28,VIDEO,239.7,23.97,3,3
escuta.amiga|2026-04-28|LIVE,escuta.amiga,2026-04-28,LIVE,239.7,23.97,3,3
__amandamacedoo|2026-04-28|LINKSHARE,__amandamacedoo,2026-04-28,LINKSHARE,189.8,15.18,2,2
leticiatsec|2026-04-28|VIDEO,leticiatsec,2026-04-28,VIDEO,189.8,18.98,2,2
francruz.26|2026-04-28|VIDEO,francruz.26,2026-04-28,VIDEO,179.98,18.0,2,2
gabbizie|2026-04-28|VIDEO,gabbizie,2026-04-28,VIDEO,159.8,15.98,2,2
laryoliveiira_|2026-04-28|LIVE,laryoliveiira_,2026-04-28,LIVE,139.98,14.0,1,2
tacianecreator|2026-04-28|LIVE,tacianecreator,2026-04-28,LIVE,139.98,16.8,1,2
juniorlimaas|2026-04-28|LINKSHARE,juniorlimaas,2026-04-28,LINKSHARE,94.9,7.59,1,1
monicap.pereira|2026-04-28|VIDEO,monicap.pereira,2026-04-28,VIDEO,94.9,0.0,1,1
quidottiana|2026-04-28|VIDEO,quidottiana,2026-04-28,VIDEO,94.9,9.49,1,1
danijeans|2026-04-28|LIVE,danijeans,2026-04-28,LIVE,79.9,7.99,1,1
robbertappa|2026-04-28|LINKSHARE,robbertappa,2026-04-28,LINKSHARE,79.9,6.39,1,1
pattylazzarotto|2026-04-28|VIDEO,pattylazzarotto,2026-04-28,VIDEO,79.9,7.99,1,1
gab_caroline|2026-04-28|VIDEO,gab_caroline,2026-04-28,VIDEO,79.9,7.99,1,1
conecteshopping|2026-04-28|VIDEO,conecteshopping,2026-04-28,VIDEO,79.9,6.39,1,1
maritips_|2026-04-28|VIDEO,maritips_,2026-04-28,VIDEO,79.9,7.99,1,1
familialiu|2026-04-28|VIDEO,familialiu,2026-04-28,VIDEO,79.9,7.99,1,1
diarioda_juu|2026-04-28|VIDEO,diarioda_juu,2026-04-28,VIDEO,79.9,7.99,1,1
someoneduda|2026-04-28|VIDEO,someoneduda,2026-04-28,VIDEO,79.9,7.99,1,1
amandgomees_|2026-04-28|VIDEO,amandgomees_,2026-04-28,VIDEO,79.9,6.39,1,1
palomacarvalholima|2026-04-28|LIVE,palomacarvalholima,2026-04-28,LIVE,79.9,6.39,1,1
brunasilvaindica|2026-04-28|LIVE,brunasilvaindica,2026-04-28,LIVE,79.9,7.99,1,1
barbaramirandashop|2026-04-28|VIDEO,barbaramirandashop,2026-04-28,VIDEO,79.9,7.99,1,1
psi.mirellarodrigues|2026-04-28|LIVE,psi.mirellarodrigues,2026-04-28,LIVE,69.99,7.0,1,1
natmarquesvi|2026-04-29|LIVE,natmarquesvi,2026-04-29,LIVE,25674.93,3064.64,311,363
adv.dayane|2026-04-29|LIVE,adv.dayane,2026-04-29,LIVE,5523.86,552.93,71,78
alinecavanellas|2026-04-29|VIDEO,alinecavanellas,2026-04-29,VIDEO,1108.8,112.48,12,12
natmarquesvi|2026-04-29|VIDEO,natmarquesvi,2026-04-29,VIDEO,718.86,86.27,7,9
laryoliveiira_|2026-04-29|LIVE,laryoliveiira_,2026-04-29,LIVE,654.82,65.49,6,9
thainabeautyoficial|2026-04-29|VIDEO,thainabeautyoficial,2026-04-29,VIDEO,589.3,25.47,7,7
laianenovaisss|2026-04-29|VIDEO,laianenovaisss,2026-04-29,VIDEO,414.5,33.46,5,5
leticiatsec|2026-04-29|VIDEO,leticiatsec,2026-04-29,VIDEO,379.6,37.96,3,4
nati_sus|2026-04-29|VIDEO,nati_sus,2026-04-29,VIDEO,364.6,25.37,4,4
arenatajardim|2026-04-29|VIDEO,arenatajardim,2026-04-29,VIDEO,319.6,23.97,4,4
psi.mirellarodrigues|2026-04-29|LIVE,psi.mirellarodrigues,2026-04-29,LIVE,249.88,26.99,3,3
escuta.amiga|2026-04-29|LIVE,escuta.amiga,2026-04-29,LIVE,246.99,24.7,3,3
ericamcabeluda|2026-04-29|VIDEO,ericamcabeluda,2026-04-29,VIDEO,239.7,23.97,2,3
akello.nunes|2026-04-29|LIVE,akello.nunes,2026-04-29,LIVE,159.8,15.98,2,2
someoneduda|2026-04-29|VIDEO,someoneduda,2026-04-29,VIDEO,159.8,15.98,2,2
tacianecreator|2026-04-29|VIDEO,tacianecreator,2026-04-29,VIDEO,159.8,9.59,2,2
tacianecreator|2026-04-29|LIVE,tacianecreator,2026-04-29,LIVE,149.89,17.99,2,2
pattylazzarotto|2026-04-29|VIDEO,pattylazzarotto,2026-04-29,VIDEO,94.9,9.49,1,1
marciamichelle._|2026-04-29|SHOP,marciamichelle._,2026-04-29,SHOP,94.9,7.59,1,1
carol.dicas55|2026-04-29|SHOP,carol.dicas55,2026-04-29,SHOP,94.9,7.59,1,1
vickbartelega|2026-04-29|SHOP,vickbartelega,2026-04-29,SHOP,94.9,7.59,1,1
ale.indica.shop|2026-04-29|LINKSHARE,ale.indica.shop,2026-04-29,LINKSHARE,94.9,7.59,1,1
gabbizie|2026-04-29|VIDEO,gabbizie,2026-04-29,VIDEO,94.9,9.49,1,1
robertakguilherme|2026-04-29|VIDEO,robertakguilherme,2026-04-29,VIDEO,94.9,9.49,1,1
cortivanessa|2026-04-29|LINKSHARE,cortivanessa,2026-04-29,LINKSHARE,94.9,7.59,1,1
josiane.deschamps|2026-04-29|SHOP,josiane.deschamps,2026-04-29,SHOP,79.9,6.39,1,1
kleobotelho|2026-04-29|LIVE,kleobotelho,2026-04-29,LIVE,79.9,7.99,1,1
vaniacardoso86|2026-04-29|SHOP,vaniacardoso86,2026-04-29,SHOP,79.9,6.39,1,1
maryachadinhos3|2026-04-29|SHOP,maryachadinhos3,2026-04-29,SHOP,79.9,7.99,1,1
indicadosdaedi|2026-04-29|VIDEO,indicadosdaedi,2026-04-29,VIDEO,79.9,7.99,1,1
daianesantos8420|2026-04-29|SHOP,daianesantos8420,2026-04-29,SHOP,79.9,6.39,1,1
danijeans|2026-04-29|VIDEO,danijeans,2026-04-29,VIDEO,79.9,7.99,1,1
emporio_shopp|2026-04-29|SHOP,emporio_shopp,2026-04-29,SHOP,79.9,6.39,1,1
marinatheesr|2026-04-29|VIDEO,marinatheesr,2026-04-29,VIDEO,79.9,7.99,1,1
maritips_|2026-04-29|VIDEO,maritips_,2026-04-29,VIDEO,79.9,7.99,1,1
byjoanafit|2026-04-29|LINKSHARE,byjoanafit,2026-04-29,LINKSHARE,72.19,5.78,1,1
dinhacampello|2026-04-29|LIVE,dinhacampello,2026-04-29,LIVE,69.99,5.6,1,1
danijeans|2026-04-29|LIVE,danijeans,2026-04-29,LIVE,69.99,7.0,1,1
deboradeoli|2026-04-29|SHOP,deboradeoli,2026-04-29,SHOP,69.99,7.0,1,1
natmarquesvi|2026-04-30|LIVE,natmarquesvi,2026-04-30,LIVE,8538.43,1007.96,108,121
adv.dayane|2026-04-30|LIVE,adv.dayane,2026-04-30,LIVE,4338.33,433.89,58,62
tacianecreator|2026-04-30|VIDEO,tacianecreator,2026-04-30,VIDEO,1293.4,78.52,15,16
alinecavanellas|2026-04-30|VIDEO,alinecavanellas,2026-04-30,VIDEO,1284.17,47.75,11,11
thainabeautyoficial|2026-04-30|VIDEO,thainabeautyoficial,2026-04-30,VIDEO,1118.6,39.95,14,14
ericamcabeluda|2026-04-30|VIDEO,ericamcabeluda,2026-04-30,VIDEO,1030.99,55.93,13,13
laianenovaisss|2026-04-30|VIDEO,laianenovaisss,2026-04-30,VIDEO,669.2,41.45,8,8
leticiatsec|2026-04-30|VIDEO,leticiatsec,2026-04-30,VIDEO,664.3,37.96,7,7
pattylazzarotto|2026-04-30|VIDEO,pattylazzarotto,2026-04-30,VIDEO,574.3,40.16,7,7
gleysaaguiar|2026-04-30|VIDEO,gleysaaguiar,2026-04-30,VIDEO,479.4,23.97,6,6
someoneduda|2026-04-30|VIDEO,someoneduda,2026-04-30,VIDEO,479.4,15.98,6,6
psi.mirellarodrigues|2026-04-30|LIVE,psi.mirellarodrigues,2026-04-30,LIVE,289.87,28.99,3,4
monicap.pereira|2026-04-30|VIDEO,monicap.pereira,2026-04-30,VIDEO,189.8,18.98,2,2
nati_sus|2026-04-30|VIDEO,nati_sus,2026-04-30,VIDEO,184.89,9.49,2,2
soldecristoliveshop|2026-04-30|LIVE,soldecristoliveshop,2026-04-30,LIVE,174.8,17.48,1,2
lumenezes_indica|2026-04-30|VIDEO,lumenezes_indica,2026-04-30,VIDEO,159.8,12.78,2,2
jessicamesant|2026-04-30|VIDEO,jessicamesant,2026-04-30,VIDEO,89.99,0.0,1,1
tacirecomenda|2026-04-30|VIDEO,tacirecomenda,2026-04-30,VIDEO,89.99,0.0,1,1
bruna.compartilha|2026-04-30|LIVE,bruna.compartilha,2026-04-30,LIVE,79.99,6.4,1,1
matheuslimashop|2026-04-30|VIDEO,matheuslimashop,2026-04-30,VIDEO,79.9,0.0,1,1
bycarolgouvea|2026-04-30|VIDEO,bycarolgouvea,2026-04-30,VIDEO,79.9,7.99,1,1
deia_recomenda|2026-04-30|SHOP,deia_recomenda,2026-04-30,SHOP,79.9,7.99,1,1
gab_caroline|2026-04-30|VIDEO,gab_caroline,2026-04-30,VIDEO,79.9,7.99,1,1
maritips_|2026-04-30|VIDEO,maritips_,2026-04-30,VIDEO,79.9,7.99,1,1
luvitoria__|2026-04-30|LINKSHARE,luvitoria__,2026-04-30,LINKSHARE,79.9,6.39,1,1
escuta.amiga|2026-04-30|LIVE,escuta.amiga,2026-04-30,LIVE,79.9,7.99,1,1
maiconeandreia|2026-04-30|LIVE,maiconeandreia,2026-04-30,LIVE,79.9,9.59,1,1
silsantiagotrc|2026-04-30|VIDEO,silsantiagotrc,2026-04-30,VIDEO,79.9,7.99,1,1
namatokanovic|2026-04-30|VIDEO,namatokanovic,2026-04-30,VIDEO,79.9,7.99,1,1
day_felinto|2026-04-30|LIVE,day_felinto,2026-04-30,LIVE,72.19,5.78,1,1
yaponts|2026-04-30|VIDEO,yaponts,2026-04-30,VIDEO,72.19,7.22,1,1
thalyytaguedes|2026-04-30|VIDEO,thalyytaguedes,2026-04-30,VIDEO,72.19,7.22,1,1
gabbizie|2026-04-30|VIDEO,gabbizie,2026-04-30,VIDEO,72.19,8.66,1,1
escuta.amiga|2026-04-30|VIDEO,escuta.amiga,2026-04-30,VIDEO,72.19,7.22,1,1
tacianecreator|2026-05-01|LIVE,tacianecreator,2026-05-01,LIVE,5385.71,571.31,68,75
adv.dayane|2026-05-01|LIVE,adv.dayane,2026-05-01,LIVE,5324.64,532.56,69,76
tacianecreator|2026-05-01|VIDEO,tacianecreator,2026-05-01,VIDEO,3051.2,134.26,38,38
natmarquesvi|2026-05-01|LIVE,natmarquesvi,2026-05-01,LIVE,1234.57,148.17,14,16
ericamcabeluda|2026-05-01|VIDEO,ericamcabeluda,2026-05-01,VIDEO,1118.6,63.92,13,14
thainabeautyoficial|2026-05-01|VIDEO,thainabeautyoficial,2026-05-01,VIDEO,988.8,50.94,12,12
numarchi|2026-05-01|VIDEO,numarchi,2026-05-01,VIDEO,749.19,61.15,9,9
pattylazzarotto|2026-05-01|VIDEO,pattylazzarotto,2026-05-01,VIDEO,642.2,48.31,8,8
escuta.amiga|2026-05-01|VIDEO,escuta.amiga,2026-05-01,VIDEO,559.3,39.95,7,7
laianenovaisss|2026-05-01|VIDEO,laianenovaisss,2026-05-01,VIDEO,479.4,23.97,6,6
leticiatsec|2026-05-01|VIDEO,leticiatsec,2026-05-01,VIDEO,379.8,37.98,2,2
alinecavanellas|2026-05-01|VIDEO,alinecavanellas,2026-05-01,VIDEO,379.7,20.58,3,3
someoneduda|2026-05-01|VIDEO,someoneduda,2026-05-01,VIDEO,319.6,15.98,4,4
jessicamesant|2026-05-01|VIDEO,jessicamesant,2026-05-01,VIDEO,259.88,7.99,3,3
natmarquesvi|2026-05-01|VIDEO,natmarquesvi,2026-05-01,VIDEO,254.7,30.57,3,3
jessicatanara1|2026-05-01|LIVE,jessicatanara1,2026-05-01,LIVE,174.8,17.48,1,2
flavinha.brand|2026-05-01|VIDEO,flavinha.brand,2026-05-01,VIDEO,159.89,7.99,2,2
gabbizie|2026-05-01|VIDEO,gabbizie,2026-05-01,VIDEO,159.8,19.18,2,2
gab_caroline|2026-05-01|VIDEO,gab_caroline,2026-05-01,VIDEO,159.8,15.98,2,2
robertakguilherme|2026-05-01|VIDEO,robertakguilherme,2026-05-01,VIDEO,109.9,0.0,1,1
ale.indica.shop|2026-05-01|SHOP,ale.indica.shop,2026-05-01,SHOP,94.9,7.59,1,1
monicap.pereira|2026-05-01|VIDEO,monicap.pereira,2026-05-01,VIDEO,94.9,9.49,1,1
thami.brambilla|2026-05-01|VIDEO,thami.brambilla,2026-05-01,VIDEO,82.9,8.29,1,1
maiconeandreia|2026-05-01|LIVE,maiconeandreia,2026-05-01,LIVE,79.9,9.59,1,1
escuta.amiga|2026-05-01|LIVE,escuta.amiga,2026-05-01,LIVE,79.9,7.99,1,1
maritips_|2026-05-01|VIDEO,maritips_,2026-05-01,VIDEO,79.9,7.99,1,1
arenatajardim|2026-05-01|VIDEO,arenatajardim,2026-05-01,VIDEO,79.9,7.99,1,1
psi.mirellarodrigues|2026-05-01|LIVE,psi.mirellarodrigues,2026-05-01,LIVE,79.9,7.99,1,1
carolmoraes.shop|2026-05-01|VIDEO,carolmoraes.shop,2026-05-01,VIDEO,79.9,7.99,1,1
lucianalacerdasantos|2026-05-01|VIDEO,lucianalacerdasantos,2026-05-01,VIDEO,79.9,6.39,1,1
ra_diraimo|2026-05-01|VIDEO,ra_diraimo,2026-05-01,VIDEO,79.9,6.39,1,1
mypeacejoias|2026-05-01|VIDEO,mypeacejoias,2026-05-01,VIDEO,79.9,7.99,1,1
allynegomes.dicas|2026-05-01|VIDEO,allynegomes.dicas,2026-05-01,VIDEO,79.9,7.99,1,1
dicasdathayoficial|2026-05-01|VIDEO,dicasdathayoficial,2026-05-01,VIDEO,79.9,0.0,1,1
thaisbrito.digital|2026-05-01|VIDEO,thaisbrito.digital,2026-05-01,VIDEO,79.9,7.99,1,1
namatokanovic|2026-05-01|VIDEO,namatokanovic,2026-05-01,VIDEO,79.9,7.99,1,1
thai.vitrine|2026-05-01|LIVE,thai.vitrine,2026-05-01,LIVE,79.9,7.99,1,1
natmarquesvi|2026-05-02|LIVE,natmarquesvi,2026-05-02,LIVE,11538.27,1384.79,153,164
tacianecreator|2026-05-02|VIDEO,tacianecreator,2026-05-02,VIDEO,1148.6,31.17,14,14
leticiatsec|2026-05-02|VIDEO,leticiatsec,2026-05-02,VIDEO,659.4,39.56,6,6
laianenovaisss|2026-05-02|VIDEO,laianenovaisss,2026-05-02,VIDEO,449.69,23.19,4,4
thami.brambilla|2026-05-02|VIDEO,thami.brambilla,2026-05-02,VIDEO,399.79,39.98,3,3
thainabeautyoficial|2026-05-02|VIDEO,thainabeautyoficial,2026-05-02,VIDEO,339.69,27.38,4,4
ericamcabeluda|2026-05-02|VIDEO,ericamcabeluda,2026-05-02,VIDEO,279.7,0.0,3,3
pattylazzarotto|2026-05-02|VIDEO,pattylazzarotto,2026-05-02,VIDEO,259.7,21.58,3,3
someoneduda|2026-05-02|VIDEO,someoneduda,2026-05-02,VIDEO,259.7,7.99,3,3
nati_sus|2026-05-02|VIDEO,nati_sus,2026-05-02,VIDEO,219.8,26.38,2,2
adv.dayane|2026-05-02|LIVE,adv.dayane,2026-05-02,LIVE,216.37,21.64,3,3
natmarquesvi|2026-05-02|VIDEO,natmarquesvi,2026-05-02,VIDEO,209.8,25.18,2,2
numarchi|2026-05-02|VIDEO,numarchi,2026-05-02,VIDEO,199.8,23.98,2,2
escuta.amiga|2026-05-02|LIVE,escuta.amiga,2026-05-02,LIVE,199.8,15.98,2,2
escuta.amiga|2026-05-02|VIDEO,escuta.amiga,2026-05-02,VIDEO,159.8,7.99,2,2
danijeans|2026-05-02|LIVE,danijeans,2026-05-02,LIVE,149.98,12.0,2,2
laryoliveiira_|2026-05-02|LIVE,laryoliveiira_,2026-05-02,LIVE,149.89,14.99,2,2
tacianecreator|2026-05-02|LIVE,tacianecreator,2026-05-02,LIVE,139.8,16.78,1,2
arenatajardim|2026-05-02|VIDEO,arenatajardim,2026-05-02,VIDEO,109.9,10.99,1,1
gnfonzivy4|2026-05-02|VIDEO,gnfonzivy4,2026-05-02,VIDEO,109.9,0.0,1,1
bellafonse|2026-05-02|VIDEO,bellafonse,2026-05-02,VIDEO,109.9,0.0,1,1
raquelsguerreiro|2026-05-02|LINKSHARE,raquelsguerreiro,2026-05-02,LINKSHARE,99.99,4.0,1,1
karinarsousa1|2026-05-02|LINKSHARE,karinarsousa1,2026-05-02,LINKSHARE,99.99,8.0,1,1
camilalessaizidro|2026-05-02|SHOP,camilalessaizidro,2026-05-02,SHOP,99.9,7.99,1,1
gabbizie|2026-05-02|VIDEO,gabbizie,2026-05-02,VIDEO,99.9,11.99,1,1
dicas_gi|2026-05-02|VIDEO,dicas_gi,2026-05-02,VIDEO,99.9,9.99,1,1
dicasdathayoficial|2026-05-02|VIDEO,dicasdathayoficial,2026-05-02,VIDEO,79.9,0.0,1,1
allynegomes.dicas|2026-05-02|VIDEO,allynegomes.dicas,2026-05-02,VIDEO,79.9,7.99,1,1
gleysaaguiar|2026-05-02|VIDEO,gleysaaguiar,2026-05-02,VIDEO,79.9,0.0,1,1
psi.mirellarodrigues|2026-05-02|LIVE,psi.mirellarodrigues,2026-05-02,LIVE,69.99,8.4,1,1
natmarquesvi|2026-05-03|LIVE,natmarquesvi,2026-05-03,LIVE,6429.0,771.59,85,91
adv.dayane|2026-05-03|LIVE,adv.dayane,2026-05-03,LIVE,2167.97,173.5,25,28
.familiapimentel|2026-05-03|VIDEO,.familiapimentel,2026-05-03,VIDEO,419.88,33.59,2,3
someoneduda|2026-05-03|VIDEO,someoneduda,2026-05-03,VIDEO,399.6,31.96,4,4
tacianecreator|2026-05-03|VIDEO,tacianecreator,2026-05-03,VIDEO,399.6,23.98,2,4
laianenovaisss|2026-05-03|VIDEO,laianenovaisss,2026-05-03,VIDEO,309.7,24.77,3,3
ericamcabeluda|2026-05-03|VIDEO,ericamcabeluda,2026-05-03,VIDEO,299.7,23.98,3,3
danijeans|2026-05-03|LIVE,danijeans,2026-05-03,LIVE,229.97,18.4,2,3
alinecavanellas|2026-05-03|VIDEO,alinecavanellas,2026-05-03,VIDEO,219.8,21.98,2,2
leticiatsec|2026-05-03|VIDEO,leticiatsec,2026-05-03,VIDEO,219.8,17.58,2,2
jhulyagabriella.a|2026-05-03|LINKSHARE,jhulyagabriella.a,2026-05-03,LINKSHARE,209.8,16.78,1,2
thainabeautyoficial|2026-05-03|VIDEO,thainabeautyoficial,2026-05-03,VIDEO,199.8,23.98,2,2
gabbizie|2026-05-03|VIDEO,gabbizie,2026-05-03,VIDEO,199.8,23.98,2,2
psi.mirellarodrigues|2026-05-03|LIVE,psi.mirellarodrigues,2026-05-03,LIVE,169.98,20.4,2,2
fe59222|2026-05-03|LIVE,fe59222,2026-05-03,LIVE,109.9,8.79,1,1
isaurbano_|2026-05-03|LINKSHARE,isaurbano_,2026-05-03,LINKSHARE,109.9,8.79,1,1
thami.brambilla|2026-05-03|VIDEO,thami.brambilla,2026-05-03,VIDEO,109.9,8.79,1,1
numarchi|2026-05-03|VIDEO,numarchi,2026-05-03,VIDEO,99.9,0.0,1,1
silsantiagotrc|2026-05-03|VIDEO,silsantiagotrc,2026-05-03,VIDEO,99.9,7.99,1,1
jess.jan22|2026-05-03|VIDEO,jess.jan22,2026-05-03,VIDEO,99.9,7.99,1,1
escuta.amiga|2026-05-03|LIVE,escuta.amiga,2026-05-03,LIVE,99.9,7.99,1,1
gab_caroline|2026-05-03|VIDEO,gab_caroline,2026-05-03,VIDEO,99.9,7.99,1,1
priscilaluthz|2026-05-03|VIDEO,priscilaluthz,2026-05-03,VIDEO,99.9,7.99,1,1
gi.med.f|2026-05-03|LINKSHARE,gi.med.f,2026-05-03,LINKSHARE,99.9,7.99,1,1
psi.mirellarodrigues|2026-05-03|VIDEO,psi.mirellarodrigues,2026-05-03,VIDEO,99.9,11.99,1,1
dicasdaleleh3|2026-05-03|LINKSHARE,dicasdaleleh3,2026-05-03,LINKSHARE,99.9,7.99,1,1
jesialvescreator|2026-05-03|VIDEO,jesialvescreator,2026-05-03,VIDEO,69.9,5.59,1,1
natmarquesvi|2026-05-04|LIVE,natmarquesvi,2026-05-04,LIVE,1438.3,172.63,15,17
jackmundomabu|2026-05-04|LIVE,jackmundomabu,2026-05-04,LIVE,1048.18,83.84,13,13
adv.dayane|2026-05-04|LIVE,adv.dayane,2026-05-04,LIVE,982.14,78.56,12,12
tacianecreator|2026-05-04|VIDEO,tacianecreator,2026-05-04,VIDEO,499.5,47.96,5,5
abenoada.tiktok.s|2026-05-04|SHOP,abenoada.tiktok.s,2026-05-04,SHOP,419.6,33.56,2,4
pattylazzarotto|2026-05-04|VIDEO,pattylazzarotto,2026-05-04,VIDEO,409.6,49.16,4,4
thainabeautyoficial|2026-05-04|VIDEO,thainabeautyoficial,2026-05-04,VIDEO,404.6,36.57,4,4
ericamcabeluda|2026-05-04|VIDEO,ericamcabeluda,2026-05-04,VIDEO,299.7,35.97,3,3
lucianalacerdasantos|2026-05-04|LIVE,lucianalacerdasantos,2026-05-04,LIVE,279.7,22.37,2,3
leticiatsec|2026-05-04|VIDEO,leticiatsec,2026-05-04,VIDEO,219.8,17.58,2,2
nati_sus|2026-05-04|VIDEO,nati_sus,2026-05-04,VIDEO,209.8,25.18,2,2
laianenovaisss|2026-05-04|VIDEO,laianenovaisss,2026-05-04,VIDEO,199.8,19.98,2,2
gabbizie|2026-05-04|VIDEO,gabbizie,2026-05-04,VIDEO,199.8,23.98,2,2
natmarquesvi|2026-05-04|VIDEO,natmarquesvi,2026-05-04,VIDEO,189.89,22.79,2,2
danijeans|2026-05-04|LIVE,danijeans,2026-05-04,LIVE,159.89,12.79,2,2
talissaaloreto|2026-05-04|VIDEO,talissaaloreto,2026-05-04,VIDEO,109.9,8.79,1,1
alinemendespsi|2026-05-04|LIVE,alinemendespsi,2026-05-04,LIVE,109.9,8.79,1,1
ramosvanessa__|2026-05-04|LINKSHARE,ramosvanessa__,2026-05-04,LINKSHARE,109.9,4.4,1,1
flavinha.brand|2026-05-04|VIDEO,flavinha.brand,2026-05-04,VIDEO,109.9,8.79,1,1
alinecavanellas|2026-05-04|VIDEO,alinecavanellas,2026-05-04,VIDEO,109.9,10.99,1,1
bellafonse|2026-05-04|VIDEO,bellafonse,2026-05-04,VIDEO,109.9,0.0,1,1
laizmacaneiro|2026-05-04|VIDEO,laizmacaneiro,2026-05-04,VIDEO,99.99,8.0,1,1
iara.alves26|2026-05-04|VIDEO,iara.alves26,2026-05-04,VIDEO,99.9,7.99,1,1
varla_laisa|2026-05-04|LINKSHARE,varla_laisa,2026-05-04,LINKSHARE,99.9,7.99,1,1
escuta.amiga|2026-05-04|LIVE,escuta.amiga,2026-05-04,LIVE,99.9,7.99,1,1
someoneduda|2026-05-04|VIDEO,someoneduda,2026-05-04,VIDEO,99.9,7.99,1,1
lidikpf6|2026-05-04|VIDEO,lidikpf6,2026-05-04,VIDEO,99.9,7.99,1,1
arenatajardim|2026-05-04|VIDEO,arenatajardim,2026-05-04,VIDEO,99.9,7.99,1,1
tacianecreator|2026-05-04|LIVE,tacianecreator,2026-05-04,LIVE,79.9,9.59,1,1
adv.dayane|2026-05-05|LIVE,adv.dayane,2026-05-05,LIVE,3146.38,251.65,36,39
jackmundomabu|2026-05-05|LIVE,jackmundomabu,2026-05-05,LIVE,639.2,51.12,8,8
numarchi|2026-05-05|VIDEO,numarchi,2026-05-05,VIDEO,339.88,40.79,3,3
leticiatsec|2026-05-05|VIDEO,leticiatsec,2026-05-05,VIDEO,329.7,17.58,3,3
natmarquesvi|2026-05-05|LIVE,natmarquesvi,2026-05-05,LIVE,329.6,39.56,4,4
pattylazzarotto|2026-05-05|VIDEO,pattylazzarotto,2026-05-05,VIDEO,319.7,38.37,2,3
laianenovaisss|2026-05-05|VIDEO,laianenovaisss,2026-05-05,VIDEO,299.7,35.97,3,3
jessicamesant|2026-05-05|VIDEO,jessicamesant,2026-05-05,VIDEO,289.89,34.79,2,2
natmarquesvi|2026-05-05|VIDEO,natmarquesvi,2026-05-05,VIDEO,199.89,23.99,2,2
someoneduda|2026-05-05|VIDEO,someoneduda,2026-05-05,VIDEO,199.8,15.98,2,2
thami.brambilla|2026-05-05|VIDEO,thami.brambilla,2026-05-05,VIDEO,119.9,14.39,1,1
tacianecreator|2026-05-05|VIDEO,tacianecreator,2026-05-05,VIDEO,109.9,13.19,1,1
vanessa_corti|2026-05-05|SHOP,vanessa_corti,2026-05-05,SHOP,109.9,8.79,1,1
anac.coutinho|2026-05-05|VIDEO,anac.coutinho,2026-05-05,VIDEO,99.9,7.99,1,1
ericamcabeluda|2026-05-05|VIDEO,ericamcabeluda,2026-05-05,VIDEO,99.9,11.99,1,1
cortivanessa|2026-05-05|LINKSHARE,cortivanessa,2026-05-05,LINKSHARE,99.9,7.99,1,1
gabbizie|2026-05-05|VIDEO,gabbizie,2026-05-05,VIDEO,99.9,11.99,1,1
layseaguiar172|2026-05-05|VIDEO,layseaguiar172,2026-05-05,VIDEO,99.9,7.99,1,1
estilo.de.milhoes|2026-05-05|LIVE,estilo.de.milhoes,2026-05-05,LIVE,99.9,7.99,1,1
akello.nunes|2026-05-05|LIVE,akello.nunes,2026-05-05,LIVE,99.9,7.99,1,1
bianca.hasss|2026-05-05|VIDEO,bianca.hasss,2026-05-05,VIDEO,99.9,0.0,1,1
lidiiandradee|2026-05-05|VIDEO,lidiiandradee,2026-05-05,VIDEO,99.9,7.99,1,1
bialuzzmodas|2026-05-05|VIDEO,bialuzzmodas,2026-05-05,VIDEO,99.9,7.99,1,1
tacianecreator|2026-05-05|LIVE,tacianecreator,2026-05-05,LIVE,94.9,11.39,1,1
psi.mirellarodrigues|2026-05-05|LIVE,psi.mirellarodrigues,2026-05-05,LIVE,79.9,9.59,1,1
laryoliveiira_|2026-05-05|LIVE,laryoliveiira_,2026-05-05,LIVE,79.9,6.39,1,1
adv.dayane|2026-05-06|LIVE,adv.dayane,2026-05-06,LIVE,4524.92,361.9,50,54
natmarquesvi|2026-05-06|LIVE,natmarquesvi,2026-05-06,LIVE,689.2,82.72,8,8
leticiatsec|2026-05-06|VIDEO,leticiatsec,2026-05-06,VIDEO,659.4,43.95,5,6
alinecavanellas|2026-05-06|VIDEO,alinecavanellas,2026-05-06,VIDEO,639.4,56.95,6,6
pablinemartinsv|2026-05-06|SHOP,pablinemartinsv,2026-05-06,SHOP,599.67,47.97,4,6
ericamcabeluda|2026-05-06|VIDEO,ericamcabeluda,2026-05-06,VIDEO,499.5,47.96,5,5
tacianecreator|2026-05-06|VIDEO,tacianecreator,2026-05-06,VIDEO,399.6,11.99,4,4
jackmundomabu|2026-05-06|LIVE,jackmundomabu,2026-05-06,LIVE,319.6,25.56,4,4
danijeans|2026-05-06|LIVE,danijeans,2026-05-06,LIVE,269.7,21.57,3,3
monicap.pereira|2026-05-06|VIDEO,monicap.pereira,2026-05-06,VIDEO,219.8,8.79,2,2
pattylazzarotto|2026-05-06|VIDEO,pattylazzarotto,2026-05-06,VIDEO,199.8,23.98,2,2
numarchi|2026-05-06|VIDEO,numarchi,2026-05-06,VIDEO,179.89,21.59,2,2
yasmin.aoliveira|2026-05-06|VIDEO,yasmin.aoliveira,2026-05-06,VIDEO,109.9,8.79,1,1
msgdeamor23|2026-05-06|VIDEO,msgdeamor23,2026-05-06,VIDEO,109.9,0.0,1,1
thainabeautyoficial|2026-05-06|VIDEO,thainabeautyoficial,2026-05-06,VIDEO,109.9,13.19,1,1
bellafonse|2026-05-06|VIDEO,bellafonse,2026-05-06,VIDEO,109.9,0.0,1,1
nati_sus|2026-05-06|VIDEO,nati_sus,2026-05-06,VIDEO,109.9,13.19,1,1
laizmacaneiro|2026-05-06|VIDEO,laizmacaneiro,2026-05-06,VIDEO,99.99,8.0,1,1
someoneduda|2026-05-06|VIDEO,someoneduda,2026-05-06,VIDEO,99.9,7.99,1,1
gleysaaguiar|2026-05-06|VIDEO,gleysaaguiar,2026-05-06,VIDEO,99.9,7.99,1,1
jessicamesant|2026-05-06|SHOP,jessicamesant,2026-05-06,SHOP,99.9,11.99,1,1
binafernandes041|2026-05-06|SHOP,binafernandes041,2026-05-06,SHOP,99.9,7.99,1,1
gabbizie|2026-05-06|VIDEO,gabbizie,2026-05-06,VIDEO,99.9,11.99,1,1
kleobotelho|2026-05-06|LIVE,kleobotelho,2026-05-06,LIVE,99.9,7.99,1,1
natmarquesvi|2026-05-06|VIDEO,natmarquesvi,2026-05-06,VIDEO,89.99,10.8,1,1
psi.mirellarodrigues|2026-05-06|LIVE,psi.mirellarodrigues,2026-05-06,LIVE,89.9,7.19,1,1
danijeans|2026-05-06|VIDEO,danijeans,2026-05-06,VIDEO,79.99,6.4,1,1
juh.fribeiro|2026-05-06|LIVE,juh.fribeiro,2026-05-06,LIVE,79.9,6.39,1,1
thami.brambilla|2026-05-06|VIDEO,thami.brambilla,2026-05-06,VIDEO,69.9,8.39,1,1
laryoliveiira_|2026-05-06|LIVE,laryoliveiira_,2026-05-06,LIVE,59.8,4.78,1,1
adv.dayane|2026-05-07|LIVE,adv.dayane,2026-05-07,LIVE,1887.88,150.99,20,23
tacianecreator|2026-05-07|VIDEO,tacianecreator,2026-05-07,VIDEO,492.5,59.11,4,5
natmarquesvi|2026-05-07|LIVE,natmarquesvi,2026-05-07,LIVE,439.5,52.75,5,5
escuta.amiga|2026-05-07|LIVE,escuta.amiga,2026-05-07,LIVE,399.6,31.96,4,4
someoneduda|2026-05-07|VIDEO,someoneduda,2026-05-07,VIDEO,399.6,31.96,4,4
alinecavanellas|2026-05-07|VIDEO,alinecavanellas,2026-05-07,VIDEO,319.7,22.98,3,3
laianenovaisss|2026-05-07|VIDEO,laianenovaisss,2026-05-07,VIDEO,299.7,35.97,3,3
psi.mirellarodrigues|2026-05-07|LIVE,psi.mirellarodrigues,2026-05-07,LIVE,259.7,23.97,3,3
leticiatsec|2026-05-07|VIDEO,leticiatsec,2026-05-07,VIDEO,219.8,0.0,2,2
pattylazzarotto|2026-05-07|VIDEO,pattylazzarotto,2026-05-07,VIDEO,204.89,13.19,2,2
natmarquesvi|2026-05-07|VIDEO,natmarquesvi,2026-05-07,VIDEO,199.89,13.19,2,2
ericamcabeluda|2026-05-07|VIDEO,ericamcabeluda,2026-05-07,VIDEO,199.8,23.98,2,2
thainabeautyoficial|2026-05-07|VIDEO,thainabeautyoficial,2026-05-07,VIDEO,109.9,13.19,1,1
thami.brambilla|2026-05-07|VIDEO,thami.brambilla,2026-05-07,VIDEO,109.9,13.19,1,1
glowup.mrd|2026-05-07|LINKSHARE,glowup.mrd,2026-05-07,LINKSHARE,109.9,8.79,1,1
bellafonse|2026-05-07|VIDEO,bellafonse,2026-05-07,VIDEO,109.9,0.0,1,1
arenatajardim|2026-05-07|VIDEO,arenatajardim,2026-05-07,VIDEO,99.9,7.99,1,1
gabbizie|2026-05-07|VIDEO,gabbizie,2026-05-07,VIDEO,99.9,11.99,1,1
jessicamesant|2026-05-07|VIDEO,jessicamesant,2026-05-07,VIDEO,99.9,11.99,1,1
priscilaluthz|2026-05-07|LIVE,priscilaluthz,2026-05-07,LIVE,99.9,7.99,1,1
bialuzzmodas|2026-05-07|VIDEO,bialuzzmodas,2026-05-07,VIDEO,99.9,7.99,1,1
namatokanovic|2026-05-07|VIDEO,namatokanovic,2026-05-07,VIDEO,99.9,7.99,1,1
camiladaiara1|2026-05-07|VIDEO,camiladaiara1,2026-05-07,VIDEO,99.9,7.99,1,1
thaise.suellen|2026-05-07|VIDEO,thaise.suellen,2026-05-07,VIDEO,99.9,7.99,1,1
nati_sus|2026-05-07|VIDEO,nati_sus,2026-05-07,VIDEO,99.9,11.99,1,1
tacianecreator|2026-05-07|LIVE,tacianecreator,2026-05-07,LIVE,79.9,9.59,1,1
danijeans|2026-05-07|LIVE,danijeans,2026-05-07,LIVE,79.9,6.39,1,1
adv.dayane|2026-05-08|LIVE,adv.dayane,2026-05-08,LIVE,1038.22,83.04,12,13
laianenovaisss|2026-05-08|VIDEO,laianenovaisss,2026-05-08,VIDEO,399.6,47.96,3,4
ericamcabeluda|2026-05-08|VIDEO,ericamcabeluda,2026-05-08,VIDEO,299.7,35.97,3,3
jessicamesant|2026-05-08|VIDEO,jessicamesant,2026-05-08,VIDEO,284.97,22.8,3,3
leticiatsec|2026-05-08|VIDEO,leticiatsec,2026-05-08,VIDEO,219.89,20.34,2,2
nati_sus|2026-05-08|VIDEO,nati_sus,2026-05-08,VIDEO,219.8,26.38,2,2
gabbizie|2026-05-08|VIDEO,gabbizie,2026-05-08,VIDEO,199.8,23.98,2,2
tacianecreator|2026-05-08|VIDEO,tacianecreator,2026-05-08,VIDEO,194.89,23.39,2,2
thami.brambilla|2026-05-08|VIDEO,thami.brambilla,2026-05-08,VIDEO,189.98,0.0,2,2
natmarquesvi|2026-05-08|LIVE,natmarquesvi,2026-05-08,LIVE,174.8,20.98,2,2
danijeans|2026-05-08|LIVE,danijeans,2026-05-08,LIVE,169.8,13.58,2,2
psi.mirellarodrigues|2026-05-08|LIVE,psi.mirellarodrigues,2026-05-08,LIVE,159.8,19.18,2,2
carolmoraes.shop|2026-05-08|VIDEO,carolmoraes.shop,2026-05-08,VIDEO,109.9,8.79,1,1
realmente_thais|2026-05-08|VIDEO,realmente_thais,2026-05-08,VIDEO,109.9,8.79,1,1
gabrielamendesdesigner|2026-05-08|LINKSHARE,gabrielamendesdesigner,2026-05-08,LINKSHARE,99.9,4.0,1,1
escuta.amiga|2026-05-08|VIDEO,escuta.amiga,2026-05-08,VIDEO,99.9,7.99,1,1
dicadanaah|2026-05-08|VIDEO,dicadanaah,2026-05-08,VIDEO,99.9,7.99,1,1
alinecavanellas|2026-05-08|VIDEO,alinecavanellas,2026-05-08,VIDEO,99.9,11.99,1,1
dravanessacomestilo|2026-05-08|SHOP,dravanessacomestilo,2026-05-08,SHOP,99.9,7.99,1,1
lidiiandradee|2026-05-08|VIDEO,lidiiandradee,2026-05-08,VIDEO,99.9,7.99,1,1
numarchi|2026-05-08|VIDEO,numarchi,2026-05-08,VIDEO,99.9,11.99,1,1
iaraconselheira|2026-05-08|VIDEO,iaraconselheira,2026-05-08,VIDEO,99.9,7.99,1,1
flaviab325|2026-05-08|LIVE,flaviab325,2026-05-08,LIVE,99.9,7.99,1,1
laizmacaneiro|2026-05-08|VIDEO,laizmacaneiro,2026-05-08,VIDEO,94.99,7.6,1,1
francruz.26|2026-05-08|VIDEO,francruz.26,2026-05-08,VIDEO,94.99,9.97,1,1
pattylazzarotto|2026-05-08|VIDEO,pattylazzarotto,2026-05-08,VIDEO,94.99,0.0,1,1
jadecentinela|2026-05-08|VIDEO,jadecentinela,2026-05-08,VIDEO,82.9,6.63,1,1
adv.dayane|2026-05-09|LIVE,adv.dayane,2026-05-09,LIVE,1847.85,147.79,19,22
alinecavanellas|2026-05-09|VIDEO,alinecavanellas,2026-05-09,VIDEO,539.5,44.96,5,5
ericamcabeluda|2026-05-09|VIDEO,ericamcabeluda,2026-05-09,VIDEO,469.59,56.36,5,5
thami.brambilla|2026-05-09|VIDEO,thami.brambilla,2026-05-09,VIDEO,359.78,20.38,4,4
natmarquesvi|2026-05-09|LIVE,natmarquesvi,2026-05-09,LIVE,322.6,38.72,4,4
thainabeautyoficial|2026-05-09|VIDEO,thainabeautyoficial,2026-05-09,VIDEO,264.88,31.79,3,3
tacianecreator|2026-05-09|VIDEO,tacianecreator,2026-05-09,VIDEO,209.8,25.18,2,2
laianenovaisss|2026-05-09|VIDEO,laianenovaisss,2026-05-09,VIDEO,199.8,23.98,2,2
someoneduda|2026-05-09|VIDEO,someoneduda,2026-05-09,VIDEO,199.8,15.98,2,2
jessicamesant|2026-05-09|VIDEO,jessicamesant,2026-05-09,VIDEO,189.98,0.0,2,2
ingridcreator|2026-05-09|LIVE,ingridcreator,2026-05-09,LIVE,109.9,8.79,1,1
natmarquesvi|2026-05-09|VIDEO,natmarquesvi,2026-05-09,VIDEO,109.9,13.19,1,1
nati_sus|2026-05-09|VIDEO,nati_sus,2026-05-09,VIDEO,109.9,13.19,1,1
gabrielaortizs|2026-05-09|VIDEO,gabrielaortizs,2026-05-09,VIDEO,99.9,7.99,1,1
dpaula57|2026-05-09|LIVE,dpaula57,2026-05-09,LIVE,99.9,7.99,1,1
jenifferpassos25|2026-05-09|LIVE,jenifferpassos25,2026-05-09,LIVE,99.9,7.99,1,1
gabrielaortizs|2026-05-09|SHOP,gabrielaortizs,2026-05-09,SHOP,99.9,7.99,1,1
namatokanovic|2026-05-09|VIDEO,namatokanovic,2026-05-09,VIDEO,99.9,7.99,1,1
lidikpf6|2026-05-09|VIDEO,lidikpf6,2026-05-09,VIDEO,99.9,7.99,1,1
hitalasantiago|2026-05-09|VIDEO,hitalasantiago,2026-05-09,VIDEO,94.99,9.5,1,1
francruz.26|2026-05-09|VIDEO,francruz.26,2026-05-09,VIDEO,94.99,0.0,1,1
laizmacaneiro|2026-05-09|VIDEO,laizmacaneiro,2026-05-09,VIDEO,94.99,0.0,1,1
pattylazzarotto|2026-05-09|VIDEO,pattylazzarotto,2026-05-09,VIDEO,94.99,0.0,1,1
psi.mirellarodrigues|2026-05-09|SHOP,psi.mirellarodrigues,2026-05-09,SHOP,94.99,11.4,1,1
amandalimashop|2026-05-09|LIVE,amandalimashop,2026-05-09,LIVE,94.99,7.6,1,1
heberlywagner_|2026-05-09|LINKSHARE,heberlywagner_,2026-05-09,LINKSHARE,82.9,6.63,1,1
numarchi|2026-05-09|VIDEO,numarchi,2026-05-09,VIDEO,79.99,9.6,1,1
jackmundomabu|2026-05-09|LIVE,jackmundomabu,2026-05-09,LIVE,79.9,6.39,1,1
bianca.negrine3|2026-05-09|VIDEO,bianca.negrine3,2026-05-09,VIDEO,69.9,5.59,1,1
laizmacaneiro|2026-05-10|VIDEO,laizmacaneiro,2026-05-10,VIDEO,1899.8,15.2,20,20
adv.dayane|2026-05-10|LIVE,adv.dayane,2026-05-10,LIVE,1028.8,82.28,12,12
thami.brambilla|2026-05-10|VIDEO,thami.brambilla,2026-05-10,VIDEO,569.94,11.4,6,6
pattylazzarotto|2026-05-10|VIDEO,pattylazzarotto,2026-05-10,VIDEO,489.68,47.37,5,5
thainabeautyoficial|2026-05-10|VIDEO,thainabeautyoficial,2026-05-10,VIDEO,384.69,46.17,4,4
kessiaarrudaa|2026-05-10|LIVE,kessiaarrudaa,2026-05-10,LIVE,379.96,30.4,4,4
nati_sus|2026-05-10|VIDEO,nati_sus,2026-05-10,VIDEO,339.7,40.77,3,3
alinecavanellas|2026-05-10|VIDEO,alinecavanellas,2026-05-10,VIDEO,329.7,21.98,3,3
laianenovaisss|2026-05-10|VIDEO,laianenovaisss,2026-05-10,VIDEO,299.7,35.97,3,3
tacianecreator|2026-05-10|VIDEO,tacianecreator,2026-05-10,VIDEO,289.88,11.99,3,3
numarchi|2026-05-10|VIDEO,numarchi,2026-05-10,VIDEO,275.7,33.09,3,3
natmarquesvi|2026-05-10|LIVE,natmarquesvi,2026-05-10,LIVE,239.7,28.77,3,3
leticiatsec|2026-05-10|VIDEO,leticiatsec,2026-05-10,VIDEO,219.8,17.58,2,2
ericamcabeluda|2026-05-10|VIDEO,ericamcabeluda,2026-05-10,VIDEO,209.8,25.18,2,2
fabiecleon|2026-05-10|LIVE,fabiecleon,2026-05-10,LIVE,199.8,15.98,1,2
ayla_shop26|2026-05-10|LINKSHARE,ayla_shop26,2026-05-10,LINKSHARE,109.9,8.79,1,1
hitalasantiago|2026-05-10|VIDEO,hitalasantiago,2026-05-10,VIDEO,109.9,10.99,1,1
monicap.pereira|2026-05-10|VIDEO,monicap.pereira,2026-05-10,VIDEO,109.9,8.79,1,1
mariaaugustareiss|2026-05-10|VIDEO,mariaaugustareiss,2026-05-10,VIDEO,99.9,7.99,1,1
lana_shop26|2026-05-10|LINKSHARE,lana_shop26,2026-05-10,LINKSHARE,99.9,7.99,1,1
arenatajardim|2026-05-10|VIDEO,arenatajardim,2026-05-10,VIDEO,99.9,7.99,1,1
manoela.bcmoreira|2026-05-10|LIVE,manoela.bcmoreira,2026-05-10,LIVE,99.9,7.99,1,1
aline.rudnick|2026-05-10|LIVE,aline.rudnick,2026-05-10,LIVE,99.9,7.99,1,1
robertarsampaio7|2026-05-10|LINKSHARE,robertarsampaio7,2026-05-10,LINKSHARE,99.9,7.99,1,1
robertarsampaio7|2026-05-10|VIDEO,robertarsampaio7,2026-05-10,VIDEO,99.9,7.99,1,1
thaise.suellen|2026-05-10|VIDEO,thaise.suellen,2026-05-10,VIDEO,99.9,7.99,1,1
sougabrielaneves|2026-05-10|VIDEO,sougabrielaneves,2026-05-10,VIDEO,99.9,7.99,1,1
jessicamesant|2026-05-10|VIDEO,jessicamesant,2026-05-10,VIDEO,94.99,11.4,1,1
juh.fribeiro|2026-05-10|LIVE,juh.fribeiro,2026-05-10,LIVE,89.9,7.19,1,1
natmarquesvi|2026-05-10|VIDEO,natmarquesvi,2026-05-10,VIDEO,84.99,10.2,1,1
tacianecreator|2026-05-10|LIVE,tacianecreator,2026-05-10,LIVE,79.9,9.59,1,1
danijeans|2026-05-10|LIVE,danijeans,2026-05-10,LIVE,79.9,6.39,1,1
adv.dayane|2026-05-11|LIVE,adv.dayane,2026-05-11,LIVE,948.99,75.9,10,11
alinecavanellas|2026-05-11|VIDEO,alinecavanellas,2026-05-11,VIDEO,409.6,46.96,4,4
ericamcabeluda|2026-05-11|VIDEO,ericamcabeluda,2026-05-11,VIDEO,399.6,47.96,4,4
thainabeautyoficial|2026-05-11|VIDEO,thainabeautyoficial,2026-05-11,VIDEO,284.79,34.18,3,3
nati_sus|2026-05-11|VIDEO,nati_sus,2026-05-11,VIDEO,219.8,26.38,2,2
thami.brambilla|2026-05-11|VIDEO,thami.brambilla,2026-05-11,VIDEO,214.89,25.79,2,2
silsantiagotrc|2026-05-11|VIDEO,silsantiagotrc,2026-05-11,VIDEO,199.8,15.98,1,2
pattylazzarotto|2026-05-11|VIDEO,pattylazzarotto,2026-05-11,VIDEO,194.89,23.39,2,2
amandalimashop|2026-05-11|LIVE,amandalimashop,2026-05-11,LIVE,194.89,15.59,2,2
jessicamesant|2026-05-11|VIDEO,jessicamesant,2026-05-11,VIDEO,189.98,11.4,2,2
laizmacaneiro|2026-05-11|VIDEO,laizmacaneiro,2026-05-11,VIDEO,189.98,7.6,2,2
natmarquesvi|2026-05-11|VIDEO,natmarquesvi,2026-05-11,VIDEO,179.98,21.6,2,2
marcelo.o.oliveira|2026-05-11|VIDEO,marcelo.o.oliveira,2026-05-11,VIDEO,179.8,18.88,2,2
nataliaserafiim|2026-05-11|SHOP,nataliaserafiim,2026-05-11,SHOP,109.9,8.79,1,1
gabbizie|2026-05-11|VIDEO,gabbizie,2026-05-11,VIDEO,99.9,11.99,1,1
tacianecreator|2026-05-11|VIDEO,tacianecreator,2026-05-11,VIDEO,99.9,11.99,1,1
leticianunesssss|2026-05-11|VIDEO,leticianunesssss,2026-05-11,VIDEO,99.9,7.99,1,1
marilia_003|2026-05-11|VIDEO,marilia_003,2026-05-11,VIDEO,99.9,7.99,1,1
gab_caroline|2026-05-11|VIDEO,gab_caroline,2026-05-11,VIDEO,99.9,7.99,1,1
taniaribeiro_creator|2026-05-11|VIDEO,taniaribeiro_creator,2026-05-11,VIDEO,99.9,7.99,1,1
tukaliveshop|2026-05-11|LIVE,tukaliveshop,2026-05-11,LIVE,99.9,7.99,1,1
mariadalmas_|2026-05-11|VIDEO,mariadalmas_,2026-05-11,VIDEO,99.9,7.99,1,1
.familiapimentel|2026-05-11|VIDEO,.familiapimentel,2026-05-11,VIDEO,79.99,6.4,1,1
jesialvescreator|2026-05-11|VIDEO,jesialvescreator,2026-05-11,VIDEO,79.99,6.4,1,1
danijeans|2026-05-11|LIVE,danijeans,2026-05-11,LIVE,79.9,6.39,1,1
natmarquesvi|2026-05-11|LIVE,natmarquesvi,2026-05-11,LIVE,79.9,9.59,1,1
tacianecreator|2026-05-11|LIVE,tacianecreator,2026-05-11,LIVE,79.9,9.59,1,1
psi.mirellarodrigues|2026-05-12|LIVE,psi.mirellarodrigues,2026-05-12,LIVE,639.3,76.73,7,7
escuta.amiga|2026-05-12|LIVE,escuta.amiga,2026-05-12,LIVE,499.5,39.95,5,5
adv.dayane|2026-05-12|LIVE,adv.dayane,2026-05-12,LIVE,489.4,58.74,6,6
alinecavanellas|2026-05-12|VIDEO,alinecavanellas,2026-05-12,VIDEO,404.69,46.37,4,4
tacianecreator|2026-05-12|VIDEO,tacianecreator,2026-05-12,VIDEO,399.6,35.97,4,4
numarchi|2026-05-12|VIDEO,numarchi,2026-05-12,VIDEO,345.6,41.48,3,4
laianenovaisss|2026-05-12|VIDEO,laianenovaisss,2026-05-12,VIDEO,299.7,35.97,3,3
ericamcabeluda|2026-05-12|VIDEO,ericamcabeluda,2026-05-12,VIDEO,289.88,23.39,3,3
leticiatsec|2026-05-12|VIDEO,leticiatsec,2026-05-12,VIDEO,219.8,17.58,2,2
natmarquesvi|2026-05-12|VIDEO,natmarquesvi,2026-05-12,VIDEO,219.8,26.38,2,2
jessicamesant|2026-05-12|VIDEO,jessicamesant,2026-05-12,VIDEO,209.8,25.18,1,2
patricia.felipe.r8|2026-05-12|LIVE,patricia.felipe.r8,2026-05-12,LIVE,199.8,15.98,2,2
josiane.deschamps|2026-05-12|LIVE,josiane.deschamps,2026-05-12,LIVE,199.8,15.98,2,2
thami.brambilla|2026-05-12|VIDEO,thami.brambilla,2026-05-12,VIDEO,189.98,22.8,2,2
monicap.pereira|2026-05-12|VIDEO,monicap.pereira,2026-05-12,VIDEO,109.9,8.79,1,1
vanessaburquy|2026-05-12|LIVE,vanessaburquy,2026-05-12,LIVE,109.9,8.79,1,1
nati_sus|2026-05-12|VIDEO,nati_sus,2026-05-12,VIDEO,109.9,13.19,1,1
louisecitou|2026-05-12|VIDEO,louisecitou,2026-05-12,VIDEO,99.9,7.99,1,1
manudicas_1|2026-05-12|SHOP,manudicas_1,2026-05-12,SHOP,99.9,7.99,1,1
lumenezes_indica|2026-05-12|VIDEO,lumenezes_indica,2026-05-12,VIDEO,99.9,7.99,1,1
escuta.amiga|2026-05-12|VIDEO,escuta.amiga,2026-05-12,VIDEO,99.9,7.99,1,1
thainabeautyoficial|2026-05-12|VIDEO,thainabeautyoficial,2026-05-12,VIDEO,99.9,11.99,1,1
arenatajardim|2026-05-12|VIDEO,arenatajardim,2026-05-12,VIDEO,99.9,7.99,1,1
laizmacaneiro|2026-05-12|VIDEO,laizmacaneiro,2026-05-12,VIDEO,94.99,7.6,1,1
lucianajanuario_|2026-05-12|LIVE,lucianajanuario_,2026-05-12,LIVE,94.9,7.59,1,1
numarchi|2026-05-12|SHOP,numarchi,2026-05-12,SHOP,82.9,9.95,1,1
tacianecreator|2026-05-12|LIVE,tacianecreator,2026-05-12,LIVE,79.9,9.59,1,1
natmarquesvi|2026-05-12|LIVE,natmarquesvi,2026-05-12,LIVE,79.9,9.59,1,1
nanacasagrandi|2026-05-12|VIDEO,nanacasagrandi,2026-05-12,VIDEO,69.9,5.59,1,1
tacianecreator|2026-05-13|VIDEO,tacianecreator,2026-05-13,VIDEO,1998.0,23.98,20,20
alinecavanellas|2026-05-13|VIDEO,alinecavanellas,2026-05-13,VIDEO,969.1,56.95,8,9
adv.dayane|2026-05-13|LIVE,adv.dayane,2026-05-13,LIVE,599.3,71.93,6,7
pattylazzarotto|2026-05-13|VIDEO,pattylazzarotto,2026-05-13,VIDEO,509.5,25.18,5,5
numarchi|2026-05-13|VIDEO,numarchi,2026-05-13,VIDEO,492.5,59.11,5,5
escuta.amiga|2026-05-13|LIVE,escuta.amiga,2026-05-13,LIVE,409.6,32.76,4,4
thainabeautyoficial|2026-05-13|VIDEO,thainabeautyoficial,2026-05-13,VIDEO,299.7,23.98,3,3
ericamcabeluda|2026-05-13|VIDEO,ericamcabeluda,2026-05-13,VIDEO,299.7,35.97,2,3
rafaellaescorel|2026-05-13|LINKSHARE,rafaellaescorel,2026-05-13,LINKSHARE,209.8,16.78,1,2
laizmacaneiro|2026-05-13|VIDEO,laizmacaneiro,2026-05-13,VIDEO,199.8,0.0,2,2
.familiapimentel|2026-05-13|VIDEO,.familiapimentel,2026-05-13,VIDEO,199.8,0.0,2,2
aline.rudnick|2026-05-13|LIVE,aline.rudnick,2026-05-13,LIVE,199.8,15.98,2,2
psi.mirellarodrigues|2026-05-13|LIVE,psi.mirellarodrigues,2026-05-13,LIVE,174.8,20.98,2,2
thami.brambilla|2026-05-13|VIDEO,thami.brambilla,2026-05-13,VIDEO,169.8,20.38,2,2
leticiatsec|2026-05-13|VIDEO,leticiatsec,2026-05-13,VIDEO,109.9,8.79,1,1
vanessaburquy|2026-05-13|LIVE,vanessaburquy,2026-05-13,LIVE,109.9,8.79,1,1
natmarquesvi|2026-05-13|VIDEO,natmarquesvi,2026-05-13,VIDEO,109.9,0.0,1,1
kessiaarrudaa|2026-05-13|LIVE,kessiaarrudaa,2026-05-13,LIVE,99.9,7.99,1,1
laianenovaisss|2026-05-13|VIDEO,laianenovaisss,2026-05-13,VIDEO,99.9,11.99,1,1
edja.shop|2026-05-13|LIVE,edja.shop,2026-05-13,LIVE,99.9,7.99,1,1
maritips_|2026-05-13|VIDEO,maritips_,2026-05-13,VIDEO,99.9,7.99,1,1
lidikpf6|2026-05-13|VIDEO,lidikpf6,2026-05-13,VIDEO,99.9,7.99,1,1
hitalasantiago|2026-05-13|VIDEO,hitalasantiago,2026-05-13,VIDEO,99.9,0.0,1,1
gleysaaguiar|2026-05-13|VIDEO,gleysaaguiar,2026-05-13,VIDEO,99.9,7.99,1,1
danyoliveirasensibilite|2026-05-13|VIDEO,danyoliveirasensibilite,2026-05-13,VIDEO,99.9,7.99,1,1
dr.rossana.couto|2026-05-13|VIDEO,dr.rossana.couto,2026-05-13,VIDEO,99.9,7.99,1,1
vanessarrferreiraa|2026-05-13|VIDEO,vanessarrferreiraa,2026-05-13,VIDEO,94.9,7.59,1,1
maria41313|2026-05-13|SHOP,maria41313,2026-05-13,SHOP,79.99,6.4,1,1
danijeans|2026-05-13|LIVE,danijeans,2026-05-13,LIVE,79.99,6.4,1,1
lumenezes_indica|2026-05-13|VIDEO,lumenezes_indica,2026-05-13,VIDEO,79.99,6.4,1,1
adv.dayane|2026-05-14|LIVE,adv.dayane,2026-05-14,LIVE,7567.55,907.71,88,120
tacianecreator|2026-05-14|LIVE,tacianecreator,2026-05-14,LIVE,5358.5,604.77,58,67
alinecavanellas|2026-05-14|VIDEO,alinecavanellas,2026-05-14,VIDEO,2247.89,136.49,21,22
tacianecreator|2026-05-14|VIDEO,tacianecreator,2026-05-14,VIDEO,979.09,21.59,10,10
numarchi|2026-05-14|VIDEO,numarchi,2026-05-14,VIDEO,797.1,95.67,9,9
ericamcabeluda|2026-05-14|VIDEO,ericamcabeluda,2026-05-14,VIDEO,699.3,23.98,7,7
thainabeautyoficial|2026-05-14|VIDEO,thainabeautyoficial,2026-05-14,VIDEO,679.3,45.56,7,7
escuta.amiga|2026-05-14|VIDEO,escuta.amiga,2026-05-14,VIDEO,599.4,15.98,6,6
thami.brambilla|2026-05-14|VIDEO,thami.brambilla,2026-05-14,VIDEO,499.5,0.0,5,5
laianenovaisss|2026-05-14|VIDEO,laianenovaisss,2026-05-14,VIDEO,499.5,35.97,5,5
leticiatsec|2026-05-14|VIDEO,leticiatsec,2026-05-14,VIDEO,329.88,8.79,3,3
jessicamesant|2026-05-14|VIDEO,jessicamesant,2026-05-14,VIDEO,209.89,25.19,2,2
pattylazzarotto|2026-05-14|VIDEO,pattylazzarotto,2026-05-14,VIDEO,199.8,11.99,2,2
natmarquesvi|2026-05-14|LIVE,natmarquesvi,2026-05-14,LIVE,174.8,20.98,2,2
adv.dayane|2026-05-14|VIDEO,adv.dayane,2026-05-14,VIDEO,119.9,14.38,1,2
oficialgabibarros|2026-05-14|LINKSHARE,oficialgabibarros,2026-05-14,LINKSHARE,109.9,8.79,1,1
carlaf.bitencourt|2026-05-14|LIVE,carlaf.bitencourt,2026-05-14,LIVE,99.9,7.99,1,1
natmarquesvi|2026-05-14|VIDEO,natmarquesvi,2026-05-14,VIDEO,99.9,11.99,1,1
lidikpf6|2026-05-14|VIDEO,lidikpf6,2026-05-14,VIDEO,99.9,7.99,1,1
silsantiagotrc|2026-05-14|VIDEO,silsantiagotrc,2026-05-14,VIDEO,99.9,7.99,1,1
thaise.suellen|2026-05-14|VIDEO,thaise.suellen,2026-05-14,VIDEO,99.9,7.99,1,1
laizmacaneiro|2026-05-14|VIDEO,laizmacaneiro,2026-05-14,VIDEO,99.9,0.0,1,1
dicasdathayoficial|2026-05-14|VIDEO,dicasdathayoficial,2026-05-14,VIDEO,99.9,0.0,1,1
brunacreatorshop|2026-05-14|SHOP,brunacreatorshop,2026-05-14,SHOP,99.9,7.99,1,1
brunacaldeira10|2026-05-14|VIDEO,brunacaldeira10,2026-05-14,VIDEO,94.9,7.59,1,1
vithalitamartins|2026-05-14|LINKSHARE,vithalitamartins,2026-05-14,LINKSHARE,79.99,6.4,1,1
paalomaoliveiraa|2026-05-14|LIVE,paalomaoliveiraa,2026-05-14,LIVE,79.9,6.39,1,1
numarchi|2026-05-14|SHOP,numarchi,2026-05-14,SHOP,69.9,8.39,1,1
alinecavanellas|2026-05-15|VIDEO,alinecavanellas,2026-05-15,VIDEO,1049.18,72.36,10,10
thainabeautyoficial|2026-05-15|VIDEO,thainabeautyoficial,2026-05-15,VIDEO,1039.0,88.73,7,10
tacianecreator|2026-05-15|VIDEO,tacianecreator,2026-05-15,VIDEO,799.2,35.97,8,8
thami.brambilla|2026-05-15|VIDEO,thami.brambilla,2026-05-15,VIDEO,699.3,71.94,7,7
tacianecreator|2026-05-15|LIVE,tacianecreator,2026-05-15,LIVE,529.4,63.53,5,7
ericamcabeluda|2026-05-15|VIDEO,ericamcabeluda,2026-05-15,VIDEO,499.5,35.97,5,5
natmarquesvi|2026-05-15|VIDEO,natmarquesvi,2026-05-15,VIDEO,359.78,29.99,4,4
numarchi|2026-05-15|VIDEO,numarchi,2026-05-15,VIDEO,348.6,41.84,4,4
adv.dayane|2026-05-15|LIVE,adv.dayane,2026-05-15,LIVE,329.65,39.56,4,4
nati_sus|2026-05-15|VIDEO,nati_sus,2026-05-15,VIDEO,319.7,38.37,2,3
pattylazzarotto|2026-05-15|VIDEO,pattylazzarotto,2026-05-15,VIDEO,209.8,13.19,2,2
someoneduda|2026-05-15|VIDEO,someoneduda,2026-05-15,VIDEO,199.8,0.0,2,2
natmarquesvi|2026-05-15|LIVE,natmarquesvi,2026-05-15,LIVE,159.8,19.18,2,2
mariadalmas_|2026-05-15|VIDEO,mariadalmas_,2026-05-15,VIDEO,99.9,10.49,1,1
carolmoraes.shop|2026-05-15|VIDEO,carolmoraes.shop,2026-05-15,VIDEO,99.9,7.99,1,1
laianenovaisss|2026-05-15|VIDEO,laianenovaisss,2026-05-15,VIDEO,99.9,11.99,1,1
psi.mirellarodrigues|2026-05-15|VIDEO,psi.mirellarodrigues,2026-05-15,VIDEO,99.9,0.0,1,1
lidikpf6|2026-05-15|VIDEO,lidikpf6,2026-05-15,VIDEO,99.9,7.99,1,1
jessicamesant|2026-05-15|VIDEO,jessicamesant,2026-05-15,VIDEO,99.9,11.99,1,1
gabbizie|2026-05-15|VIDEO,gabbizie,2026-05-15,VIDEO,99.9,11.99,1,1
kessiaarrudaa|2026-05-15|LIVE,kessiaarrudaa,2026-05-15,LIVE,99.9,7.99,1,1
comprinhasdaphaty|2026-05-15|SHOP,comprinhasdaphaty,2026-05-15,SHOP,99.9,7.99,1,1
jesianealvescreator|2026-05-15|VIDEO,jesianealvescreator,2026-05-15,VIDEO,99.9,7.99,1,1
bbd36293|2026-05-15|SHOP,bbd36293,2026-05-15,SHOP,99.9,7.99,1,1
escuta.amiga|2026-05-15|LIVE,escuta.amiga,2026-05-15,LIVE,99.9,7.99,1,1
laizmacaneiro|2026-05-15|VIDEO,laizmacaneiro,2026-05-15,VIDEO,99.9,0.0,1,1
thaise.suellen|2026-05-15|VIDEO,thaise.suellen,2026-05-15,VIDEO,99.9,7.99,1,1
danijeans|2026-05-15|LIVE,danijeans,2026-05-15,LIVE,79.9,6.39,1,1
nanacasagrandi|2026-05-15|VIDEO,nanacasagrandi,2026-05-15,VIDEO,69.9,5.59,1,1
adv.dayane|2026-05-16|LIVE,adv.dayane,2026-05-16,LIVE,3034.65,364.13,35,40
alinecavanellas|2026-05-16|VIDEO,alinecavanellas,2026-05-16,VIDEO,2887.38,59.15,27,28
tacianecreator|2026-05-16|VIDEO,tacianecreator,2026-05-16,VIDEO,2347.69,101.92,24,24
ericamcabeluda|2026-05-16|VIDEO,ericamcabeluda,2026-05-16,VIDEO,799.2,71.94,7,8
someoneduda|2026-05-16|VIDEO,someoneduda,2026-05-16,VIDEO,499.5,15.98,5,5
pattylazzarotto|2026-05-16|VIDEO,pattylazzarotto,2026-05-16,VIDEO,499.5,23.98,5,5
laianenovaisss|2026-05-16|VIDEO,laianenovaisss,2026-05-16,VIDEO,489.59,46.77,5,5
numarchi|2026-05-16|VIDEO,numarchi,2026-05-16,VIDEO,445.59,53.48,5,5
nati_sus|2026-05-16|VIDEO,nati_sus,2026-05-16,VIDEO,329.7,39.57,3,3
.familiapimentel|2026-05-16|VIDEO,.familiapimentel,2026-05-16,VIDEO,299.7,7.99,3,3
thainabeautyoficial|2026-05-16|VIDEO,thainabeautyoficial,2026-05-16,VIDEO,299.7,11.99,3,3
laizmacaneiro|2026-05-16|VIDEO,laizmacaneiro,2026-05-16,VIDEO,299.7,0.0,3,3
thami.brambilla|2026-05-16|VIDEO,thami.brambilla,2026-05-16,VIDEO,199.8,11.99,2,2
silsantiagotrc|2026-05-16|VIDEO,silsantiagotrc,2026-05-16,VIDEO,199.8,15.98,2,2
tacianecreator|2026-05-16|LIVE,tacianecreator,2026-05-16,LIVE,179.8,21.58,2,2
natmarquesvi|2026-05-16|LIVE,natmarquesvi,2026-05-16,LIVE,139.85,16.78,2,2
sobrevidadecasal|2026-05-16|SHOP,sobrevidadecasal,2026-05-16,SHOP,109.99,8.8,1,1
nandamoraespop|2026-05-16|VIDEO,nandamoraespop,2026-05-16,VIDEO,109.9,8.79,1,1
rafaeleviviana|2026-05-16|LIVE,rafaeleviviana,2026-05-16,LIVE,99.9,7.99,1,1
ppepqd1|2026-05-16|VIDEO,ppepqd1,2026-05-16,VIDEO,99.9,7.99,1,1
arenatajardim|2026-05-16|VIDEO,arenatajardim,2026-05-16,VIDEO,99.9,0.0,1,1
essenciadani|2026-05-16|VIDEO,essenciadani,2026-05-16,VIDEO,99.9,7.99,1,1
larissamello.indica|2026-05-16|VIDEO,larissamello.indica,2026-05-16,VIDEO,89.99,7.2,1,1
numarchi|2026-05-16|SHOP,numarchi,2026-05-16,SHOP,79.99,9.6,1,1
carolinanogueirabarcelos|2026-05-16|LIVE,carolinanogueirabarcelos,2026-05-16,LIVE,79.9,6.39,1,1
adv.dayane|2026-05-17|LIVE,adv.dayane,2026-05-17,LIVE,11262.6,1276.18,124,129
alinecavanellas|2026-05-17|VIDEO,alinecavanellas,2026-05-17,VIDEO,2338.34,156.7,19,22
tacianecreator|2026-05-17|VIDEO,tacianecreator,2026-05-17,VIDEO,1508.5,83.93,15,15
thainabeautyoficial|2026-05-17|VIDEO,thainabeautyoficial,2026-05-17,VIDEO,799.2,11.99,8,8
ericamcabeluda|2026-05-17|VIDEO,ericamcabeluda,2026-05-17,VIDEO,499.5,47.96,5,5
laisilverio|2026-05-17|LIVE,laisilverio,2026-05-17,LIVE,499.5,39.95,4,5
natmarquesvi|2026-05-17|LIVE,natmarquesvi,2026-05-17,LIVE,429.5,51.55,5,5
silsantiagotrc|2026-05-17|VIDEO,silsantiagotrc,2026-05-17,VIDEO,299.7,23.97,3,3
thami.brambilla|2026-05-17|VIDEO,thami.brambilla,2026-05-17,VIDEO,299.7,0.0,3,3
pattylazzarotto|2026-05-17|VIDEO,pattylazzarotto,2026-05-17,VIDEO,299.7,35.97,3,3
numarchi|2026-05-17|VIDEO,numarchi,2026-05-17,VIDEO,299.7,11.99,3,3
escuta.amiga|2026-05-17|VIDEO,escuta.amiga,2026-05-17,VIDEO,299.7,15.98,3,3
psi.mirellarodrigues|2026-05-17|LIVE,psi.mirellarodrigues,2026-05-17,LIVE,239.7,28.77,1,3
nati_sus|2026-05-17|VIDEO,nati_sus,2026-05-17,VIDEO,219.8,26.38,1,2
natmarquesvi|2026-05-17|VIDEO,natmarquesvi,2026-05-17,VIDEO,199.8,23.98,2,2
dailylarapollo|2026-05-17|VIDEO,dailylarapollo,2026-05-17,VIDEO,199.8,15.98,1,2
laizmacaneiro|2026-05-17|VIDEO,laizmacaneiro,2026-05-17,VIDEO,199.8,7.99,2,2
adv.dayane|2026-05-17|VIDEO,adv.dayane,2026-05-17,VIDEO,109.99,0.0,1,1
agatha__evellyn|2026-05-17|LINKSHARE,agatha__evellyn,2026-05-17,LINKSHARE,109.99,11.0,1,1
jessicamesant|2026-05-17|VIDEO,jessicamesant,2026-05-17,VIDEO,109.99,13.2,1,1
jesialvescreator|2026-05-17|VIDEO,jesialvescreator,2026-05-17,VIDEO,109.9,8.79,1,1
laianenovaisss|2026-05-17|VIDEO,laianenovaisss,2026-05-17,VIDEO,99.9,11.99,1,1
rafaeleviviana|2026-05-17|LIVE,rafaeleviviana,2026-05-17,LIVE,99.9,7.99,1,1
gabbizie|2026-05-17|VIDEO,gabbizie,2026-05-17,VIDEO,99.9,11.99,1,1
aline.rudnick|2026-05-17|LIVE,aline.rudnick,2026-05-17,LIVE,99.9,7.99,1,1
.familiapimentel|2026-05-17|VIDEO,.familiapimentel,2026-05-17,VIDEO,99.9,7.99,1,1
dailycah08|2026-05-17|VIDEO,dailycah08,2026-05-17,VIDEO,99.9,7.99,1,1
paalomaoliveiraa|2026-05-17|VIDEO,paalomaoliveiraa,2026-05-17,VIDEO,99.9,7.99,1,1
dicasdathayoficial|2026-05-17|VIDEO,dicasdathayoficial,2026-05-17,VIDEO,99.9,0.0,1,1
bianca.gtz92|2026-05-17|LIVE,bianca.gtz92,2026-05-17,LIVE,99.9,7.99,1,1
gab_caroline|2026-05-17|VIDEO,gab_caroline,2026-05-17,VIDEO,99.9,7.99,1,1
mariaclaraprr0|2026-05-17|VIDEO,mariaclaraprr0,2026-05-17,VIDEO,99.9,7.99,1,1
_mareiis|2026-05-17|LIVE,_mareiis,2026-05-17,LIVE,79.9,6.39,1,1
adv.dayane|2026-05-18|LIVE,adv.dayane,2026-05-18,LIVE,2397.45,266.13,27,29
alinecavanellas|2026-05-18|VIDEO,alinecavanellas,2026-05-18,VIDEO,1289.34,101.97,12,12
tacianecreator|2026-05-18|VIDEO,tacianecreator,2026-05-18,VIDEO,999.0,35.97,8,10
ericamcabeluda|2026-05-18|VIDEO,ericamcabeluda,2026-05-18,VIDEO,599.4,59.95,6,6
pattylazzarotto|2026-05-18|VIDEO,pattylazzarotto,2026-05-18,VIDEO,509.5,11.99,5,5
numarchi|2026-05-18|VIDEO,numarchi,2026-05-18,VIDEO,448.5,29.85,5,5
thainabeautyoficial|2026-05-18|VIDEO,thainabeautyoficial,2026-05-18,VIDEO,399.6,23.98,4,4
nati_sus|2026-05-18|VIDEO,nati_sus,2026-05-18,VIDEO,329.7,13.19,3,3
laianenovaisss|2026-05-18|VIDEO,laianenovaisss,2026-05-18,VIDEO,299.7,11.99,3,3
amandabreeu_|2026-05-18|LIVE,amandabreeu_,2026-05-18,LIVE,284.7,28.47,3,3
leticiatsec|2026-05-18|VIDEO,leticiatsec,2026-05-18,VIDEO,219.8,0.0,2,2
francruz.26|2026-05-18|VIDEO,francruz.26,2026-05-18,VIDEO,199.8,18.48,2,2
escuta.amiga|2026-05-18|VIDEO,escuta.amiga,2026-05-18,VIDEO,199.8,7.99,2,2
laizdaily|2026-05-18|VIDEO,laizdaily,2026-05-18,VIDEO,109.99,0.0,1,1
robertakguilherme|2026-05-18|VIDEO,robertakguilherme,2026-05-18,VIDEO,109.9,8.79,1,1
jackmundomabu|2026-05-18|LIVE,jackmundomabu,2026-05-18,LIVE,99.9,7.99,1,1
gabbizie|2026-05-18|VIDEO,gabbizie,2026-05-18,VIDEO,99.9,11.99,1,1
dicasdathayoficial|2026-05-18|VIDEO,dicasdathayoficial,2026-05-18,VIDEO,99.9,7.99,1,1
thaise.suellen|2026-05-18|VIDEO,thaise.suellen,2026-05-18,VIDEO,99.9,7.99,1,1
larisse.tiktokshop|2026-05-18|LIVE,larisse.tiktokshop,2026-05-18,LIVE,99.9,7.99,1,1
maritips_|2026-05-18|VIDEO,maritips_,2026-05-18,VIDEO,99.9,7.99,1,1
mariaaugustareiss|2026-05-18|VIDEO,mariaaugustareiss,2026-05-18,VIDEO,99.9,7.99,1,1
tacianecreator|2026-05-18|LIVE,tacianecreator,2026-05-18,LIVE,79.99,9.6,1,1
adv.dayane|2026-05-19|LIVE,adv.dayane,2026-05-19,LIVE,7148.99,847.2,74,86
alinecavanellas|2026-05-19|VIDEO,alinecavanellas,2026-05-19,VIDEO,2048.73,98.74,19,19
numarchi|2026-05-19|VIDEO,numarchi,2026-05-19,VIDEO,582.4,21.94,6,6
ericamcabeluda|2026-05-19|VIDEO,ericamcabeluda,2026-05-19,VIDEO,509.5,49.16,5,5
natmarquesvi|2026-05-19|LIVE,natmarquesvi,2026-05-19,LIVE,494.4,59.34,6,6
tacianecreator|2026-05-19|VIDEO,tacianecreator,2026-05-19,VIDEO,399.6,23.98,4,4
arenatajardim|2026-05-19|VIDEO,arenatajardim,2026-05-19,VIDEO,299.7,23.97,3,3
leticiatsec|2026-05-19|VIDEO,leticiatsec,2026-05-19,VIDEO,219.8,8.79,2,2
nati_sus|2026-05-19|VIDEO,nati_sus,2026-05-19,VIDEO,219.8,13.19,2,2
thami.brambilla|2026-05-19|VIDEO,thami.brambilla,2026-05-19,VIDEO,209.8,11.99,2,2
pattylazzarotto|2026-05-19|VIDEO,pattylazzarotto,2026-05-19,VIDEO,209.8,0.0,2,2
mariaaugustareiss|2026-05-19|VIDEO,mariaaugustareiss,2026-05-19,VIDEO,199.8,15.98,2,2
laianenovaisss|2026-05-19|VIDEO,laianenovaisss,2026-05-19,VIDEO,199.8,11.99,2,2
someoneduda|2026-05-19|VIDEO,someoneduda,2026-05-19,VIDEO,199.8,7.99,2,2
adv.dayane|2026-05-19|VIDEO,adv.dayane,2026-05-19,VIDEO,109.99,0.0,1,1
eu.lidiannemartins|2026-05-19|VIDEO,eu.lidiannemartins,2026-05-19,VIDEO,109.9,8.79,1,1
dicasclub.br|2026-05-19|SHOP,dicasclub.br,2026-05-19,SHOP,99.9,7.99,1,1
laisilverio|2026-05-19|LIVE,laisilverio,2026-05-19,LIVE,99.9,7.99,1,1
natmarquesvi|2026-05-19|VIDEO,natmarquesvi,2026-05-19,VIDEO,99.9,11.99,1,1
thainabeautyoficial|2026-05-19|VIDEO,thainabeautyoficial,2026-05-19,VIDEO,99.9,0.0,1,1
familiaromualdo_|2026-05-19|SHOP,familiaromualdo_,2026-05-19,SHOP,99.9,7.99,1,1
gabbizie|2026-05-19|VIDEO,gabbizie,2026-05-19,VIDEO,99.9,11.99,1,1
paalomaoliveiraa|2026-05-19|VIDEO,paalomaoliveiraa,2026-05-19,VIDEO,99.9,7.99,1,1
cintia.thies|2026-05-19|VIDEO,cintia.thies,2026-05-19,VIDEO,99.9,7.99,1,1
maya.ia.shop|2026-05-19|VIDEO,maya.ia.shop,2026-05-19,VIDEO,99.9,7.99,1,1
amandabreeu_|2026-05-19|LIVE,amandabreeu_,2026-05-19,LIVE,89.9,8.99,1,1
agatha__evellyn|2026-05-19|LIVE,agatha__evellyn,2026-05-19,LIVE,89.9,8.99,1,1
adv.dayane|2026-05-20|LIVE,adv.dayane,2026-05-20,LIVE,4353.49,491.33,50,53
natmarquesvi|2026-05-20|LIVE,natmarquesvi,2026-05-20,LIVE,2626.8,315.28,28,32
tacianecreator|2026-05-20|VIDEO,tacianecreator,2026-05-20,VIDEO,1498.5,83.93,15,15
alinecavanellas|2026-05-20|VIDEO,alinecavanellas,2026-05-20,VIDEO,1378.79,84.34,13,13
nati_sus|2026-05-20|VIDEO,nati_sus,2026-05-20,VIDEO,879.2,52.76,8,8
ericamcabeluda|2026-05-20|VIDEO,ericamcabeluda,2026-05-20,VIDEO,599.4,47.96,6,6
laianenovaisss|2026-05-20|VIDEO,laianenovaisss,2026-05-20,VIDEO,399.6,23.98,4,4
natmarquesvi|2026-05-20|VIDEO,natmarquesvi,2026-05-20,VIDEO,359.79,31.18,3,3
lihsantoss1|2026-05-20|LINKSHARE,lihsantoss1,2026-05-20,LINKSHARE,329.7,13.2,1,3
thainabeautyoficial|2026-05-20|VIDEO,thainabeautyoficial,2026-05-20,VIDEO,319.7,26.38,2,3
.familiapimentel|2026-05-20|VIDEO,.familiapimentel,2026-05-20,VIDEO,309.7,0.0,3,3
gabbizie|2026-05-20|VIDEO,gabbizie,2026-05-20,VIDEO,309.7,37.17,2,3
someoneduda|2026-05-20|VIDEO,someoneduda,2026-05-20,VIDEO,299.7,23.97,3,3
leticiatsec|2026-05-20|VIDEO,leticiatsec,2026-05-20,VIDEO,219.8,8.79,2,2
psi.mirellarodrigues|2026-05-20|LINKSHARE,psi.mirellarodrigues,2026-05-20,LINKSHARE,199.8,23.98,2,2
numarchi|2026-05-20|VIDEO,numarchi,2026-05-20,VIDEO,199.8,0.0,2,2
thami.brambilla|2026-05-20|VIDEO,thami.brambilla,2026-05-20,VIDEO,199.8,0.0,2,2
heeycamiss|2026-05-20|LIVE,heeycamiss,2026-05-20,LIVE,109.9,8.79,1,1
manoela.bcmoreira|2026-05-20|LIVE,manoela.bcmoreira,2026-05-20,LIVE,109.9,8.79,1,1
renatamali01|2026-05-20|LIVE,renatamali01,2026-05-20,LIVE,99.9,7.99,1,1
larissapachecoindica|2026-05-20|VIDEO,larissapachecoindica,2026-05-20,VIDEO,99.9,7.99,1,1
glowfit.club1|2026-05-20|SHOP,glowfit.club1,2026-05-20,SHOP,99.9,7.99,1,1
estilo.de.milhoes|2026-05-20|VIDEO,estilo.de.milhoes,2026-05-20,VIDEO,99.9,7.99,1,1
gab_caroline|2026-05-20|VIDEO,gab_caroline,2026-05-20,VIDEO,99.9,7.99,1,1
marianyluuz|2026-05-20|SHOP,marianyluuz,2026-05-20,SHOP,82.9,6.63,1,1
nanacasagrandi|2026-05-20|VIDEO,nanacasagrandi,2026-05-20,VIDEO,69.9,5.59,1,1
adv.dayane|2026-05-21|LIVE,adv.dayane,2026-05-21,LIVE,6356.84,752.13,64,77
alinecavanellas|2026-05-21|VIDEO,alinecavanellas,2026-05-21,VIDEO,2458.42,196.09,22,23
natmarquesvi|2026-05-21|LIVE,natmarquesvi,2026-05-21,LIVE,1907.7,228.97,20,23
thainabeautyoficial|2026-05-21|VIDEO,thainabeautyoficial,2026-05-21,VIDEO,1029.0,85.13,10,10
tacianecreator|2026-05-21|VIDEO,tacianecreator,2026-05-21,VIDEO,799.2,59.95,8,8
adv.dayane|2026-05-21|VIDEO,adv.dayane,2026-05-21,VIDEO,439.96,26.4,4,4
leticiatsec|2026-05-21|VIDEO,leticiatsec,2026-05-21,VIDEO,439.6,17.58,4,4
numarchi|2026-05-21|VIDEO,numarchi,2026-05-21,VIDEO,309.7,25.18,3,3
natmarquesvi|2026-05-21|VIDEO,natmarquesvi,2026-05-21,VIDEO,269.79,21.58,3,3
nati_sus|2026-05-21|VIDEO,nati_sus,2026-05-21,VIDEO,219.8,13.19,2,2
pattylazzarotto|2026-05-21|VIDEO,pattylazzarotto,2026-05-21,VIDEO,219.8,13.19,2,2
larisse.tiktokshop|2026-05-21|SHOP,larisse.tiktokshop,2026-05-21,SHOP,209.8,16.78,1,2
psi.mirellarodrigues|2026-05-21|LIVE,psi.mirellarodrigues,2026-05-21,LIVE,199.8,23.98,2,2
someoneduda|2026-05-21|VIDEO,someoneduda,2026-05-21,VIDEO,199.8,15.98,2,2
dicasdafisioo|2026-05-21|LIVE,dicasdafisioo,2026-05-21,LIVE,199.8,15.98,1,2
laianenovaisss|2026-05-21|VIDEO,laianenovaisss,2026-05-21,VIDEO,199.8,23.98,2,2
gabbizie|2026-05-21|VIDEO,gabbizie,2026-05-21,VIDEO,199.8,23.98,2,2
bialuzzmodas|2026-05-21|VIDEO,bialuzzmodas,2026-05-21,VIDEO,199.8,15.98,2,2
sandramaraalvesosti|2026-05-21|LINKSHARE,sandramaraalvesosti,2026-05-21,LINKSHARE,199.8,15.98,2,2
ericamcabeluda|2026-05-21|VIDEO,ericamcabeluda,2026-05-21,VIDEO,199.8,23.98,2,2
escuta.amiga|2026-05-21|VIDEO,escuta.amiga,2026-05-21,VIDEO,199.8,7.99,2,2
bellafonse|2026-05-21|VIDEO,bellafonse,2026-05-21,VIDEO,109.9,8.79,1,1
vanessaburquy|2026-05-21|LIVE,vanessaburquy,2026-05-21,LIVE,109.9,8.79,1,1
lyn.jiayi|2026-05-21|LIVE,lyn.jiayi,2026-05-21,LIVE,99.9,7.99,1,1
gabrielahorn_|2026-05-21|SHOP,gabrielahorn_,2026-05-21,SHOP,99.9,7.99,1,1
anac.coutinho|2026-05-21|VIDEO,anac.coutinho,2026-05-21,VIDEO,99.9,7.99,1,1
thalyytaguedes|2026-05-21|VIDEO,thalyytaguedes,2026-05-21,VIDEO,99.9,7.99,1,1
carlainspire|2026-05-21|SHOP,carlainspire,2026-05-21,SHOP,99.9,7.99,1,1
luanamagnacardoso|2026-05-21|SHOP,luanamagnacardoso,2026-05-21,SHOP,99.9,7.99,1,1
tacirecomenda|2026-05-21|VIDEO,tacirecomenda,2026-05-21,VIDEO,89.99,7.2,1,1
josiresende_|2026-05-21|SHOP,josiresende_,2026-05-21,SHOP,82.9,6.63,1,1
vitrinidagih|2026-05-21|SHOP,vitrinidagih,2026-05-21,SHOP,79.99,6.4,1,1
essenciadani|2026-05-21|VIDEO,essenciadani,2026-05-21,VIDEO,79.99,6.4,1,1
adv.dayane|2026-05-21|SHOP,adv.dayane,2026-05-21,SHOP,79.9,9.59,1,1
.familiapimentel|2026-05-21|VIDEO,.familiapimentel,2026-05-21,VIDEO,79.9,6.39,1,1
matheuslimashop|2026-05-21|VIDEO,matheuslimashop,2026-05-21,VIDEO,79.9,0.0,1,1
maiconeandreia|2026-05-22|LIVE,maiconeandreia,2026-05-22,LIVE,86697.35,8811.8,735,995
alinecavanellas|2026-05-22|VIDEO,alinecavanellas,2026-05-22,VIDEO,1348.7,44.96,12,13
tacianecreator|2026-05-22|VIDEO,tacianecreator,2026-05-22,VIDEO,819.2,25.18,8,8
numarchi|2026-05-22|VIDEO,numarchi,2026-05-22,VIDEO,479.59,33.58,5,5
thainabeautyoficial|2026-05-22|VIDEO,thainabeautyoficial,2026-05-22,VIDEO,329.7,13.19,3,3
adv.dayane|2026-05-22|LIVE,adv.dayane,2026-05-22,LIVE,279.7,33.57,3,3
yasmin.almeiida|2026-05-22|VIDEO,yasmin.almeiida,2026-05-22,VIDEO,199.8,15.98,2,2
adv.dayane|2026-05-22|VIDEO,adv.dayane,2026-05-22,VIDEO,109.99,0.0,1,1
pattylazzarotto|2026-05-22|VIDEO,pattylazzarotto,2026-05-22,VIDEO,109.9,13.19,1,1
natmarquesvi|2026-05-22|VIDEO,natmarquesvi,2026-05-22,VIDEO,109.9,0.0,1,1
monicap.pereira|2026-05-22|VIDEO,monicap.pereira,2026-05-22,VIDEO,109.9,8.79,1,1
aliana.carvalho|2026-05-22|VIDEO,aliana.carvalho,2026-05-22,VIDEO,109.9,8.79,1,1
cintia.thies|2026-05-22|VIDEO,cintia.thies,2026-05-22,VIDEO,109.9,8.79,1,1
leticiatsec|2026-05-22|VIDEO,leticiatsec,2026-05-22,VIDEO,109.9,8.79,1,1
lizestiloreal|2026-05-22|LIVE,lizestiloreal,2026-05-22,LIVE,109.9,8.79,1,1
maiconeandreia|2026-05-22|VIDEO,maiconeandreia,2026-05-22,VIDEO,99.9,11.99,1,1
silsantiagotrc|2026-05-22|VIDEO,silsantiagotrc,2026-05-22,VIDEO,99.9,7.99,1,1
.familiapimentel|2026-05-22|VIDEO,.familiapimentel,2026-05-22,VIDEO,99.9,0.0,1,1
mariaaugustareiss|2026-05-22|VIDEO,mariaaugustareiss,2026-05-22,VIDEO,99.9,7.99,1,1
by_x01|2026-05-22|SHOP,by_x01,2026-05-22,SHOP,99.9,7.99,1,1
someoneduda|2026-05-22|VIDEO,someoneduda,2026-05-22,VIDEO,99.9,7.99,1,1
laianenovaisss|2026-05-22|VIDEO,laianenovaisss,2026-05-22,VIDEO,99.9,11.99,1,1
arenatajardim|2026-05-22|VIDEO,arenatajardim,2026-05-22,VIDEO,99.9,7.99,1,1
ericamcabeluda|2026-05-22|VIDEO,ericamcabeluda,2026-05-22,VIDEO,99.9,0.0,1,1
amandaorbite|2026-05-22|VIDEO,amandaorbite,2026-05-22,VIDEO,89.9,7.19,1,1
essenciadani|2026-05-22|VIDEO,essenciadani,2026-05-22,VIDEO,79.99,6.4,1,1
raianaoikiacreatorshop|2026-05-22|LINKSHARE,raianaoikiacreatorshop,2026-05-22,LINKSHARE,79.99,6.4,1,1
thami.brambilla|2026-05-22|VIDEO,thami.brambilla,2026-05-22,VIDEO,79.9,9.59,1,1
natmarquesvi|2026-05-22|LIVE,natmarquesvi,2026-05-22,LIVE,79.9,9.59,1,1
alinecavanellas|2026-05-23|VIDEO,alinecavanellas,2026-05-23,VIDEO,2159.08,122.95,19,20
tacianecreator|2026-05-23|VIDEO,tacianecreator,2026-05-23,VIDEO,1508.59,71.95,14,15
natmarquesvi|2026-05-23|LIVE,natmarquesvi,2026-05-23,LIVE,1358.4,163.04,16,16
nati_sus|2026-05-23|VIDEO,nati_sus,2026-05-23,VIDEO,769.3,79.14,7,7
ericamcabeluda|2026-05-23|VIDEO,ericamcabeluda,2026-05-23,VIDEO,619.4,25.18,5,6
laianenovaisss|2026-05-23|VIDEO,laianenovaisss,2026-05-23,VIDEO,499.5,23.98,5,5
keylasbraga|2026-05-23|VIDEO,keylasbraga,2026-05-23,VIDEO,439.6,0.0,4,4
natmarquesvi|2026-05-23|VIDEO,natmarquesvi,2026-05-23,VIDEO,329.7,0.0,3,3
leticiatsec|2026-05-23|VIDEO,leticiatsec,2026-05-23,VIDEO,219.8,8.79,2,2
pattylazzarotto|2026-05-23|VIDEO,pattylazzarotto,2026-05-23,VIDEO,209.8,13.19,2,2
thainabeautyoficial|2026-05-23|VIDEO,thainabeautyoficial,2026-05-23,VIDEO,209.8,0.0,2,2
numarchi|2026-05-23|VIDEO,numarchi,2026-05-23,VIDEO,209.8,25.18,2,2
adv.dayane|2026-05-23|LIVE,adv.dayane,2026-05-23,LIVE,209.8,25.18,2,2
thami.brambilla|2026-05-23|VIDEO,thami.brambilla,2026-05-23,VIDEO,209.8,0.0,2,2
maiconeandreia|2026-05-23|LIVE,maiconeandreia,2026-05-23,LIVE,199.8,23.98,2,2
adv.dayane|2026-05-23|VIDEO,adv.dayane,2026-05-23,VIDEO,109.99,0.0,1,1
elainevende|2026-05-23|SHOP,elainevende,2026-05-23,SHOP,109.99,8.8,1,1
.familiapimentel|2026-05-23|VIDEO,.familiapimentel,2026-05-23,VIDEO,109.9,8.79,1,1
amandaazanella2|2026-05-23|LINKSHARE,amandaazanella2,2026-05-23,LINKSHARE,109.9,8.79,1,1
oiariel|2026-05-23|LINKSHARE,oiariel,2026-05-23,LINKSHARE,109.9,8.79,1,1
bellafonse|2026-05-23|VIDEO,bellafonse,2026-05-23,VIDEO,109.9,8.79,1,1
rhailacardilo|2026-05-23|LIVE,rhailacardilo,2026-05-23,LIVE,109.9,8.79,1,1
larissakuhsler|2026-05-23|SHOP,larissakuhsler,2026-05-23,SHOP,109.9,8.79,1,1
sheilaanjos0|2026-05-23|LINKSHARE,sheilaanjos0,2026-05-23,LINKSHARE,109.9,8.79,1,1
laizmacaneiro|2026-05-23|VIDEO,laizmacaneiro,2026-05-23,VIDEO,99.9,0.0,1,1
escuta.amiga|2026-05-23|VIDEO,escuta.amiga,2026-05-23,VIDEO,99.9,0.0,1,1
jesialvescreator|2026-05-23|VIDEO,jesialvescreator,2026-05-23,VIDEO,79.99,6.4,1,1
luanaribeirojoias|2026-05-23|VIDEO,luanaribeirojoias,2026-05-23,VIDEO,79.9,6.39,1,1
alinecavanellas|2026-05-24|VIDEO,alinecavanellas,2026-05-24,VIDEO,2418.06,167.49,21,23
tacianecreator|2026-05-24|VIDEO,tacianecreator,2026-05-24,VIDEO,1718.3,23.98,17,17
natmarquesvi|2026-05-24|LIVE,natmarquesvi,2026-05-24,LIVE,1033.8,114.49,12,12
ericamcabeluda|2026-05-24|VIDEO,ericamcabeluda,2026-05-24,VIDEO,799.2,59.95,8,8
thainabeautyoficial|2026-05-24|VIDEO,thainabeautyoficial,2026-05-24,VIDEO,709.3,47.96,6,7
numarchi|2026-05-24|VIDEO,numarchi,2026-05-24,VIDEO,709.3,47.96,7,7
pattylazzarotto|2026-05-24|VIDEO,pattylazzarotto,2026-05-24,VIDEO,509.5,25.18,5,5
maiconeandreia|2026-05-24|LIVE,maiconeandreia,2026-05-24,LIVE,409.6,37.17,4,4
escuta.amiga|2026-05-24|VIDEO,escuta.amiga,2026-05-24,VIDEO,399.6,15.98,4,4
jessicamesant|2026-05-24|VIDEO,jessicamesant,2026-05-24,VIDEO,299.7,35.97,3,3
francruz.26|2026-05-24|VIDEO,francruz.26,2026-05-24,VIDEO,299.7,23.97,1,3
keylasbraga|2026-05-24|VIDEO,keylasbraga,2026-05-24,VIDEO,219.8,0.0,2,2
yasmin.aoliveira|2026-05-24|VIDEO,yasmin.aoliveira,2026-05-24,VIDEO,219.8,8.79,2,2
natmarquesvi|2026-05-24|VIDEO,natmarquesvi,2026-05-24,VIDEO,219.8,0.0,2,2
.familiapimentel|2026-05-24|VIDEO,.familiapimentel,2026-05-24,VIDEO,199.8,15.98,2,2
marcella.moura|2026-05-24|LINKSHARE,marcella.moura,2026-05-24,LINKSHARE,109.9,8.79,1,1
naandaporto|2026-05-24|LIVE,naandaporto,2026-05-24,LIVE,109.9,8.79,1,1
leticiatsec|2026-05-24|VIDEO,leticiatsec,2026-05-24,VIDEO,109.9,0.0,1,1
robertakguilherme|2026-05-24|VIDEO,robertakguilherme,2026-05-24,VIDEO,109.9,8.79,1,1
thami.brambilla|2026-05-24|VIDEO,thami.brambilla,2026-05-24,VIDEO,109.9,13.19,1,1
estilo.anashop|2026-05-24|SHOP,estilo.anashop,2026-05-24,SHOP,109.9,8.79,1,1
bellafonse|2026-05-24|VIDEO,bellafonse,2026-05-24,VIDEO,109.9,8.79,1,1
laianenovaisss|2026-05-24|VIDEO,laianenovaisss,2026-05-24,VIDEO,99.9,11.99,1,1
agabyalves|2026-05-24|SHOP,agabyalves,2026-05-24,SHOP,99.9,7.99,1,1
tacianecreator|2026-05-24|LIVE,tacianecreator,2026-05-24,LIVE,99.9,11.99,1,1
dpaula57|2026-05-24|VIDEO,dpaula57,2026-05-24,VIDEO,99.9,0.0,1,1
mariaaugustareiss|2026-05-24|VIDEO,mariaaugustareiss,2026-05-24,VIDEO,99.9,7.99,1,1
carlainspire|2026-05-24|SHOP,carlainspire,2026-05-24,SHOP,99.9,7.99,1,1
anarosaadaily|2026-05-24|VIDEO,anarosaadaily,2026-05-24,VIDEO,99.9,7.99,1,1
someoneduda|2026-05-24|VIDEO,someoneduda,2026-05-24,VIDEO,99.9,7.99,1,1
arenatajardim|2026-05-24|VIDEO,arenatajardim,2026-05-24,VIDEO,99.9,7.99,1,1
monicap.pereira|2026-05-24|VIDEO,monicap.pereira,2026-05-24,VIDEO,79.99,6.4,1,1
adv.dayane|2026-05-24|LIVE,adv.dayane,2026-05-24,LIVE,69.9,8.39,1,1
adv.dayane|2026-05-25|LIVE,adv.dayane,2026-05-25,LIVE,2661.2,296.62,28,31
tacianecreator|2026-05-25|VIDEO,tacianecreator,2026-05-25,VIDEO,1628.4,61.15,15,16
alinecavanellas|2026-05-25|VIDEO,alinecavanellas,2026-05-25,VIDEO,809.2,22.98,8,8
numarchi|2026-05-25|VIDEO,numarchi,2026-05-25,VIDEO,779.29,35.97,7,8
laianenovaisss|2026-05-25|VIDEO,laianenovaisss,2026-05-25,VIDEO,509.5,37.17,5,5
thami.brambilla|2026-05-25|VIDEO,thami.brambilla,2026-05-25,VIDEO,509.5,23.98,5,5
thainabeautyoficial|2026-05-25|VIDEO,thainabeautyoficial,2026-05-25,VIDEO,399.6,35.97,4,4
nati_sus|2026-05-25|VIDEO,nati_sus,2026-05-25,VIDEO,379.6,32.37,4,4
natmarquesvi|2026-05-25|LIVE,natmarquesvi,2026-05-25,LIVE,369.6,44.36,4,4
natmarquesvi|2026-05-25|VIDEO,natmarquesvi,2026-05-25,VIDEO,329.7,13.19,3,3
ericamcabeluda|2026-05-25|VIDEO,ericamcabeluda,2026-05-25,VIDEO,309.7,25.18,3,3
.familiapimentel|2026-05-25|VIDEO,.familiapimentel,2026-05-25,VIDEO,299.7,0.0,3,3
escuta.amiga|2026-05-25|VIDEO,escuta.amiga,2026-05-25,VIDEO,199.8,0.0,2,2
pattylazzarotto|2026-05-25|VIDEO,pattylazzarotto,2026-05-25,VIDEO,199.8,11.99,2,2
maiconeandreia|2026-05-25|LIVE,maiconeandreia,2026-05-25,LIVE,179.8,21.58,2,2
leticiatsec|2026-05-25|VIDEO,leticiatsec,2026-05-25,VIDEO,109.9,8.79,1,1
mariadalmas_|2026-05-25|LIVE,mariadalmas_,2026-05-25,LIVE,109.9,8.79,1,1
quidottiana|2026-05-25|VIDEO,quidottiana,2026-05-25,VIDEO,109.9,8.79,1,1
paalomaoliveiraa|2026-05-25|VIDEO,paalomaoliveiraa,2026-05-25,VIDEO,99.9,7.99,1,1
escuta.amiga|2026-05-25|LIVE,escuta.amiga,2026-05-25,LIVE,99.9,7.99,1,1
gab_caroline|2026-05-25|VIDEO,gab_caroline,2026-05-25,VIDEO,99.9,7.99,1,1
mariaaugustareiss|2026-05-25|VIDEO,mariaaugustareiss,2026-05-25,VIDEO,99.9,7.99,1,1
ayasmingonzalez|2026-05-25|VIDEO,ayasmingonzalez,2026-05-25,VIDEO,99.9,7.99,1,1
arenatajardim|2026-05-25|VIDEO,arenatajardim,2026-05-25,VIDEO,99.9,7.99,1,1
jessicamesant|2026-05-25|VIDEO,jessicamesant,2026-05-25,VIDEO,99.9,11.99,1,1
cintia.thies|2026-05-25|VIDEO,cintia.thies,2026-05-25,VIDEO,99.9,7.99,1,1
daily.beca|2026-05-25|VIDEO,daily.beca,2026-05-25,VIDEO,99.9,7.99,1,1
mariaclaraprr0|2026-05-25|VIDEO,mariaclaraprr0,2026-05-25,VIDEO,99.9,0.0,1,1
psi.mirellarodrigues|2026-05-25|LIVE,psi.mirellarodrigues,2026-05-25,LIVE,89.9,10.79,1,1
natmarquesvi|2026-05-26|LIVE,natmarquesvi,2026-05-26,LIVE,3116.2,374.02,35,38
adv.dayane|2026-05-26|LIVE,adv.dayane,2026-05-26,LIVE,2895.15,347.47,32,35
tacianecreator|2026-05-26|VIDEO,tacianecreator,2026-05-26,VIDEO,2317.7,49.16,22,23
alinecavanellas|2026-05-26|VIDEO,alinecavanellas,2026-05-26,VIDEO,1193.9,54.06,11,11
pattylazzarotto|2026-05-26|VIDEO,pattylazzarotto,2026-05-26,VIDEO,1009.0,83.93,6,10
ericamcabeluda|2026-05-26|VIDEO,ericamcabeluda,2026-05-26,VIDEO,899.1,23.98,9,9
thainabeautyoficial|2026-05-26|VIDEO,thainabeautyoficial,2026-05-26,VIDEO,809.2,47.96,8,8
numarchi|2026-05-26|VIDEO,numarchi,2026-05-26,VIDEO,409.6,35.97,4,4
natmarquesvi|2026-05-26|VIDEO,natmarquesvi,2026-05-26,VIDEO,399.6,36.57,4,4
.familiapimentel|2026-05-26|VIDEO,.familiapimentel,2026-05-26,VIDEO,379.6,14.38,3,4
nati_sus|2026-05-26|VIDEO,nati_sus,2026-05-26,VIDEO,329.7,39.57,2,3
thami.brambilla|2026-05-26|VIDEO,thami.brambilla,2026-05-26,VIDEO,319.7,26.38,3,3
maiconeandreia|2026-05-26|LIVE,maiconeandreia,2026-05-26,LIVE,304.7,36.57,3,3
jessicamesant|2026-05-26|VIDEO,jessicamesant,2026-05-26,VIDEO,289.89,34.79,2,2
mariaclaraprr0|2026-05-26|VIDEO,mariaclaraprr0,2026-05-26,VIDEO,199.8,7.99,2,2
someoneduda|2026-05-26|VIDEO,someoneduda,2026-05-26,VIDEO,199.8,7.99,2,2
keylasbraga|2026-05-26|VIDEO,keylasbraga,2026-05-26,VIDEO,109.9,9.34,1,1
naandaporto|2026-05-26|LINKSHARE,naandaporto,2026-05-26,LINKSHARE,109.9,8.79,1,1
naandaporto|2026-05-26|SHOP,naandaporto,2026-05-26,SHOP,109.9,8.79,1,1
laianenovaisss|2026-05-26|VIDEO,laianenovaisss,2026-05-26,VIDEO,99.9,11.99,1,1
lidikpf6|2026-05-26|VIDEO,lidikpf6,2026-05-26,VIDEO,99.9,7.99,1,1
maritips_|2026-05-26|VIDEO,maritips_,2026-05-26,VIDEO,99.9,7.99,1,1
larissapachecoindica|2026-05-26|VIDEO,larissapachecoindica,2026-05-26,VIDEO,99.9,7.99,1,1
gabrielaortizs|2026-05-26|VIDEO,gabrielaortizs,2026-05-26,VIDEO,99.9,7.99,1,1
nataliaalves.delf|2026-05-26|SHOP,nataliaalves.delf,2026-05-26,SHOP,99.9,7.99,1,1
arenatajardim|2026-05-26|VIDEO,arenatajardim,2026-05-26,VIDEO,99.9,7.99,1,1
escuta.amiga|2026-05-26|VIDEO,escuta.amiga,2026-05-26,VIDEO,99.9,7.99,1,1
silsantiagotrc|2026-05-26|VIDEO,silsantiagotrc,2026-05-26,VIDEO,99.9,7.99,1,1
adv.dayane|2026-05-26|VIDEO,adv.dayane,2026-05-26,VIDEO,59.95,7.19,1,1
adv.dayane|2026-05-27|LIVE,adv.dayane,2026-05-27,LIVE,3108.59,362.29,29,37
alinecavanellas|2026-05-27|VIDEO,alinecavanellas,2026-05-27,VIDEO,1888.2,34.97,18,18
numarchi|2026-05-27|VIDEO,numarchi,2026-05-27,VIDEO,1039.0,99.52,10,10
tacianecreator|2026-05-27|VIDEO,tacianecreator,2026-05-27,VIDEO,889.1,45.56,8,9
natmarquesvi|2026-05-27|LIVE,natmarquesvi,2026-05-27,LIVE,829.0,86.31,10,10
thami.brambilla|2026-05-27|VIDEO,thami.brambilla,2026-05-27,VIDEO,609.4,25.18,6,6
thainabeautyoficial|2026-05-27|VIDEO,thainabeautyoficial,2026-05-27,VIDEO,519.5,38.37,5,5
pattylazzarotto|2026-05-27|VIDEO,pattylazzarotto,2026-05-27,VIDEO,389.6,46.76,4,4
natmarquesvi|2026-05-27|VIDEO,natmarquesvi,2026-05-27,VIDEO,309.7,37.17,3,3
ericamcabeluda|2026-05-27|VIDEO,ericamcabeluda,2026-05-27,VIDEO,299.7,23.98,3,3
gab_caroline|2026-05-27|VIDEO,gab_caroline,2026-05-27,VIDEO,299.7,23.97,3,3
escuta.amiga|2026-05-27|VIDEO,escuta.amiga,2026-05-27,VIDEO,299.7,15.98,3,3
keylasbraga|2026-05-27|VIDEO,keylasbraga,2026-05-27,VIDEO,219.8,18.68,2,2
monicap.pereira|2026-05-27|VIDEO,monicap.pereira,2026-05-27,VIDEO,219.8,17.58,2,2
.familiapimentel|2026-05-27|VIDEO,.familiapimentel,2026-05-27,VIDEO,209.8,0.0,2,2
laianenovaisss|2026-05-27|VIDEO,laianenovaisss,2026-05-27,VIDEO,199.8,23.98,2,2
adv.dayane|2026-05-27|VIDEO,adv.dayane,2026-05-27,VIDEO,109.9,0.0,1,1
leticiatsec|2026-05-27|VIDEO,leticiatsec,2026-05-27,VIDEO,109.9,8.79,1,1
maiconeandreia|2026-05-27|LIVE,maiconeandreia,2026-05-27,LIVE,109.9,13.19,1,1
rafaellaescorel|2026-05-27|VIDEO,rafaellaescorel,2026-05-27,VIDEO,99.9,0.0,1,1
maiconeandreia|2026-05-27|VIDEO,maiconeandreia,2026-05-27,VIDEO,99.9,11.99,1,1
laizmacaneiro|2026-05-27|VIDEO,laizmacaneiro,2026-05-27,VIDEO,99.9,7.99,1,1
maritips_|2026-05-27|VIDEO,maritips_,2026-05-27,VIDEO,99.9,0.0,1,1
jessicamesant|2026-05-27|VIDEO,jessicamesant,2026-05-27,VIDEO,99.9,11.99,1,1
someoneduda|2026-05-27|VIDEO,someoneduda,2026-05-27,VIDEO,99.9,7.99,1,1
alicecsalazar|2026-05-27|VIDEO,alicecsalazar,2026-05-27,VIDEO,99.9,7.99,1,1
tacianecreator|2026-05-28|LIVE,tacianecreator,2026-05-28,LIVE,8000.39,831.97,86,97
adv.dayane|2026-05-28|LIVE,adv.dayane,2026-05-28,LIVE,4406.4,528.61,54,66
alinecavanellas|2026-05-28|VIDEO,alinecavanellas,2026-05-28,VIDEO,1488.6,98.72,14,14
tacianecreator|2026-05-28|VIDEO,tacianecreator,2026-05-28,VIDEO,1009.0,37.17,9,10
ericamcabeluda|2026-05-28|VIDEO,ericamcabeluda,2026-05-28,VIDEO,709.3,49.16,7,7
pattylazzarotto|2026-05-28|VIDEO,pattylazzarotto,2026-05-28,VIDEO,609.4,49.16,6,6
numarchi|2026-05-28|VIDEO,numarchi,2026-05-28,VIDEO,499.5,11.99,5,5
laianenovaisss|2026-05-28|VIDEO,laianenovaisss,2026-05-28,VIDEO,399.6,23.98,4,4
aline.rudnick|2026-05-28|LIVE,aline.rudnick,2026-05-28,LIVE,399.5,31.95,5,5
jackkk2025|2026-05-28|VIDEO,jackkk2025,2026-05-28,VIDEO,299.7,23.97,1,3
eliadygislainy|2026-05-28|SHOP,eliadygislainy,2026-05-28,SHOP,279.7,22.37,1,3
natmarquesvi|2026-05-28|LIVE,natmarquesvi,2026-05-28,LIVE,249.7,29.97,3,3
someoneduda|2026-05-28|VIDEO,someoneduda,2026-05-28,VIDEO,199.8,15.98,2,2
thami.brambilla|2026-05-28|VIDEO,thami.brambilla,2026-05-28,VIDEO,199.8,0.0,2,2
leticiatsec|2026-05-28|VIDEO,leticiatsec,2026-05-28,VIDEO,189.8,15.18,2,2
nati_sus|2026-05-28|VIDEO,nati_sus,2026-05-28,VIDEO,189.8,9.59,2,2
quidottiana|2026-05-28|VIDEO,quidottiana,2026-05-28,VIDEO,109.9,8.79,1,1
zaiavalente|2026-05-28|SHOP,zaiavalente,2026-05-28,SHOP,109.9,8.79,1,1
keylasbraga|2026-05-28|VIDEO,keylasbraga,2026-05-28,VIDEO,109.9,0.0,1,1
marcelo.o.oliveira|2026-05-28|VIDEO,marcelo.o.oliveira,2026-05-28,VIDEO,109.9,8.79,1,1
pam.wk|2026-05-28|VIDEO,pam.wk,2026-05-28,VIDEO,109.9,10.99,1,1
laizmacaneiro|2026-05-28|VIDEO,laizmacaneiro,2026-05-28,VIDEO,109.9,8.79,1,1
gabbizie|2026-05-28|VIDEO,gabbizie,2026-05-28,VIDEO,99.9,11.99,1,1
camilacoelhomoraes|2026-05-28|VIDEO,camilacoelhomoraes,2026-05-28,VIDEO,99.9,7.99,1,1
jessicamesant|2026-05-28|VIDEO,jessicamesant,2026-05-28,VIDEO,99.9,11.99,1,1
natmarquesvi|2026-05-28|VIDEO,natmarquesvi,2026-05-28,VIDEO,99.9,11.99,1,1
lucianajanuario_|2026-05-28|VIDEO,lucianajanuario_,2026-05-28,VIDEO,99.9,7.99,1,1
francruz.26|2026-05-28|VIDEO,francruz.26,2026-05-28,VIDEO,99.9,0.0,1,1
mariaclaraprr0|2026-05-28|VIDEO,mariaclaraprr0,2026-05-28,VIDEO,99.9,0.0,1,1
familialiu|2026-05-28|VIDEO,familialiu,2026-05-28,VIDEO,99.9,7.99,1,1
psi.mirellarodrigues|2026-05-28|LIVE,psi.mirellarodrigues,2026-05-28,LIVE,79.9,9.59,1,1
naah.m|2026-05-28|LIVE,naah.m,2026-05-28,LIVE,79.9,6.39,1,1
juh.fribeiro|2026-05-28|LIVE,juh.fribeiro,2026-05-28,LIVE,79.9,6.39,1,1
adv.dayane|2026-05-29|LIVE,adv.dayane,2026-05-29,LIVE,4278.5,513.38,50,58
alinecavanellas|2026-05-29|VIDEO,alinecavanellas,2026-05-29,VIDEO,949.1,74.34,9,9
tacianecreator|2026-05-29|VIDEO,tacianecreator,2026-05-29,VIDEO,939.1,51.56,9,9
pattylazzarotto|2026-05-29|VIDEO,pattylazzarotto,2026-05-29,VIDEO,639.4,52.76,6,6
tacianecreator|2026-05-29|LIVE,tacianecreator,2026-05-29,LIVE,464.5,55.75,3,5
natmarquesvi|2026-05-29|VIDEO,natmarquesvi,2026-05-29,VIDEO,439.6,26.38,4,4
ericamcabeluda|2026-05-29|VIDEO,ericamcabeluda,2026-05-29,VIDEO,399.6,23.98,4,4
thainabeautyoficial|2026-05-29|VIDEO,thainabeautyoficial,2026-05-29,VIDEO,309.7,25.18,3,3
someoneduda|2026-05-29|VIDEO,someoneduda,2026-05-29,VIDEO,199.8,7.99,2,2
numarchi|2026-05-29|VIDEO,numarchi,2026-05-29,VIDEO,192.8,9.95,2,2
thami.brambilla|2026-05-29|VIDEO,thami.brambilla,2026-05-29,VIDEO,139.8,16.78,1,2
nati_sus|2026-05-29|VIDEO,nati_sus,2026-05-29,VIDEO,109.9,13.19,1,1
manudicas_1|2026-05-29|SHOP,manudicas_1,2026-05-29,SHOP,109.9,8.79,1,1
jessicamesant|2026-05-29|VIDEO,jessicamesant,2026-05-29,VIDEO,109.9,13.19,1,1
monicap.pereira|2026-05-29|VIDEO,monicap.pereira,2026-05-29,VIDEO,109.9,0.0,1,1
mariellaindica|2026-05-29|SHOP,mariellaindica,2026-05-29,SHOP,109.9,8.79,1,1
danijeans|2026-05-29|VIDEO,danijeans,2026-05-29,VIDEO,109.9,8.79,1,1
keylasbraga|2026-05-29|VIDEO,keylasbraga,2026-05-29,VIDEO,109.9,0.0,1,1
rafaellaescorel|2026-05-29|VIDEO,rafaellaescorel,2026-05-29,VIDEO,99.9,0.0,1,1
rose.nane|2026-05-29|SHOP,rose.nane,2026-05-29,SHOP,99.9,7.99,1,1
laianenovaisss|2026-05-29|VIDEO,laianenovaisss,2026-05-29,VIDEO,99.9,0.0,1,1
arenatajardim|2026-05-29|VIDEO,arenatajardim,2026-05-29,VIDEO,99.9,7.99,1,1
luanaribeirojoias|2026-05-29|VIDEO,luanaribeirojoias,2026-05-29,VIDEO,99.9,7.99,1,1
mariaclaraprr0|2026-05-29|VIDEO,mariaclaraprr0,2026-05-29,VIDEO,99.9,7.99,1,1
natmarquesvi|2026-05-29|SHOP,natmarquesvi,2026-05-29,SHOP,94.9,11.39,1,1
numarchi|2026-05-29|SHOP,numarchi,2026-05-29,SHOP,82.9,9.95,1,1
jesialvescreator|2026-05-29|VIDEO,jesialvescreator,2026-05-29,VIDEO,79.9,6.39,1,1
natmarquesvi|2026-05-29|LIVE,natmarquesvi,2026-05-29,LIVE,79.9,9.59,1,1
psi.mirellarodrigues|2026-05-29|LIVE,psi.mirellarodrigues,2026-05-29,LIVE,79.9,9.59,1,1
tacianecreator|2026-05-30|LIVE,tacianecreator,2026-05-30,LIVE,18756.7,2232.09,218,233
adv.dayane|2026-05-30|LIVE,adv.dayane,2026-05-30,LIVE,3267.94,392.13,38,43
tacianecreator|2026-05-30|VIDEO,tacianecreator,2026-05-30,VIDEO,1608.4,49.16,16,16
alinecavanellas|2026-05-30|VIDEO,alinecavanellas,2026-05-30,VIDEO,1378.7,56.95,13,13
pattylazzarotto|2026-05-30|VIDEO,pattylazzarotto,2026-05-30,VIDEO,409.6,25.18,4,4
natmarquesvi|2026-05-30|LIVE,natmarquesvi,2026-05-30,LIVE,219.8,26.38,1,2
keylasbraga|2026-05-30|VIDEO,keylasbraga,2026-05-30,VIDEO,219.8,18.68,2,2
dpaula57|2026-05-30|LIVE,dpaula57,2026-05-30,LIVE,219.8,17.58,1,2
thami.brambilla|2026-05-30|VIDEO,thami.brambilla,2026-05-30,VIDEO,209.8,0.0,2,2
ericamcabeluda|2026-05-30|VIDEO,ericamcabeluda,2026-05-30,VIDEO,199.8,11.99,2,2
laianenovaisss|2026-05-30|VIDEO,laianenovaisss,2026-05-30,VIDEO,199.8,11.99,2,2
pam.wk|2026-05-30|VIDEO,pam.wk,2026-05-30,VIDEO,199.8,0.0,2,2
numarchi|2026-05-30|VIDEO,numarchi,2026-05-30,VIDEO,159.8,19.18,2,2
leticiatsec|2026-05-30|VIDEO,leticiatsec,2026-05-30,VIDEO,109.9,8.79,1,1
maiconeandreia|2026-05-30|LIVE,maiconeandreia,2026-05-30,LIVE,109.9,13.19,1,1
arilenecosta.etiqueta|2026-05-30|SHOP,arilenecosta.etiqueta,2026-05-30,SHOP,109.9,8.79,1,1
vanessaburquy|2026-05-30|LIVE,vanessaburquy,2026-05-30,LIVE,109.9,8.79,1,1
marcelo.o.oliveira|2026-05-30|VIDEO,marcelo.o.oliveira,2026-05-30,VIDEO,109.9,8.79,1,1
ingridfeitosa_|2026-05-30|VIDEO,ingridfeitosa_,2026-05-30,VIDEO,99.9,0.0,1,1
lidikpf6|2026-05-30|VIDEO,lidikpf6,2026-05-30,VIDEO,99.9,7.99,1,1
stefaniemelo12|2026-05-30|LIVE,stefaniemelo12,2026-05-30,LIVE,99.9,7.99,1,1
larisshopcreator|2026-05-30|VIDEO,larisshopcreator,2026-05-30,VIDEO,99.9,7.99,1,1
achadiinhodarainha|2026-05-30|SHOP,achadiinhodarainha,2026-05-30,SHOP,99.9,7.99,1,1
escuta.amiga|2026-05-30|VIDEO,escuta.amiga,2026-05-30,VIDEO,99.9,0.0,1,1
gabbizie|2026-05-30|VIDEO,gabbizie,2026-05-30,VIDEO,99.9,11.99,1,1
estilo.de.milhoes|2026-05-30|LIVE,estilo.de.milhoes,2026-05-30,LIVE,99.9,7.99,1,1
paulanogueirashop|2026-05-30|SHOP,paulanogueirashop,2026-05-30,SHOP,99.9,7.99,1,1
thainabeautyoficial|2026-05-30|VIDEO,thainabeautyoficial,2026-05-30,VIDEO,99.9,0.0,1,1
numarchi|2026-05-30|SHOP,numarchi,2026-05-30,SHOP,82.9,9.95,1,1
.familiapimentel|2026-05-30|VIDEO,.familiapimentel,2026-05-30,VIDEO,79.9,6.39,1,1
juh.fribeiro|2026-05-30|LIVE,juh.fribeiro,2026-05-30,LIVE,79.9,6.39,1,1
alinerecomendaa|2026-05-30|LINKSHARE,alinerecomendaa,2026-05-30,LINKSHARE,69.9,5.59,1,1
tacianecreator|2026-05-31|LIVE,tacianecreator,2026-05-31,LIVE,14527.3,1734.04,158,177
tacianecreator|2026-05-31|VIDEO,tacianecreator,2026-05-31,VIDEO,1093.9,95.32,11,11
alinecavanellas|2026-05-31|VIDEO,alinecavanellas,2026-05-31,VIDEO,829.2,25.18,8,8
adv.dayane|2026-05-31|LIVE,adv.dayane,2026-05-31,LIVE,709.15,85.11,7,9
ericamcabeluda|2026-05-31|VIDEO,ericamcabeluda,2026-05-31,VIDEO,509.5,49.16,5,5
arenatajardim|2026-05-31|VIDEO,arenatajardim,2026-05-31,VIDEO,409.6,32.76,3,4
thainabeautyoficial|2026-05-31|VIDEO,thainabeautyoficial,2026-05-31,VIDEO,389.6,22.78,4,4
pattylazzarotto|2026-05-31|VIDEO,pattylazzarotto,2026-05-31,VIDEO,299.7,35.97,3,3
laianenovaisss|2026-05-31|VIDEO,laianenovaisss,2026-05-31,VIDEO,299.7,35.97,3,3
laizmacaneiro|2026-05-31|VIDEO,laizmacaneiro,2026-05-31,VIDEO,199.8,15.98,2,2
leticiatsec|2026-05-31|VIDEO,leticiatsec,2026-05-31,VIDEO,109.9,8.79,1,1
karinaborbaa|2026-05-31|VIDEO,karinaborbaa,2026-05-31,VIDEO,109.9,0.0,1,1
bellafonse|2026-05-31|VIDEO,bellafonse,2026-05-31,VIDEO,109.9,8.79,1,1
quidottiana|2026-05-31|VIDEO,quidottiana,2026-05-31,VIDEO,109.9,8.79,1,1
gabbizie|2026-05-31|VIDEO,gabbizie,2026-05-31,VIDEO,109.9,13.19,1,1
alexandremarquesdasilva0|2026-05-31|LIVE,alexandremarquesdasilva0,2026-05-31,LIVE,109.9,8.79,1,1
thami.brambilla|2026-05-31|VIDEO,thami.brambilla,2026-05-31,VIDEO,99.9,11.99,1,1
descobripravoce6|2026-05-31|LIVE,descobripravoce6,2026-05-31,LIVE,99.9,7.99,1,1
inaaachados|2026-05-31|VIDEO,inaaachados,2026-05-31,VIDEO,99.9,7.99,1,1
monicap.pereira|2026-05-31|VIDEO,monicap.pereira,2026-05-31,VIDEO,99.9,7.99,1,1
_ligiadourado|2026-05-31|LIVE,_ligiadourado,2026-05-31,LIVE,99.9,8.49,1,1
camilacoelhomoraes|2026-05-31|SHOP,camilacoelhomoraes,2026-05-31,SHOP,99.9,7.99,1,1
adv.dayane|2026-06-01|LIVE,adv.dayane,2026-06-01,LIVE,2920.1,329.03,31,37
alinecavanellas|2026-06-01|VIDEO,alinecavanellas,2026-06-01,VIDEO,1118.9,43.36,11,11
tacianecreator|2026-06-01|VIDEO,tacianecreator,2026-06-01,VIDEO,659.3,32.37,7,7
tacianecreator|2026-06-01|LIVE,tacianecreator,2026-06-01,LIVE,574.4,68.94,5,6
thainabeautyoficial|2026-06-01|VIDEO,thainabeautyoficial,2026-06-01,VIDEO,509.5,61.15,4,5
arenatajardim|2026-06-01|VIDEO,arenatajardim,2026-06-01,VIDEO,379.6,7.19,4,4
francruz.26|2026-06-01|VIDEO,francruz.26,2026-06-01,VIDEO,379.6,7.99,4,4
leticiatsec|2026-06-01|VIDEO,leticiatsec,2026-06-01,VIDEO,329.7,26.37,3,3
ericamcabeluda|2026-06-01|VIDEO,ericamcabeluda,2026-06-01,VIDEO,289.7,23.98,3,3
numarchi|2026-06-01|VIDEO,numarchi,2026-06-01,VIDEO,279.7,10.79,3,3
gabbizie|2026-06-01|VIDEO,gabbizie,2026-06-01,VIDEO,269.7,32.37,3,3
natmarquesvi|2026-06-01|VIDEO,natmarquesvi,2026-06-01,VIDEO,219.8,0.0,2,2
yasmin.aoliveira|2026-06-01|VIDEO,yasmin.aoliveira,2026-06-01,VIDEO,219.8,17.58,2,2
thami.brambilla|2026-06-01|VIDEO,thami.brambilla,2026-06-01,VIDEO,209.8,0.0,2,2
pattylazzarotto|2026-06-01|VIDEO,pattylazzarotto,2026-06-01,VIDEO,189.8,10.79,2,2
nati_sus|2026-06-01|VIDEO,nati_sus,2026-06-01,VIDEO,189.8,22.78,2,2
lumenezes_indica|2026-06-01|VIDEO,lumenezes_indica,2026-06-01,VIDEO,179.8,0.0,1,2
laianenovaisss|2026-06-01|VIDEO,laianenovaisss,2026-06-01,VIDEO,179.8,21.58,2,2
monicap.pereira|2026-06-01|VIDEO,monicap.pereira,2026-06-01,VIDEO,109.9,8.79,1,1
jessicamesant|2026-06-01|VIDEO,jessicamesant,2026-06-01,VIDEO,99.9,11.99,1,1
gab_caroline|2026-06-01|VIDEO,gab_caroline,2026-06-01,VIDEO,99.9,7.99,1,1
rafaellaescorel|2026-06-01|VIDEO,rafaellaescorel,2026-06-01,VIDEO,99.9,7.99,1,1
laizmacaneiro|2026-06-01|VIDEO,laizmacaneiro,2026-06-01,VIDEO,99.9,0.0,1,1
someoneduda|2026-06-01|VIDEO,someoneduda,2026-06-01,VIDEO,99.9,7.99,1,1
indicadosdaedi|2026-06-01|VIDEO,indicadosdaedi,2026-06-01,VIDEO,89.9,0.0,1,1
mariaaugustareiss|2026-06-01|VIDEO,mariaaugustareiss,2026-06-01,VIDEO,89.9,7.19,1,1
escuta.amiga|2026-06-01|VIDEO,escuta.amiga,2026-06-01,VIDEO,89.9,7.19,1,1
lidikpf6|2026-06-01|VIDEO,lidikpf6,2026-06-01,VIDEO,89.9,7.19,1,1
cacauabraao|2026-06-01|VIDEO,cacauabraao,2026-06-01,VIDEO,89.9,7.19,1,1
karinaborbaa|2026-06-01|VIDEO,karinaborbaa,2026-06-01,VIDEO,89.9,0.0,1,1
psi.mirellarodrigues|2026-06-01|LIVE,psi.mirellarodrigues,2026-06-01,LIVE,79.9,9.59,1,1
tacianecreator|2026-06-02|LIVE,tacianecreator,2026-06-02,LIVE,7980.2,929.05,90,98
tacianecreator|2026-06-02|VIDEO,tacianecreator,2026-06-02,VIDEO,5374.1,100.71,56,59
numarchi|2026-06-02|VIDEO,numarchi,2026-06-02,VIDEO,1028.9,112.7,8,11
ericamcabeluda|2026-06-02|VIDEO,ericamcabeluda,2026-06-02,VIDEO,988.9,32.37,11,11
laianenovaisss|2026-06-02|VIDEO,laianenovaisss,2026-06-02,VIDEO,899.0,75.53,9,10
arenatajardim|2026-06-02|VIDEO,arenatajardim,2026-06-02,VIDEO,489.5,15.98,5,5
thami.brambilla|2026-06-02|VIDEO,thami.brambilla,2026-06-02,VIDEO,479.5,21.58,5,5
pattylazzarotto|2026-06-02|VIDEO,pattylazzarotto,2026-06-02,VIDEO,459.5,11.99,5,5
alinecavanellas|2026-06-02|VIDEO,alinecavanellas,2026-06-02,VIDEO,449.5,21.58,5,5
adv.dayane|2026-06-02|LIVE,adv.dayane,2026-06-02,LIVE,354.69,42.57,4,4
natmarquesvi|2026-06-02|VIDEO,natmarquesvi,2026-06-02,VIDEO,219.8,26.38,2,2
oiariel|2026-06-02|SHOP,oiariel,2026-06-02,SHOP,219.8,17.58,2,2
amandawenzel_|2026-06-02|SHOP,amandawenzel_,2026-06-02,SHOP,199.8,15.98,1,2
someoneduda|2026-06-02|VIDEO,someoneduda,2026-06-02,VIDEO,179.8,14.38,2,2
thainabeautyoficial|2026-06-02|VIDEO,thainabeautyoficial,2026-06-02,VIDEO,179.8,10.79,2,2
keylasbraga|2026-06-02|VIDEO,keylasbraga,2026-06-02,VIDEO,109.9,0.0,1,1
lucianajanuario_|2026-06-02|VIDEO,lucianajanuario_,2026-06-02,VIDEO,99.9,7.99,1,1
jessicamesant|2026-06-02|VIDEO,jessicamesant,2026-06-02,VIDEO,99.9,11.99,1,1
athaisfavero|2026-06-02|VIDEO,athaisfavero,2026-06-02,VIDEO,89.9,7.19,1,1
stefaniemelo12|2026-06-02|LIVE,stefaniemelo12,2026-06-02,LIVE,89.9,7.19,1,1
taniaribeiro_creator|2026-06-02|VIDEO,taniaribeiro_creator,2026-06-02,VIDEO,89.9,7.19,1,1
familialiu|2026-06-02|VIDEO,familialiu,2026-06-02,VIDEO,89.9,7.19,1,1
narasantosnunes|2026-06-02|LIVE,narasantosnunes,2026-06-02,LIVE,89.9,7.19,1,1
maritips_|2026-06-02|VIDEO,maritips_,2026-06-02,VIDEO,89.9,7.19,1,1
gabbizie|2026-06-02|VIDEO,gabbizie,2026-06-02,VIDEO,89.9,10.79,1,1
lari.quaresma|2026-06-02|VIDEO,lari.quaresma,2026-06-02,VIDEO,89.9,7.19,1,1
francruz.26|2026-06-02|VIDEO,francruz.26,2026-06-02,VIDEO,89.9,7.19,1,1
natmarquesvi|2026-06-02|LIVE,natmarquesvi,2026-06-02,LIVE,89.9,10.79,1,1
escuta.amiga|2026-06-02|VIDEO,escuta.amiga,2026-06-02,VIDEO,89.9,0.0,1,1
tacianecreator|2026-06-03|VIDEO,tacianecreator,2026-06-03,VIDEO,3366.3,23.98,36,37
alinecavanellas|2026-06-03|VIDEO,alinecavanellas,2026-06-03,VIDEO,959.0,25.18,9,10
numarchi|2026-06-03|VIDEO,numarchi,2026-06-03,VIDEO,849.1,67.14,9,9
laianenovaisss|2026-06-03|VIDEO,laianenovaisss,2026-06-03,VIDEO,629.3,53.95,7,7
thami.brambilla|2026-06-03|VIDEO,thami.brambilla,2026-06-03,VIDEO,524.4,32.37,6,6
ericamcabeluda|2026-06-03|VIDEO,ericamcabeluda,2026-06-03,VIDEO,449.5,32.37,5,5
pattylazzarotto|2026-06-03|VIDEO,pattylazzarotto,2026-06-03,VIDEO,359.6,32.37,4,4
thainabeautyoficial|2026-06-03|VIDEO,thainabeautyoficial,2026-06-03,VIDEO,269.7,21.58,3,3
escuta.amiga|2026-06-03|VIDEO,escuta.amiga,2026-06-03,VIDEO,269.7,0.0,3,3
oiariel|2026-06-03|SHOP,oiariel,2026-06-03,SHOP,219.8,17.58,2,2
natmarquesvi|2026-06-03|VIDEO,natmarquesvi,2026-06-03,VIDEO,199.8,23.98,2,2
natmarquesvi|2026-06-03|LIVE,natmarquesvi,2026-06-03,LIVE,199.8,10.79,2,2
francruz.26|2026-06-03|VIDEO,francruz.26,2026-06-03,VIDEO,189.8,15.18,2,2
arenatajardim|2026-06-03|VIDEO,arenatajardim,2026-06-03,VIDEO,179.8,14.38,2,2
lidikpf6|2026-06-03|VIDEO,lidikpf6,2026-06-03,VIDEO,179.8,14.38,2,2
adv.dayane|2026-06-03|VIDEO,adv.dayane,2026-06-03,VIDEO,179.8,21.58,2,2
estilo.de.milhoes|2026-06-03|LIVE,estilo.de.milhoes,2026-06-03,LIVE,179.8,14.38,2,2
someoneduda|2026-06-03|VIDEO,someoneduda,2026-06-03,VIDEO,179.8,7.19,2,2
adv.dayane|2026-06-03|LIVE,adv.dayane,2026-06-03,LIVE,139.85,16.78,2,2
paulasinelli|2026-06-03|VIDEO,paulasinelli,2026-06-03,VIDEO,109.9,8.79,1,1
monicap.pereira|2026-06-03|VIDEO,monicap.pereira,2026-06-03,VIDEO,109.9,8.79,1,1
flaviabastos28|2026-06-03|LIVE,flaviabastos28,2026-06-03,LIVE,99.9,7.99,1,1
vivianalmeiida|2026-06-03|SHOP,vivianalmeiida,2026-06-03,SHOP,99.9,7.99,1,1
descobertasdabhru|2026-06-03|SHOP,descobertasdabhru,2026-06-03,SHOP,99.9,7.99,1,1
tacianecreator|2026-06-03|LIVE,tacianecreator,2026-06-03,LIVE,94.9,11.39,1,1
daily.beca|2026-06-03|VIDEO,daily.beca,2026-06-03,VIDEO,89.9,7.19,1,1
lucianalemesoficial|2026-06-03|SHOP,lucianalemesoficial,2026-06-03,SHOP,89.9,7.19,1,1
afrannaves|2026-06-03|SHOP,afrannaves,2026-06-03,SHOP,89.9,7.19,1,1
jehfigueiredocreator|2026-06-03|VIDEO,jehfigueiredocreator,2026-06-03,VIDEO,89.9,7.19,1,1
familialiu|2026-06-03|VIDEO,familialiu,2026-06-03,VIDEO,89.9,7.19,1,1
