id,return_id,order_id,data,product_name,seller_sku,sku_name,refund_item,refund_return,return_reason,return_status,return_type
4039012888608474793,4039012888608409257,582820242278811305,2026-03-04,Calça Jeans Feminina Wide Leg Jeans Feminina Cintura Alta,REF52742,"Sky Used, 42",62.99,62.99,Item doesn't fit,RETURN_OR_REFUND_REQUEST_COMPLETE,RETURN_AND_REFUND
4039025588743734698,4039025588743669162,582820983689282986,2026-03-04,Calça Jeans Feminina Wide Leg Cintura Alta Azul Médio Marmorizado,REF55144,"Azul Médio Marmorizado , 44",81.83,81.83,Item doesn't fit,RETURN_OR_REFUND_REQUEST_COMPLETE,RETURN_AND_REFUND
4039025587437799295,4039025587437733759,582702095946385279,2026-03-04,Calça Jeans Feminina Wide Leg Jeans Feminina Cintura Alta,REF51644,"Marmorizada, 44",103.8,103.8,Item doesn't fit,RETURN_OR_REFUND_REQUEST_COMPLETE,RETURN_AND_REFUND
4039025728506529461,4039025728506463925,582699925014021813,2026-03-04,Calça Jeans Feminina Wide Leg Cintura Alta- Candy Colors,REF54936,"ROSA BEBÊ, 36",90.79,90.79,Color or pattern not as expected,RETURN_OR_REFUND_REQUEST_CANCEL,RETURN_AND_REFUND
4039025754200180099,4039025754200114563,582764652313544067,2026-03-04,Calça Jeans Feminina Wide Leg Jeans Feminina Cintura Alta,REF51636,"Marmorizada, 36",69.99,69.99,Product wouldn't arrive on time,RETURN_OR_REFUND_REQUEST_CANCEL,REFUND
4039025764967548597,4039025764967483061,582699835435746997,2026-03-04,Calça Jeans Feminina Wide Leg Jeans Feminina Cintura Alta,REF51636,"Marmorizada, 36",80.74,80.74,Item doesn't match description,RETURN_OR_REFUND_REQUEST_CANCEL,RETURN_AND_REFUND
4039025810597840582,4039025810597775046,582765267068683974,2026-03-04,Calça Jeans Feminina Wide Leg Jeans Feminina Cintura Alta,REF51644,"Marmorizada, 44",71.45,71.45,Color or pattern not as expected,RETURN_OR_REFUND_REQUEST_COMPLETE,RETURN_AND_REFUND
4039025822893180405,4039025822893114869,582812596730758645,2026-03-04,Calça Jeans Feminina Wide Leg Jeans Feminina Cintura Alta,REF51644,"Marmorizada, 44",80.7,80.7,Color or pattern not as expected,RETURN_OR_REFUND_REQUEST_COMPLETE,RETURN_AND_REFUND
4039026070568732485,4039026070568666949,582617462760179525,2026-03-04,Calça Jeans Feminina Wide Leg Jeans Feminina Cintura Alta,REF52540,"Stone Used, 40",70.79,70.79,Item doesn't fit,RETURN_OR_REFUND_REQUEST_COMPLETE,RETURN_AND_REFUND
4039026113734936404,4039026113734870868,582785983419090772,2026-03-04,Calça Jeans Feminina Wide Leg Jeans Cintura Alta Preta Marmorizada,REF52836,36,89.99,89.99,Item doesn't fit,RETURN_OR_REFUND_REQUEST_COMPLETE,RETURN_AND_REFUND
4039026253707577312,4039026253707511776,582820395822319584,2026-03-04,Calça Jeans Feminina Wide Leg Jeans Feminina Cintura Alta,REF52538,"Stone Used, 38",69.99,69.99,Item doesn't fit,RETURN_OR_REFUND_REQUEST_COMPLETE,RETURN_AND_REFUND
4039026318326727813,4039026318326662277,582747742088430725,2026-03-04,Calça Jeans Feminina Wide Leg Jeans Feminina Cintura Alta,REF51642,"Marmorizada, 42",70.79,70.79,Item doesn't fit,RETURN_OR_REFUND_REQUEST_COMPLETE,RETURN_AND_REFUND
4039026714574096173,4039026714574030637,582783878564382509,2026-03-04,Calça Jeans Feminina Wide Leg Jeans Feminina Cintura Alta,REF51636,"Marmorizada, 36",84.28,84.28,Item doesn't fit,RETURN_OR_REFUND_REQUEST_COMPLETE,RETURN_AND_REFUND
4039026828355667953,4039026828355602417,582803769535924209,2026-03-04,Calça Jeans Feminina Wide Leg Jeans Feminina Cintura Alta,REF51638,"Marmorizada, 38",79.9,79.9,Item doesn't fit,RETURN_OR_REFUND_REQUEST_COMPLETE,RETURN_AND_REFUND
4039025418772645282,4039025418772579746,582811550893311394,2026-03-04,Calça Jeans Feminina Wide Leg Jeans Feminina Cintura Alta,REF52738,"Sky Used, 38",84.28,84.28,Color or pattern not as expected,RETURN_OR_REFUND_REQUEST_COMPLETE,RETURN_AND_REFUND
4039027160522524643,4039027160522459107,582824612364847075,2026-03-04,Calça Jeans Feminina Wide Leg Cintura Alta Azul Médio Marmorizado,REF55142,"Azul Médio Marmorizado , 42",105.7,105.7,Item doesn't fit,RETURN_OR_REFUND_REQUEST_COMPLETE,RETURN_AND_REFUND
4039027346070537466,4039027346070471930,582729047006348538,2026-03-04,Calça Jeans Feminina Wide Leg Jeans Feminina Cintura Alta,REF51640,"Marmorizada, 40",85.6,85.6,"Fabric, material or style not as expected",RETURN_OR_REFUND_REQUEST_CANCEL,RETURN_AND_REFUND
4039027589470652383,4039027589470586847,582713953499449311,2026-03-04,Calça Jeans Feminina Wide Leg Jeans Feminina Cintura Alta,REF52738,"Sky Used, 38",73.19,73.19,Item doesn't fit,RETURN_OR_REFUND_REQUEST_COMPLETE,RETURN_AND_REFUND
4039027674603095123,4039027674603029587,582764341222540371,2026-03-04,Calça Jeans Feminina Wide Leg Jeans Feminina Cintura Alta,REF51636,"Marmorizada, 36",66.19,66.19,Product wouldn't arrive on time,RETURN_OR_REFUND_REQUEST_CANCEL,REFUND
4039027746947237788,4039027746947172252,582820840900364188,2026-03-04,Calça Jeans Feminina Wide Leg Jeans Feminina Cintura Alta,REF52740,"Sky Used, 40",70.79,70.79,Package wasn't received,RETURN_OR_REFUND_REQUEST_CANCEL,REFUND
4039027842773321071,4039027842773255535,582838514774148463,2026-03-04,Calça Jeans Feminina Wide Leg Jeans Cintura Alta Preta Marmorizada,REF52836,36,89.99,89.99,Item doesn't fit,RETURN_OR_REFUND_REQUEST_COMPLETE,RETURN_AND_REFUND
4039028012148753708,4039028012148688172,582716249706825004,2026-03-04,Calça Jeans Feminina Wide Leg Jeans Feminina Cintura Alta,REF51636,"Marmorizada, 36",69.69,69.69,Item doesn't fit,RETURN_OR_REFUND_REQUEST_COMPLETE,RETURN_AND_REFUND
4039028012402640604,4039028012402575068,582487573721548508,2026-03-04,Calça Jeans Feminina Wide Leg Jeans Feminina Cintura Alta,REF51644,"Marmorizada, 44",62.99,62.99,Package wasn't received,RETURN_OR_REFUND_REQUEST_CANCEL,REFUND
4039028196041262563,4039028196041197027,582635468270700003,2026-03-04,Calça Jeans Feminina Wide Leg Cintura Alta Azul Médio Marmorizado,REF55146,"Azul Médio Marmorizado , 46",90.84,90.84,Item doesn't fit,RETURN_OR_REFUND_REQUEST_COMPLETE,RETURN_AND_REFUND
4039028239891334326,4039028239891072182,582820589675119798,2026-03-04,Calça Jeans Feminina Wide Leg Jeans Feminina Cintura Alta,REF51642,"Marmorizada, 42",52.49,52.49,Item doesn't match description,RETURN_OR_REFUND_REQUEST_COMPLETE,RETURN_AND_REFUND
4039028281202082998,4039028281202017462,582820589675119798,2026-03-04,Calça Jeans Feminina Wide Leg Jeans Feminina Cintura Alta,REF52742,"Sky Used, 42",63.29,63.29,Item doesn't match description,RETURN_OR_REFUND_REQUEST_COMPLETE,RETURN_AND_REFUND
4039028804935386475,4039028804935320939,582834079604704619,2026-03-04,Calça Jeans Feminina Wide Leg Jeans Feminina Cintura Alta,REF51640,"Marmorizada, 40",79.9,79.9,Defective item,RETURN_OR_REFUND_REQUEST_CANCEL,RETURN_AND_REFUND
4039029422436156684,4039029422436091148,582803713428129036,2026-03-04,Calça Jeans Feminina Wide Leg Jeans Feminina Cintura Alta,REF51640,"Marmorizada, 40",64.94,64.94,Item doesn't fit,RETURN_OR_REFUND_REQUEST_COMPLETE,RETURN_AND_REFUND
4039029468412347633,4039029468412282097,582822207533188337,2026-03-04,Calça Jeans Feminina Wide Leg Jeans Feminina Cintura Alta,REF52540,"Stone Used, 40",87.76,87.76,Item doesn't fit,RETURN_OR_REFUND_REQUEST_COMPLETE,RETURN_AND_REFUND
4039027265516700692,4039027265516635156,582785156269245460,2026-03-04,Calça Jeans Feminina Wide Leg Jeans Feminina Cintura Alta,REF52738,"Sky Used, 38",78.46,78.46,Item doesn't fit,RETURN_OR_REFUND_REQUEST_COMPLETE,RETURN_AND_REFUND
4039025352771929215,4039025352771863679,582695610323207295,2026-03-04,Calça Jeans Feminina Wide Leg Jeans Feminina Cintura Alta,REF51646,"Marmorizada, 46",83.1,83.1,Item doesn't fit,RETURN_OR_REFUND_REQUEST_COMPLETE,RETURN_AND_REFUND
4039013098396222527,4039013098396156991,582821478127928383,2026-03-04,Calça Jeans Feminina Wide Leg Jeans Feminina Cintura Alta,REF52536,"Stone Used, 36",84.28,84.28,Item doesn't fit,RETURN_OR_REFUND_REQUEST_CANCEL,RETURN_AND_REFUND
4039025025383302500,4039025025383236964,582763098588743012,2026-03-04,Calça Jeans Feminina Wide Leg Jeans Feminina Cintura Alta,REF51638,"Marmorizada, 38",69.99,69.99,Item doesn't fit,RETURN_OR_REFUND_REQUEST_COMPLETE,RETURN_AND_REFUND
4039025088176883534,4039025088176817998,582713260321441614,2026-03-04,Calça Jeans Feminina Wide Leg Jeans Feminina Cintura Alta,REF51640,"Marmorizada, 40",68.69,68.69,Item doesn't fit,RETURN_OR_REFUND_REQUEST_COMPLETE,RETURN_AND_REFUND
4039013310364551042,4039013310364485506,582817503168399234,2026-03-04,Calça Jeans Feminina Wide Leg Jeans Feminina Cintura Alta,REF51646,"Marmorizada, 46",69.99,69.99,"Fabric, material or style not as expected",RETURN_OR_REFUND_REQUEST_CANCEL,RETURN_AND_REFUND
4039015017079538747,4039015017078948923,582747583122211899,2026-03-04,Calça Jeans Feminina Wide Leg Jeans Feminina Cintura Alta,REF52536,"Stone Used, 36",64.59,129.18,Defective item,RETURN_OR_REFUND_REQUEST_COMPLETE,REFUND
4039015017079473211,4039015017078948923,582747583122211899,2026-03-04,Calça Jeans Feminina Wide Leg Jeans Feminina Cintura Alta,REF52536,"Stone Used, 36",64.59,129.18,Defective item,RETURN_OR_REFUND_REQUEST_COMPLETE,REFUND
4039019452553332457,4039019452553266921,582747305695413993,2026-03-04,Calça Jeans Feminina Wide Leg Jeans Feminina Cintura Alta,REF52742,"Sky Used, 42",70.79,70.79,Item doesn't fit,RETURN_OR_REFUND_REQUEST_COMPLETE,RETURN_AND_REFUND
4039020178768102700,4039020178768037164,582810884927751468,2026-03-04,Calça Jeans Feminina Wide Leg Jeans Feminina Cintura Alta,REF52742,"Sky Used, 42",78.69,78.69,Item doesn't fit,RETURN_OR_REFUND_REQUEST_COMPLETE,RETURN_AND_REFUND
4039020180405060878,4039020180404995342,582765858039694606,2026-03-04,Calça Jeans Feminina Wide Leg Jeans Feminina Cintura Alta,REF51638,"Marmorizada, 38",79.9,79.9,Item doesn't fit,RETURN_OR_REFUND_REQUEST_COMPLETE,RETURN_AND_REFUND
4039020738298021654,4039020738297825046,582782270236165910,2026-03-04,Calça Jeans Feminina Wide Leg Jeans Feminina Cintura Alta,REF52538,"Stone Used, 38",69.74,69.74,Package wasn't received,RETURN_OR_REFUND_REQUEST_CANCEL,REFUND
4039020969966535705,4039020969966470169,582717428607648793,2026-03-04,Calça Jeans Feminina Wide Leg Jeans Feminina Cintura Alta,REF52540,"Stone Used, 40",71.99,71.99,Item doesn't fit,RETURN_OR_REFUND_REQUEST_COMPLETE,RETURN_AND_REFUND
4039021095507494737,4039021095507298129,582783775645140817,2026-03-04,Calça Jeans Feminina Wide Leg Jeans Cintura Alta Preta Marmorizada,REF52842,42,92.59,92.59,Item doesn't fit,RETURN_OR_REFUND_REQUEST_COMPLETE,RETURN_AND_REFUND
4039021128020166417,4039021128020100881,582714382090471185,2026-03-04,Calça Jeans Feminina Wide Leg Cintura Alta Amarelo Manteiga,REF55040,"AMARELO MANTEIGA, 40",94.9,94.9,Wrong item was sent,RETURN_OR_REFUND_REQUEST_COMPLETE,RETURN_AND_REFUND
4039021621843691006,4039021621843232254,582783947750868478,2026-03-04,Calça Jeans Feminina Wide Leg Cintura Alta Branca,REF54640,"Branco, 40",81.49,244.47,Package wasn't received,RETURN_OR_REFUND_REQUEST_COMPLETE,REFUND
4039021621843625470,4039021621843232254,582783947750868478,2026-03-04,Calça Jeans Feminina Wide Leg Cintura Alta Branca,REF54640,"Branco, 40",81.49,244.47,Package wasn't received,RETURN_OR_REFUND_REQUEST_COMPLETE,REFUND
4039021621843559934,4039021621843232254,582783947750868478,2026-03-04,Calça Jeans Feminina Wide Leg Cintura Alta Branca,REF54640,"Branco, 40",81.49,244.47,Package wasn't received,RETURN_OR_REFUND_REQUEST_COMPLETE,REFUND
4039018091153818861,4039018091153622253,582761673449309421,2026-03-04,Calça Jeans Feminina Wide Leg Jeans Feminina Cintura Alta,REF51636,"Marmorizada, 36",79.9,79.9,Product wouldn't arrive on time,RETURN_OR_REFUND_REQUEST_CANCEL,REFUND
4039021811130140539,4039021811130075003,582817676192941947,2026-03-04,Calça Jeans Feminina Wide Leg Jeans Feminina Cintura Alta,REF52544,"Stone Used, 44",69.99,69.99,Item doesn't fit,RETURN_OR_REFUND_REQUEST_CANCEL,RETURN_AND_REFUND
4039021792762824571,4039021792762759035,582817676192941947,2026-03-04,Calça Jeans Feminina Wide Leg Jeans Feminina Cintura Alta,REF51644,"Marmorizada, 44",69.99,69.99,Item doesn't fit,RETURN_OR_REFUND_REQUEST_COMPLETE,RETURN_AND_REFUND
4039024967125010135,4039024967124944599,582803872317343447,2026-03-04,Calça Jeans Feminina Wide Leg Jeans Feminina Cintura Alta,REF51646,"Marmorizada, 46",84.28,84.28,Package wasn't received,RETURN_OR_REFUND_REQUEST_CANCEL,REFUND
4039024807493534964,4039024807493469428,582804169982182644,2026-03-04,Calça Jeans Feminina Wide Leg Jeans Feminina Cintura Alta,REF51636,"Marmorizada, 36",69.99,69.99,Product wouldn't arrive on time,RETURN_OR_REFUND_REQUEST_COMPLETE,REFUND
4039024583120553437,4039024583120487901,582592255680808413,2026-03-04,Calça Jeans Feminina Wide Leg Jeans Feminina Cintura Alta,REF52744,"Sky Used, 44",66.56,66.56,Item doesn't fit,RETURN_OR_REFUND_REQUEST_CANCEL,RETURN_AND_REFUND
4039024323361212313,4039024323361146777,582819427385771929,2026-03-04,Calça Jeans Feminina Wide Leg Jeans Feminina Cintura Alta,REF51646,"Marmorizada, 46",66.19,66.19,No longer needed,RETURN_OR_REFUND_REQUEST_CANCEL,RETURN_AND_REFUND
4039024301979305136,4039024301979239600,582783199346590896,2026-03-04,Calça Jeans Feminina Wide Leg Jeans Feminina Cintura Alta,REF51636,"Marmorizada, 36",79.9,79.9,Product wouldn't arrive on time,RETURN_OR_REFUND_REQUEST_CANCEL,REFUND
4039024721883137994,4039024721883072458,582716702991943626,2026-03-04,Calça Jeans Feminina Wide Leg Jeans Feminina Cintura Alta,REF51642,"Marmorizada, 42",70.79,70.79,Item doesn't fit,RETURN_OR_REFUND_REQUEST_COMPLETE,RETURN_AND_REFUND
4039024126983963763,4039024126983898227,582732645803918451,2026-03-04,Calça Jeans Feminina Wide Leg Jeans Feminina Cintura Alta,REF52542,"Stone Used, 42",70.79,70.79,Item doesn't fit,RETURN_OR_REFUND_REQUEST_COMPLETE,RETURN_AND_REFUND
4039023682411988907,4039023682411857835,582819765391820715,2026-03-04,Calça Jeans Feminina Wide Leg Jeans Feminina Cintura Alta,REF51640,"Marmorizada, 40",79.9,79.9,Defective item,RETURN_OR_REFUND_REQUEST_CANCEL,RETURN_AND_REFUND
4039022929581671442,4039022929581605906,582746136056267794,2026-03-04,Calça Jeans Feminina Wide Leg Jeans Feminina Cintura Alta,REF51642,"Marmorizada, 42",63.79,63.79,Item doesn't match description,RETURN_OR_REFUND_REQUEST_CANCEL,RETURN_AND_REFUND
4039022889085339512,4039022889085273976,582728932306421624,2026-03-04,Calça Jeans Feminina Wide Leg Jeans Feminina Cintura Alta,REF51640,"Marmorizada, 40",83.62,83.62,Item doesn't fit,RETURN_OR_REFUND_REQUEST_COMPLETE,RETURN_AND_REFUND
4039022486634202374,4039022486634005766,582690476868797702,2026-03-04,Calça Jeans Feminina Wide Leg Jeans Feminina Cintura Alta,REF52746,"Sky Used, 46",87.84,87.84,Item doesn't fit,RETURN_OR_REFUND_REQUEST_COMPLETE,RETURN_AND_REFUND
4039024198179522047,4039024198179456511,582816530782717439,2026-03-04,Calça Jeans Feminina Wide Leg Cintura Alta- Candy Colors,REF54938,"ROSA BEBÊ, 38",72.79,72.79,"Fabric, material or style not as expected",RETURN_OR_REFUND_REQUEST_COMPLETE,RETURN_AND_REFUND
4039022220111939369,4039022220111873833,582819311355070249,2026-03-04,Calça Jeans Feminina Wide Leg Cintura Alta Chocolate,REF56238,"Chocolate, 38",72.79,72.79,Item doesn't fit,RETURN_OR_REFUND_REQUEST_COMPLETE,RETURN_AND_REFUND
4039044711692731768,4039044711692666232,582857141984003448,2026-03-05,Calça Jeans Feminina Wide Leg Cintura Alta- Candy Colors,REF54940,"ROSA BEBÊ, 40",95.7,95.7,Item doesn't fit,RETURN_OR_REFUND_REQUEST_COMPLETE,RETURN_AND_REFUND
4039044665349539353,4039044665349342745,582837570097284633,2026-03-05,Calça Jeans Feminina Wide Leg Jeans Feminina Cintura Alta,REF51644,"Marmorizada, 44",75.84,75.84,Package wasn't received,RETURN_OR_REFUND_REQUEST_COMPLETE,REFUND
4039044642579187522,4039044642579121986,582801333667727170,2026-03-05,Calça Jeans Feminina Wide Leg Jeans Feminina Cintura Alta,REF52538,"Stone Used, 38",62.99,62.99,Item doesn't fit,RETURN_OR_REFUND_REQUEST_COMPLETE,RETURN_AND_REFUND
4039044650546988938,4039044650546923402,582682025152710538,2026-03-05,Calça Jeans Feminina Wide Leg Jeans Cintura Alta Preta Marmorizada,REF52842,42,90.79,90.79,Product wouldn't arrive on time,RETURN_OR_REFUND_REQUEST_COMPLETE,REFUND
4039044041970517216,4039044041970451680,582836923126940896,2026-03-05,Calça Jeans Feminina Wide Leg Cintura Alta- Candy Colors,REF54936,"ROSA BEBÊ, 36",95.7,95.7,"Item arrived damaged. Example: item is dented, scratched or shattered.",RETURN_OR_REFUND_REQUEST_COMPLETE,RETURN_AND_REFUND
4039043854241203214,4039043854241137678,582875693787350030,2026-03-05,Calça Jeans Feminina Wide Leg Cintura Alta Azul Médio Marmorizado,REF55138,"Azul Médio Marmorizado , 38",69.83,69.83,Item doesn't fit,RETURN_OR_REFUND_REQUEST_CANCEL,RETURN_AND_REFUND
4039044724203160724,4039044724203095188,582840472080057492,2026-03-05,Calça Jeans Feminina Wide Leg Jeans Feminina Cintura Alta,REF52538,"Stone Used, 38",74.09,74.09,Item doesn't fit,RETURN_OR_REFUND_REQUEST_COMPLETE,RETURN_AND_REFUND
4039043835464419038,4039043835464353502,582840414557865694,2026-03-05,Calça Jeans Feminina Wide Leg Jeans Feminina Cintura Alta,REF51644,"Marmorizada, 44",70.79,70.79,Defective item,RETURN_OR_REFUND_REQUEST_COMPLETE,RETURN_AND_REFUND
4039044325535941920,4039044325535876384,582838768910697760,2026-03-05,Calça Jeans Feminina Wide Leg Jeans Feminina Cintura Alta,REF52738,"Sky Used, 38",74.67,74.67,Item doesn't fit,RETURN_OR_REFUND_REQUEST_COMPLETE,RETURN_AND_REFUND
4039044795632354587,4039044795632289051,582840239854028059,2026-03-05,Calça Jeans Feminina Wide Leg Jeans Feminina Cintura Alta,REF51644,"Marmorizada, 44",69.99,69.99,Color or pattern not as expected,RETURN_OR_REFUND_REQUEST_COMPLETE,RETURN_AND_REFUND
4039046116355507619,4039046116355442083,582840247694755235,2026-03-05,Calça Jeans Feminina Wide Leg Jeans Feminina Cintura Alta,REF51646,"Marmorizada, 46",70.79,70.79,Item doesn't fit,RETURN_OR_REFUND_REQUEST_COMPLETE,RETURN_AND_REFUND
4039044984514119501,4039044984514053965,582812759467329357,2026-03-05,Calça Jeans Feminina Wide Leg Jeans Feminina Cintura Alta,REF51642,"Marmorizada, 42",79.9,79.9,Item doesn't fit,RETURN_OR_REFUND_REQUEST_CANCEL,RETURN_AND_REFUND
4039045011737773901,4039045011737708365,582812759467329357,2026-03-05,Calça Jeans Feminina Wide Leg Jeans Feminina Cintura Alta,REF52542,"Stone Used, 42",79.9,79.9,Item doesn't fit,RETURN_OR_REFUND_REQUEST_CANCEL,RETURN_AND_REFUND
4039045038935541665,4039045038935476129,582815801098405793,2026-03-05,Calça Jeans Feminina Wide Leg Jeans Feminina Cintura Alta,REF52740,"Sky Used, 40",63.74,63.74,Item doesn't fit,RETURN_OR_REFUND_REQUEST_COMPLETE,RETURN_AND_REFUND
4039045448042121074,4039045448042055538,582731605632452466,2026-03-05,Calça Jeans Feminina Wide Leg Jeans Feminina Cintura Alta,REF52742,"Sky Used, 42",79.9,79.9,Item doesn't fit,RETURN_OR_REFUND_REQUEST_COMPLETE,RETURN_AND_REFUND
4039045536050218092,4039045536050152556,582840290188100716,2026-03-05,Calça Jeans Feminina Wide Leg Jeans Feminina Cintura Alta,REF51644,"Marmorizada, 44",77.5,77.5,Item doesn't fit,RETURN_OR_REFUND_REQUEST_COMPLETE,RETURN_AND_REFUND
4039045701306844438,4039045701306778902,582647042818540822,2026-03-05,Calça Jeans Feminina Wide Leg Cintura Alta Chocolate,REF56240,"Chocolate, 40",101.65,101.65,Item doesn't fit,RETURN_OR_REFUND_REQUEST_COMPLETE,RETURN_AND_REFUND
4039046355199427983,4039046355199362447,582897333909751183,2026-03-05,Calça Jeans Feminina Wide Leg Jeans Feminina Cintura Alta,REF51640,"Marmorizada, 40",83.62,83.62,No longer needed,RETURN_OR_REFUND_REQUEST_COMPLETE,RETURN_AND_REFUND
4039046436065150458,4039046436065084922,582782918274745850,2026-03-05,Calça Jeans Feminina Wide Leg Jeans Feminina Cintura Alta,REF51642,"Marmorizada, 42",69.99,69.99,Item doesn't fit,RETURN_OR_REFUND_REQUEST_COMPLETE,RETURN_AND_REFUND
4039046457241011706,4039046457240946170,582819677668935162,2026-03-05,Shorts Mom/Social Feminino Jeans Cintura Alta Barra Dobrada Candy Colors,REF55942,"Rosa Bebê , 42",89.9,89.9,Item doesn't fit,RETURN_OR_REFUND_REQUEST_COMPLETE,RETURN_AND_REFUND
4039043745803306789,4039043745803241253,582839179014932261,2026-03-05,Calça Jeans Feminina Wide Leg Jeans Feminina Cintura Alta,REF52544,"Stone Used, 44",90.7,90.7,Item doesn't fit,RETURN_OR_REFUND_REQUEST_COMPLETE,RETURN_AND_REFUND
4039044805366678811,4039044805366613275,582840239854028059,2026-03-05,Calça Jeans Feminina Wide Leg Jeans Feminina Cintura Alta,REF52544,"Stone Used, 44",69.99,69.99,"Fabric, material or style not as expected",RETURN_OR_REFUND_REQUEST_COMPLETE,RETURN_AND_REFUND
4039043741101033249,4039043741100967713,582817449427896097,2026-03-05,Calça Jeans Feminina Wide Leg Jeans Feminina Cintura Alta,REF51638,"Marmorizada, 38",70.79,70.79,Item doesn't fit,RETURN_OR_REFUND_REQUEST_COMPLETE,RETURN_AND_REFUND
4039043450317342183,4039043450317276647,582338954314089959,2026-03-05,Calça Jeans Feminina Wide Leg Jeans Feminina Cintura Alta,REF52544,"Stone Used, 44",83.62,83.62,"Fabric, material or style not as expected",RETURN_OR_REFUND_REQUEST_CANCEL,RETURN_AND_REFUND
4039041338262980165,4039041338262914629,582840568745788997,2026-03-05,Calça Jeans Feminina Wide Leg Jeans Feminina Cintura Alta,REF52736,"Sky Used, 36",69.99,69.99,Item doesn't fit,RETURN_OR_REFUND_REQUEST_COMPLETE,RETURN_AND_REFUND
4039043539306579868,4039043539306514332,582820840900364188,2026-03-05,Calça Jeans Feminina Wide Leg Jeans Feminina Cintura Alta,REF52740,"Sky Used, 40",70.79,70.79,Package wasn't received,RETURN_OR_REFUND_REQUEST_COMPLETE,REFUND
4039035539947750640,4039035539947685104,582605254102123760,2026-03-05,Calça Jeans Feminina Wide Leg Jeans Cintura Alta Preta Marmorizada,REF52842,42,108.9,108.9,Item doesn't fit,RETURN_OR_REFUND_REQUEST_COMPLETE,RETURN_AND_REFUND
4039035780921460226,4039035780921394690,582354843441989122,2026-03-05,Calça Jeans Feminina Wide Leg Jeans Feminina Cintura Alta,REF51640,"Marmorizada, 40",60.4,60.4,Item doesn't fit,RETURN_OR_REFUND_REQUEST_CANCEL,RETURN_AND_REFUND
4039036142069777972,4039036142069712436,582761008259761716,2026-03-05,Calça Jeans Feminina Wide Leg Jeans Feminina Cintura Alta,REF52738,"Sky Used, 38",79.9,79.9,Item doesn't fit,RETURN_OR_REFUND_REQUEST_COMPLETE,RETURN_AND_REFUND
4039037923912680841,4039037923912615305,582817023691883913,2026-03-05,Calça Jeans Feminina Wide Leg Jeans Feminina Cintura Alta,REF52742,"Sky Used, 42",79.9,79.9,Item doesn't fit,RETURN_OR_REFUND_REQUEST_COMPLETE,RETURN_AND_REFUND
4039041245696788075,4039041245696722539,582842423379461739,2026-03-05,Shorts Mom/Social Feminino Jeans Cintura Alta Barra Dobrada,REF55340,"Marmorizada, 40",63.1,63.1,Wrong item was sent,RETURN_OR_REFUND_REQUEST_CANCEL,RETURN_AND_REFUND
4039041759522883146,4039041759522817610,582765310495000138,2026-03-05,Calça Jeans Feminina Wide Leg Jeans Cintura alta Preta,REF54738,"Preto , 38",77.59,77.59,Defective item,RETURN_OR_REFUND_REQUEST_COMPLETE,RETURN_AND_REFUND
4039041955664922120,4039041955664856584,582820378805437960,2026-03-05,Calça Jeans Feminina Wide Leg Cintura Alta Azul Médio Marmorizado,REF55138,"Azul Médio Marmorizado , 38",91.99,91.99,Item doesn't fit,RETURN_OR_REFUND_REQUEST_COMPLETE,RETURN_AND_REFUND
4039042054964414384,4039042054964348848,582799980735727536,2026-03-05,Calça Jeans Feminina Wide Leg Jeans Feminina Cintura Alta,REF51640,"Marmorizada, 40",74.08,74.08,Item doesn't fit,RETURN_OR_REFUND_REQUEST_COMPLETE,RETURN_AND_REFUND
4039042100347766054,4039042100347700518,582679945777415462,2026-03-05,Calça Jeans Feminina Wide Leg Jeans Cintura Alta Preta Marmorizada,REF52844,44,71.99,71.99,Item doesn't fit,RETURN_OR_REFUND_REQUEST_COMPLETE,RETURN_AND_REFUND
4039042096643802406,4039042096643736870,582679945777415462,2026-03-05,Calça Jeans Feminina Wide Leg Cintura Alta Azul Médio Marmorizado,REF55144,"Azul Médio Marmorizado , 44",71.99,71.99,Item doesn't fit,RETURN_OR_REFUND_REQUEST_COMPLETE,RETURN_AND_REFUND
4039042729512502585,4039042729512437049,582837950977049913,2026-03-05,Calça Jeans Feminina Wide Leg Jeans Feminina Cintura Alta,REF51640,"Marmorizada, 40",79.9,79.9,Item doesn't fit,RETURN_OR_REFUND_REQUEST_COMPLETE,RETURN_AND_REFUND
4039042919994655765,4039042919994590229,582875143152632853,2026-03-05,Calça Jeans Feminina Wide Leg Cintura Alta Azul Médio Marmorizado,REF55142,"Azul Médio Marmorizado , 42",73.91,73.91,Wrong item was sent,RETURN_OR_REFUND_REQUEST_COMPLETE,RETURN_AND_REFUND
4039043055909438624,4039043055909373088,582878592921863328,2026-03-05,Calça Jeans Feminina Wide Leg Cintura Alta Chocolate,REF56238,"Chocolate, 38",79.9,79.9,Item doesn't fit,RETURN_OR_REFUND_REQUEST_COMPLETE,RETURN_AND_REFUND
4039043208151467626,4039043208151402090,582733314125563498,2026-03-05,Calça Jeans Feminina Wide Leg Jeans Feminina Cintura Alta,REF52742,"Sky Used, 42",70.79,70.79,Item doesn't fit,RETURN_OR_REFUND_REQUEST_COMPLETE,RETURN_AND_REFUND
4039043278472905925,4039043278472840389,582802657392690373,2026-03-05,Calça Jeans Feminina Wide Leg Jeans Feminina Cintura Alta,REF51640,"Marmorizada, 40",62.54,62.54,Item doesn't fit,RETURN_OR_REFUND_REQUEST_CANCEL,RETURN_AND_REFUND
4039043318276064949,4039043318275999413,582819901450323637,2026-03-05,Calça Jeans Feminina Wide Leg Cintura Alta Azul Médio Marmorizado,REF55138,"Azul Médio Marmorizado , 38",71.99,71.99,Item doesn't fit,RETURN_OR_REFUND_REQUEST_COMPLETE,RETURN_AND_REFUND
4039043339507042041,4039043339506976505,582766213713921785,2026-03-05,Calça Jeans Feminina Wide Leg Cintura Alta Terracota,REF54840,"Terracota, 40",98.1,98.1,Item doesn't fit,RETURN_OR_REFUND_REQUEST_CANCEL,RETURN_AND_REFUND
4039043374776551161,4039043374776485625,582712536066721529,2026-03-05,Calça Jeans Feminina Wide Leg Cintura Alta Chocolate,REF56242,"Chocolate, 42",107.75,107.75,Item doesn't fit,RETURN_OR_REFUND_REQUEST_CANCEL,RETURN_AND_REFUND
4039043404759074524,4039043404759008988,582713209118295772,2026-03-05,Calça Jeans Feminina Wide Leg Jeans Feminina Cintura Alta,REF52536,"Stone Used, 36",73.19,73.19,Item doesn't fit,RETURN_OR_REFUND_REQUEST_COMPLETE,RETURN_AND_REFUND
4039043418799178783,4039043418799113247,582878971703034911,2026-03-05,Calça Jeans Feminina Wide Leg Jeans Cintura alta Preta,REF54736,"Preto , 36",83.14,83.14,Item doesn't fit,RETURN_OR_REFUND_REQUEST_COMPLETE,RETURN_AND_REFUND
4039042143683511966,4039042143683446430,582764886213428894,2026-03-05,Calça Jeans Feminina Wide Leg Jeans Feminina Cintura Alta,REF52538,"Stone Used, 38",83.62,83.62,Item doesn't fit,RETURN_OR_REFUND_REQUEST_COMPLETE,RETURN_AND_REFUND
4039060295603029443,4039060295602963907,582858917065098691,2026-03-06,Calça Jeans Feminina Wide Leg Jeans Feminina Cintura Alta,REF52744,"Sky Used, 44",78.39,78.39,Item doesn't fit,RETURN_OR_REFUND_REQUEST_COMPLETE,RETURN_AND_REFUND
4039060606168433720,4039060606168368184,582798328031839288,2026-03-06,Calça Jeans Feminina Wide Leg Jeans Feminina Cintura Alta,REF51636,"Marmorizada, 36",61.1,61.1,Item doesn't fit,RETURN_OR_REFUND_REQUEST_COMPLETE,RETURN_AND_REFUND
4039060517668161087,4039060517668095551,582892464789423679,2026-03-06,Calça Jeans Feminina Wide Leg Jeans Feminina Cintura Alta,REF51640,"Marmorizada, 40",77.5,77.5,Item doesn't fit,RETURN_OR_REFUND_REQUEST_COMPLETE,RETURN_AND_REFUND
4039060416330893267,4039060416330827731,582812183004415955,2026-03-06,Calça Jeans Feminina Wide Leg Jeans Feminina Cintura Alta,REF52538,"Stone Used, 38",79.9,79.9,Item doesn't fit,RETURN_OR_REFUND_REQUEST_CANCEL,RETURN_AND_REFUND
4039060223472142124,4039060223472076588,582752097228654380,2026-03-06,Calça Jeans Feminina Wide Leg Jeans Feminina Cintura Alta,REF51640,"Marmorizada, 40",83.62,83.62,"Fabric, material or style not as expected",RETURN_OR_REFUND_REQUEST_COMPLETE,RETURN_AND_REFUND
4039058783554012762,4039058783553947226,582520903147947610,2026-03-06,Calça Jeans Feminina Wide Leg Jeans Feminina Cintura Alta,REF52740,"Sky Used, 40",78.3,78.3,Item doesn't fit,RETURN_OR_REFUND_REQUEST_COMPLETE,RETURN_AND_REFUND
4039059591981925817,4039059591981860281,582879175885227449,2026-03-06,Calça Jeans Feminina Wide Leg Cintura Alta- Candy Colors,REF54936,"ROSA BEBÊ, 36",77.03,77.03,Item doesn't fit,RETURN_OR_REFUND_REQUEST_COMPLETE,RETURN_AND_REFUND
4039059535116928047,4039059535116731439,582911195101889583,2026-03-06,Calça Jeans Feminina Wide Leg Jeans Feminina Cintura Alta,REF51640,"Marmorizada, 40",61.99,61.99,Package wasn't received,RETURN_OR_REFUND_REQUEST_COMPLETE,REFUND
4039059436305417506,4039059436305220898,582838775964927266,2026-03-06,Calça Jeans Feminina Wide Leg Jeans Feminina Cintura Alta,REF51640,"Marmorizada, 40",64.94,64.94,Item doesn't fit,RETURN_OR_REFUND_REQUEST_COMPLETE,RETURN_AND_REFUND
4039058953675965728,4039058953675900192,582875711111660832,2026-03-06,Calça Jeans Feminina Wide Leg Jeans Feminina Cintura Alta,REF51644,"Marmorizada, 44",64.94,64.94,Item doesn't fit,RETURN_OR_REFUND_REQUEST_COMPLETE,RETURN_AND_REFUND
4039060672616891746,4039060672616826210,582837735348929890,2026-03-06,Calça Jeans Feminina Wide Leg Jeans Feminina Cintura Alta,REF52540,"Stone Used, 40",70.79,70.79,Defective item,RETURN_OR_REFUND_REQUEST_CANCEL,RETURN_AND_REFUND
4039059801331959653,4039059801331894117,582694841818580837,2026-03-06,Calça Jeans Feminina Wide Leg Cintura Alta Azul Médio Marmorizado,REF55142,"Azul Médio Marmorizado , 42",80.79,80.79,Item doesn't fit,RETURN_OR_REFUND_REQUEST_COMPLETE,RETURN_AND_REFUND
4039061006980777529,4039061006980711993,582859622236390969,2026-03-06,Calça Jeans Feminina Wide Leg Cintura Alta Azul Médio Marmorizado,REF55142,"Azul Médio Marmorizado , 42",79.99,79.99,Item doesn't fit,RETURN_OR_REFUND_REQUEST_COMPLETE,RETURN_AND_REFUND
4039061945547523712,4039061945547458176,582900307780077184,2026-03-06,Calça Jeans Feminina Wide Leg Jeans Feminina Cintura Alta,REF52746,"Sky Used, 46",62.54,62.54,Wrong item was sent,RETURN_OR_REFUND_REQUEST_COMPLETE,RETURN_AND_REFUND
4039061237953824434,4039061237953758898,582857128136115890,2026-03-06,Calça Jeans Feminina Wide Leg Jeans Feminina Cintura Alta,REF52542,"Stone Used, 42",77.51,77.51,"Fabric, material or style not as expected",RETURN_OR_REFUND_REQUEST_COMPLETE,RETURN_AND_REFUND
4039061247372199191,4039061247372133655,582898318519272727,2026-03-06,Calça Jeans Feminina Wide Leg Cintura Alta Azul Médio Marmorizado,REF55138,"Azul Médio Marmorizado , 38",66.75,66.75,Defective item,RETURN_OR_REFUND_REQUEST_COMPLETE,RETURN_AND_REFUND
4039061248420251314,4039061248420185778,582857128136115890,2026-03-06,Calça Jeans Feminina Wide Leg Jeans Feminina Cintura Alta,REF51642,"Marmorizada, 42",79.5,79.5,"Fabric, material or style not as expected",RETURN_OR_REFUND_REQUEST_COMPLETE,RETURN_AND_REFUND
4039061337055200693,4039061337055135157,582907806282646965,2026-03-06,Calça Jeans Feminina Wide Leg Jeans Feminina Cintura Alta,REF51644,"Marmorizada, 44",69.49,69.49,Item doesn't fit,RETURN_OR_REFUND_REQUEST_COMPLETE,RETURN_AND_REFUND
4039061437323773061,4039061436483601541,582841861659264133,2026-03-06,Calça Jeans Feminina Wide Leg Cintura Alta Azul Médio Marmorizado,REF55138,"Azul Médio Marmorizado , 38",80.79,80.79,Color or pattern not as expected,RETURN_OR_REFUND_REQUEST_COMPLETE,RETURN_AND_REFUND
4039061626797196628,4039061626797131092,582769567562368340,2026-03-06,Calça Jeans Feminina Wide Leg Jeans Feminina Cintura Alta,REF51638,"Marmorizada, 38",68.65,68.65,Item doesn't fit,RETURN_OR_REFUND_REQUEST_COMPLETE,RETURN_AND_REFUND
4039061693722887727,4039061693722822191,582839791013561903,2026-03-06,Calça Jeans Feminina Wide Leg Jeans Feminina Cintura Alta,REF51640,"Marmorizada, 40",80.7,80.7,Item doesn't fit,RETURN_OR_REFUND_REQUEST_COMPLETE,RETURN_AND_REFUND
4039061730277557496,4039061730277426424,582854632498627832,2026-03-06,Calça Jeans Feminina Wide Leg Jeans Cintura alta Preta,REF54740,"Preto , 40",99.1,198.2,No longer needed,RETURN_OR_REFUND_REQUEST_COMPLETE,RETURN_AND_REFUND
4039061730277491960,4039061730277426424,582854632498627832,2026-03-06,Calça Jeans Feminina Wide Leg Jeans Cintura alta Preta,REF54740,"Preto , 40",99.1,198.2,No longer needed,RETURN_OR_REFUND_REQUEST_COMPLETE,RETURN_AND_REFUND
4039061909276624266,4039061909276558730,582894065863329162,2026-03-06,Calça Jeans Feminina Wide Leg Jeans Feminina Cintura Alta,REF52546,"Stone Used, 46",63.79,63.79,Item doesn't fit,RETURN_OR_REFUND_REQUEST_COMPLETE,RETURN_AND_REFUND
4039062271973689292,4039062271973623756,582879283407849420,2026-03-06,Calça Jeans Feminina Wide Leg Cintura Alta Chocolate,REF56242,"Chocolate, 42",79.99,79.99,"Fabric, material or style not as expected",RETURN_OR_REFUND_REQUEST_COMPLETE,RETURN_AND_REFUND
4039064344503289443,4039064344503223907,582831315276105315,2026-03-06,Calça Jeans Feminina Wide Leg Jeans Feminina Cintura Alta,REF51642,"Marmorizada, 42",62.54,62.54,"Fabric, material or style not as expected",RETURN_OR_REFUND_REQUEST_COMPLETE,RETURN_AND_REFUND
4039061180139603323,4039061180139537787,582782759192266107,2026-03-06,Calça Jeans Feminina Wide Leg Jeans Feminina Cintura Alta,REF52540,"Stone Used, 40",69.99,69.99,Item doesn't fit,RETURN_OR_REFUND_REQUEST_COMPLETE,RETURN_AND_REFUND
4039058689125680883,4039058689125615347,582715674076612339,2026-03-06,Calça Jeans Feminina Wide Leg Jeans Feminina Cintura Alta,REF51638,"Marmorizada, 38",69.99,69.99,Item doesn't match description,RETURN_OR_REFUND_REQUEST_COMPLETE,RETURN_AND_REFUND
4039061902202930963,4039061902202865427,582819595616945939,2026-03-06,Calça Jeans Feminina Wide Leg Jeans Feminina Cintura Alta,REF52546,"Stone Used, 46",64.45,64.45,Item doesn't fit,RETURN_OR_REFUND_REQUEST_COMPLETE,RETURN_AND_REFUND
4039058269226173458,4039058269226107922,582800683834967058,2026-03-06,Calça Jeans Feminina Wide Leg Jeans Feminina Cintura Alta,REF52540,"Stone Used, 40",79.9,79.9,No longer needed,RETURN_OR_REFUND_REQUEST_COMPLETE,RETURN_AND_REFUND
4039058395391296897,4039058395391231361,582816737752155521,2026-03-06,Calça Jeans Feminina Wide Leg Jeans Feminina Cintura Alta,REF51640,"Marmorizada, 40",68.69,68.69,Item doesn't fit,RETURN_OR_REFUND_REQUEST_COMPLETE,RETURN_AND_REFUND
4039048563682477296,4039048563682346224,582574743164126448,2026-03-06,Calça Jeans Feminina Wide Leg Jeans Feminina Cintura Alta,REF52746,"Sky Used, 46",77.09,77.09,Defective item,RETURN_OR_REFUND_REQUEST_CANCEL,RETURN_AND_REFUND
4039052663813605146,4039052663813539610,582766772197033754,2026-03-06,Calça Jeans Feminina Wide Leg Jeans Feminina Cintura Alta,REF52544,"Stone Used, 44",79.9,79.9,"Fabric, material or style not as expected",RETURN_OR_REFUND_REQUEST_CANCEL,RETURN_AND_REFUND
4039052894630872372,4039052894630806836,582837297019913524,2026-03-06,Calça Jeans Feminina Wide Leg Jeans Feminina Cintura Alta,REF51644,"Marmorizada, 44",70.79,70.79,Item doesn't fit,RETURN_OR_REFUND_REQUEST_COMPLETE,RETURN_AND_REFUND
4039047740135474392,4039047740135408856,582820874894935256,2026-03-06,Calça Jeans Feminina Wide Leg Jeans Feminina Cintura Alta,REF51642,"Marmorizada, 42",71.99,71.99,Item doesn't fit,RETURN_OR_REFUND_REQUEST_COMPLETE,RETURN_AND_REFUND
4039053745650239089,4039053745650173553,582716515695494769,2026-03-06,Calça Jeans Feminina Wide Leg Cintura Alta- Candy Colors,REF54940,"ROSA BEBÊ, 40",94.9,94.9,Item doesn't fit,RETURN_OR_REFUND_REQUEST_CANCEL,RETURN_AND_REFUND
4039053918875387892,4039053889344407540,582786299528316916,2026-03-06,Calça Jeans Feminina Wide Leg Cintura Alta Azul Médio Marmorizado,REF55140,"Azul Médio Marmorizado , 40",83.19,83.19,"Fabric, material or style not as expected",RETURN_OR_REFUND_REQUEST_CANCEL,RETURN_AND_REFUND
4039054318112049140,4039054318111983604,582786299528316916,2026-03-06,Calça Jeans Feminina Wide Leg Cintura Alta Azul Médio Marmorizado,REF55140,"Azul Médio Marmorizado , 40",83.19,83.19,"Fabric, material or style not as expected",RETURN_OR_REFUND_REQUEST_COMPLETE,RETURN_AND_REFUND
4039054544196699630,4039054544196634094,582786744944985582,2026-03-06,Calça Jeans Feminina Wide Leg Jeans Feminina Cintura Alta,REF52540,"Stone Used, 40",71.91,71.91,Color or pattern not as expected,RETURN_OR_REFUND_REQUEST_COMPLETE,RETURN_AND_REFUND
4039055086380353517,4039055086380287981,582768748359944173,2026-03-06,Calça Jeans Feminina Wide Leg Jeans Feminina Cintura Alta,REF51640,"Marmorizada, 40",69.99,69.99,Item doesn't fit,RETURN_OR_REFUND_REQUEST_COMPLETE,RETURN_AND_REFUND
4039055215912977883,4039055215912781275,582879474177508827,2026-03-06,Calça Jeans Feminina Wide Leg Cintura Alta Azul Médio Marmorizado,REF55146,"Azul Médio Marmorizado , 46",76.78,76.78,Item doesn't fit,RETURN_OR_REFUND_REQUEST_COMPLETE,RETURN_AND_REFUND
4039055640008754346,4039055640008688810,582840200175584426,2026-03-06,Calça Jeans Feminina Wide Leg Jeans Feminina Cintura Alta,REF51644,"Marmorizada, 44",68.69,68.69,Defective item,RETURN_OR_REFUND_REQUEST_COMPLETE,RETURN_AND_REFUND
4039055695707539060,4039055695707473524,582663663517664884,2026-03-06,Calça Jeans Feminina Wide Leg Jeans Feminina Cintura Alta,REF51640,"Marmorizada, 40",79.9,79.9,"Fabric, material or style not as expected",RETURN_OR_REFUND_REQUEST_COMPLETE,RETURN_AND_REFUND
4039055873724155458,4039055873724089922,582859984996828738,2026-03-06,Calça Jeans Feminina Wide Leg Jeans Feminina Cintura Alta,REF51640,"Marmorizada, 40",81.09,81.09,Item doesn't fit,RETURN_OR_REFUND_REQUEST_COMPLETE,RETURN_AND_REFUND
4039048592538895689,4039048592538830153,582788008432076105,2026-03-06,Calça Jeans Feminina Wide Leg Jeans Feminina Cintura Alta,REF52538,"Stone Used, 38",69.99,69.99,Item doesn't fit,RETURN_OR_REFUND_REQUEST_COMPLETE,RETURN_AND_REFUND
4039056041505097088,4039056041505031552,582765949641721216,2026-03-06,Calça Jeans Feminina Wide Leg Jeans Feminina Cintura Alta,REF51638,"Marmorizada, 38",80.7,80.7,Item doesn't fit,RETURN_OR_REFUND_REQUEST_COMPLETE,RETURN_AND_REFUND
4039056007361299717,4039056007361234181,582897362112382213,2026-03-06,Calça Jeans Feminina Wide Leg Jeans Feminina Cintura Alta,REF52544,"Stone Used, 44",79.9,79.9,Item doesn't fit,RETURN_OR_REFUND_REQUEST_COMPLETE,RETURN_AND_REFUND
4039058071777347005,4039058071777281469,582816680587789757,2026-03-06,Calça Jeans Feminina Wide Leg Jeans Cintura alta Preta,REF54744,"Preto , 44",94.9,94.9,"Fabric, material or style not as expected",RETURN_OR_REFUND_REQUEST_CANCEL,RETURN_AND_REFUND
4039057917452322032,4039057917452256496,582595528723432688,2026-03-06,Calça Jeans Feminina Wide Leg Jeans Feminina Cintura Alta,REF52542,"Stone Used, 42",74.03,74.03,Item doesn't fit,RETURN_OR_REFUND_REQUEST_COMPLETE,RETURN_AND_REFUND
4039057662995039674,4039057662994974138,582733694478615994,2026-03-06,Calça Jeans Feminina Wide Leg Jeans Feminina Cintura Alta,REF51636,"Marmorizada, 36",70.79,70.79,Item doesn't fit,RETURN_OR_REFUND_REQUEST_COMPLETE,RETURN_AND_REFUND
4039057368517346776,4039057368517281240,582698001429399000,2026-03-06,Calça Jeans Feminina Wide Leg Jeans Feminina Cintura Alta,REF51642,"Marmorizada, 42",79.9,79.9,Item doesn't fit,RETURN_OR_REFUND_REQUEST_COMPLETE,RETURN_AND_REFUND
4039057172606977185,4039057172606846113,582817464603346081,2026-03-06,Calça Jeans Feminina Wide Leg Jeans Feminina Cintura Alta,REF52544,"Stone Used, 44",79.9,79.9,Item doesn't fit,RETURN_OR_REFUND_REQUEST_CANCEL,RETURN_AND_REFUND
4039057922428470512,4039057922428404976,582595528723432688,2026-03-06,Calça Jeans Feminina Wide Leg Jeans Cintura alta Preta,REF54742,"Preto , 42",93.18,93.18,Item doesn't fit,RETURN_OR_REFUND_REQUEST_COMPLETE,RETURN_AND_REFUND
4039056795901527920,4039056795901462384,582456591621261168,2026-03-06,Calça Jeans Feminina Wide Leg Jeans Feminina Cintura Alta,REF52542,"Stone Used, 42",74.99,74.99,Item doesn't fit,RETURN_OR_REFUND_REQUEST_COMPLETE,RETURN_AND_REFUND
4039056778862233456,4039056778862167920,582456591621261168,2026-03-06,Calça Jeans Feminina Wide Leg Jeans Feminina Cintura Alta,REF52742,"Sky Used, 42",62.99,62.99,Item doesn't fit,RETURN_OR_REFUND_REQUEST_COMPLETE,RETURN_AND_REFUND
4039056389544510993,4039056389544445457,582876075240293905,2026-03-06,Calça Jeans Feminina Wide Leg Jeans Feminina Cintura Alta,REF52544,"Stone Used, 44",64.94,64.94,Item doesn't fit,RETURN_OR_REFUND_REQUEST_COMPLETE,RETURN_AND_REFUND
4039056278131214114,4039056278131148578,582816905952200482,2026-03-06,Calça Jeans Feminina Wide Leg Jeans Feminina Cintura Alta,REF52744,"Sky Used, 44",79.9,79.9,Item doesn't fit,RETURN_OR_REFUND_REQUEST_CANCEL,RETURN_AND_REFUND
4039056315071170137,4039056315071104601,582804353232176729,2026-03-06,Calça Jeans Feminina Wide Leg Jeans Feminina Cintura Alta,REF51636,"Marmorizada, 36",69.99,69.99,Product wouldn't arrive on time,RETURN_OR_REFUND_REQUEST_COMPLETE,REFUND
4039057036744820544,4039057036744755008,582714173290612544,2026-03-06,Calça Jeans Feminina Wide Leg Jeans Feminina Cintura Alta,REF52540,"Stone Used, 40",79.9,79.9,"Fabric, material or style not as expected",RETURN_OR_REFUND_REQUEST_COMPLETE,RETURN_AND_REFUND
4039077988956538842,4039077988956473306,582913222234834906,2026-03-07,Calça Jeans Feminina Wide Leg Jeans Feminina Cintura Alta,REF52738,"Sky Used, 38",79.9,79.9,Item doesn't fit,RETURN_OR_REFUND_REQUEST_COMPLETE,RETURN_AND_REFUND
4039077791840634462,4039077791840568926,582907810367309406,2026-03-07,Calça Jeans Feminina Wide Leg Jeans Feminina Cintura Alta,REF51640,"Marmorizada, 40",83.1,83.1,Item doesn't fit,RETURN_OR_REFUND_REQUEST_COMPLETE,RETURN_AND_REFUND
4039077468373812729,4039077468373747193,582896700082849273,2026-03-07,Calça Jeans Feminina Wide Leg Jeans Feminina Cintura Alta,REF51640,"Marmorizada, 40",84.28,84.28,"Fabric, material or style not as expected",RETURN_OR_REFUND_REQUEST_CANCEL,RETURN_AND_REFUND
4039077437554918679,4039077437554853143,582912597536703767,2026-03-07,Calça Jeans Feminina Wide Leg Jeans Cintura Alta Preta Marmorizada,REF52846,46,89.99,89.99,Item doesn't fit,RETURN_OR_REFUND_REQUEST_CANCEL,RETURN_AND_REFUND
4039077114710557711,4039077114710492175,582895140329063439,2026-03-07,Calça Jeans Feminina Wide Leg Cintura Alta Azul Médio Marmorizado,REF55138,"Azul Médio Marmorizado , 38",71.99,71.99,Item doesn't fit,RETURN_OR_REFUND_REQUEST_COMPLETE,RETURN_AND_REFUND
4039077037805372765,4039077037805307229,582842064921986397,2026-03-07,Calça Jeans Feminina Wide Leg Jeans Feminina Cintura Alta Stone Used,REF52542,42,79.59,79.59,Item doesn't fit,RETURN_OR_REFUND_REQUEST_COMPLETE,RETURN_AND_REFUND
4039076991890785718,4039076991890720182,582766057845130678,2026-03-07,Calça Jeans Feminina Wide Leg Jeans Feminina Cintura Alta,REF51638,"Marmorizada, 38",83.1,83.1,Package wasn't received,RETURN_OR_REFUND_REQUEST_COMPLETE,REFUND
4039078083405514508,4039078083405448972,582779423016257292,2026-03-07,Calça Jeans Feminina Wide Leg Jeans Feminina Cintura Alta,REF51642,"Marmorizada, 42",69.99,69.99,Item doesn't fit,RETURN_OR_REFUND_REQUEST_COMPLETE,RETURN_AND_REFUND
4039076941634635286,4039076941634569750,582930949181769238,2026-03-07,Calça Jeans Feminina Wide Leg Jeans Feminina Cintura Alta,REF51644,"Marmorizada, 44",80.7,80.7,Package wasn't received,RETURN_OR_REFUND_REQUEST_COMPLETE,REFUND
4039077242357450054,4039077242357384518,582878478985889094,2026-03-07,Calça Jeans Feminina Wide Leg Jeans Feminina Cintura Alta,REF51644,"Marmorizada, 44",73.24,73.24,Item doesn't fit,RETURN_OR_REFUND_REQUEST_COMPLETE,RETURN_AND_REFUND
4039078166258550751,4039078166258485215,582841205634533343,2026-03-07,Calça Jeans Feminina Wide Leg Jeans Feminina Cintura Alta,REF52536,"Stone Used, 36",69.99,69.99,Defective item,RETURN_OR_REFUND_REQUEST_COMPLETE,RETURN_AND_REFUND
4039080515174893271,4039080515174827735,582822744172693207,2026-03-07,Calça Jeans Feminina Wide Leg Jeans Feminina Cintura Alta,REF51638,"Marmorizada, 38",60.89,60.89,Item doesn't fit,RETURN_OR_REFUND_REQUEST_COMPLETE,RETURN_AND_REFUND
4039078436557325487,4039078436557259951,582894504492827823,2026-03-07,Calça Jeans Feminina Wide Leg Jeans Feminina Cintura Alta,REF51644,"Marmorizada, 44",64.99,64.99,Item doesn't fit,RETURN_OR_REFUND_REQUEST_COMPLETE,RETURN_AND_REFUND
4039078672619046439,4039078672618980903,582801379349005863,2026-03-07,Calça Jeans Feminina Wide Leg Jeans Feminina Cintura Alta,REF51642,"Marmorizada, 42",80.7,80.7,"Fabric, material or style not as expected",RETURN_OR_REFUND_REQUEST_CANCEL,RETURN_AND_REFUND
4039078863788934625,4039078863788869089,582914849387677153,2026-03-07,Calça Jeans Feminina Wide Leg Cintura Alta Chocolate,REF56238,"Chocolate, 38",81.9,81.9,Item doesn't fit,RETURN_OR_REFUND_REQUEST_COMPLETE,RETURN_AND_REFUND
4039079052143199307,4039079052143133771,582799950548862027,2026-03-07,Calça Jeans Feminina Wide Leg Jeans Feminina Cintura Alta,REF51644,"Marmorizada, 44",73.19,73.19,Item doesn't fit,RETURN_OR_REFUND_REQUEST_COMPLETE,RETURN_AND_REFUND
4039080031684232590,4039080031684167054,582764402353210766,2026-03-07,Calça Jeans Feminina Wide Leg Jeans Feminina Cintura Alta,REF51646,"Marmorizada, 46",84.28,84.28,Item doesn't fit,RETURN_OR_REFUND_REQUEST_COMPLETE,RETURN_AND_REFUND
4039080559308014939,4039080559307687259,582836732726183259,2026-03-07,Calça Jeans Feminina Wide Leg Jeans Feminina Cintura Alta,REF52742,"Sky Used, 42",79.9,79.9,Package wasn't received,RETURN_OR_REFUND_REQUEST_COMPLETE,REFUND
4039080716492244893,4039080716492179357,582898136445519773,2026-03-07,Calça Jeans Feminina Wide Leg Cintura Alta- Candy Colors,REF55038,"AMARELO MANTEIGA, 38",65.95,65.95,"Fabric, material or style not as expected",RETURN_OR_REFUND_REQUEST_COMPLETE,RETURN_AND_REFUND
4039080754215487389,4039080754215421853,582898136445519773,2026-03-07,Calça Jeans Feminina Wide Leg Cintura Alta Terracota,REF54838,"Terracota, 38",65.95,65.95,"Fabric, material or style not as expected",RETURN_OR_REFUND_REQUEST_COMPLETE,RETURN_AND_REFUND
4039080761276073885,4039080761276008349,582898136445519773,2026-03-07,Calça Jeans Feminina Wide Leg Cintura Alta Chocolate,REF56238,"Chocolate, 38",88.39,88.39,"Fabric, material or style not as expected",RETURN_OR_REFUND_REQUEST_COMPLETE,RETURN_AND_REFUND
4039080811408295225,4039080811408229689,582930870537651513,2026-03-07,Calça Jeans Feminina Wide Leg Cintura Alta Azul Médio Marmorizado,REF55138,"Azul Médio Marmorizado , 38",74.83,74.83,Item doesn't fit,RETURN_OR_REFUND_REQUEST_COMPLETE,RETURN_AND_REFUND
4039076918426633463,4039076918426567927,582767502500529399,2026-03-07,Calça Jeans Feminina Wide Leg Jeans Feminina Cintura Alta,REF51638,"Marmorizada, 38",73.19,73.19,Item doesn't fit,RETURN_OR_REFUND_REQUEST_SUCCESS,RETURN_AND_REFUND
4039078283063887052,4039078283063821516,582822603731535052,2026-03-07,Calça Jeans Feminina Wide Leg Jeans Feminina Cintura Alta,REF51640,"Marmorizada, 40",79.9,79.9,Item doesn't fit,RETURN_OR_REFUND_REQUEST_CANCEL,RETURN_AND_REFUND
4039076731712931219,4039076731712865683,582811756649285011,2026-03-07,Calça Jeans Feminina Wide Leg Jeans Feminina Cintura Alta,REF51644,"Marmorizada, 44",68.9,68.9,Item doesn't fit,RETURN_OR_REFUND_REQUEST_COMPLETE,RETURN_AND_REFUND
4039080775543850909,4039080775543785373,582898136445519773,2026-03-07,Calça Jeans Feminina Wide Leg Cintura Alta Azul Médio Marmorizado,REF55138,"Azul Médio Marmorizado , 38",65.95,65.95,"Fabric, material or style not as expected",RETURN_OR_REFUND_REQUEST_COMPLETE,RETURN_AND_REFUND
4039076569690900381,4039076569690834845,582581933574948765,2026-03-07,Calça Jeans Feminina Wide Leg Jeans Feminina Cintura Alta,REF51640,"Marmorizada, 40",72.24,72.24,Item doesn't fit,RETURN_OR_REFUND_REQUEST_CANCEL,RETURN_AND_REFUND
4039076580961191369,4039076580961125833,582842217036154313,2026-03-07,Calça Jeans Feminina Wide Leg Jeans Feminina Cintura Alta,REF51642,"Marmorizada, 42",73.24,73.24,Item doesn't fit,RETURN_OR_REFUND_REQUEST_COMPLETE,RETURN_AND_REFUND
4039064803596338755,4039064803596273219,582876243185337923,2026-03-07,Calça Jeans Feminina Wide Leg Cintura Alta- Candy Colors,REF54942,"ROSA BEBÊ, 42",85.82,85.82,Item doesn't fit,RETURN_OR_REFUND_REQUEST_COMPLETE,RETURN_AND_REFUND
4039069562294863165,4039069562294797629,582839325659530557,2026-03-07,Calça Jeans Feminina Wide Leg Jeans Feminina Cintura Alta,REF52738,"Sky Used, 38",87.84,87.84,Item doesn't fit,RETURN_OR_REFUND_REQUEST_COMPLETE,RETURN_AND_REFUND
4039071523908126438,4039071523908060902,582883451556103910,2026-03-07,Calça Jeans Feminina Wide Leg Cintura Alta Azul Médio Marmorizado,REF55140,"Azul Médio Marmorizado , 40",83.95,83.95,Item doesn't fit,RETURN_OR_REFUND_REQUEST_COMPLETE,RETURN_AND_REFUND
4039072048837527107,4039072048837461571,582747403622188611,2026-03-07,Calça Jeans Feminina Wide Leg Jeans Feminina Cintura Alta,REF51646,"Marmorizada, 46",66.76,66.76,Item doesn't fit,RETURN_OR_REFUND_REQUEST_COMPLETE,RETURN_AND_REFUND
4039072230132451282,4039072230132385746,582764133271635922,2026-03-07,Calça Jeans Feminina Wide Leg Jeans Feminina Cintura Alta,REF51638,"Marmorizada, 38",62.99,62.99,Item doesn't fit,RETURN_OR_REFUND_REQUEST_COMPLETE,RETURN_AND_REFUND
4039072370208769631,4039072370208704095,582716094292592223,2026-03-07,Calça Jeans Feminina Wide Leg Jeans Feminina Cintura Alta,REF51640,"Marmorizada, 40",79.9,79.9,Item doesn't fit,RETURN_OR_REFUND_REQUEST_COMPLETE,RETURN_AND_REFUND
4039072406881207930,4039072406881142394,582889898451961466,2026-03-07,Calça Jeans Wide Leg Cintura Alta Sky Used,REF52740,"Sky Used, 40",80.79,80.79,Item doesn't fit,RETURN_OR_REFUND_REQUEST_COMPLETE,RETURN_AND_REFUND
4039072608650233832,4039072608650168296,582567903965186024,2026-03-07,Calça Jeans Feminina Wide Leg Jeans Feminina Cintura Alta,REF51642,"Marmorizada, 42",69.99,69.99,"Fabric, material or style not as expected",RETURN_OR_REFUND_REQUEST_COMPLETE,RETURN_AND_REFUND
4039072799358092326,4039072799358026790,582784874637132838,2026-03-07,Calça Jeans Feminina Wide Leg Jeans Feminina Cintura Alta,REF51638,"Marmorizada, 38",68.69,68.69,Item doesn't fit,RETURN_OR_REFUND_REQUEST_COMPLETE,RETURN_AND_REFUND
4039072928029640292,4039072928029574756,582838280387528292,2026-03-07,Calça Jeans Feminina Wide Leg Jeans Feminina Cintura Alta,REF51642,"Marmorizada, 42",67.89,67.89,Item doesn't fit,RETURN_OR_REFUND_REQUEST_COMPLETE,RETURN_AND_REFUND
4039072926397663123,4039072926397597587,582711531368056723,2026-03-07,Calça Jeans Feminina Wide Leg Jeans Feminina Cintura Alta,REF52542,"Stone Used, 42",83.1,83.1,"Fabric, material or style not as expected",RETURN_OR_REFUND_REQUEST_COMPLETE,RETURN_AND_REFUND
4039070478856717580,4039070478856652044,582908221906846988,2026-03-07,Calça Jeans Feminina Wide Leg Jeans Feminina Cintura Alta,REF52744,"Sky Used, 44",90.4,90.4,Item doesn't fit,RETURN_OR_REFUND_REQUEST_COMPLETE,RETURN_AND_REFUND
4039073113469191474,4039073113469125938,582841330381849906,2026-03-07,Calça Jeans Feminina Wide Leg Jeans Feminina Cintura Alta,REF51642,"Marmorizada, 42",71.99,71.99,Package wasn't received,RETURN_OR_REFUND_REQUEST_CANCEL,REFUND
4039072948901086673,4039072948901021137,582837724341896657,2026-03-07,Calça Jeans Feminina Wide Leg Jeans Feminina Cintura Alta,REF52540,"Stone Used, 40",73.19,73.19,Item doesn't fit,RETURN_OR_REFUND_REQUEST_COMPLETE,RETURN_AND_REFUND
4039076539707262598,4039076539707197062,582834982426740358,2026-03-07,Calça Jeans Feminina Wide Leg Cintura Alta Azul Médio Marmorizado,REF55138,"Azul Médio Marmorizado , 38",79.99,79.99,Item doesn't fit,RETURN_OR_REFUND_REQUEST_COMPLETE,RETURN_AND_REFUND
4039076464949167917,4039076464949102381,582911389468886829,2026-03-07,Calça Jeans Feminina Wide Leg Jeans Feminina Cintura Alta,REF51646,"Marmorizada, 46",71.91,71.91,Item doesn't fit,RETURN_OR_REFUND_REQUEST_CANCEL,RETURN_AND_REFUND
4039075697755718808,4039075697755653272,582621684573766808,2026-03-07,Calça Jeans Feminina Wide Leg Jeans Feminina Cintura Alta,REF51644,"Marmorizada, 44",82.32,82.32,Item doesn't fit,RETURN_OR_REFUND_REQUEST_CANCEL,RETURN_AND_REFUND
4039075650480866574,4039075650480801038,582860356057728270,2026-03-07,Calça Jeans Feminina Wide Leg Cintura Alta Amarelo Manteiga,REF55038,"AMARELO MANTEIGA, 38",96.4,96.4,Item doesn't fit,RETURN_OR_REFUND_REQUEST_COMPLETE,RETURN_AND_REFUND
4039076456007567149,4039076456007501613,582911389468886829,2026-03-07,Calça Jeans Feminina Wide Leg Jeans Cintura Alta Preta Marmorizada,REF52846,46,80.99,80.99,Item doesn't fit,RETURN_OR_REFUND_REQUEST_CANCEL,RETURN_AND_REFUND
4039074649281954992,4039074649281889456,582795792621798576,2026-03-07,Calça Jeans Feminina Wide Leg Jeans Feminina Cintura Alta,REF52538,"Stone Used, 38",79.9,79.9,Item doesn't fit,RETURN_OR_REFUND_REQUEST_CANCEL,RETURN_AND_REFUND
4039074321473898253,4039074321473832717,582803060726728461,2026-03-07,Calça Jeans Feminina Wide Leg Jeans Feminina Cintura Alta,REF51640,"Marmorizada, 40",69.8,69.8,Color or pattern not as expected,RETURN_OR_REFUND_REQUEST_COMPLETE,RETURN_AND_REFUND
4039073680162260977,4039073680162195441,582835577248122865,2026-03-07,Calça Jeans Feminina Wide Leg Cintura Alta Azul Médio Marmorizado,REF55146,"Azul Médio Marmorizado , 46",106.9,106.9,"Fabric, material or style not as expected",RETURN_OR_REFUND_REQUEST_COMPLETE,RETURN_AND_REFUND
4039073371309639420,4039073371309311740,582876134915213052,2026-03-07,Calça Jeans Feminina Wide Leg Jeans Feminina Cintura Alta,REF51640,"Marmorizada, 40",72.59,72.59,Package wasn't received,RETURN_OR_REFUND_REQUEST_CANCEL,REFUND
4039074762415441306,4039074762415375770,582818252385519002,2026-03-07,Calça Jeans Feminina Wide Leg Jeans Feminina Cintura Alta,REF51642,"Marmorizada, 42",70.79,70.79,No longer needed,RETURN_OR_REFUND_REQUEST_CANCEL,RETURN_AND_REFUND
4039096251351795473,4039096251351729937,582821882850019089,2026-03-08,Calça Jeans Feminina Wide Leg Jeans Feminina Cintura Alta,REF51638,"Marmorizada, 38",69.99,69.99,"Fabric, material or style not as expected",RETURN_OR_REFUND_REQUEST_COMPLETE,RETURN_AND_REFUND
4039096813774669180,4039096813774603644,582855174661440892,2026-03-08,Calça Jeans Feminina Wide Leg Jeans Feminina Cintura Alta,REF52536,"Stone Used, 36",83.1,83.1,Item doesn't fit,RETURN_OR_REFUND_REQUEST_COMPLETE,RETURN_AND_REFUND
4039096276223821584,4039096276223756048,582858275427944208,2026-03-08,Calça Jeans Feminina Wide Leg Cintura Alta Azul Médio Marmorizado,REF55138,"Azul Médio Marmorizado , 38",80.79,80.79,Item doesn't fit,RETURN_OR_REFUND_REQUEST_COMPLETE,RETURN_AND_REFUND
4039096372303856786,4039096372303791250,582902715603322002,2026-03-08,Calça Jeans Feminina Wide Leg Cintura Alta- Candy Colors,REF54940,"ROSA BEBÊ, 40",82.47,82.47,Item doesn't fit,RETURN_OR_REFUND_REQUEST_CANCEL,RETURN_AND_REFUND
4039096455086114482,4039096455086048946,582895339021567666,2026-03-08,Calça Jeans Feminina Wide Leg Jeans Feminina Cintura Alta,REF52544,"Stone Used, 44",79.9,79.9,Item doesn't fit,RETURN_OR_REFUND_REQUEST_COMPLETE,RETURN_AND_REFUND
4039096568513595227,4039096568513529691,582875506762286939,2026-03-08,Calça Jeans Feminina Wide Leg Jeans Feminina Cintura Alta,REF51640,"Marmorizada, 40",66.09,66.09,Item doesn't fit,RETURN_OR_REFUND_REQUEST_COMPLETE,RETURN_AND_REFUND
4039096702392632872,4039096702392567336,582664081912727080,2026-03-08,Calça Jeans Feminina Wide Leg Jeans Feminina Cintura Alta,REF51636,"Marmorizada, 36",69.99,69.99,Defective item,RETURN_OR_REFUND_REQUEST_CANCEL,RETURN_AND_REFUND
4039097041453417528,4039097041453351992,582798328031839288,2026-03-08,Calça Jeans Feminina Wide Leg Jeans Feminina Cintura Alta,REF51646,"Marmorizada, 46",66.8,66.8,Item doesn't fit,RETURN_OR_REFUND_REQUEST_COMPLETE,RETURN_AND_REFUND
4039098033685038207,4039098033684972671,582594347409507455,2026-03-08,Calça Jeans Feminina Wide Leg Jeans Feminina Cintura Alta,REF51636,"Marmorizada, 36",85.9,85.9,Item doesn't fit,RETURN_OR_REFUND_REQUEST_COMPLETE,RETURN_AND_REFUND
4039097423490810925,4039097423490745389,582932955115914285,2026-03-08,Calça Jeans Feminina Wide Leg Cintura Alta Azul Médio Marmorizado,REF55138,"Azul Médio Marmorizado , 38",77.59,77.59,"Fabric, material or style not as expected",RETURN_OR_REFUND_REQUEST_COMPLETE,RETURN_AND_REFUND
4039097775596602707,4039097775596537171,582914058915644755,2026-03-08,Calça Jeans Feminina Wide Leg Jeans Cintura alta Preta,REF54738,"Preto , 38",83.15,83.15,Defective item,RETURN_OR_REFUND_REQUEST_CANCEL,RETURN_AND_REFUND
4039097904783525232,4039097904783459696,582821882112017776,2026-03-08,Calça Jeans Feminina Wide Leg Jeans Feminina Cintura Alta Stone Used,REF52540,40,70.79,70.79,"Fabric, material or style not as expected",RETURN_OR_REFUND_REQUEST_CANCEL,RETURN_AND_REFUND
4039098203535279856,4039098203535214320,582915746868725488,2026-03-08,Calça Jeans Feminina Wide Leg Jeans Feminina Cintura Alta,REF52736,"Sky Used, 36",79.9,79.9,Defective item,RETURN_OR_REFUND_REQUEST_COMPLETE,RETURN_AND_REFUND
4039099576503600273,4039099576503534737,582894844262450321,2026-03-08,Calça Jeans Feminina Wide Leg Jeans Cintura alta Preta,REF54742,"Preto , 42",83.95,83.95,Item doesn't fit,RETURN_OR_REFUND_REQUEST_COMPLETE,RETURN_AND_REFUND
4039099814239962530,4039099814239896994,582929210514310562,2026-03-08,Calça Jeans Feminina Wide Leg Jeans Feminina Cintura Alta Stone Used,REF52536,36,78.39,78.39,Item doesn't fit,RETURN_OR_REFUND_REQUEST_COMPLETE,RETURN_AND_REFUND
4039100097751844239,4039100097751778703,582836276348749199,2026-03-08,Calça Jeans Feminina Wide Leg Jeans Feminina Cintura Alta,REF52544,"Stone Used, 44",63.94,63.94,Item doesn't match description,RETURN_OR_REFUND_REQUEST_COMPLETE,RETURN_AND_REFUND
4039096144569009570,4039096144568944034,582835493249123746,2026-03-08,Calça Jeans Feminina Wide Leg Jeans Feminina Cintura Alta,REF52740,"Sky Used, 40",71.99,71.99,"Fabric, material or style not as expected",RETURN_OR_REFUND_REQUEST_COMPLETE,RETURN_AND_REFUND
4039097286052906151,4039097286052840615,582841641497494695,2026-03-08,Calça Jeans Feminina Wide Leg Jeans Feminina Cintura Alta Stone Used,REF52536,36,70.79,70.79,Item doesn't fit,RETURN_OR_REFUND_REQUEST_CANCEL,RETURN_AND_REFUND
4039096126518691234,4039096126518625698,582835493249123746,2026-03-08,Calça Jeans Feminina Wide Leg Jeans Feminina Cintura Alta,REF52540,"Stone Used, 40",69.99,69.99,"Fabric, material or style not as expected",RETURN_OR_REFUND_REQUEST_COMPLETE,RETURN_AND_REFUND
4039096313808193178,4039096313808127642,582818397870589594,2026-03-08,Calça Jeans Feminina Wide Leg Jeans Feminina Cintura Alta,REF51642,"Marmorizada, 42",69.99,69.99,Item doesn't fit,RETURN_OR_REFUND_REQUEST_COMPLETE,RETURN_AND_REFUND
4039095840566183471,4039095840566052399,582895067505264175,2026-03-08,Calça Jeans Feminina Wide Leg Cintura Alta Chocolate,REF56238,"Chocolate, 38",74.84,149.68,Package wasn't received,RETURN_OR_REFUND_REQUEST_COMPLETE,REFUND
4039096102080907183,4039096102080841647,582878822274205615,2026-03-08,Calça Jeans Feminina Wide Leg Jeans Feminina Cintura Alta,REF51644,"Marmorizada, 44",80.7,80.7,Item doesn't fit,RETURN_OR_REFUND_REQUEST_COMPLETE,RETURN_AND_REFUND
4039081482630825674,4039081482630760138,582816165502813898,2026-03-08,Calça Jeans Feminina Wide Leg Jeans Feminina Cintura Alta,REF51644,"Marmorizada, 44",62.99,62.99,Item doesn't fit,RETURN_OR_REFUND_REQUEST_CANCEL,RETURN_AND_REFUND
4039088693647672924,4039088693647607388,582895344450963036,2026-03-08,Calça Jeans Feminina Wide Leg Jeans Cintura alta Preta,REF54742,"Preto , 42",72.1,72.1,Color or pattern not as expected,RETURN_OR_REFUND_REQUEST_COMPLETE,RETURN_AND_REFUND
4039088715893016156,4039088715892950620,582895344450963036,2026-03-08,Calça Jeans Feminina Wide Leg Cintura Alta Azul Médio Marmorizado,REF55142,"Azul Médio Marmorizado , 42",72.1,72.1,Color or pattern not as expected,RETURN_OR_REFUND_REQUEST_COMPLETE,RETURN_AND_REFUND
4039089292924781946,4039089292924716410,582820281688884602,2026-03-08,Calça Jeans Feminina Wide Leg Jeans Feminina Cintura Alta,REF52742,"Sky Used, 42",73.83,73.83,Item doesn't fit,RETURN_OR_REFUND_REQUEST_COMPLETE,RETURN_AND_REFUND
4039090146156512484,4039090146156446948,582835276910134500,2026-03-08,Calça Jeans Feminina Wide Leg Jeans Feminina Cintura Alta,REF52542,"Stone Used, 42",70.79,70.79,Item doesn't fit,RETURN_OR_REFUND_REQUEST_COMPLETE,RETURN_AND_REFUND
4039090750453221006,4039090750453155470,582841554045208206,2026-03-08,Calça Jeans Feminina Wide Leg Jeans Feminina Cintura Alta,REF52538,"Stone Used, 38",69.89,69.89,Item doesn't fit,RETURN_OR_REFUND_REQUEST_COMPLETE,RETURN_AND_REFUND
4039090915270231326,4039090915270165790,582852216544462110,2026-03-08,Calça Jeans Feminina Wide Leg Jeans Cintura alta Preta,REF54738,"Preto , 38",105.85,105.85,Item doesn't fit,RETURN_OR_REFUND_REQUEST_COMPLETE,RETURN_AND_REFUND
4039091530169811983,4039091530169746447,582878539951342607,2026-03-08,Calça Jeans Feminina Wide Leg Jeans Feminina Cintura Alta,REF51644,"Marmorizada, 44",78.3,78.3,Item doesn't fit,RETURN_OR_REFUND_REQUEST_COMPLETE,RETURN_AND_REFUND
4039081713098523664,4039081713098458128,582715453849699344,2026-03-08,Calça Jeans Feminina Wide Leg Jeans Feminina Cintura Alta,REF51644,"Marmorizada, 44",83.19,83.19,Item doesn't fit,RETURN_OR_REFUND_REQUEST_COMPLETE,RETURN_AND_REFUND
4039093439020565606,4039093439020500070,582913484097815654,2026-03-08,Calça Jeans Feminina Wide Leg Jeans Feminina Cintura Alta,REF51644,"Marmorizada, 44",79.9,79.9,Item doesn't fit,RETURN_OR_REFUND_REQUEST_COMPLETE,RETURN_AND_REFUND
4039093220039034303,4039093220038968767,582838028718867903,2026-03-08,Calça Jeans Feminina Wide Leg Jeans Feminina Cintura Alta,REF52736,"Sky Used, 36",79.9,79.9,Item doesn't fit,RETURN_OR_REFUND_REQUEST_COMPLETE,RETURN_AND_REFUND
4039095048108607309,4039095048108541773,582950245413848909,2026-03-08,Calça Jeans Feminina Wide Leg Jeans Feminina Cintura Alta,REF52538,"Stone Used, 38",79.51,79.51,Wrong item was sent,RETURN_OR_REFUND_REQUEST_COMPLETE,RETURN_AND_REFUND
4039095003488945997,4039095003488880461,582950245413848909,2026-03-08,Calça Jeans Feminina Wide Leg Jeans Feminina Cintura Alta,REF51638,"Marmorizada, 38",77.5,77.5,Defective item,RETURN_OR_REFUND_REQUEST_COMPLETE,RETURN_AND_REFUND
4039095427815605369,4039095427815539833,582840203642438777,2026-03-08,Calça Jeans Feminina Wide Leg Jeans Feminina Cintura Alta,REF51642,"Marmorizada, 42",70.79,70.79,Item doesn't fit,RETURN_OR_REFUND_REQUEST_COMPLETE,RETURN_AND_REFUND
4039093860405642333,4039093860405576797,582879005495886941,2026-03-08,Calça Jeans Feminina Wide Leg Jeans Feminina Cintura Alta Stone Used,REF52538,38,73.19,73.19,Item doesn't fit,RETURN_OR_REFUND_REQUEST_COMPLETE,RETURN_AND_REFUND
4039093527071786032,4039093527071720496,582912083825951792,2026-03-08,Calça Jeans Feminina Wide Leg Cintura Alta Branca,REF54638,"Branco, 38",80.66,80.66,Item doesn't fit,RETURN_OR_REFUND_REQUEST_COMPLETE,RETURN_AND_REFUND
4039093491258262630,4039093491258131558,582913484097815654,2026-03-08,Calça Jeans Feminina Wide Leg Jeans Feminina Cintura Alta,REF52736,"Sky Used, 36",79.9,79.9,Item doesn't fit,RETURN_OR_REFUND_REQUEST_CANCEL,RETURN_AND_REFUND
4039094192396601168,4039094192396535632,582537792939460432,2026-03-08,Calça Jeans Feminina Wide Leg Jeans Feminina Cintura Alta,REF52544,"Stone Used, 44",64.82,64.82,Item doesn't fit,RETURN_OR_REFUND_REQUEST_COMPLETE,RETURN_AND_REFUND
4039095840566117935,4039095840566052399,582895067505264175,2026-03-08,Calça Jeans Feminina Wide Leg Cintura Alta Azul Médio Marmorizado,REF55138,"Azul Médio Marmorizado , 38",74.84,149.68,Package wasn't received,RETURN_OR_REFUND_REQUEST_COMPLETE,REFUND
4039116049067377762,4039116049067312226,582836034703098978,2026-03-09,Calça Jeans Feminina Wide Leg Jeans Feminina Cintura Alta,REF51638,"Marmorizada, 38",79.9,79.9,Item doesn't fit,RETURN_OR_REFUND_REQUEST_CANCEL,RETURN_AND_REFUND
4039115541406254713,4039115541406189177,582838125010323065,2026-03-09,Calça Jeans Feminina Wide Leg Jeans Feminina Cintura Alta,REF51642,"Marmorizada, 42",69.99,69.99,Item doesn't fit,RETURN_OR_REFUND_REQUEST_CANCEL,RETURN_AND_REFUND
4039115033769444868,4039115033769379332,582913251210397188,2026-03-09,Calça Jeans Feminina Wide Leg Cintura Alta Chocolate,REF56238,"Chocolate, 38",79.9,79.9,Item doesn't fit,RETURN_OR_REFUND_REQUEST_COMPLETE,RETURN_AND_REFUND
4039115914735814629,4039115914735749093,582536666237732837,2026-03-09,Calça Jeans Feminina Wide Leg Jeans Feminina Cintura Alta,REF51640,"Marmorizada, 40",69.99,69.99,Item doesn't fit,RETURN_OR_REFUND_REQUEST_CANCEL,RETURN_AND_REFUND
4039115898134037931,4039115898133972395,582946669662930347,2026-03-09,Calça Jeans Feminina Wide Leg Jeans Feminina Cintura Alta,REF52546,"Stone Used, 46",79.51,79.51,Item doesn't fit,RETURN_OR_REFUND_REQUEST_COMPLETE,RETURN_AND_REFUND
4039115889042163115,4039115889042097579,582946669662930347,2026-03-09,Calça Jeans Feminina Wide Leg Jeans Feminina Cintura Alta,REF51644,"Marmorizada, 44",78.72,78.72,Item doesn't fit,RETURN_OR_REFUND_REQUEST_COMPLETE,RETURN_AND_REFUND
4039115578234144706,4039115578234079170,582895466736617410,2026-03-09,Calça Jeans Feminina Wide Leg Cintura Alta Chocolate,REF56240,"Chocolate, 40",71.99,71.99,Defective item,RETURN_OR_REFUND_REQUEST_COMPLETE,RETURN_AND_REFUND
4039114914793359306,4039114914793293770,582837818226739146,2026-03-09,Calça Jeans Feminina Wide Leg Jeans Feminina Cintura Alta,REF52542,"Stone Used, 42",74.49,74.49,Item doesn't fit,RETURN_OR_REFUND_REQUEST_COMPLETE,RETURN_AND_REFUND
4039115270977193667,4039115270977128131,582821914236257987,2026-03-09,Calça Jeans Feminina Wide Leg Jeans Feminina Cintura Alta,REF51638,"Marmorizada, 38",79.9,79.9,Item doesn't fit,RETURN_OR_REFUND_REQUEST_COMPLETE,RETURN_AND_REFUND
4039115075932948386,4039115075932882850,582931681411237794,2026-03-09,Shorts Jeans Feminino Cintura Alta Casual Marmorizado,REF57340,"Marmorizado , 40",59.29,59.29,Item doesn't fit,RETURN_OR_REFUND_REQUEST_CANCEL,RETURN_AND_REFUND
4039114842845054444,4039114842844988908,582837141945615852,2026-03-09,Calça Jeans Feminina Wide Leg Jeans Feminina Cintura Alta,REF52738,"Sky Used, 38",70.79,70.79,Item doesn't fit,RETURN_OR_REFUND_REQUEST_COMPLETE,RETURN_AND_REFUND
4039114671979005574,4039114671978940038,582682779113588358,2026-03-09,Calça Jeans Feminina Wide Leg Cintura Alta Chocolate,REF56242,"Chocolate, 42",94.9,94.9,Item doesn't fit,RETURN_OR_REFUND_REQUEST_COMPLETE,RETURN_AND_REFUND
4039114663614580667,4039114663614515131,582766267921500091,2026-03-09,Calça Jeans Feminina Wide Leg Jeans Feminina Cintura Alta,REF52544,"Stone Used, 44",79.9,79.9,Color or pattern not as expected,RETURN_OR_REFUND_REQUEST_COMPLETE,RETURN_AND_REFUND
4039116133031642354,4039116133031576818,582895059722994930,2026-03-09,Calça Jeans Feminina Wide Leg Cintura Alta Azul Médio Marmorizado,REF55142,"Azul Médio Marmorizado , 42",71.99,71.99,Item doesn't fit,RETURN_OR_REFUND_REQUEST_COMPLETE,RETURN_AND_REFUND
4039115288831035076,4039115288830969540,582873440653117124,2026-03-09,Calça Jeans Feminina Wide Leg Jeans Feminina Cintura Alta,REF51640,"Marmorizada, 40",63.79,63.79,Item doesn't fit,RETURN_OR_REFUND_REQUEST_COMPLETE,RETURN_AND_REFUND
4039116175676180189,4039116175676114653,582895816148616925,2026-03-09,Calça Jeans Feminina Wide Leg Jeans Feminina Cintura Alta,REF51640,"Marmorizada, 40",67.81,67.81,Item doesn't fit,RETURN_OR_REFUND_REQUEST_COMPLETE,RETURN_AND_REFUND
4039117241094670123,4039117241094604587,582929008380512043,2026-03-09,Calça Jeans Feminina Wide Leg Jeans Feminina Cintura Alta,REF52544,"Stone Used, 44",81.9,81.9,Item doesn't fit,RETURN_OR_REFUND_REQUEST_COMPLETE,RETURN_AND_REFUND
4039116664177788715,4039116664177723179,582929008380512043,2026-03-09,Calça Jeans Feminina Wide Leg Jeans Feminina Cintura Alta,REF52544,"Stone Used, 44",81.9,81.9,Item doesn't fit,RETURN_OR_REFUND_REQUEST_CANCEL,RETURN_AND_REFUND
4039114592722388716,4039114592722323180,582833372700444396,2026-03-09,Calça Jeans Feminina Wide Leg Jeans Feminina Cintura Alta,REF51642,"Marmorizada, 42",79.9,79.9,Item doesn't fit,RETURN_OR_REFUND_REQUEST_COMPLETE,RETURN_AND_REFUND
4039118319032632874,4039118319032567338,582700786588223018,2026-03-09,Calça Jeans Feminina Wide Leg Jeans Feminina Cintura Alta,REF51642,"Marmorizada, 42",79.9,79.9,Item doesn't fit,RETURN_OR_REFUND_REQUEST_COMPLETE,RETURN_AND_REFUND
4039118050441201239,4039118050441135703,582821793569343063,2026-03-09,Calça Jeans Feminina Wide Leg Jeans Feminina Cintura Alta,REF52536,"Stone Used, 36",61.9,61.9,No longer needed,RETURN_OR_REFUND_REQUEST_COMPLETE,RETURN_AND_REFUND
4039117871029585155,4039117871029519619,582650738489459971,2026-03-09,Calça Jeans Feminina Wide Leg Jeans Feminina Cintura Alta,REF51642,"Marmorizada, 42",80.7,80.7,Item doesn't fit,RETURN_OR_REFUND_REQUEST_CANCEL,RETURN_AND_REFUND
4039117857218069860,4039117857218004324,582826336922273124,2026-03-09,Calça Jeans Feminina Wide Leg Cintura Alta Azul Médio Marmorizado,REF55136,"Azul Médio Marmorizado , 36",79.99,79.99,Defective item,RETURN_OR_REFUND_REQUEST_CANCEL,RETURN_AND_REFUND
4039117806460896540,4039117806460831004,582898293646394652,2026-03-09,Calça Jeans Feminina Wide Leg Jeans Cintura Alta Preta Marmorizada,REF52840,40,71.99,71.99,Item doesn't fit,RETURN_OR_REFUND_REQUEST_CANCEL,RETURN_AND_REFUND
4039116545345553875,4039116545345488339,582635235279996371,2026-03-09,Calça Jeans Feminina Wide Leg Jeans Feminina Cintura Alta,REF51644,"Marmorizada, 44",79.9,79.9,Item doesn't fit,RETURN_OR_REFUND_REQUEST_COMPLETE,RETURN_AND_REFUND
4039117265261201057,4039117265261135521,582819513078089377,2026-03-09,Calça Jeans Feminina Wide Leg Jeans Feminina Cintura Alta Stone Used,REF52540,40,71.19,71.19,Item doesn't fit,RETURN_OR_REFUND_REQUEST_COMPLETE,RETURN_AND_REFUND
4039117123402761468,4039117123402695932,582820567064544508,2026-03-09,Calça Jeans Feminina Wide Leg Jeans Feminina Cintura Alta,REF52544,"Stone Used, 44",69.99,69.99,Color or pattern not as expected,RETURN_OR_REFUND_REQUEST_COMPLETE,RETURN_AND_REFUND
4039117088113591548,4039117088113526012,582820567064544508,2026-03-09,Calça Jeans Feminina Wide Leg Jeans Feminina Cintura Alta,REF52544,"Stone Used, 44",69.99,69.99,Color or pattern not as expected,RETURN_OR_REFUND_REQUEST_CANCEL,RETURN_AND_REFUND
4039117026297742354,4039117026297676818,582564672706741266,2026-03-09,Calça Jeans Feminina Wide Leg Jeans Feminina Cintura Alta,REF51638,"Marmorizada, 38",63.79,63.79,Item doesn't fit,RETURN_OR_REFUND_REQUEST_COMPLETE,RETURN_AND_REFUND
4039117014734309278,4039117014734047134,582697270823782302,2026-03-09,Calça Jeans Feminina Wide Leg Jeans Feminina Cintura Alta,REF51638,"Marmorizada, 38",79.9,79.9,Item doesn't fit,RETURN_OR_REFUND_REQUEST_COMPLETE,RETURN_AND_REFUND
4039116924974958139,4039116924974892603,582835321276106299,2026-03-09,Calça Jeans Feminina Wide Leg Jeans Feminina Cintura Alta,REF52540,"Stone Used, 40",67.89,67.89,Item doesn't fit,RETURN_OR_REFUND_REQUEST_COMPLETE,RETURN_AND_REFUND
4039116690693982129,4039116690693916593,582871842606057393,2026-03-09,Calça Jeans Feminina Wide Leg Jeans Feminina Cintura Alta,REF52538,"Stone Used, 38",79.17,79.17,Item doesn't fit,RETURN_OR_REFUND_REQUEST_COMPLETE,RETURN_AND_REFUND
4039117190508021718,4039117190507956182,582817820692809686,2026-03-09,Calça Jeans Wide Leg Cintura Alta com Brilho Strass,REF52940,40,113.48,113.48,Item doesn't fit,RETURN_OR_REFUND_REQUEST_COMPLETE,RETURN_AND_REFUND
4039114448966092754,4039114448966027218,582877902981662674,2026-03-09,Calça Jeans Feminina Wide Leg Cintura Alta Azul Médio Marmorizado,REF55144,"Azul Médio Marmorizado , 44",71.99,71.99,Item doesn't fit,RETURN_OR_REFUND_REQUEST_COMPLETE,RETURN_AND_REFUND
4039113426647286807,4039113426647221271,582907894855402519,2026-03-09,Calça Jeans Feminina Wide Leg Cintura Alta Azul Médio Marmorizado,REF55140,"Azul Médio Marmorizado , 40",83.15,83.15,Item doesn't fit,RETURN_OR_REFUND_REQUEST_COMPLETE,RETURN_AND_REFUND
4039114216471561599,4039114216471496063,582948957337453951,2026-03-09,Calça Jeans Feminina Wide Leg Jeans Feminina Cintura Alta,REF51638,"Marmorizada, 38",66.96,66.96,Item doesn't fit,RETURN_OR_REFUND_REQUEST_COMPLETE,RETURN_AND_REFUND
4039111435218618315,4039111435218552779,582875061842380747,2026-03-09,Calça Jeans Feminina Wide Leg Jeans Feminina Cintura Alta,REF52544,"Stone Used, 44",79.9,79.9,Package wasn't received,RETURN_OR_REFUND_REQUEST_COMPLETE,REFUND
4039111191192241912,4039111191192176376,582732612930733816,2026-03-09,Calça Jeans Feminina Wide Leg Jeans Feminina Cintura Alta,REF52538,"Stone Used, 38",69.99,69.99,Item doesn't fit,RETURN_OR_REFUND_REQUEST_COMPLETE,RETURN_AND_REFUND
4039110768817047220,4039110768816981684,582856618365388468,2026-03-09,Calça Jeans Feminina Wide Leg Jeans Feminina Cintura Alta,REF51640,"Marmorizada, 40",79.9,79.9,Item doesn't fit,RETURN_OR_REFUND_REQUEST_COMPLETE,RETURN_AND_REFUND
4039110339869574293,4039110339869508757,582832748103566485,2026-03-09,Calça Jeans Feminina Wide Leg Cintura Alta Azul Médio Marmorizado,REF55142,"Azul Médio Marmorizado , 42",94.9,94.9,Item doesn't fit,RETURN_OR_REFUND_REQUEST_COMPLETE,RETURN_AND_REFUND
4039109542582322676,4039109542582257140,582851836586198516,2026-03-09,Calça Jeans Feminina Wide Leg Jeans Feminina Cintura Alta,REF51638,"Marmorizada, 38",54.05,54.05,Item doesn't fit,RETURN_OR_REFUND_REQUEST_COMPLETE,RETURN_AND_REFUND
4039109382700500367,4039109382700303759,582777039364523407,2026-03-09,Calça Jeans Feminina Wide Leg Jeans Feminina Cintura Alta,REF52538,"Stone Used, 38",81.9,81.9,Package wasn't received,RETURN_OR_REFUND_REQUEST_COMPLETE,REFUND
4039111594792617657,4039111594792552121,582858133707196089,2026-03-09,Calça Jeans Feminina Wide Leg Jeans Feminina Cintura Alta,REF52538,"Stone Used, 38",70.79,70.79,"Fabric, material or style not as expected",RETURN_OR_REFUND_REQUEST_CANCEL,RETURN_AND_REFUND
4039109011999000570,4039109011998935034,582841439504467962,2026-03-09,Calça Jeans Feminina Wide Leg Jeans Feminina Cintura Alta,REF51646,"Marmorizada, 46",69.99,69.99,Item doesn't fit,RETURN_OR_REFUND_REQUEST_COMPLETE,RETURN_AND_REFUND
4039108011891524693,4039108011891459157,582896558306133077,2026-03-09,Calça Jeans Feminina Wide Leg Cintura Alta Azul Médio Marmorizado,REF55140,"Azul Médio Marmorizado , 40",72.64,72.64,Color or pattern not as expected,RETURN_OR_REFUND_REQUEST_COMPLETE,RETURN_AND_REFUND
4039107598595229541,4039107598595164005,582913087678875493,2026-03-09,Calça Jeans Feminina Wide Leg Cintura Alta Azul Médio Marmorizado,REF55144,"Azul Médio Marmorizado , 44",79.59,79.59,Item doesn't fit,RETURN_OR_REFUND_REQUEST_COMPLETE,RETURN_AND_REFUND
4039106829896812344,4039106829896746808,582912013289621304,2026-03-09,Calça Jeans Feminina Wide Leg Cintura Alta Amarelo Manteiga,REF55044,"AMARELO MANTEIGA, 44",77.59,77.59,Item doesn't fit,RETURN_OR_REFUND_REQUEST_COMPLETE,RETURN_AND_REFUND
4039102517084194691,4039102517084129155,582897385249212291,2026-03-09,Calça Jeans Feminina Wide Leg Jeans Feminina Cintura Alta,REF52546,"Stone Used, 46",63.56,63.56,Item doesn't fit,RETURN_OR_REFUND_REQUEST_COMPLETE,RETURN_AND_REFUND
4039102492115109763,4039102492115044227,582897385249212291,2026-03-09,Calça Jeans Feminina Wide Leg Jeans Feminina Cintura Alta,REF51646,"Marmorizada, 46",54.42,54.42,Item doesn't fit,RETURN_OR_REFUND_REQUEST_COMPLETE,RETURN_AND_REFUND
4039114390802367846,4039114390802302310,582894732432147814,2026-03-09,Calça Jeans Feminina Wide Leg Cintura Alta Azul Médio Marmorizado,REF55140,"Azul Médio Marmorizado , 40",90.79,90.79,Item doesn't fit,RETURN_OR_REFUND_REQUEST_CANCEL,RETURN_AND_REFUND
4039108675258516723,4039108675258451187,582836959551849715,2026-03-09,Calça Jeans Feminina Wide Leg Jeans Feminina Cintura Alta,REF51642,"Marmorizada, 42",73.83,73.83,"Fabric, material or style not as expected",RETURN_OR_REFUND_REQUEST_COMPLETE,RETURN_AND_REFUND
4039111797008336635,4039111797008271099,582822659492579067,2026-03-09,Calça Jeans Feminina Wide Leg Jeans Feminina Cintura Alta,REF51638,"Marmorizada, 38",79.9,79.9,Item doesn't fit,RETURN_OR_REFUND_REQUEST_COMPLETE,RETURN_AND_REFUND
4039108918697035375,4039108918696969839,582894510707738223,2026-03-09,Calça Jeans Feminina Wide Leg Jeans Feminina Cintura Alta,REF51640,"Marmorizada, 40",79.1,79.1,Item doesn't fit,RETURN_OR_REFUND_REQUEST_COMPLETE,RETURN_AND_REFUND
4039112233445459347,4039112233445393811,582711883578049939,2026-03-09,Calça Jeans Feminina Wide Leg Jeans Feminina Cintura Alta,REF51644,"Marmorizada, 44",66.76,66.76,Item doesn't fit,RETURN_OR_REFUND_REQUEST_COMPLETE,RETURN_AND_REFUND
4039111811459942140,4039111811459876604,582876134915213052,2026-03-09,Calça Jeans Feminina Wide Leg Jeans Feminina Cintura Alta,REF51640,"Marmorizada, 40",72.59,72.59,Item doesn't fit,RETURN_OR_REFUND_REQUEST_COMPLETE,RETURN_AND_REFUND
4039114174355375584,4039114174355310048,582899896213079520,2026-03-09,Calça Jeans Feminina Wide Leg Cintura Alta Azul Médio Marmorizado,REF55142,"Azul Médio Marmorizado , 42",83.95,83.95,Item doesn't fit,RETURN_OR_REFUND_REQUEST_COMPLETE,RETURN_AND_REFUND
4039114132660520913,4039114132660455377,582818658521745361,2026-03-09,Calça Jeans Feminina Wide Leg Cintura Alta Azul Médio Marmorizado,REF55140,"Azul Médio Marmorizado , 40",76.17,76.17,Item doesn't fit,RETURN_OR_REFUND_REQUEST_COMPLETE,RETURN_AND_REFUND
4039114111705515727,4039114111705450191,582874333711337167,2026-03-09,Calça Jeans Feminina Wide Leg Jeans Feminina Cintura Alta,REF52536,"Stone Used, 36",64.94,64.94,Item doesn't fit,RETURN_OR_REFUND_REQUEST_CANCEL,RETURN_AND_REFUND
4039114063523251462,4039114063523185926,582838597675025670,2026-03-09,Calça Jeans Feminina Wide Leg Jeans Feminina Cintura Alta,REF52542,"Stone Used, 42",83.1,83.1,Package wasn't received,RETURN_OR_REFUND_REQUEST_COMPLETE,REFUND
4039113912265639190,4039113915023525142,582535727345075478,2026-03-09,Calça Jeans Feminina Wide Leg Jeans Feminina Cintura Alta,REF52742,"Sky Used, 42",62.99,62.99,Item doesn't match description,RETURN_OR_REFUND_REQUEST_COMPLETE,RETURN_AND_REFUND
4039113893989286920,4039113893989221384,582894910418813960,2026-03-09,Calça Jeans Feminina Wide Leg Cintura Alta Azul Médio Marmorizado,REF55136,"Azul Médio Marmorizado , 36",83.71,83.71,Item doesn't fit,RETURN_OR_REFUND_REQUEST_COMPLETE,RETURN_AND_REFUND
4039113983162943423,4039113983162877887,582836897009731519,2026-03-09,Calça Jeans Feminina Wide Leg Jeans Feminina Cintura Alta,REF52542,"Stone Used, 42",79.9,79.9,Item doesn't fit,RETURN_OR_REFUND_REQUEST_COMPLETE,RETURN_AND_REFUND
4039101039465563565,4039101039465498029,582749500321531309,2026-03-09,Calça Jeans Feminina Wide Leg Jeans Feminina Cintura Alta,REF52544,"Stone Used, 44",69.99,69.99,Item doesn't fit,RETURN_OR_REFUND_REQUEST_COMPLETE,RETURN_AND_REFUND
4039113361245373832,4039113361245308296,582696983601055112,2026-03-09,Calça Jeans Feminina Wide Leg Jeans Feminina Cintura Alta,REF51638,"Marmorizada, 38",63.79,63.79,Item doesn't fit,RETURN_OR_REFUND_REQUEST_COMPLETE,RETURN_AND_REFUND
4039113280947652037,4039113280947586501,582836971680859589,2026-03-09,Calça Jeans Feminina Wide Leg Jeans Feminina Cintura Alta,REF52744,"Sky Used, 44",78.39,78.39,Item doesn't fit,RETURN_OR_REFUND_REQUEST_COMPLETE,RETURN_AND_REFUND
4039113243361314032,4039113243361182960,582515326484972784,2026-03-09,Calça Jeans Feminina Wide Leg Jeans Cintura alta Preta,REF54742,"Preto , 42",96.9,96.9,"Fabric, material or style not as expected",RETURN_OR_REFUND_REQUEST_COMPLETE,RETURN_AND_REFUND
4039113165248365861,4039113165248300325,582931431308756261,2026-03-09,Calça Jeans Feminina Wide Leg Jeans Feminina Cintura Alta,REF52544,"Stone Used, 44",80.34,80.34,Item doesn't fit,RETURN_OR_REFUND_REQUEST_COMPLETE,RETURN_AND_REFUND
4039112890227524776,4039112890227459240,582898209655850152,2026-03-09,Calça Jeans Feminina Wide Leg Cintura Alta Chocolate,REF56236,"Chocolate, 36",79.99,79.99,Item doesn't fit,RETURN_OR_REFUND_REQUEST_COMPLETE,RETURN_AND_REFUND
4039113427218367579,4039113427218302043,582766105953600603,2026-03-09,Calça Jeans Feminina Wide Leg Jeans Feminina Cintura Alta Stone Used,REF52544,44,69.99,69.99,Item doesn't fit,RETURN_OR_REFUND_REQUEST_CANCEL,RETURN_AND_REFUND
4039112883100484776,4039112883100419240,582898209655850152,2026-03-09,Calça Jeans Feminina Wide Leg Jeans Cintura Alta Preta Marmorizada,REF52836,36,79.99,79.99,Item doesn't fit,RETURN_OR_REFUND_REQUEST_COMPLETE,RETURN_AND_REFUND
4039131626978313532,4039131626978247996,582875366277088572,2026-03-10,Calça Jeans Feminina Wide Leg Jeans Feminina Cintura Alta,REF52546,"Stone Used, 46",62.99,62.99,Item doesn't fit,RETURN_OR_REFUND_REQUEST_COMPLETE,RETURN_AND_REFUND
4039132134976685954,4039132134976620418,582817503168399234,2026-03-10,Calça Jeans Feminina Wide Leg Jeans Feminina Cintura Alta,REF51646,"Marmorizada, 46",69.99,69.99,No longer needed,RETURN_OR_REFUND_REQUEST_COMPLETE,RETURN_AND_REFUND
4039132064802047119,4039132064801981583,582812937893938319,2026-03-10,Calça Jeans Feminina Wide Leg Jeans Feminina Cintura Alta,REF51642,"Marmorizada, 42",79.9,79.9,Item doesn't fit,RETURN_OR_REFUND_REQUEST_COMPLETE,RETURN_AND_REFUND
4039131772549563990,4039131772549498454,582936236383766102,2026-03-10,Calça Jeans Feminina Wide Leg Jeans Feminina Cintura Alta,REF52536,"Stone Used, 36",80.7,80.7,Item doesn't fit,RETURN_OR_REFUND_REQUEST_COMPLETE,RETURN_AND_REFUND
4039131627726144828,4039131627726079292,582875366277088572,2026-03-10,Calça Jeans Feminina Wide Leg Jeans Feminina Cintura Alta,REF52746,"Sky Used, 46",64.99,64.99,Item doesn't fit,RETURN_OR_REFUND_REQUEST_COMPLETE,RETURN_AND_REFUND
4039131659610260826,4039131659610195290,582857694516708698,2026-03-10,Calça Jeans Feminina Wide Leg Jeans Feminina Cintura Alta,REF51642,"Marmorizada, 42",78.41,78.41,Item doesn't fit,RETURN_OR_REFUND_REQUEST_COMPLETE,RETURN_AND_REFUND
4039132161933346676,4039132161933281140,582883106998814580,2026-03-10,Calça Jeans Feminina Wide Leg Jeans Feminina Cintura Alta,REF52744,"Sky Used, 44",90.7,90.7,Item doesn't fit,RETURN_OR_REFUND_REQUEST_COMPLETE,RETURN_AND_REFUND
4039131738480936420,4039131738480870884,582950315496408548,2026-03-10,Calça Jeans Feminina Wide Leg Jeans Feminina Cintura Alta,REF51644,"Marmorizada, 44",85.11,85.11,Item doesn't fit,RETURN_OR_REFUND_REQUEST_CANCEL,RETURN_AND_REFUND
4039132393375499815,4039132393375434279,582950997620590119,2026-03-10,Calça Jeans Feminina Wide Leg Jeans Feminina Cintura Alta,REF51638,"Marmorizada, 38",79.9,79.9,Item doesn't fit,RETURN_OR_REFUND_REQUEST_COMPLETE,RETURN_AND_REFUND
4039134739663193730,4039134739663062658,582889316804691586,2026-03-10,Calça Jeans Feminina Wide Leg Jeans Feminina Cintura Alta,REF51640,"Marmorizada, 40",78.51,157.01,Item doesn't fit,RETURN_OR_REFUND_REQUEST_COMPLETE,RETURN_AND_REFUND
4039132429406603237,4039132429406537701,582822242856765413,2026-03-10,Calça Jeans Feminina Wide Leg Jeans Feminina Cintura Alta,REF52742,"Sky Used, 42",84.28,84.28,Item doesn't fit,RETURN_OR_REFUND_REQUEST_COMPLETE,RETURN_AND_REFUND
4039133028157261006,4039133028157195470,582945864794866894,2026-03-10,Calça Jeans Feminina Wide Leg Cintura Alta Azul Médio Marmorizado,REF55138,"Azul Médio Marmorizado , 38",76.78,76.78,"Fabric, material or style not as expected",RETURN_OR_REFUND_REQUEST_CANCEL,RETURN_AND_REFUND
4039133234120328202,4039133234120262666,582630796503647242,2026-03-10,Calça Jeans Feminina Wide Leg Jeans Feminina Cintura Alta,REF52738,"Sky Used, 38",79.9,79.9,Item doesn't fit,RETURN_OR_REFUND_REQUEST_COMPLETE,RETURN_AND_REFUND
4039133357899023836,4039133357898958300,582875061313308124,2026-03-10,Body Manga Longa Modelador Poliamida Premium Cores Neutras,REF537P,"BRANCO, P",53.99,53.99,No longer needed,RETURN_OR_REFUND_REQUEST_COMPLETE,RETURN_AND_REFUND
4039133564952676091,4039133564952610555,582946194315839227,2026-03-10,Calça Jeans Feminina Wide Leg Jeans Feminina Cintura Alta,REF51644,"Marmorizada, 44",79.9,79.9,"Fabric, material or style not as expected",RETURN_OR_REFUND_REQUEST_COMPLETE,RETURN_AND_REFUND
4039133946472859111,4039133946472793575,582713396968981991,2026-03-10,Calça Jeans Feminina Wide Leg Jeans Feminina Cintura Alta,REF51644,"Marmorizada, 44",62.99,62.99,Item doesn't fit,RETURN_OR_REFUND_REQUEST_COMPLETE,RETURN_AND_REFUND
4039134739663128194,4039134739663062658,582889316804691586,2026-03-10,Calça Jeans Feminina Wide Leg Jeans Feminina Cintura Alta,REF51640,"Marmorizada, 40",78.5,157.01,Item doesn't fit,RETURN_OR_REFUND_REQUEST_COMPLETE,RETURN_AND_REFUND
4039131422832101005,4039131422832035469,582911924830504589,2026-03-10,Calça Jeans Feminina Wide Leg Cintura Alta Azul Médio Marmorizado,REF55136,"Azul Médio Marmorizado , 36",79.99,79.99,Item doesn't fit,RETURN_OR_REFUND_REQUEST_COMPLETE,RETURN_AND_REFUND
4039132772771137337,4039132772771071801,582820112019851065,2026-03-10,Calça Jeans Feminina Wide Leg Jeans Feminina Cintura Alta,REF52538,"Stone Used, 38",79.9,79.9,Item doesn't fit,RETURN_OR_REFUND_REQUEST_COMPLETE,RETURN_AND_REFUND
4039131414807676557,4039131414807611021,582911924830504589,2026-03-10,Calça Jeans Feminina Wide Leg Cintura Alta Azul Médio Marmorizado,REF55136,"Azul Médio Marmorizado , 36",79.99,79.99,Item doesn't fit,RETURN_OR_REFUND_REQUEST_CANCEL,RETURN_AND_REFUND
4039130576678520067,4039130576678454531,582874142449239299,2026-03-10,Calça Jeans Feminina Wide Leg Jeans Feminina Cintura Alta,REF51644,"Marmorizada, 44",67.89,67.89,Item doesn't fit,RETURN_OR_REFUND_REQUEST_COMPLETE,RETURN_AND_REFUND
4039131279206024941,4039131279205959405,582947509308458733,2026-03-10,Calça Jeans Feminina Wide Leg Cintura Alta Azul Médio Marmorizado,REF55140,"Azul Médio Marmorizado , 40",72.79,72.79,Item doesn't fit,RETURN_OR_REFUND_REQUEST_COMPLETE,RETURN_AND_REFUND
4039131357467346034,4039131357467149426,582841682696701042,2026-03-10,Calça Jeans Feminina Wide Leg Jeans Feminina Cintura Alta,REF52540,"Stone Used, 40",69.99,69.99,Item doesn't fit,RETURN_OR_REFUND_REQUEST_CANCEL,RETURN_AND_REFUND
4039124706991310657,4039124706991245121,582841011235424065,2026-03-10,Calça Jeans Feminina Wide Leg Jeans Feminina Cintura Alta,REF52740,"Sky Used, 40",70.79,70.79,Item doesn't fit,RETURN_OR_REFUND_REQUEST_COMPLETE,RETURN_AND_REFUND
4039125709997704883,4039125709997639347,582942471862060723,2026-03-10,Calça Jeans Feminina Wide Leg Jeans Feminina Cintura Alta,REF52546,"Stone Used, 46",80.7,80.7,Item doesn't fit,RETURN_OR_REFUND_REQUEST_COMPLETE,RETURN_AND_REFUND
4039126064889955657,4039126064889890121,582895626800235849,2026-03-10,Calça Jeans Feminina Wide Leg Jeans Feminina Cintura Alta,REF52546,"Stone Used, 46",83.62,83.62,Item doesn't fit,RETURN_OR_REFUND_REQUEST_COMPLETE,RETURN_AND_REFUND
4039126266363676248,4039126266363610712,582949719106291288,2026-03-10,Calça Jeans Feminina Wide Leg Jeans Feminina Cintura Alta,REF51640,"Marmorizada, 40",79.9,79.9,Item doesn't fit,RETURN_OR_REFUND_REQUEST_CANCEL,RETURN_AND_REFUND
4039127460233774540,4039127460233709004,582858073766200780,2026-03-10,Calça Jeans Feminina Wide Leg Jeans Feminina Cintura Alta,REF52540,"Stone Used, 40",69.3,69.3,Item doesn't fit,RETURN_OR_REFUND_REQUEST_COMPLETE,RETURN_AND_REFUND
4039128554092921982,4039128554092659838,582891652185818238,2026-03-10,Calça Jeans Feminina Wide Leg Cintura Alta Azul Médio Marmorizado,REF55140,"Azul Médio Marmorizado , 40",74.83,74.83,Item doesn't fit,RETURN_OR_REFUND_REQUEST_COMPLETE,RETURN_AND_REFUND
4039128607712445955,4039128607712380419,582910481704191491,2026-03-10,Calça Jeans Feminina Wide Leg Cintura Alta Azul Médio Marmorizado,REF55140,"Azul Médio Marmorizado , 40",71.99,71.99,Item doesn't fit,RETURN_OR_REFUND_REQUEST_COMPLETE,RETURN_AND_REFUND
4039128782230684938,4039128782230619402,582944682791568650,2026-03-10,Calça Jeans Feminina Wide Leg Jeans Feminina Cintura Alta,REF52536,"Stone Used, 36",77.5,77.5,Package wasn't received,RETURN_OR_REFUND_REQUEST_COMPLETE,REFUND
4039124150550168947,4039124150550103411,582878413600556403,2026-03-10,Calça Jeans Feminina Wide Leg Jeans Feminina Cintura Alta,REF51640,"Marmorizada, 40",80.7,80.7,Item doesn't fit,RETURN_OR_REFUND_REQUEST_CANCEL,RETURN_AND_REFUND
4039129192880179097,4039129192880113561,582836673054017433,2026-03-10,Calça Jeans Feminina Wide Leg Jeans Feminina Cintura Alta,REF51638,"Marmorizada, 38",68.69,68.69,Item doesn't fit,RETURN_OR_REFUND_REQUEST_COMPLETE,RETURN_AND_REFUND
4039129256642381234,4039129256642315698,582894857420375474,2026-03-10,Calça Jeans Feminina Wide Leg Jeans Feminina Cintura Alta,REF52736,"Sky Used, 36",66.19,66.19,Color or pattern not as expected,RETURN_OR_REFUND_REQUEST_COMPLETE,RETURN_AND_REFUND
4039129390048774122,4039129390048708586,582914900960118762,2026-03-10,Calça Jeans Feminina Wide Leg Jeans Cintura alta Preta,REF54740,"Preto , 40",100.7,100.7,Item doesn't fit,RETURN_OR_REFUND_REQUEST_COMPLETE,RETURN_AND_REFUND
4039130207927240413,4039130207927174877,582713442198587101,2026-03-10,Calça Jeans Feminina Wide Leg Jeans Feminina Cintura Alta,REF51638,"Marmorizada, 38",75.84,75.84,Item doesn't fit,RETURN_OR_REFUND_REQUEST_COMPLETE,RETURN_AND_REFUND
4039130342785124224,4039130342785058688,582879365489919872,2026-03-10,Calça Jeans Feminina Wide Leg Cintura Alta Azul Médio Marmorizado,REF55140,"Azul Médio Marmorizado , 40",84.37,84.37,Defective item,RETURN_OR_REFUND_REQUEST_COMPLETE,RETURN_AND_REFUND
4039130588716565763,4039130588716500227,582874142449239299,2026-03-10,Calça Jeans Feminina Wide Leg Jeans Cintura alta Preta,REF54744,"Preto , 44",71.83,71.83,Item doesn't fit,RETURN_OR_REFUND_REQUEST_COMPLETE,RETURN_AND_REFUND
4039130630565693238,4039130630565627702,582839483062322998,2026-03-10,Calça Jeans Feminina Wide Leg Jeans Feminina Cintura Alta,REF51640,"Marmorizada, 40",77.5,77.5,No longer needed,RETURN_OR_REFUND_REQUEST_COMPLETE,RETURN_AND_REFUND
4039128925566633079,4039128925566567543,582881145628427383,2026-03-10,Calça Jeans Feminina Wide Leg Jeans Feminina Cintura Alta Stone Used,REF52540,40,94.98,94.98,Item doesn't fit,RETURN_OR_REFUND_REQUEST_COMPLETE,RETURN_AND_REFUND
4039130964037699545,4039130964037634009,582840226527152089,2026-03-10,Calça Jeans Feminina Wide Leg Jeans Feminina Cintura Alta,REF52538,"Stone Used, 38",69.99,69.99,Item doesn't fit,RETURN_OR_REFUND_REQUEST_CANCEL,RETURN_AND_REFUND
4039147952504472933,4039147952504407397,582966748793898341,2026-03-11,Calça Jeans Feminina Wide Leg Jeans Feminina Cintura Alta,REF51638,"Marmorizada, 38",88.3,88.3,Item doesn't fit,RETURN_OR_REFUND_REQUEST_CANCEL,RETURN_AND_REFUND
4039147833320769161,4039147833320638089,582962036839843465,2026-03-11,Calça Jeans Feminina Wide Leg Jeans Cintura alta Preta,REF54736,"Preto , 36",78.14,78.14,Item doesn't fit,RETURN_OR_REFUND_REQUEST_COMPLETE,RETURN_AND_REFUND
4039147650669577771,4039147650669512235,582816603889042987,2026-03-11,Calça Jeans Feminina Wide Leg Jeans Feminina Cintura Alta,REF51636,"Marmorizada, 36",63.79,63.79,"Item arrived damaged. Example: item is dented, scratched or shattered.",RETURN_OR_REFUND_REQUEST_CANCEL,RETURN_AND_REFUND
4039147327201903928,4039147327201838392,582841924579657016,2026-03-11,Calça Jeans Feminina Wide Leg Jeans Feminina Cintura Alta,REF52736,"Sky Used, 36",86.25,86.25,Item doesn't fit,RETURN_OR_REFUND_REQUEST_CANCEL,RETURN_AND_REFUND
4039147400399194056,4039147400399128520,582695722271147976,2026-03-11,Calça Jeans Feminina Wide Leg Jeans Feminina Cintura Alta,REF51640,"Marmorizada, 40",63.79,63.79,Item doesn't fit,RETURN_OR_REFUND_REQUEST_COMPLETE,RETURN_AND_REFUND
4039147994094143291,4039147994094077755,582822490611222331,2026-03-11,Calça Jeans Feminina Wide Leg Jeans Feminina Cintura Alta,REF52738,"Sky Used, 38",84.55,84.55,Item doesn't fit,RETURN_OR_REFUND_REQUEST_COMPLETE,RETURN_AND_REFUND
4039147172766123207,4039147172766057671,582898042143409351,2026-03-11,Calça Jeans Feminina Wide Leg Cintura Alta Azul Médio Marmorizado,REF55136,"Azul Médio Marmorizado , 36",72.59,145.18,Wrong item was sent,RETURN_OR_REFUND_REQUEST_COMPLETE,RETURN_AND_REFUND
4039147172766188743,4039147172766057671,582898042143409351,2026-03-11,Calça Jeans Feminina Wide Leg Cintura Alta Azul Médio Marmorizado,REF55136,"Azul Médio Marmorizado , 36",72.59,145.18,Wrong item was sent,RETURN_OR_REFUND_REQUEST_COMPLETE,RETURN_AND_REFUND
4039147504518203284,4039147504518137748,582942016615647124,2026-03-11,Calça Jeans Feminina Wide Leg Jeans Feminina Cintura Alta Stone Used,REF52538,38,79.99,79.99,No longer needed,RETURN_OR_REFUND_REQUEST_COMPLETE,RETURN_AND_REFUND
4039147992418584381,4039147999445616445,582912801842956093,2026-03-11,Calça Jeans Feminina Wide Leg Jeans Feminina Cintura Alta,REF52546,"Stone Used, 46",79.9,79.9,"Fabric, material or style not as expected",RETURN_OR_REFUND_REQUEST_CANCEL,RETURN_AND_REFUND
4039149339666974694,4039149339666909158,582898511180498918,2026-03-11,Calça Jeans Feminina Wide Leg Cintura Alta Azul Médio Marmorizado,REF55142,"Azul Médio Marmorizado , 42",80.66,80.66,Item doesn't fit,RETURN_OR_REFUND_REQUEST_CANCEL,RETURN_AND_REFUND
4039148198835750248,4039148198835619176,582877987994174824,2026-03-11,Calça Jeans Feminina Wide Leg Jeans Feminina Cintura Alta,REF52544,"Stone Used, 44",79.9,79.9,Item doesn't fit,RETURN_OR_REFUND_REQUEST_COMPLETE,RETURN_AND_REFUND
4039148620864784261,4039148620864718725,582876117677672325,2026-03-11,Calça Jeans Feminina Wide Leg Jeans Feminina Cintura Alta,REF52736,"Sky Used, 36",80.7,80.7,Item doesn't fit,RETURN_OR_REFUND_REQUEST_COMPLETE,RETURN_AND_REFUND
4039149093241390303,4039149093241324767,582907177317008607,2026-03-11,Calça Jeans Feminina Wide Leg Jeans Feminina Cintura Alta,REF51646,"Marmorizada, 46",79.9,79.9,Item doesn't match description,RETURN_OR_REFUND_REQUEST_CANCEL,RETURN_AND_REFUND
4039149390166067133,4039149390166001597,582894749847095229,2026-03-11,Calça Jeans Feminina Wide Leg Cintura Alta Azul Médio Marmorizado,REF55144,"Azul Médio Marmorizado , 44",83.95,83.95,Item doesn't fit,RETURN_OR_REFUND_REQUEST_CANCEL,RETURN_AND_REFUND
4039149748000490797,4039149748000425261,582616606133028141,2026-03-11,Calça Jeans Feminina Wide Leg Jeans Feminina Cintura Alta,REF51642,"Marmorizada, 42",77.5,77.5,Wrong item was sent,RETURN_OR_REFUND_REQUEST_COMPLETE,RETURN_AND_REFUND
4039149834359179217,4039149834359113681,583003740204009425,2026-03-11,Calça Jeans Feminina Wide Leg Jeans Feminina Cintura Alta,REF51640,"Marmorizada, 40",69.9,69.9,Item doesn't fit,RETURN_OR_REFUND_REQUEST_COMPLETE,RETURN_AND_REFUND
4039149821260433104,4039149821260367568,582801163267114704,2026-03-11,Calça Jeans Feminina Wide Leg Jeans Feminina Cintura Alta,REF51636,"Marmorizada, 36",62.99,62.99,"Item arrived damaged. Example: item is dented, scratched or shattered.",RETURN_OR_REFUND_REQUEST_CANCEL,RETURN_AND_REFUND
4039150135268444130,4039150135268378594,582842405296900066,2026-03-11,Calça Jeans Feminina Wide Leg Jeans Feminina Cintura Alta,REF52744,"Sky Used, 44",70.79,70.79,Item doesn't fit,RETURN_OR_REFUND_REQUEST_COMPLETE,RETURN_AND_REFUND
4039150945307690768,4039150945307625232,582634424725767952,2026-03-11,Calça Jeans Feminina Wide Leg Jeans Feminina Cintura Alta,REF51642,"Marmorizada, 42",77.01,77.01,Item doesn't fit,RETURN_OR_REFUND_REQUEST_CANCEL,RETURN_AND_REFUND
4039146959196096284,4039146959196030748,582895814648497948,2026-03-11,Calça Jeans Feminina Wide Leg Cintura Alta Azul Médio Marmorizado,REF55144,"Azul Médio Marmorizado , 44",83.95,83.95,Item doesn't fit,RETURN_OR_REFUND_REQUEST_COMPLETE,RETURN_AND_REFUND
4039148120894768450,4039148120894702914,582816376505795906,2026-03-11,Calça Jeans Feminina Wide Leg Jeans Feminina Cintura Alta,REF51636,"Marmorizada, 36",66.7,66.7,No longer needed,RETURN_OR_REFUND_REQUEST_COMPLETE,RETURN_AND_REFUND
4039146885405181373,4039146885405115837,582837313472857533,2026-03-11,Calça Jeans Feminina Wide Leg Jeans Feminina Cintura Alta,REF51638,"Marmorizada, 38",69.16,69.16,Item doesn't fit,RETURN_OR_REFUND_REQUEST_COMPLETE,RETURN_AND_REFUND
4039150031036712339,4039150031036646803,582823402380952979,2026-03-11,Calça Jeans Feminina Wide Leg Jeans Feminina Cintura Alta,REF51646,"Marmorizada, 46",79.9,79.9,Package wasn't received,RETURN_OR_REFUND_REQUEST_COMPLETE,REFUND
4039146423190456275,4039146423190390739,582841680798189523,2026-03-11,Calça Jeans Feminina Wide Leg Jeans Feminina Cintura Alta Stone Used,REF52542,42,80.79,80.79,Item doesn't fit,RETURN_OR_REFUND_REQUEST_CANCEL,RETURN_AND_REFUND
4039146880947488438,4039146880947422902,582819328627017398,2026-03-11,Calça Jeans Feminina Wide Leg Jeans Feminina Cintura Alta,REF51646,"Marmorizada, 46",83.1,83.1,Item doesn't fit,RETURN_OR_REFUND_REQUEST_COMPLETE,RETURN_AND_REFUND
4039136613872797132,4039136613872469452,582782828359943628,2026-03-11,Calça Jeans Feminina Wide Leg Jeans Feminina Cintura Alta,REF51640,"Marmorizada, 40",79.9,79.9,Package wasn't received,RETURN_OR_REFUND_REQUEST_COMPLETE,REFUND
4039139387677574305,4039139387677508769,582936299896407201,2026-03-11,Calça Jeans Feminina Wide Leg Cintura Alta Azul Médio Marmorizado,REF55142,"Azul Médio Marmorizado , 42",86.61,86.61,Item doesn't fit,RETURN_OR_REFUND_REQUEST_COMPLETE,RETURN_AND_REFUND
4039140211756467626,4039140211756402090,582817441327252906,2026-03-11,Calça Jeans Feminina Wide Leg Cintura Alta Azul Médio Marmorizado,REF55136,"Azul Médio Marmorizado , 36",71.99,71.99,Item doesn't fit,RETURN_OR_REFUND_REQUEST_COMPLETE,RETURN_AND_REFUND
4039140969654944925,4039140969654813853,582933660480275613,2026-03-11,Calça Jeans Feminina Wide Leg Jeans Feminina Cintura Alta,REF52544,"Stone Used, 44",79.9,79.9,Item doesn't fit,RETURN_OR_REFUND_REQUEST_COMPLETE,RETURN_AND_REFUND
4039141003213112944,4039141003213047408,582873582272153200,2026-03-11,Shorts Jeans Feminino Cintura Alta Casual,REF57444,"Marmorizado Escuro , 44",62.99,62.99,Item doesn't fit,RETURN_OR_REFUND_REQUEST_COMPLETE,RETURN_AND_REFUND
4039141015631988336,4039141015631922800,582859721150006896,2026-03-11,Calça Jeans Feminina Wide Leg Jeans Feminina Cintura Alta,REF51644,"Marmorizada, 44",69.49,69.49,Item doesn't fit,RETURN_OR_REFUND_REQUEST_COMPLETE,RETURN_AND_REFUND
4039142100069615145,4039142100069549609,582911377750394409,2026-03-11,Calça Jeans Feminina Wide Leg Cintura Alta- Candy Colors,REF54942,"ROSA BEBÊ, 42",79.99,79.99,No longer needed,RETURN_OR_REFUND_REQUEST_COMPLETE,RETURN_AND_REFUND
4039142101089617449,4039142101089551913,582911377750394409,2026-03-11,Calça Jeans Feminina Wide Leg Cintura Alta Azul Médio Marmorizado,REF55142,"Azul Médio Marmorizado , 42",81.19,81.19,No longer needed,RETURN_OR_REFUND_REQUEST_COMPLETE,RETURN_AND_REFUND
4039142488755963136,4039142488755897600,582744026521896192,2026-03-11,Calça Jeans Feminina Wide Leg Cintura Alta Chocolate,REF56236,"Chocolate, 36",94.9,94.9,Defective item,RETURN_OR_REFUND_REQUEST_COMPLETE,RETURN_AND_REFUND
4039142532893607168,4039142532893541632,582744026521896192,2026-03-11,Calça Jeans Feminina Wide Leg Cintura Alta Terracota,REF54836,"Terracota, 36",94.9,94.9,Defective item,RETURN_OR_REFUND_REQUEST_COMPLETE,RETURN_AND_REFUND
4039141145571788106,4039141145571722570,582948364131272010,2026-03-11,Calça Jeans Feminina Wide Leg Cintura Alta Azul Médio Marmorizado,REF55142,"Azul Médio Marmorizado , 42",83.15,83.15,Defective item,RETURN_OR_REFUND_REQUEST_COMPLETE,RETURN_AND_REFUND
4039142549120582912,4039142549120517376,582744026521896192,2026-03-11,Calça Jeans Feminina Wide Leg Jeans Feminina Cintura Alta,REF52736,"Sky Used, 36",79.9,79.9,Defective item,RETURN_OR_REFUND_REQUEST_COMPLETE,RETURN_AND_REFUND
4039142593615726258,4039142593615660722,582842883877078706,2026-03-11,Calça Jeans Feminina Wide Leg Jeans Feminina Cintura Alta,REF52746,"Sky Used, 46",70.79,70.79,Item doesn't fit,RETURN_OR_REFUND_REQUEST_COMPLETE,RETURN_AND_REFUND
4039142637488997632,4039142637488932096,582744026521896192,2026-03-11,Calça Jeans Feminina Wide Leg Jeans Feminina Cintura Alta,REF51636,"Marmorizada, 36",85.6,85.6,Item doesn't match description,RETURN_OR_REFUND_REQUEST_COMPLETE,RETURN_AND_REFUND
4039142741427389941,4039142741427324405,582873561203377653,2026-03-11,Calça Jeans Feminina Wide Leg Jeans Feminina Cintura Alta Stone Used,REF52538,38,63.79,63.79,Item doesn't fit,RETURN_OR_REFUND_REQUEST_COMPLETE,RETURN_AND_REFUND
4039142847870371385,4039142847870305849,582783871760893497,2026-03-11,Calça Jeans Feminina Wide Leg Jeans Feminina Cintura Alta,REF52540,"Stone Used, 40",80.7,80.7,Package wasn't received,RETURN_OR_REFUND_REQUEST_COMPLETE,REFUND
4039143132974187952,4039143132974122416,582812278429484464,2026-03-11,Calça Jeans Feminina Wide Leg Jeans Feminina Cintura Alta,REF52540,"Stone Used, 40",79.9,79.9,Item doesn't fit,RETURN_OR_REFUND_REQUEST_COMPLETE,RETURN_AND_REFUND
4039143403334370495,4039143403334304959,582441405968188607,2026-03-11,Calça Jeans Feminina Wide Leg Jeans Feminina Cintura Alta,REF51646,"Marmorizada, 46",92.59,92.59,Item doesn't fit,RETURN_OR_REFUND_REQUEST_COMPLETE,RETURN_AND_REFUND
4039144056081057544,4039144056080992008,582930528575850248,2026-03-11,Calça Jeans Feminina Wide Leg Jeans Cintura Alta Preta Marmorizada,REF52840,40,71.99,71.99,Item doesn't fit,RETURN_OR_REFUND_REQUEST_COMPLETE,RETURN_AND_REFUND
4039144419658990864,4039144419658925328,582800488956265744,2026-03-11,Calça Jeans Feminina Wide Leg Jeans Feminina Cintura Alta,REF52540,"Stone Used, 40",76.39,76.39,Item doesn't fit,RETURN_OR_REFUND_REQUEST_COMPLETE,RETURN_AND_REFUND
4039144709371954543,4039144709371889007,582897637315478895,2026-03-11,Calça Jeans Feminina Wide Leg Jeans Feminina Cintura Alta,REF51640,"Marmorizada, 40",65.59,65.59,Item doesn't fit,RETURN_OR_REFUND_REQUEST_COMPLETE,RETURN_AND_REFUND
4039142538231514527,4039142538231448991,582895703643817375,2026-03-11,Calça Jeans Feminina Wide Leg Jeans Feminina Cintura Alta,REF51640,"Marmorizada, 40",61.1,61.1,Item doesn't fit,RETURN_OR_REFUND_REQUEST_COMPLETE,RETURN_AND_REFUND
4039144748034000501,4039144748033934965,582950923796448885,2026-03-11,Calça Jeans Feminina Wide Leg Jeans Feminina Cintura Alta,REF51638,"Marmorizada, 38",84.4,84.4,Item doesn't fit,RETURN_OR_REFUND_REQUEST_COMPLETE,RETURN_AND_REFUND
4039164136916747936,4039164136916420256,582980240576972448,2026-03-12,Shorts Mom/Social Feminino Jeans Cintura Alta Barra Dobrada Candy Colors,REF55946,"Rosa Bebê , 46",102.71,102.71,Package wasn't received,RETURN_OR_REFUND_REQUEST_COMPLETE,REFUND
4039164112780690988,4039164112780625452,583001725763290668,2026-03-12,Calça Jeans Wide Leg Cintura Alta Sky Used,REF52740,"Sky Used, 40",79.99,79.99,Item doesn't fit,RETURN_OR_REFUND_REQUEST_COMPLETE,RETURN_AND_REFUND
4039164083257050305,4039164083256984769,583005337144034497,2026-03-12,Calça Jeans Feminina Wide Leg Jeans Feminina Cintura Alta,REF52538,"Stone Used, 38",80.7,80.7,Item doesn't fit,RETURN_OR_REFUND_REQUEST_COMPLETE,RETURN_AND_REFUND
4039164052050380563,4039164052050183955,583003879889995539,2026-03-12,Calça Jeans Feminina Wide Leg Cintura Alta Azul Médio Marmorizado,REF55146,"Azul Médio Marmorizado , 46",73.66,73.66,Item doesn't fit,RETURN_OR_REFUND_REQUEST_CANCEL,RETURN_AND_REFUND
4039163736898963105,4039163736898897569,582965506932901537,2026-03-12,Calça Jeans Feminina Wide Leg Jeans Feminina Cintura Alta,REF51638,"Marmorizada, 38",83.62,83.62,Wrong item was sent,RETURN_OR_REFUND_REQUEST_CANCEL,RETURN_AND_REFUND
4039163947697276254,4039163947697210718,582697710240105822,2026-03-12,Shorts Mom/Social Feminino Jeans Cintura Alta Barra Dobrada,REF55540,"Azul Médio Marmorizado, 40",58.44,58.44,Item doesn't fit,RETURN_OR_REFUND_REQUEST_CANCEL,RETURN_AND_REFUND
4039163852799182373,4039163852799116837,582948494688683557,2026-03-12,Calça Jeans Feminina Wide Leg Jeans Feminina Cintura Alta,REF52544,"Stone Used, 44",81.9,81.9,Item doesn't match description,RETURN_OR_REFUND_REQUEST_CANCEL,RETURN_AND_REFUND
4039163855948580389,4039163855948514853,582948494688683557,2026-03-12,Calça Jeans Feminina Wide Leg Jeans Feminina Cintura Alta,REF52744,"Sky Used, 44",79.9,79.9,Item doesn't match description,RETURN_OR_REFUND_REQUEST_COMPLETE,RETURN_AND_REFUND
4039164335726888343,4039164335726822807,582875228581889431,2026-03-12,Calça Jeans Feminina Wide Leg Cintura Alta Chocolate,REF56240,"Chocolate, 40",69.83,69.83,Item doesn't fit,RETURN_OR_REFUND_REQUEST_CANCEL,RETURN_AND_REFUND
4039163952241607839,4039163952241542303,582965202574673055,2026-03-12,Calça Jeans Feminina Wide Leg Jeans Feminina Cintura Alta,REF52544,"Stone Used, 44",79.9,79.9,"Fabric, material or style not as expected",RETURN_OR_REFUND_REQUEST_COMPLETE,RETURN_AND_REFUND
4039164343986587031,4039164343986521495,582875228581889431,2026-03-12,Calça Jeans Feminina Wide Leg Jeans Feminina Cintura Alta,REF51640,"Marmorizada, 40",65.6,65.6,Item doesn't fit,RETURN_OR_REFUND_REQUEST_COMPLETE,RETURN_AND_REFUND
4039166274011431952,4039166274011366416,583002002929255440,2026-03-12,Calça Jeans Feminina Wide Leg Jeans Feminina Cintura Alta,REF51640,"Marmorizada, 40",62.99,62.99,Item doesn't fit,RETURN_OR_REFUND_REQUEST_COMPLETE,RETURN_AND_REFUND
4039164696093361433,4039164696093295897,582929600617678105,2026-03-12,Calça Jeans Feminina Wide Leg Cintura Alta- Candy Colors,REF54940,"ROSA BEBÊ, 40",73.74,73.74,Item doesn't fit,RETURN_OR_REFUND_REQUEST_COMPLETE,RETURN_AND_REFUND
4039164698549519641,4039164698549454105,582929600617678105,2026-03-12,Calça Jeans Feminina Wide Leg Cintura Alta Azul Médio Marmorizado,REF55140,"Azul Médio Marmorizado , 40",76.95,76.95,Item doesn't fit,RETURN_OR_REFUND_REQUEST_COMPLETE,RETURN_AND_REFUND
4039164836502079207,4039164836502013671,582965156430513895,2026-03-12,Calça Jeans Feminina Wide Leg Jeans Cintura Alta Preta Marmorizada,REF52846,46,69.83,69.83,Item doesn't fit,RETURN_OR_REFUND_REQUEST_COMPLETE,RETURN_AND_REFUND
4039164897914094991,4039164897914029455,582931227789329807,2026-03-12,Calça Jeans Feminina Wide Leg Cintura Alta- Candy Colors,REF54936,"ROSA BEBÊ, 36",85.02,85.02,Item doesn't fit,RETURN_OR_REFUND_REQUEST_COMPLETE,RETURN_AND_REFUND
4039164984487019752,4039164984486954216,582980679437550824,2026-03-12,Calça Jeans Feminina Wide Leg Jeans Feminina Cintura Alta,REF51640,"Marmorizada, 40",62.54,62.54,Item doesn't fit,RETURN_OR_REFUND_REQUEST_CANCEL,RETURN_AND_REFUND
4039165340910716436,4039165340910650900,582819374890255892,2026-03-12,Calça Jeans Feminina Wide Leg Jeans Feminina Cintura Alta,REF52542,"Stone Used, 42",66.19,66.19,Item doesn't fit,RETURN_OR_REFUND_REQUEST_CANCEL,RETURN_AND_REFUND
4039165645872793219,4039165645872727683,582964037899355779,2026-03-12,Calça Jeans Feminina Wide Leg Jeans Feminina Cintura Alta,REF51644,"Marmorizada, 44",67.89,67.89,Item doesn't fit,RETURN_OR_REFUND_REQUEST_COMPLETE,RETURN_AND_REFUND
4039165678418757167,4039165681031480879,582964729490540079,2026-03-12,Calça Jeans Feminina Wide Leg Cintura Alta Azul Médio Marmorizado,REF55146,"Azul Médio Marmorizado , 46",72.79,72.79,Item doesn't fit,RETURN_OR_REFUND_REQUEST_CANCEL,RETURN_AND_REFUND
4039165688649843921,4039165688649778385,582536807599342801,2026-03-12,Calça Jeans Feminina Wide Leg Jeans Feminina Cintura Alta,REF51642,"Marmorizada, 42",70.79,70.79,Item doesn't fit,RETURN_OR_REFUND_REQUEST_COMPLETE,RETURN_AND_REFUND
4039163581471491232,4039163581471425696,582966155442357408,2026-03-12,Calça Jeans Feminina Wide Leg Cintura Alta- Candy Colors,REF54936,"ROSA BEBÊ, 36",85.02,85.02,No longer needed,RETURN_OR_REFUND_REQUEST_COMPLETE,RETURN_AND_REFUND
4039164677624661048,4039164677624595512,582796319149818936,2026-03-12,Calça Jeans Feminina Wide Leg Jeans Feminina Cintura Alta,REF51636,"Marmorizada, 36",81.9,81.9,"Fabric, material or style not as expected",RETURN_OR_REFUND_REQUEST_COMPLETE,RETURN_AND_REFUND
4039163282521359612,4039163282521294076,583002039644620028,2026-03-12,Calça Jeans Feminina Wide Leg Cintura Alta- Candy Colors,REF54938,"ROSA BEBÊ, 38",82.47,82.47,Item doesn't fit,RETURN_OR_REFUND_REQUEST_COMPLETE,RETURN_AND_REFUND
4039165662672553390,4039165662672487854,582748082606409134,2026-03-12,Calça Jeans Feminina Skinny Preta Cintura Alta Com Elastano,REF52036,44,49.49,49.49,Item doesn't fit,RETURN_OR_REFUND_REQUEST_COMPLETE,RETURN_AND_REFUND
4039162933656454626,4039162930425333218,582632740438640098,2026-03-12,Calça Jeans Feminina Wide Leg Jeans Feminina Cintura Alta,REF51638,"Marmorizada, 38",88.34,88.34,Item doesn't fit,RETURN_OR_REFUND_REQUEST_COMPLETE,RETURN_AND_REFUND
4039162966999205774,4039162966999140238,582960977814128526,2026-03-12,Calça Jeans Feminina Wide Leg Jeans Feminina Cintura Alta,REF51644,"Marmorizada, 44",84.93,84.93,Item doesn't fit,RETURN_OR_REFUND_REQUEST_COMPLETE,RETURN_AND_REFUND
4039153661093577765,4039153643799610405,582748904078672933,2026-03-12,Calça Jeans Feminina Wide Leg Jeans Feminina Cintura Alta,REF51636,"Marmorizada, 36",81.9,81.9,Package wasn't received,RETURN_OR_REFUND_REQUEST_COMPLETE,REFUND
4039154722002863903,4039154722002798367,582810099587188511,2026-03-12,Calça Jeans Feminina Wide Leg Jeans Feminina Cintura Alta,REF51642,"Marmorizada, 42",79.9,79.9,Item doesn't fit,RETURN_OR_REFUND_REQUEST_COMPLETE,RETURN_AND_REFUND
4039157118145889680,4039157118145824144,582838215832012176,2026-03-12,Calça Jeans Feminina Wide Leg Cintura Alta Terracota,REF54842,"Terracota, 42",107.46,107.46,Color or pattern not as expected,RETURN_OR_REFUND_REQUEST_COMPLETE,RETURN_AND_REFUND
4039157540425271028,4039157540425205492,582942540304058100,2026-03-12,Calça Jeans Feminina Wide Leg Jeans Feminina Cintura Alta,REF51636,"Marmorizada, 36",80.9,161.8,No longer needed,RETURN_OR_REFUND_REQUEST_CANCEL,RETURN_AND_REFUND
4039157540425336564,4039157540425205492,582942540304058100,2026-03-12,Calça Jeans Feminina Wide Leg Jeans Feminina Cintura Alta,REF51636,"Marmorizada, 36",80.9,161.8,No longer needed,RETURN_OR_REFUND_REQUEST_CANCEL,RETURN_AND_REFUND
4039158711920854239,4039158711920788703,582870419450332383,2026-03-12,Calça Jeans Wide Leg Cintura Alta Sky Used,REF52740,"Sky Used, 40",79.99,79.99,"Fabric, material or style not as expected",RETURN_OR_REFUND_REQUEST_COMPLETE,RETURN_AND_REFUND
4039158731616912607,4039158731616847071,582870419450332383,2026-03-12,Calça Jeans Feminina Wide Leg Jeans Feminina Cintura Alta Stone Used,REF52540,40,79.99,79.99,"Fabric, material or style not as expected",RETURN_OR_REFUND_REQUEST_COMPLETE,RETURN_AND_REFUND
4039158773493762007,4039158773493696471,582819646656055255,2026-03-12,Calça Jeans Feminina Wide Leg Jeans Feminina Cintura Alta,REF52546,"Stone Used, 46",68.5,68.5,Item doesn't fit,RETURN_OR_REFUND_REQUEST_COMPLETE,RETURN_AND_REFUND
4039159930514933102,4039159930514867566,582948223543117166,2026-03-12,Calça Jeans Feminina Wide Leg Jeans Feminina Cintura Alta,REF51646,"Marmorizada, 46",54.69,54.69,Defective item,RETURN_OR_REFUND_REQUEST_COMPLETE,RETURN_AND_REFUND
4039159951866954760,4039159951866889224,582949054641570824,2026-03-12,Calça Jeans Feminina Wide Leg Jeans Feminina Cintura Alta,REF51640,"Marmorizada, 40",66.14,66.14,"Fabric, material or style not as expected",RETURN_OR_REFUND_REQUEST_COMPLETE,RETURN_AND_REFUND
4039158713874679445,4039158713874613909,582896842531047061,2026-03-12,Calça Jeans Feminina Wide Leg Cintura Alta Branca,REF54638,"Branco, 38",77.59,77.59,Item doesn't fit,RETURN_OR_REFUND_REQUEST_COMPLETE,RETURN_AND_REFUND
4039162067459082187,4039162067459016651,583002932729513931,2026-03-12,Calça Jeans Feminina Wide Leg Jeans Feminina Cintura Alta,REF51636,"Marmorizada, 36",79.9,79.9,Item doesn't fit,RETURN_OR_REFUND_REQUEST_COMPLETE,RETURN_AND_REFUND
4039162057541584837,4039162057541191621,583001922894268357,2026-03-12,Calça Jeans Feminina Wide Leg Jeans Feminina Cintura Alta,REF51638,"Marmorizada, 38",79.9,79.9,Package wasn't received,RETURN_OR_REFUND_REQUEST_CANCEL,REFUND
4039162071215278021,4039162071215212485,583001922894268357,2026-03-12,Calça Jeans Feminina Wide Leg Jeans Feminina Cintura Alta,REF51638,"Marmorizada, 38",79.9,79.9,Package wasn't received,RETURN_OR_REFUND_REQUEST_CANCEL,REFUND
4039162353938302169,4039162353938236633,582985327581693145,2026-03-12,Calça Jeans Feminina Wide Leg Jeans Feminina Cintura Alta,REF51640,"Marmorizada, 40",84.93,84.93,Item doesn't fit,RETURN_OR_REFUND_REQUEST_CANCEL,RETURN_AND_REFUND
4039162489237308991,4039162489237243455,582949402339280447,2026-03-12,Calça Jeans Feminina Wide Leg Jeans Feminina Cintura Alta,REF51640,"Marmorizada, 40",89.5,89.5,Item doesn't fit,RETURN_OR_REFUND_REQUEST_COMPLETE,RETURN_AND_REFUND
4039162492792178483,4039162492792112947,582453339698005811,2026-03-12,Calça Jeans Feminina Wide Leg Jeans Feminina Cintura Alta,REF51642,"Marmorizada, 42",80.79,80.79,Item doesn't fit,RETURN_OR_REFUND_REQUEST_COMPLETE,RETURN_AND_REFUND
4039162549665498840,4039162549665433304,582999423177426648,2026-03-12,Calça Jeans Feminina Wide Leg Jeans Feminina Cintura Alta,REF52544,"Stone Used, 44",61.02,61.02,Item doesn't fit,RETURN_OR_REFUND_REQUEST_COMPLETE,RETURN_AND_REFUND
4039162549268154072,4039162549268088536,582999423177426648,2026-03-12,Calça Jeans Feminina Wide Leg Jeans Feminina Cintura Alta,REF51644,"Marmorizada, 44",61.03,61.03,Item doesn't fit,RETURN_OR_REFUND_REQUEST_CANCEL,RETURN_AND_REFUND
4039162666041575312,4039162666041509776,582835328757630864,2026-03-12,Calça Jeans Feminina Wide Leg Jeans Feminina Cintura Alta,REF51638,"Marmorizada, 38",75.55,75.55,Color or pattern not as expected,RETURN_OR_REFUND_REQUEST_COMPLETE,RETURN_AND_REFUND
4039162885069767975,4039162885069702439,583021393432970535,2026-03-12,Calça Jeans Feminina Wide Leg Jeans Feminina Cintura Alta,REF51640,"Marmorizada, 40",88.1,88.1,Color or pattern not as expected,RETURN_OR_REFUND_REQUEST_COMPLETE,RETURN_AND_REFUND
4039161943204202464,4039161943204136928,582909816095737824,2026-03-12,Calça Jeans Feminina Wide Leg Jeans Feminina Cintura Alta,REF51640,"Marmorizada, 40",79.9,79.9,Item doesn't fit,RETURN_OR_REFUND_REQUEST_COMPLETE,RETURN_AND_REFUND
4039162914240234958,4039162914240169422,582898959924561358,2026-03-12,Calça Jeans Feminina Wide Leg Cintura Alta- Candy Colors,REF55046,"AMARELO MANTEIGA, 46",71.99,71.99,Defective item,RETURN_OR_REFUND_REQUEST_COMPLETE,RETURN_AND_REFUND
4039178905711510887,4039178905711445351,582977678505837927,2026-03-13,Calça Jeans Feminina Wide Leg Jeans Feminina Cintura Alta,REF52544,"Stone Used, 44",80.7,80.7,Item doesn't fit,RETURN_OR_REFUND_REQUEST_COMPLETE,RETURN_AND_REFUND
4039178770894325625,4039178770894260089,582965737840150393,2026-03-13,Calça Jeans Feminina Wide Leg Cintura Alta- Candy Colors,REF54938,"ROSA BEBÊ, 38",87.42,87.42,Item doesn't fit,RETURN_OR_REFUND_REQUEST_COMPLETE,RETURN_AND_REFUND
4039178231915579344,4039178231915513808,583012243519670224,2026-03-13,Calça Jeans Feminina Wide Leg Cintura Alta Amarelo Manteiga,REF55040,"AMARELO MANTEIGA, 40",80.72,80.72,Item doesn't fit,RETURN_OR_REFUND_REQUEST_CANCEL,RETURN_AND_REFUND
4039178066069914753,4039178066069849217,583017189250270337,2026-03-13,Calça Jeans Feminina Wide Leg Jeans Cintura alta Preta,REF54740,"Preto , 40",81.46,81.46,Item doesn't fit,RETURN_OR_REFUND_REQUEST_CANCEL,RETURN_AND_REFUND
4039177561319376752,4039177561319311216,582878708290783088,2026-03-13,Calça Jeans Feminina Wide Leg Cintura Alta Azul Médio Marmorizado,REF55136,"Azul Médio Marmorizado , 36",75.34,75.34,Item doesn't fit,RETURN_OR_REFUND_REQUEST_COMPLETE,RETURN_AND_REFUND
4039177860193486689,4039177860193421153,582841096272381793,2026-03-13,Calça Jeans Feminina Wide Leg Cintura Alta Azul Médio Marmorizado,REF55138,"Azul Médio Marmorizado , 38",90.7,90.7,Item doesn't fit,RETURN_OR_REFUND_REQUEST_COMPLETE,RETURN_AND_REFUND
4039177844184745648,4039177844184680112,583017715142133424,2026-03-13,Calça Jeans Feminina Wide Leg Jeans Feminina Cintura Alta,REF51636,"Marmorizada, 36",79.9,79.9,Defective item,RETURN_OR_REFUND_REQUEST_COMPLETE,RETURN_AND_REFUND
4039177787378402465,4039177787378205857,583003007481382049,2026-03-13,Calça Jeans Feminina Wide Leg Jeans Feminina Cintura Alta,REF51638,"Marmorizada, 38",85.12,85.12,Package wasn't received,RETURN_OR_REFUND_REQUEST_CANCEL,REFUND
4039178945948714129,4039178945948648593,582956333636813969,2026-03-13,Calça Jeans Feminina Wide Leg Jeans Feminina Cintura Alta,REF51638,"Marmorizada, 38",83.1,83.1,Item doesn't fit,RETURN_OR_REFUND_REQUEST_COMPLETE,RETURN_AND_REFUND
4039177996615255845,4039177996615190309,582985725626386213,2026-03-13,Calça Jeans Feminina Wide Leg Jeans Feminina Cintura Alta,REF52538,"Stone Used, 38",67.8,67.8,No longer needed,RETURN_OR_REFUND_REQUEST_COMPLETE,RETURN_AND_REFUND
4039179023884715832,4039179023884650296,582550310018123576,2026-03-13,Calça Jeans Feminina Wide Leg Cintura Alta Azul Médio Marmorizado,REF55138,"Azul Médio Marmorizado , 38",71.99,71.99,Item doesn't fit,RETURN_OR_REFUND_REQUEST_CANCEL,RETURN_AND_REFUND
4039180944672523478,4039180944672457942,582931364534584534,2026-03-13,Calça Jeans Feminina Wide Leg Jeans Cintura alta Preta,REF54740,"Preto , 40",83.15,83.15,Item doesn't fit,RETURN_OR_REFUND_REQUEST_COMPLETE,RETURN_AND_REFUND
4039179076111992587,4039179074859403019,583017776090154763,2026-03-13,Calça Jeans Feminina Wide Leg Jeans Feminina Cintura Alta,REF51638,"Marmorizada, 38",69.27,69.27,Item doesn't fit,RETURN_OR_REFUND_REQUEST_COMPLETE,RETURN_AND_REFUND
4039179210039134146,4039179210039068610,583003533244729282,2026-03-13,Calça Jeans Feminina Wide Leg Jeans Cintura alta Preta,REF54740,"Preto , 40",81.46,81.46,Item doesn't fit,RETURN_OR_REFUND_REQUEST_COMPLETE,RETURN_AND_REFUND
4039179234129839416,4039179234129773880,582986257953162552,2026-03-13,Calça Jeans Feminina Wide Leg Jeans Feminina Cintura Alta,REF52538,"Stone Used, 38",70.55,70.55,"Fabric, material or style not as expected",RETURN_OR_REFUND_REQUEST_COMPLETE,RETURN_AND_REFUND
4039179245196642205,4039179245196576669,582984955222722461,2026-03-13,Calça Jeans Feminina Wide Leg Jeans Feminina Cintura Alta,REF51640,"Marmorizada, 40",75.94,75.94,Item doesn't fit,RETURN_OR_REFUND_REQUEST_COMPLETE,RETURN_AND_REFUND
4039179739925022694,4039179739924957158,582968307083937766,2026-03-13,Calça Jeans Feminina Wide Leg Jeans Feminina Cintura Alta,REF51640,"Marmorizada, 40",79.9,79.9,Item doesn't fit,RETURN_OR_REFUND_REQUEST_CANCEL,RETURN_AND_REFUND
4039180434461460468,4039180434461394932,582734808731060212,2026-03-13,Calça Jeans Feminina Wide Leg Jeans Feminina Cintura Alta,REF52542,"Stone Used, 42",78.38,78.38,Item doesn't fit,RETURN_OR_REFUND_REQUEST_COMPLETE,RETURN_AND_REFUND
4039180466241570815,4039180466241505279,582840378052216831,2026-03-13,Calça Jeans Feminina Wide Leg Jeans Feminina Cintura Alta,REF52738,"Sky Used, 38",70.79,70.79,Item doesn't fit,RETURN_OR_REFUND_REQUEST_CANCEL,RETURN_AND_REFUND
4039180664898684475,4039180664898618939,582835321276106299,2026-03-13,Calça Jeans Feminina Wide Leg Jeans Feminina Cintura Alta,REF51640,"Marmorizada, 40",67.89,67.89,Item doesn't fit,RETURN_OR_REFUND_REQUEST_CANCEL,RETURN_AND_REFUND
4039180906092725493,4039180906092659957,583018419128993013,2026-03-13,Calça Jeans Feminina Wide Leg Jeans Feminina Cintura Alta,REF52540,"Stone Used, 40",62.99,62.99,Item doesn't fit,RETURN_OR_REFUND_REQUEST_COMPLETE,RETURN_AND_REFUND
4039180928136087209,4039180928136021673,583018617837029033,2026-03-13,Calça Jeans Feminina Wide Leg Cintura Alta- Candy Colors,REF54938,"ROSA BEBÊ, 38",87.83,87.83,Color or pattern not as expected,RETURN_OR_REFUND_REQUEST_COMPLETE,RETURN_AND_REFUND
4039177521316792281,4039177521316595673,582949508175464409,2026-03-13,Calça Jeans Feminina Wide Leg Jeans Feminina Cintura Alta,REF51638,"Marmorizada, 38",79.9,79.9,Item doesn't fit,RETURN_OR_REFUND_REQUEST_COMPLETE,RETURN_AND_REFUND
4039181460767802433,4039181460767736897,582681718875456577,2026-03-13,Calça Jeans Feminina Wide Leg Jeans Feminina Cintura Alta,REF51638,"Marmorizada, 38",85.12,85.12,"Fabric, material or style not as expected",RETURN_OR_REFUND_REQUEST_COMPLETE,RETURN_AND_REFUND
4039179019823712079,4039179019823646543,582965522958681935,2026-03-13,Calça Jeans Feminina Wide Leg Cintura Alta- Candy Colors,REF54938,"ROSA BEBÊ, 38",85.02,85.02,Item doesn't fit,RETURN_OR_REFUND_REQUEST_COMPLETE,RETURN_AND_REFUND
4039177343132534266,4039177343132468730,582965161201468922,2026-03-13,Calça Jeans Feminina Wide Leg Jeans Feminina Cintura Alta,REF51640,"Marmorizada, 40",79.9,79.9,Package wasn't received,RETURN_OR_REFUND_REQUEST_CANCEL,REFUND
4039176925098313524,4039176925098247988,582959735335847732,2026-03-13,Calça Jeans Feminina Wide Leg Jeans Feminina Cintura Alta,REF51638,"Marmorizada, 38",66.14,66.14,Item doesn't fit,RETURN_OR_REFUND_REQUEST_COMPLETE,RETURN_AND_REFUND
4039177265687004693,4039177265686939157,582834307708454421,2026-03-13,Calça Jeans Feminina Wide Leg Jeans Feminina Cintura Alta,REF52742,"Sky Used, 42",85.6,85.6,Item doesn't fit,RETURN_OR_REFUND_REQUEST_COMPLETE,RETURN_AND_REFUND
4039167054263518930,4039167054263453394,583016196246374098,2026-03-13,Calça Jeans Feminina Wide Leg Cintura Alta- Candy Colors,REF54946,"ROSA BEBÊ, 46",69.83,69.83,Item doesn't match description,RETURN_OR_REFUND_REQUEST_CANCEL,RETURN_AND_REFUND
4039167080473593554,4039167080473528018,583016196246374098,2026-03-13,Calça Jeans Feminina Wide Leg Jeans Feminina Cintura Alta,REF51646,"Marmorizada, 46",61.1,61.1,Item doesn't match description,RETURN_OR_REFUND_REQUEST_COMPLETE,RETURN_AND_REFUND
4039167276496749763,4039167276496553155,582805553932829891,2026-03-13,Calça Jeans Feminina Wide Leg Jeans Feminina Cintura Alta,REF51642,"Marmorizada, 42",79.9,79.9,Item doesn't fit,RETURN_OR_REFUND_REQUEST_COMPLETE,RETURN_AND_REFUND
4039169526258370149,4039169526258304613,582966373197383269,2026-03-13,Calça Jeans Feminina Wide Leg Jeans Feminina Cintura Alta,REF51646,"Marmorizada, 46",79.9,79.9,Item doesn't fit,RETURN_OR_REFUND_REQUEST_COMPLETE,RETURN_AND_REFUND
4039177293395494713,4039177293394642745,582969257616377657,2026-03-13,Calça Jeans Feminina Wide Leg Jeans Feminina Cintura Alta,REF52544,"Stone Used, 44",96.94,96.94,Package wasn't received,RETURN_OR_REFUND_REQUEST_COMPLETE,REFUND
4039171850631415788,4039171850631350252,582983487647614956,2026-03-13,Calça Jeans Feminina Wide Leg Jeans Feminina Cintura Alta,REF52744,"Sky Used, 44",79.9,79.9,Item doesn't fit,RETURN_OR_REFUND_REQUEST_COMPLETE,RETURN_AND_REFUND
4039172782557726369,4039172782557660833,582965506932901537,2026-03-13,Calça Jeans Feminina Wide Leg Jeans Feminina Cintura Alta,REF51638,"Marmorizada, 38",83.62,83.62,Color or pattern not as expected,RETURN_OR_REFUND_REQUEST_COMPLETE,RETURN_AND_REFUND
4039173325140232075,4039173325140166539,582985146073712523,2026-03-13,Calça Jeans Feminina Wide Leg Jeans Cintura alta Preta,REF54736,"Preto , 36",83.14,83.14,Item doesn't fit,RETURN_OR_REFUND_REQUEST_COMPLETE,RETURN_AND_REFUND
4039173412023404295,4039173412023338759,582454794687055623,2026-03-13,Calça Jeans Feminina Wide Leg Jeans Feminina Cintura Alta,REF51640,"Marmorizada, 40",69.99,69.99,Item doesn't fit,RETURN_OR_REFUND_REQUEST_CANCEL,RETURN_AND_REFUND
4039173445666374766,4039173445666309230,583001951567971438,2026-03-13,Calça Jeans Feminina Wide Leg Cintura Alta- Candy Colors,REF54942,"ROSA BEBÊ, 42",75.19,75.19,Item doesn't fit,RETURN_OR_REFUND_REQUEST_COMPLETE,RETURN_AND_REFUND
4039173472584565809,4039173472584369201,582715351111926833,2026-03-13,Calça Jeans Feminina Wide Leg Jeans Feminina Cintura Alta,REF52542,"Stone Used, 42",69.99,69.99,"Fabric, material or style not as expected",RETURN_OR_REFUND_REQUEST_CANCEL,RETURN_AND_REFUND
4039174027122672669,4039174027122607133,582874978348991517,2026-03-13,Calça Jeans Feminina Wide Leg Cintura Alta Azul Médio Marmorizado,REF55146,"Azul Médio Marmorizado , 46",71.99,71.99,Item doesn't fit,RETURN_OR_REFUND_REQUEST_COMPLETE,RETURN_AND_REFUND
4039171763272058463,4039171763271992927,582961729397294687,2026-03-13,Calça Jeans Feminina Wide Leg Jeans Feminina Cintura Alta,REF51638,"Marmorizada, 38",79.9,79.9,Item doesn't fit,RETURN_OR_REFUND_REQUEST_CANCEL,RETURN_AND_REFUND
4039174770039358532,4039174770039292996,582930966047523908,2026-03-13,Calça Jeans Feminina Wide Leg Jeans Feminina Cintura Alta,REF52536,"Stone Used, 36",79.9,79.9,"Fabric, material or style not as expected",RETURN_OR_REFUND_REQUEST_COMPLETE,RETURN_AND_REFUND
4039174085793318708,4039174085793253172,583021610285434676,2026-03-13,Calça Jeans Feminina Wide Leg Cintura Alta Azul Médio Marmorizado,REF55146,"Azul Médio Marmorizado , 46",99.24,99.24,Item doesn't fit,RETURN_OR_REFUND_REQUEST_COMPLETE,RETURN_AND_REFUND
4039177215814239999,4039177215814174463,583000874586244863,2026-03-13,Calça Jeans Feminina Wide Leg Jeans Feminina Cintura Alta,REF51638,"Marmorizada, 38",82.5,82.5,Item doesn't fit,RETURN_OR_REFUND_REQUEST_COMPLETE,RETURN_AND_REFUND
4039176612477764842,4039176612477699306,582897187476571370,2026-03-13,Calça Jeans Feminina Wide Leg Cintura Alta Chocolate,REF56246,"Chocolate, 46",132.65,132.65,Item doesn't fit,RETURN_OR_REFUND_REQUEST_CANCEL,RETURN_AND_REFUND
4039176610292270314,4039176610292204778,582897187476571370,2026-03-13,Calça Jeans Feminina Wide Leg Cintura Alta Chocolate,REF56242,"Chocolate, 42",92.06,92.06,Item doesn't fit,RETURN_OR_REFUND_REQUEST_CANCEL,RETURN_AND_REFUND
4039176499179390538,4039176499179325002,582984585361917514,2026-03-13,Calça Jeans Feminina Wide Leg Jeans Feminina Cintura Alta,REF52544,"Stone Used, 44",65.62,65.62,Item doesn't fit,RETURN_OR_REFUND_REQUEST_COMPLETE,RETURN_AND_REFUND
4039176941682918759,4039176941682853223,582965068904957287,2026-03-13,Calça Jeans Feminina Wide Leg Cintura Alta- Candy Colors,REF54938,"ROSA BEBÊ, 38",88.39,88.39,Item doesn't fit,RETURN_OR_REFUND_REQUEST_COMPLETE,RETURN_AND_REFUND
4039176244378896114,4039176244378830578,582966138487015154,2026-03-13,Calça Jeans Feminina Wide Leg Jeans Feminina Cintura Alta,REF51638,"Marmorizada, 38",81.9,81.9,Item doesn't fit,RETURN_OR_REFUND_REQUEST_COMPLETE,RETURN_AND_REFUND
4039175515584300948,4039175515584235412,582982762826991508,2026-03-13,Calça Jeans Feminina Wide Leg Jeans Feminina Cintura Alta,REF52738,"Sky Used, 38",79.5,79.5,Item doesn't fit,RETURN_OR_REFUND_REQUEST_COMPLETE,RETURN_AND_REFUND
4039175248830498137,4039175248830432601,582980713066759513,2026-03-13,Calça Jeans Feminina Wide Leg Jeans Feminina Cintura Alta,REF51640,"Marmorizada, 40",79.9,79.9,Defective item,RETURN_OR_REFUND_REQUEST_COMPLETE,RETURN_AND_REFUND
4039175032978376676,4039175032978311140,582964683770398692,2026-03-13,Calça Jeans Feminina Wide Leg Jeans Feminina Cintura Alta,REF51636,"Marmorizada, 36",80.7,80.7,Item doesn't fit,RETURN_OR_REFUND_REQUEST_COMPLETE,RETURN_AND_REFUND
4039176402798871702,4039176402798806166,582840320732464278,2026-03-13,Calça Jeans Feminina Wide Leg Jeans Feminina Cintura Alta,REF51642,"Marmorizada, 42",73.19,73.19,Item doesn't fit,RETURN_OR_REFUND_REQUEST_COMPLETE,RETURN_AND_REFUND
4039193161452127538,4039193159718569266,582877779283969330,2026-03-14,Calça Jeans Feminina Wide Leg Jeans Feminina Cintura Alta,REF52740,"Sky Used, 40",70.79,70.79,Item doesn't fit,RETURN_OR_REFUND_REQUEST_COMPLETE,RETURN_AND_REFUND
4039192626954405765,4039192626954340229,582996893516203909,2026-03-14,Calça Jeans Feminina Wide Leg Cintura Alta- Candy Colors,REF54936,"ROSA BEBÊ, 36",93.65,93.65,Item doesn't fit,RETURN_OR_REFUND_REQUEST_COMPLETE,RETURN_AND_REFUND
4039192783714027104,4039192783713961568,582800807187220064,2026-03-14,Calça Jeans Feminina Wide Leg Jeans Feminina Cintura Alta,REF51644,"Marmorizada, 44",79.9,79.9,Item doesn't fit,RETURN_OR_REFUND_REQUEST_COMPLETE,RETURN_AND_REFUND
4039193098760324407,4039193098760258871,582968422889653559,2026-03-14,Calça Jeans Feminina Wide Leg Jeans Feminina Cintura Alta,REF51636,"Marmorizada, 36",87.19,87.19,"Fabric, material or style not as expected",RETURN_OR_REFUND_REQUEST_COMPLETE,RETURN_AND_REFUND
4039193100081137504,4039193100081071968,583036656248129376,2026-03-14,Calça Jeans Feminina Wide Leg Cintura Alta Chocolate,REF56242,"Chocolate, 42",94.9,94.9,"Fabric, material or style not as expected",RETURN_OR_REFUND_REQUEST_CANCEL,RETURN_AND_REFUND
4039193119071503837,4039193119071438301,582964496321119709,2026-03-14,Calça Jeans Feminina Wide Leg Jeans Feminina Cintura Alta,REF51646,"Marmorizada, 46",83.19,83.19,Item doesn't fit,RETURN_OR_REFUND_REQUEST_COMPLETE,RETURN_AND_REFUND
4039193397981774994,4039193397981709458,582623258403177618,2026-03-14,Calça Jeans Feminina Wide Leg Jeans Feminina Cintura Alta,REF52740,"Sky Used, 40",79.9,79.9,Item doesn't fit,RETURN_OR_REFUND_REQUEST_COMPLETE,RETURN_AND_REFUND
4039196057970968314,4039196057970837242,583004550542034682,2026-03-14,Calça Jeans Feminina Wide Leg Jeans Feminina Cintura Alta,REF51644,"Marmorizada, 44",80.4,80.4,Color or pattern not as expected,RETURN_OR_REFUND_REQUEST_COMPLETE,RETURN_AND_REFUND
4039193911686366592,4039193911686301056,582982619274577280,2026-03-14,Calça Jeans Feminina Wide Leg Jeans Feminina Cintura Alta,REF52538,"Stone Used, 38",79.8,79.8,Item doesn't fit,RETURN_OR_REFUND_REQUEST_CANCEL,RETURN_AND_REFUND
4039194730430301328,4039194730430235792,583019630730052752,2026-03-14,Calça Jeans Feminina Wide Leg Jeans Cintura Alta Preta Marmorizada,REF52836,36,91.99,91.99,Item doesn't fit,RETURN_OR_REFUND_REQUEST_COMPLETE,RETURN_AND_REFUND
4039194915094955071,4039194915094889535,582841377152140351,2026-03-14,Calça Jeans Feminina Wide Leg Jeans Feminina Cintura Alta,REF52738,"Sky Used, 38",84.49,84.49,Item doesn't fit,RETURN_OR_REFUND_REQUEST_CANCEL,RETURN_AND_REFUND
4039194952389461055,4039194952389395519,582841304264311871,2026-03-14,Calça Jeans Feminina Wide Leg Jeans Feminina Cintura Alta,REF52742,"Sky Used, 42",66.99,66.99,Item doesn't fit,RETURN_OR_REFUND_REQUEST_CANCEL,RETURN_AND_REFUND
4039196158975444942,4039196158975379406,583019693284427726,2026-03-14,Calça Jeans Feminina Wide Leg Cintura Alta Azul Médio Marmorizado,REF55140,"Azul Médio Marmorizado , 40",72.79,72.79,No longer needed,RETURN_OR_REFUND_REQUEST_COMPLETE,RETURN_AND_REFUND
4039192436693894391,4039192436693828855,582983228222047479,2026-03-14,Calça Jeans Feminina Wide Leg Cintura Alta Chocolate,REF56238,"Chocolate, 38",94.9,94.9,Item doesn't fit,RETURN_OR_REFUND_REQUEST_COMPLETE,RETURN_AND_REFUND
4039193456996615221,4039193456996549685,583019488493274165,2026-03-14,Calça Jeans Feminina Wide Leg Jeans Feminina Cintura Alta,REF52744,"Sky Used, 44",79.9,79.9,Item doesn't fit,RETURN_OR_REFUND_REQUEST_CANCEL,RETURN_AND_REFUND
4039192427842929911,4039192427842864375,582983228222047479,2026-03-14,Calça Jeans Feminina Wide Leg Jeans Feminina Cintura Alta,REF51638,"Marmorizada, 38",79.9,79.9,Item doesn't fit,RETURN_OR_REFUND_REQUEST_COMPLETE,RETURN_AND_REFUND
4039193205697578924,4039193205697513388,583035345507354540,2026-03-14,Calça Feminina Jeans Wide Leg Cintura Alta Azul Médio Marmorizado,REF55144,"Azul Médio Marmorizado , 44",71.21,71.21,Item doesn't fit,RETURN_OR_REFUND_REQUEST_COMPLETE,RETURN_AND_REFUND
4039191919697691781,4039191919697626245,582999609138775173,2026-03-14,Calça Jeans Feminina Wide Leg Jeans Feminina Cintura Alta,REF51638,"Marmorizada, 38",73.15,73.15,Item doesn't fit,RETURN_OR_REFUND_REQUEST_COMPLETE,RETURN_AND_REFUND
4039187316161283481,4039187316161217945,582967648260097433,2026-03-14,Calça Jeans Feminina Wide Leg Jeans Feminina Cintura Alta,REF51636,"Marmorizada, 36",69.9,69.9,No longer needed,RETURN_OR_REFUND_REQUEST_COMPLETE,RETURN_AND_REFUND
4039187337478899097,4039187337478833561,582965291728930201,2026-03-14,Calça Jeans Feminina Wide Leg Jeans Feminina Cintura Alta,REF52736,"Sky Used, 36",79.9,79.9,No longer needed,RETURN_OR_REFUND_REQUEST_COMPLETE,RETURN_AND_REFUND
4039187388132263053,4039187388132197517,583016245430682765,2026-03-14,Calça Jeans Feminina Wide Leg Jeans Feminina Cintura Alta,REF52736,"Sky Used, 36",62.99,62.99,Item doesn't fit,RETURN_OR_REFUND_REQUEST_COMPLETE,RETURN_AND_REFUND
4039188599513384159,4039188599513318623,583001143248192735,2026-03-14,Calça Jeans Feminina Wide Leg Cintura Alta Azul Médio Marmorizado,REF55138,"Azul Médio Marmorizado , 38",71.99,71.99,Item doesn't fit,RETURN_OR_REFUND_REQUEST_CANCEL,RETURN_AND_REFUND
4039188637754623848,4039188637754230632,583002145905084264,2026-03-14,Calça Jeans Feminina Wide Leg Jeans Feminina Cintura Alta,REF51638,"Marmorizada, 38",62.99,62.99,Package wasn't received,RETURN_OR_REFUND_REQUEST_COMPLETE,REFUND
4039190051341567281,4039190051341501745,583018860905465137,2026-03-14,Calça Jeans Feminina Wide Leg Jeans Feminina Cintura Alta,REF51636,"Marmorizada, 36",62.99,62.99,"Fabric, material or style not as expected",RETURN_OR_REFUND_REQUEST_COMPLETE,RETURN_AND_REFUND
4039190069005616602,4039190069005551066,583033332713555418,2026-03-14,Calça Jeans Feminina Wide Leg Jeans Feminina Cintura Alta,REF52736,"Sky Used, 36",63.32,63.32,Item doesn't fit,RETURN_OR_REFUND_REQUEST_COMPLETE,RETURN_AND_REFUND
4039190420792969040,4039190420792903504,582965595729332048,2026-03-14,Calça Jeans Feminina Wide Leg Cintura Alta- Candy Colors,REF54940,"ROSA BEBÊ, 40",90.8,90.8,Item doesn't fit,RETURN_OR_REFUND_REQUEST_CANCEL,RETURN_AND_REFUND
4039192364015060487,4039192364014994951,583019806188144135,2026-03-14,Calça Jeans Feminina Wide Leg Jeans Feminina Cintura Alta,REF51638,"Marmorizada, 38",79.9,79.9,Item doesn't fit,RETURN_OR_REFUND_REQUEST_CANCEL,RETURN_AND_REFUND
4039190654157882949,4039190654157817413,582967343899379269,2026-03-14,Calça Jeans Feminina Wide Leg Jeans Feminina Cintura Alta,REF51638,"Marmorizada, 38",79.9,79.9,Wrong item was sent,RETURN_OR_REFUND_REQUEST_COMPLETE,RETURN_AND_REFUND
4039190752143837050,4039190752143771514,582971434211968890,2026-03-14,Calça Jeans Feminina Wide Leg Jeans Feminina Cintura Alta,REF51640,"Marmorizada, 40",69.22,69.22,Defective item,RETURN_OR_REFUND_REQUEST_COMPLETE,RETURN_AND_REFUND
4039191144699233617,4039191144699168081,583031334085952849,2026-03-14,Calça Jeans Feminina Wide Leg Jeans Feminina Cintura Alta,REF51638,"Marmorizada, 38",79.9,79.9,Item doesn't fit,RETURN_OR_REFUND_REQUEST_COMPLETE,RETURN_AND_REFUND
4039191266205467695,4039191266205402159,582983174551274543,2026-03-14,Calça Jeans Feminina Wide Leg Jeans Feminina Cintura Alta,REF52544,"Stone Used, 44",67.8,67.8,Item doesn't fit,RETURN_OR_REFUND_REQUEST_COMPLETE,RETURN_AND_REFUND
4039191671003973299,4039191671003907763,582836043994072755,2026-03-14,Calça Jeans Feminina Wide Leg Cintura Alta- Candy Colors,REF54936,"ROSA BEBÊ, 36",71.99,71.99,Item doesn't fit,RETURN_OR_REFUND_REQUEST_CANCEL,RETURN_AND_REFUND
4039191689733637735,4039191689733572199,583015294968956519,2026-03-14,Calça Jeans Feminina Wide Leg Jeans Feminina Cintura Alta,REF51638,"Marmorizada, 38",81.9,81.9,Item doesn't fit,RETURN_OR_REFUND_REQUEST_COMPLETE,RETURN_AND_REFUND
4039191735561651798,4039191735561586262,582820922332776022,2026-03-14,Calça Jeans Feminina Wide Leg Jeans Feminina Cintura Alta,REF52738,"Sky Used, 38",69.99,69.99,Item doesn't fit,RETURN_OR_REFUND_REQUEST_COMPLETE,RETURN_AND_REFUND
4039182660872734379,4039182660872668843,582840153597773483,2026-03-14,Calça Jeans Feminina Wide Leg Jeans Feminina Cintura Alta,REF51644,"Marmorizada, 44",69.99,69.99,Item doesn't fit,RETURN_OR_REFUND_REQUEST_CANCEL,RETURN_AND_REFUND
4039209923194095075,4039209923194029539,582970006535243235,2026-03-15,Calça Jeans Feminina Wide Leg Jeans Feminina Cintura Alta,REF51638,"Marmorizada, 38",73.15,73.15,Item doesn't fit,RETURN_OR_REFUND_REQUEST_COMPLETE,RETURN_AND_REFUND
4039210096939664940,4039210096939599404,582965998978827820,2026-03-15,Calça Jeans Feminina Wide Leg Jeans Feminina Cintura Alta,REF51646,"Marmorizada, 46",80.7,80.7,Item doesn't fit,RETURN_OR_REFUND_REQUEST_COMPLETE,RETURN_AND_REFUND
4039210186236397026,4039210186236331490,582912975840904674,2026-03-15,Calça Jeans Feminina Wide Leg Jeans Feminina Cintura Alta,REF52544,"Stone Used, 44",79.9,79.9,Item doesn't fit,RETURN_OR_REFUND_REQUEST_COMPLETE,RETURN_AND_REFUND
4039210228609287319,4039210228609221783,582950018658829463,2026-03-15,Calça Jeans Feminina Wide Leg Jeans Feminina Cintura Alta,REF52736,"Sky Used, 36",79.9,79.9,Item doesn't fit,RETURN_OR_REFUND_REQUEST_COMPLETE,RETURN_AND_REFUND
4039210256869197022,4039210256869131486,582837204559627486,2026-03-15,Calça Jeans Feminina Wide Leg Jeans Feminina Cintura Alta,REF51646,"Marmorizada, 46",69.99,69.99,"Fabric, material or style not as expected",RETURN_OR_REFUND_REQUEST_COMPLETE,RETURN_AND_REFUND
4039210306943747133,4039210306943681597,583019491463955517,2026-03-15,Calça Jeans Feminina Wide Leg Jeans Cintura Alta Preta Marmorizada,REF52842,42,71.99,71.99,Item doesn't fit,RETURN_OR_REFUND_REQUEST_COMPLETE,RETURN_AND_REFUND
4039210787832562762,4039210787832497226,582878418174575690,2026-03-15,Calça Jeans Feminina Wide Leg Jeans Cintura alta Preta,REF54738,"Preto , 38",68.81,68.81,Color or pattern not as expected,RETURN_OR_REFUND_REQUEST_COMPLETE,RETURN_AND_REFUND
4039210721955907020,4039210721955841484,582812652494685644,2026-03-15,Calça Jeans Feminina Wide Leg Jeans Feminina Cintura Alta,REF51636,"Marmorizada, 36",79.9,79.9,"Fabric, material or style not as expected",RETURN_OR_REFUND_REQUEST_COMPLETE,RETURN_AND_REFUND
4039210738510235147,4039210738510169611,583017645495387659,2026-03-15,Calça Jeans Feminina Wide Leg Jeans Feminina Cintura Alta,REF51638,"Marmorizada, 38",79.9,79.9,Item doesn't fit,RETURN_OR_REFUND_REQUEST_COMPLETE,RETURN_AND_REFUND
4039209877637531286,4039209877637465750,582931399227377302,2026-03-15,Calça Jeans Feminina Wide Leg Jeans Cintura alta Preta,REF54740,"Preto , 40",73.19,73.19,"Fabric, material or style not as expected",RETURN_OR_REFUND_REQUEST_COMPLETE,RETURN_AND_REFUND
4039211102596400580,4039211102596335044,583019133493609924,2026-03-15,Calça Jeans Feminina Wide Leg Jeans Feminina Cintura Alta,REF51638,"Marmorizada, 38",81.9,81.9,Item doesn't fit,RETURN_OR_REFUND_REQUEST_COMPLETE,RETURN_AND_REFUND
4039211543271540059,4039211543271474523,583034899087983963,2026-03-15,Calça Jeans Feminina Wide Leg Jeans Feminina Cintura Alta,REF51638,"Marmorizada, 38",63.79,63.79,Item doesn't fit,RETURN_OR_REFUND_REQUEST_CANCEL,RETURN_AND_REFUND
4039211664324134073,4039211664324068537,583002842275873977,2026-03-15,Calça Jeans Feminina Wide Leg Jeans Feminina Cintura Alta,REF52538,"Stone Used, 38",63.79,63.79,Item doesn't fit,RETURN_OR_REFUND_REQUEST_COMPLETE,RETURN_AND_REFUND
4039210433132201060,4039210433132135524,583017807879898212,2026-03-15,Calça Jeans Feminina Wide Leg Cintura Alta Chocolate,REF56246,"Chocolate, 46",96.9,96.9,Item doesn't fit,RETURN_OR_REFUND_REQUEST_COMPLETE,RETURN_AND_REFUND
4039209868823791254,4039209868823725718,582931399227377302,2026-03-15,Calça Jeans Feminina Wide Leg Jeans Cintura alta Preta,REF54740,"Preto , 40",73.19,73.19,"Fabric, material or style not as expected",RETURN_OR_REFUND_REQUEST_CANCEL,RETURN_AND_REFUND
4039211062509405858,4039211062509340322,583036542430316194,2026-03-15,Calça Jeans Feminina Wide Leg Jeans Feminina Cintura Alta,REF51636,"Marmorizada, 36",88.3,88.3,Item doesn't fit,RETURN_OR_REFUND_REQUEST_COMPLETE,RETURN_AND_REFUND
4039209551850276240,4039209551850210704,582842320123037072,2026-03-15,Calça Jeans Feminina Wide Leg Jeans Feminina Cintura Alta,REF52736,"Sky Used, 36",74.08,74.08,Color or pattern not as expected,RETURN_OR_REFUND_REQUEST_COMPLETE,RETURN_AND_REFUND
4039209867551213206,4039209867551147670,582931399227377302,2026-03-15,Calça Jeans Feminina Wide Leg Cintura Alta Chocolate,REF56240,"Chocolate, 40",71.99,71.99,"Fabric, material or style not as expected",RETURN_OR_REFUND_REQUEST_COMPLETE,RETURN_AND_REFUND
4039196930411104202,4039196930410776522,583002860939675594,2026-03-15,Calça Jeans Feminina Wide Leg Cintura Alta Chocolate,REF56238,"Chocolate, 38",75.19,75.19,Item doesn't fit,RETURN_OR_REFUND_REQUEST_COMPLETE,RETURN_AND_REFUND
4039203965726000398,4039203965725934862,583001758869325070,2026-03-15,Calça Jeans Feminina Wide Leg Jeans Feminina Cintura Alta,REF51636,"Marmorizada, 36",79.9,79.9,Item doesn't fit,RETURN_OR_REFUND_REQUEST_COMPLETE,RETURN_AND_REFUND
4039204029746349307,4039204029746283771,583037738571891963,2026-03-15,Calça Jeans Feminina Wide Leg Jeans Feminina Cintura Alta,REF52544,"Stone Used, 44",78.3,78.3,Item doesn't fit,RETURN_OR_REFUND_REQUEST_COMPLETE,RETURN_AND_REFUND
4039204189371532889,4039204189371467353,583014883184510553,2026-03-15,Calça Jeans Feminina Wide Leg Jeans Feminina Cintura Alta,REF51644,"Marmorizada, 44",69.9,69.9,Item doesn't fit,RETURN_OR_REFUND_REQUEST_COMPLETE,RETURN_AND_REFUND
4039204814509672132,4039204814509606596,583008163200861892,2026-03-15,Calça Jeans Feminina Wide Leg Cintura Alta- Candy Colors,REF54944,"ROSA BEBÊ, 44",73.44,73.44,Item doesn't fit,RETURN_OR_REFUND_REQUEST_COMPLETE,RETURN_AND_REFUND
4039204883288655277,4039204883288589741,583018241308067245,2026-03-15,Calça Jeans Feminina Wide Leg Jeans Feminina Cintura Alta,REF52544,"Stone Used, 44",80.7,80.7,Item doesn't fit,RETURN_OR_REFUND_REQUEST_COMPLETE,RETURN_AND_REFUND
4039202359472719503,4039202359472653967,582988283038959247,2026-03-15,Calça Jeans Feminina Wide Leg Jeans Feminina Cintura Alta,REF51646,"Marmorizada, 46",86.25,86.25,No longer needed,RETURN_OR_REFUND_REQUEST_COMPLETE,RETURN_AND_REFUND
4039204999402456762,4039204999402391226,583020680032323258,2026-03-15,Calça Jeans Feminina Wide Leg Jeans Feminina Cintura Alta,REF51636,"Marmorizada, 36",79.9,79.9,Item doesn't fit,RETURN_OR_REFUND_REQUEST_COMPLETE,RETURN_AND_REFUND
4039207525140826006,4039207525140694934,582728209698490262,2026-03-15,Calça Jeans Feminina Wide Leg Jeans Feminina Cintura Alta,REF51644,"Marmorizada, 44",83.1,83.1,Item doesn't fit,RETURN_OR_REFUND_REQUEST_COMPLETE,RETURN_AND_REFUND
4039207671870817990,4039207671870752454,582899789433112262,2026-03-15,Calça Jeans Feminina Wide Leg Jeans Feminina Cintura Alta Stone Used,REF52540,40,79.99,79.99,Item doesn't fit,RETURN_OR_REFUND_REQUEST_COMPLETE,RETURN_AND_REFUND
4039207995105576703,4039207995105511167,582986090558293759,2026-03-15,Calça Jeans Feminina Wide Leg Cintura Alta Branca,REF54640,"Branco, 40",85.92,85.92,"Fabric, material or style not as expected",RETURN_OR_REFUND_REQUEST_COMPLETE,RETURN_AND_REFUND
4039209342008919815,4039209342008854279,582803905025640199,2026-03-15,Calça Jeans Feminina Wide Leg Jeans Feminina Cintura Alta,REF51636,"Marmorizada, 36",83.62,83.62,Item doesn't fit,RETURN_OR_REFUND_REQUEST_COMPLETE,RETURN_AND_REFUND
4039208013476890339,4039208013476824803,583031016584939235,2026-03-15,Calça Jeans Feminina Wide Leg Jeans Cintura alta Preta,REF54736,"Preto , 36",80.65,80.65,Item doesn't fit,RETURN_OR_REFUND_REQUEST_CANCEL,RETURN_AND_REFUND
4039204963392259799,4039204963392194263,582783682902787799,2026-03-15,Calça Jeans Feminina Wide Leg Jeans Feminina Cintura Alta,REF52542,"Stone Used, 42",66.19,66.19,Item doesn't fit,RETURN_OR_REFUND_REQUEST_COMPLETE,RETURN_AND_REFUND
4039224444911650431,4039224444911584895,583036363751589503,2026-03-16,Calça Jeans Feminina Wide Leg Jeans Feminina Cintura Alta,REF51644,"Marmorizada, 44",83.1,83.1,Item doesn't fit,RETURN_OR_REFUND_REQUEST_COMPLETE,RETURN_AND_REFUND
4039224360873329883,4039224360873264347,583021508627956955,2026-03-16,Calça Jeans Feminina Wide Leg Cintura Alta- Candy Colors,REF54936,"ROSA BEBÊ, 36",82.47,82.47,Item doesn't fit,RETURN_OR_REFUND_REQUEST_CANCEL,RETURN_AND_REFUND
4039113379980018709,4039113379979953173,582819414022784021,2026-03-16,Calça Jeans Feminina Wide Leg Jeans Feminina Cintura Alta,REF51638,"Marmorizada, 38",77.5,77.5,Item doesn't fit,RETURN_OR_REFUND_REQUEST_COMPLETE,RETURN_AND_REFUND
4039224237082052362,4039224237081986826,583049837743933194,2026-03-16,Calça Jeans Feminina Wide Leg Jeans Cintura Alta Preta Marmorizada,REF52836,36,71.99,71.99,Item doesn't fit,RETURN_OR_REFUND_REQUEST_COMPLETE,RETURN_AND_REFUND
4039224151139714302,4039224151139648766,582594496871695614,2026-03-16,Calça Jeans Feminina Wide Leg Jeans Feminina Cintura Alta,REF51638,"Marmorizada, 38",81.9,81.9,Package wasn't received,RETURN_OR_REFUND_REQUEST_CANCEL,REFUND
4039224050942838014,4039224050942772478,582594496871695614,2026-03-16,Calça Jeans Feminina Wide Leg Jeans Feminina Cintura Alta,REF51638,"Marmorizada, 38",81.9,81.9,Package wasn't received,RETURN_OR_REFUND_REQUEST_CANCEL,REFUND
4039224005090117552,4039224005090052016,583035834135513008,2026-03-16,Calça Feminina Jeans Wide Leg Cintura Alta Azul Médio Marmorizado,REF55140,"Azul Médio Marmorizado , 40",78.36,78.36,No longer needed,RETURN_OR_REFUND_REQUEST_COMPLETE,RETURN_AND_REFUND
4039223914491708982,4039223914491643446,583051720019510838,2026-03-16,Calça Jeans Feminina Wide Leg Jeans Feminina Cintura Alta,REF51638,"Marmorizada, 38",87.65,87.65,Item doesn't fit,RETURN_OR_REFUND_REQUEST_COMPLETE,RETURN_AND_REFUND
4039223908632594017,4039223908632528481,583019714534016609,2026-03-16,Calça Jeans Feminina Wide Leg Jeans Feminina Cintura Alta,REF52544,"Stone Used, 44",66.76,66.76,Item doesn't fit,RETURN_OR_REFUND_REQUEST_COMPLETE,RETURN_AND_REFUND
4039223890961991286,4039223890961925750,583049759271126646,2026-03-16,Calça Jeans Feminina Wide Leg Cintura Alta Terracota,REF54842,"Terracota, 42",75.94,75.94,"Fabric, material or style not as expected",RETURN_OR_REFUND_REQUEST_COMPLETE,RETURN_AND_REFUND
4039224481277970147,4039224481277904611,583054489324062435,2026-03-16,Calça Jeans Feminina Wide Leg Jeans Feminina Cintura Alta,REF51636,"Marmorizada, 36",89.5,89.5,Item doesn't fit,RETURN_OR_REFUND_REQUEST_CANCEL,RETURN_AND_REFUND
4039223859225724547,4039223859225659011,582964364840044163,2026-03-16,Calça Jeans Feminina Wide Leg Jeans Feminina Cintura Alta,REF51638,"Marmorizada, 38",67.29,67.29,Item doesn't fit,RETURN_OR_REFUND_REQUEST_COMPLETE,RETURN_AND_REFUND
4039224073759655894,4039224073759590358,582858465809237974,2026-03-16,Calça Jeans Feminina Wide Leg Cintura Alta Azul Médio Marmorizado,REF55142,"Azul Médio Marmorizado , 42",79.99,79.99,Item doesn't fit,RETURN_OR_REFUND_REQUEST_CANCEL,RETURN_AND_REFUND
4039224481388332427,4039224481388266891,583037553132668299,2026-03-16,Calça Jeans Feminina Wide Leg Jeans Feminina Cintura Alta,REF51636,"Marmorizada, 36",86.88,86.88,Item doesn't fit,RETURN_OR_REFUND_REQUEST_COMPLETE,RETURN_AND_REFUND
4039224828140291755,4039224828140226219,583021435715946155,2026-03-16,Calça Jeans Feminina Wide Leg Jeans Feminina Cintura Alta,REF51646,"Marmorizada, 46",81.9,81.9,Item doesn't fit,RETURN_OR_REFUND_REQUEST_COMPLETE,RETURN_AND_REFUND
4039224622965621817,4039224622965556281,583052692387562553,2026-03-16,Calça Jeans Feminina Wide Leg Jeans Feminina Cintura Alta,REF51638,"Marmorizada, 38",68.4,68.4,Defective item,RETURN_OR_REFUND_REQUEST_CANCEL,RETURN_AND_REFUND
4039224712538523044,4039224712538457508,582986128297330084,2026-03-16,Calça Jeans Feminina Wide Leg Jeans Feminina Cintura Alta,REF52540,"Stone Used, 40",85.5,85.5,Item doesn't fit,RETURN_OR_REFUND_REQUEST_COMPLETE,RETURN_AND_REFUND
4039224712538391972,4039224712538326436,582986128297330084,2026-03-16,Calça Jeans Feminina Wide Leg Jeans Feminina Cintura Alta,REF51640,"Marmorizada, 40",79.8,79.8,Item doesn't fit,RETURN_OR_REFUND_REQUEST_COMPLETE,RETURN_AND_REFUND
4039224736371606563,4039224736371541027,583018859943789603,2026-03-16,Calça Jeans Feminina Wide Leg Jeans Feminina Cintura Alta Stone Used,REF52544,44,79.99,79.99,Item doesn't fit,RETURN_OR_REFUND_REQUEST_COMPLETE,RETURN_AND_REFUND
4039224746286351395,4039224746286285859,583018859943789603,2026-03-16,Calça Jeans Feminina Wide Leg Cintura Alta Azul Médio Marmorizado,REF55144,"Azul Médio Marmorizado , 44",87.94,87.94,Item doesn't fit,RETURN_OR_REFUND_REQUEST_COMPLETE,RETURN_AND_REFUND
4039225024090506449,4039225024090440913,582933512939144401,2026-03-16,Calça Jeans Feminina Wide Leg Jeans Feminina Cintura Alta,REF52536,"Stone Used, 36",83.1,83.1,Item doesn't fit,RETURN_OR_REFUND_REQUEST_COMPLETE,RETURN_AND_REFUND
4039225083540309321,4039225083540243785,583028164731110729,2026-03-16,Calça Jeans Feminina Wide Leg Jeans Feminina Cintura Alta,REF51638,"Marmorizada, 38",80.1,80.1,Item doesn't fit,RETURN_OR_REFUND_REQUEST_COMPLETE,RETURN_AND_REFUND
4039225387926521719,4039225395355223927,582899153070950263,2026-03-16,Calça Jeans Feminina Wide Leg Jeans Feminina Cintura Alta,REF51640,"Marmorizada, 40",79.9,79.9,Item doesn't fit,RETURN_OR_REFUND_REQUEST_CANCEL,RETURN_AND_REFUND
4039225585296770889,4039225585296705353,583032566003959625,2026-03-16,Calça Jeans Feminina Wide Leg Jeans Feminina Cintura Alta,REF52536,"Stone Used, 36",62.99,62.99,Item doesn't fit,RETURN_OR_REFUND_REQUEST_COMPLETE,RETURN_AND_REFUND
4039225620489930497,4039225620489864961,583002945330251521,2026-03-16,Calça Jeans Feminina Wide Leg Jeans Feminina Cintura Alta,REF52738,"Sky Used, 38",67.89,67.89,Item doesn't fit,RETURN_OR_REFUND_REQUEST_COMPLETE,RETURN_AND_REFUND
4039226094736803250,4039226094736737714,582969800655537586,2026-03-16,Calça Jeans Feminina Wide Leg Jeans Feminina Cintura Alta,REF52544,"Stone Used, 44",66.14,66.14,Item doesn't fit,RETURN_OR_REFUND_REQUEST_COMPLETE,RETURN_AND_REFUND
4039226622596974501,4039226622596908965,583034571528898469,2026-03-16,Calça Jeans Feminina Wide Leg Cintura Alta- Candy Colors,REF54944,"ROSA BEBÊ, 44",78.69,78.69,Item doesn't fit,RETURN_OR_REFUND_REQUEST_COMPLETE,RETURN_AND_REFUND
4039226719755667101,4039226719755601565,582931336803681949,2026-03-16,Calça Jeans Feminina Wide Leg Cintura Alta Azul Médio Marmorizado,REF55142,"Azul Médio Marmorizado , 42",85.29,85.29,Item doesn't fit,RETURN_OR_REFUND_REQUEST_COMPLETE,RETURN_AND_REFUND
4039223844252124453,4039223844252058917,582717833728394533,2026-03-16,Calça Jeans Feminina Wide Leg Jeans Feminina Cintura Alta,REF51640,"Marmorizada, 40",73.24,73.24,"Fabric, material or style not as expected",RETURN_OR_REFUND_REQUEST_COMPLETE,RETURN_AND_REFUND
4039224523067720759,4039224523067655223,583038422820881463,2026-03-16,Calça Jeans Feminina Wide Leg Jeans Feminina Cintura Alta,REF52544,"Stone Used, 44",79.9,79.9,Item doesn't fit,RETURN_OR_REFUND_REQUEST_COMPLETE,RETURN_AND_REFUND
4039223796790625820,4039223796790560284,583002520264345116,2026-03-16,Calça Jeans Feminina Wide Leg Jeans Feminina Cintura Alta,REF51638,"Marmorizada, 38",79.9,79.9,Item doesn't fit,RETURN_OR_REFUND_REQUEST_CANCEL,RETURN_AND_REFUND
4039222612958348882,4039222612958283346,583036381882779218,2026-03-16,Calça Jeans Feminina Wide Leg Jeans Feminina Cintura Alta,REF51638,"Marmorizada, 38",62.99,62.99,Item doesn't fit,RETURN_OR_REFUND_REQUEST_CANCEL,RETURN_AND_REFUND
4039223651706767100,4039223651706701564,582926619094910716,2026-03-16,Calça Jeans Feminina Wide Leg Jeans Feminina Cintura Alta,REF52544,"Stone Used, 44",83.1,83.1,"Fabric, material or style not as expected",RETURN_OR_REFUND_REQUEST_CANCEL,RETURN_AND_REFUND
4039213636264953184,4039213636264887648,583017002357392736,2026-03-16,Shorts Mom/Social Feminino Jeans Cintura Alta Barra Dobrada,REF55340,"Marmorizada, 40",54.37,54.37,Item doesn't fit,RETURN_OR_REFUND_REQUEST_COMPLETE,RETURN_AND_REFUND
4039214150493243208,4039214150493177672,582966576633251656,2026-03-16,Calça Jeans Feminina Wide Leg Jeans Feminina Cintura Alta,REF51636,"Marmorizada, 36",79.9,79.9,Item doesn't fit,RETURN_OR_REFUND_REQUEST_CANCEL,RETURN_AND_REFUND
4039218324180010059,4039218324179944523,582965746141398091,2026-03-16,Calça Jeans Feminina Wide Leg Jeans Feminina Cintura Alta,REF51636,"Marmorizada, 36",61.33,61.33,Item doesn't fit,RETURN_OR_REFUND_REQUEST_COMPLETE,RETURN_AND_REFUND
4039218592140657800,4039218592140526728,583004092068496520,2026-03-16,Calça Jeans Feminina Wide Leg Jeans Feminina Cintura Alta,REF52538,"Stone Used, 38",80.7,80.7,Item doesn't fit,RETURN_OR_REFUND_REQUEST_COMPLETE,RETURN_AND_REFUND
4039219575868000230,4039219575867934694,582892980580157414,2026-03-16,Calça Jeans Feminina Wide Leg Cintura Alta Chocolate,REF56238,"Chocolate, 38",94.59,94.59,Defective item,RETURN_OR_REFUND_REQUEST_CANCEL,RETURN_AND_REFUND
4039223749916001356,4039223749915935820,582698133982053452,2026-03-16,Calça Jeans Feminina Wide Leg Jeans Feminina Cintura Alta,REF52742,"Sky Used, 42",79.9,79.9,Item doesn't fit,RETURN_OR_REFUND_REQUEST_CANCEL,RETURN_AND_REFUND
4039219964278703140,4039219964278637604,583001486161445924,2026-03-16,Calça Jeans Feminina Wide Leg Jeans Feminina Cintura Alta,REF51638,"Marmorizada, 38",83.1,83.1,Item doesn't fit,RETURN_OR_REFUND_REQUEST_COMPLETE,RETURN_AND_REFUND
4039220033790641838,4039220033790576302,582784794312017582,2026-03-16,Calça Jeans Feminina Wide Leg Jeans Feminina Cintura Alta,REF51642,"Marmorizada, 42",80.7,80.7,"Fabric, material or style not as expected",RETURN_OR_REFUND_REQUEST_COMPLETE,RETURN_AND_REFUND
4039220848478619384,4039220848478553848,582997961401206520,2026-03-16,Calça Jeans Feminina Wide Leg Jeans Feminina Cintura Alta,REF52538,"Stone Used, 38",83.1,83.1,Item doesn't fit,RETURN_OR_REFUND_REQUEST_COMPLETE,RETURN_AND_REFUND
4039220838398789567,4039220838398724031,582732011420682175,2026-03-16,Calça Jeans Feminina Wide Leg Jeans Feminina Cintura Alta,REF52546,"Stone Used, 46",57.63,57.63,Item doesn't fit,RETURN_OR_REFUND_REQUEST_COMPLETE,RETURN_AND_REFUND
4039220868022503359,4039220868022437823,582732011420682175,2026-03-16,Calça Jeans Feminina Wide Leg Jeans Feminina Cintura Alta,REF52746,"Sky Used, 46",64.63,64.63,Item doesn't fit,RETURN_OR_REFUND_REQUEST_COMPLETE,RETURN_AND_REFUND
4039220872963589282,4039220872963523746,582873800986297506,2026-03-16,Shorts Mom/Social Feminino Jeans Cintura Alta Barra Dobrada Candy Colors,REF55942,"Rosa Bebê , 42",65.6,65.6,Item doesn't fit,RETURN_OR_REFUND_REQUEST_CANCEL,RETURN_AND_REFUND
4039220967414007627,4039220967413942091,583004293166106443,2026-03-16,Calça Jeans Feminina Wide Leg Jeans Feminina Cintura Alta,REF51636,"Marmorizada, 36",79.9,79.9,Item doesn't fit,RETURN_OR_REFUND_REQUEST_COMPLETE,RETURN_AND_REFUND
4039221250938537161,4039221250938471625,583037122327774409,2026-03-16,Calça Jeans Feminina Wide Leg Jeans Feminina Cintura Alta,REF51636,"Marmorizada, 36",88.51,88.51,Item doesn't fit,RETURN_OR_REFUND_REQUEST_CANCEL,RETURN_AND_REFUND
4039219639301735660,4039219639301670124,583035420565472492,2026-03-16,Calça Jeans Feminina Wide Leg Cintura Alta- Candy Colors,REF54938,"ROSA BEBÊ, 38",82.47,82.47,Item doesn't fit,RETURN_OR_REFUND_REQUEST_COMPLETE,RETURN_AND_REFUND
4039221311835112615,4039221311835047079,583033021125133479,2026-03-16,Calça Jeans Feminina Wide Leg Jeans Feminina Cintura Alta,REF51638,"Marmorizada, 38",81.9,81.9,Item doesn't fit,RETURN_OR_REFUND_REQUEST_COMPLETE,RETURN_AND_REFUND
4039221296710714535,4039221296710648999,583033021125133479,2026-03-16,Calça Jeans Feminina Wide Leg Cintura Alta- Candy Colors,REF54936,"ROSA BEBÊ, 36",77.21,77.21,Item doesn't fit,RETURN_OR_REFUND_REQUEST_COMPLETE,RETURN_AND_REFUND
4039223645196420860,4039223645196355324,582926619094910716,2026-03-16,Calça Jeans Feminina Wide Leg Jeans Feminina Cintura Alta,REF52544,"Stone Used, 44",83.1,83.1,Color or pattern not as expected,RETURN_OR_REFUND_REQUEST_CANCEL,RETURN_AND_REFUND
4039223621944509863,4039223620808574375,583019319018554791,2026-03-16,Calça Jeans Feminina Wide Leg Jeans Feminina Cintura Alta,REF51638,"Marmorizada, 38",66.44,66.44,Item doesn't fit,RETURN_OR_REFUND_REQUEST_COMPLETE,RETURN_AND_REFUND
4039223394719729529,4039223394719663993,583021547717494649,2026-03-16,Calça Jeans Feminina Wide Leg Jeans Feminina Cintura Alta,REF51638,"Marmorizada, 38",79.9,79.9,Item doesn't fit,RETURN_OR_REFUND_REQUEST_COMPLETE,RETURN_AND_REFUND
4039223263588157039,4039223263588091503,582696096679495279,2026-03-16,Calça Jeans Feminina Wide Leg Jeans Feminina Cintura Alta,REF51646,"Marmorizada, 46",62.99,62.99,Item doesn't fit,RETURN_OR_REFUND_REQUEST_CANCEL,RETURN_AND_REFUND
4039223191905666275,4039223191905600739,582698848287950051,2026-03-16,Calça Jeans Feminina Wide Leg Jeans Feminina Cintura Alta,REF51638,"Marmorizada, 38",69.99,69.99,Item doesn't fit,RETURN_OR_REFUND_REQUEST_COMPLETE,RETURN_AND_REFUND
4039223088906470693,4039223088906405157,582931836289123621,2026-03-16,Calça Jeans Feminina Wide Leg Jeans Feminina Cintura Alta,REF51644,"Marmorizada, 44",80.7,80.7,Item doesn't fit,RETURN_OR_REFUND_REQUEST_COMPLETE,RETURN_AND_REFUND
4039221701659428321,4039221701659362785,582781026602550753,2026-03-16,Calça Jeans Feminina Wide Leg Jeans Feminina Cintura Alta,REF52738,"Sky Used, 38",79.9,79.9,Item doesn't fit,RETURN_OR_REFUND_REQUEST_COMPLETE,RETURN_AND_REFUND
4039222780232828011,4039222780232762475,582964921324307563,2026-03-16,Calça Jeans Feminina Wide Leg Cintura Alta- Candy Colors,REF54940,"ROSA BEBÊ, 40",91.19,91.19,Item doesn't fit,RETURN_OR_REFUND_REQUEST_COMPLETE,RETURN_AND_REFUND
4039222515465881203,4039222515465815667,583001623034365555,2026-03-16,Calça Jeans Feminina Wide Leg Jeans Feminina Cintura Alta,REF52738,"Sky Used, 38",79.9,79.9,"Fabric, material or style not as expected",RETURN_OR_REFUND_REQUEST_COMPLETE,RETURN_AND_REFUND
4039222393947850668,4039222393947785132,583034336797099948,2026-03-16,Calça Jeans Feminina Wide Leg Jeans Feminina Cintura Alta,REF51646,"Marmorizada, 46",78.31,78.31,Item doesn't fit,RETURN_OR_REFUND_REQUEST_COMPLETE,RETURN_AND_REFUND
4039222162065949762,4039222162065884226,582931504492151874,2026-03-16,Calça Jeans Feminina Wide Leg Cintura Alta Terracota,REF54842,"Terracota, 42",97.65,97.65,"Fabric, material or style not as expected",RETURN_OR_REFUND_REQUEST_COMPLETE,RETURN_AND_REFUND
4039221823208522879,4039221823208457343,583018250558342271,2026-03-16,Calça Jeans Feminina Wide Leg Jeans Feminina Cintura Alta,REF51638,"Marmorizada, 38",81.75,81.75,Item doesn't fit,RETURN_OR_REFUND_REQUEST_COMPLETE,RETURN_AND_REFUND
4039223001850217658,4039223001850152122,582965000336934074,2026-03-16,Calça Jeans Feminina Wide Leg Jeans Feminina Cintura Alta,REF51638,"Marmorizada, 38",88.3,88.3,Defective item,RETURN_OR_REFUND_REQUEST_COMPLETE,RETURN_AND_REFUND
4039235131644806506,4039235131644740970,583036749988332906,2026-03-17,Calça Jeans Feminina Wide Leg Jeans Feminina Cintura Alta,REF51636,"Marmorizada, 36",68.19,68.19,Item doesn't fit,RETURN_OR_REFUND_REQUEST_COMPLETE,RETURN_AND_REFUND
4039235878184257490,4039235878184191954,583036719483684818,2026-03-17,Calça Jeans Feminina Wide Leg Jeans Feminina Cintura Alta,REF51646,"Marmorizada, 46",69.9,69.9,Item doesn't fit,RETURN_OR_REFUND_REQUEST_COMPLETE,RETURN_AND_REFUND
4039235895067576274,4039235895067510738,583036719483684818,2026-03-17,Calça Jeans Feminina Wide Leg Jeans Feminina Cintura Alta,REF52546,"Stone Used, 46",69.9,69.9,Item doesn't fit,RETURN_OR_REFUND_REQUEST_COMPLETE,RETURN_AND_REFUND
4039236143763653945,4039236143763588409,583050871218734393,2026-03-17,Calça Jeans Feminina Wide Leg Cintura Alta- Candy Colors,REF54940,"ROSA BEBÊ, 40",83.27,83.27,Item doesn't fit,RETURN_OR_REFUND_REQUEST_COMPLETE,RETURN_AND_REFUND
4039236402573771802,4039236402573706266,583022540918260762,2026-03-17,Calça Jeans Feminina Wide Leg Cintura Alta- Candy Colors,REF54938,"ROSA BEBÊ, 38",74.29,74.29,Package wasn't received,RETURN_OR_REFUND_REQUEST_COMPLETE,REFUND
4039236428956075854,4039236428956010318,582858606486849358,2026-03-17,Calça Jeans Feminina Wide Leg Jeans Feminina Cintura Alta,REF52540,"Stone Used, 40",69.99,69.99,"Fabric, material or style not as expected",RETURN_OR_REFUND_REQUEST_COMPLETE,RETURN_AND_REFUND
4039236447879333138,4039236447879267602,583018928975414546,2026-03-17,Calça Jeans Feminina Wide Leg Jeans Feminina Cintura Alta,REF52744,"Sky Used, 44",79.9,79.9,Item doesn't match description,RETURN_OR_REFUND_REQUEST_COMPLETE,RETURN_AND_REFUND
4039236623493859213,4039236623493793677,583028345997461389,2026-03-17,Calça Jeans Feminina Wide Leg Jeans Feminina Cintura Alta,REF51636,"Marmorizada, 36",79.9,79.9,Item doesn't fit,RETURN_OR_REFUND_REQUEST_COMPLETE,RETURN_AND_REFUND
4039237203918424063,4039237203918358527,582943377282861055,2026-03-17,Calça Jeans Feminina Wide Leg Cintura Alta Branca,REF54644,"Branco, 44",80.15,80.15,Item doesn't fit,RETURN_OR_REFUND_REQUEST_COMPLETE,RETURN_AND_REFUND
4039236928297141611,4039236928297076075,583036852587365739,2026-03-17,Calça Jeans Feminina Wide Leg Jeans Feminina Cintura Alta,REF52544,"Stone Used, 44",65.6,65.6,Item doesn't fit,RETURN_OR_REFUND_REQUEST_COMPLETE,RETURN_AND_REFUND
4039237236409337080,4039237236409271544,583035052209571064,2026-03-17,Calça Jeans Feminina Wide Leg Jeans Feminina Cintura Alta,REF51638,"Marmorizada, 38",81.64,81.64,Item doesn't fit,RETURN_OR_REFUND_REQUEST_COMPLETE,RETURN_AND_REFUND
4039237255402981241,4039237255402915705,582968073028601721,2026-03-17,Calça Jeans Feminina Wide Leg Jeans Feminina Cintura Alta,REF52544,"Stone Used, 44",79.9,79.9,Item doesn't fit,RETURN_OR_REFUND_REQUEST_COMPLETE,RETURN_AND_REFUND
4039237276039153654,4039237276039088118,582858174006659062,2026-03-17,Calça Jeans Feminina Wide Leg Jeans Feminina Cintura Alta,REF52544,"Stone Used, 44",69.99,69.99,Item doesn't fit,RETURN_OR_REFUND_REQUEST_COMPLETE,RETURN_AND_REFUND
4039234692338189564,4039234692338124028,582893469046506748,2026-03-17,Calça Jeans Feminina Wide Leg Jeans Feminina Cintura Alta,REF51636,"Marmorizada, 36",64.49,64.49,Item doesn't fit,RETURN_OR_REFUND_REQUEST_COMPLETE,RETURN_AND_REFUND
4039237576689419620,4039237576689354084,582982797581714788,2026-03-17,Calça Jeans Feminina Wide Leg Jeans Feminina Cintura Alta,REF52538,"Stone Used, 38",69.9,69.9,"Fabric, material or style not as expected",RETURN_OR_REFUND_REQUEST_COMPLETE,RETURN_AND_REFUND
4039237988158572414,4039237988158506878,583051504104277886,2026-03-17,Calça Jeans Feminina Wide Leg Jeans Feminina Cintura Alta,REF51638,"Marmorizada, 38",81.9,81.9,Item doesn't fit,RETURN_OR_REFUND_REQUEST_COMPLETE,RETURN_AND_REFUND
4039236915540624747,4039236915540559211,583036852587365739,2026-03-17,Calça Jeans Feminina Wide Leg Jeans Feminina Cintura Alta,REF51644,"Marmorizada, 44",61.1,61.1,Item doesn't fit,RETURN_OR_REFUND_REQUEST_COMPLETE,RETURN_AND_REFUND
4039237287544850422,4039237287544784886,582858174006659062,2026-03-17,Calça Jeans Feminina Wide Leg Jeans Feminina Cintura Alta,REF52746,"Sky Used, 46",90.59,90.59,"Fabric, material or style not as expected",RETURN_OR_REFUND_REQUEST_COMPLETE,RETURN_AND_REFUND
4039234245360256115,4039234245360190579,583034858260563059,2026-03-17,Calça Jeans Feminina Wide Leg Jeans Feminina Cintura Alta,REF52544,"Stone Used, 44",57.85,57.85,Item doesn't fit,RETURN_OR_REFUND_REQUEST_COMPLETE,RETURN_AND_REFUND
4039233963677811966,4039233963677746430,582594496871695614,2026-03-17,Calça Jeans Feminina Wide Leg Jeans Feminina Cintura Alta,REF51638,"Marmorizada, 38",81.9,81.9,Package wasn't received,RETURN_OR_REFUND_REQUEST_CANCEL,REFUND
4039234064353821811,4039234064353756275,583034858260563059,2026-03-17,Calça Jeans Feminina Wide Leg Jeans Feminina Cintura Alta,REF52744,"Sky Used, 44",54.69,54.69,Item doesn't fit,RETURN_OR_REFUND_REQUEST_COMPLETE,RETURN_AND_REFUND
4039227147237491882,4039227147237360810,582935826406409386,2026-03-17,Calça Jeans Feminina Wide Leg Jeans Feminina Cintura Alta,REF52736,"Sky Used, 36",64.94,64.94,Color or pattern not as expected,RETURN_OR_REFUND_REQUEST_COMPLETE,RETURN_AND_REFUND
4039230040742069646,4039230040742004110,582950959684158862,2026-03-17,Calça Jeans Feminina Wide Leg Jeans Feminina Cintura Alta,REF51640,"Marmorizada, 40",68.94,68.94,Item doesn't fit,RETURN_OR_REFUND_REQUEST_CANCEL,RETURN_AND_REFUND
4039231473910580812,4039231473910515276,583017809789748812,2026-03-17,Calça Jeans Feminina Wide Leg Jeans Cintura alta Preta,REF54746,"Preto , 46",79.97,79.97,Item doesn't fit,RETURN_OR_REFUND_REQUEST_COMPLETE,RETURN_AND_REFUND
4039231471267710540,4039231471267645004,583017809789748812,2026-03-17,Calça Jeans Feminina Wide Leg Cintura Alta Branca,REF54646,"Branco, 46",79.97,79.97,Item doesn't fit,RETURN_OR_REFUND_REQUEST_COMPLETE,RETURN_AND_REFUND
4039231486731716172,4039231486731650636,583017752917280332,2026-03-17,Calça Jeans Feminina Wide Leg Jeans Cintura alta Preta,REF54746,"Preto , 46",73.6,73.6,Item doesn't fit,RETURN_OR_REFUND_REQUEST_COMPLETE,RETURN_AND_REFUND
4039231500698355276,4039231500698289740,583017752917280332,2026-03-17,Calça Jeans Feminina Wide Leg Cintura Alta Branca,REF54646,"Branco, 46",73.6,73.6,Item doesn't fit,RETURN_OR_REFUND_REQUEST_COMPLETE,RETURN_AND_REFUND
4039231490112521804,4039231490112456268,583017752917280332,2026-03-17,Calça Jeans Feminina Wide Leg Cintura Alta Azul Médio Marmorizado,REF55146,"Azul Médio Marmorizado , 46",84.0,84.0,Item doesn't fit,RETURN_OR_REFUND_REQUEST_COMPLETE,RETURN_AND_REFUND
4039231485469099596,4039231485469034060,583017809789748812,2026-03-17,Calça Jeans Feminina Wide Leg Cintura Alta Azul Médio Marmorizado,REF55146,"Azul Médio Marmorizado , 46",91.26,91.26,Item doesn't fit,RETURN_OR_REFUND_REQUEST_COMPLETE,RETURN_AND_REFUND
4039231900924348010,4039231900924282474,583037756167652970,2026-03-17,Calça Jeans Feminina Wide Leg Jeans Cintura alta Preta,REF54738,"Preto , 38",83.86,83.86,Item doesn't fit,RETURN_OR_REFUND_REQUEST_COMPLETE,RETURN_AND_REFUND
4039231916224054350,4039231916223988814,582963306410509390,2026-03-17,Calça Jeans Feminina Wide Leg Jeans Feminina Cintura Alta,REF51638,"Marmorizada, 38",79.9,79.9,"Fabric, material or style not as expected",RETURN_OR_REFUND_REQUEST_CANCEL,RETURN_AND_REFUND
4039231930148881486,4039231930148815950,582963306410509390,2026-03-17,Calça Jeans Feminina Wide Leg Jeans Feminina Cintura Alta,REF52538,"Stone Used, 38",88.0,88.0,"Fabric, material or style not as expected",RETURN_OR_REFUND_REQUEST_CANCEL,RETURN_AND_REFUND
4039232418139572197,4039232418139506661,582749502439196645,2026-03-17,Calça Jeans Feminina Wide Leg Jeans Feminina Cintura Alta,REF52540,"Stone Used, 40",69.99,69.99,Item doesn't fit,RETURN_OR_REFUND_REQUEST_CANCEL,RETURN_AND_REFUND
4039232472738203490,4039232472738137954,583035232186828642,2026-03-17,Calça Jeans Feminina Wide Leg Cintura Alta- Candy Colors,REF54938,"ROSA BEBÊ, 38",83.27,83.27,Package wasn't received,RETURN_OR_REFUND_REQUEST_CANCEL,REFUND
4039233354343614282,4039233354343548746,582783462622660426,2026-03-17,Calça Jeans Feminina Wide Leg Jeans Feminina Cintura Alta,REF51638,"Marmorizada, 38",81.9,81.9,Item doesn't fit,RETURN_OR_REFUND_REQUEST_COMPLETE,RETURN_AND_REFUND
4039233818208011800,4039233818207946264,583021287168968216,2026-03-17,Calça Jeans Feminina Wide Leg Jeans Feminina Cintura Alta,REF51638,"Marmorizada, 38",61.75,61.75,Item doesn't fit,RETURN_OR_REFUND_REQUEST_COMPLETE,RETURN_AND_REFUND
4039231645514237043,4039231645514171507,582964835795240051,2026-03-17,Shorts Jeans Feminino Cintura Alta Casual Azul Escuro,REF57538,"Azul Escuro , 38",58.49,58.49,Item doesn't fit,RETURN_OR_REFUND_REQUEST_COMPLETE,RETURN_AND_REFUND
4039247713878771152,4039247713878705616,582897799732495824,2026-03-18,Calça Jeans Feminina Wide Leg Jeans Feminina Cintura Alta,REF51646,"Marmorizada, 46",75.44,75.44,Item doesn't fit,RETURN_OR_REFUND_REQUEST_CANCEL,RETURN_AND_REFUND
4039249293777799020,4039249293777733484,583015178760652652,2026-03-18,Calça Jeans Feminina Wide Leg Jeans Feminina Cintura Alta,REF52546,"Stone Used, 46",79.9,79.9,Item doesn't fit,RETURN_OR_REFUND_REQUEST_CANCEL,RETURN_AND_REFUND
4039248362226812879,4039248362226747343,582949020707882959,2026-03-18,Calça Jeans Feminina Wide Leg Cintura Alta- Candy Colors,REF54938,"ROSA BEBÊ, 38",99.9,99.9,Package wasn't received,RETURN_OR_REFUND_REQUEST_COMPLETE,REFUND
4039248253834069281,4039248253834003745,582966181155931425,2026-03-18,Calça Jeans Feminina Wide Leg Jeans Cintura alta Preta,REF54740,"Preto , 40",83.15,83.15,Item doesn't fit,RETURN_OR_REFUND_REQUEST_COMPLETE,RETURN_AND_REFUND
4039247812026533770,4039247812026468234,582852219927103370,2026-03-18,Calça Jeans Feminina Wide Leg Jeans Feminina Cintura Alta,REF52538,"Stone Used, 38",79.9,79.9,Item doesn't fit,RETURN_OR_REFUND_REQUEST_COMPLETE,RETURN_AND_REFUND
4039247769262917322,4039247769262851786,582698836550125258,2026-03-18,Calça Jeans Feminina Wide Leg Jeans Feminina Cintura Alta,REF51642,"Marmorizada, 42",64.94,64.94,No longer needed,RETURN_OR_REFUND_REQUEST_COMPLETE,RETURN_AND_REFUND
4039247766383330444,4039247766383264908,583054205311616140,2026-03-18,Calça Jeans Feminina Wide Leg Jeans Feminina Cintura Alta,REF52542,"Stone Used, 42",79.9,79.9,Item doesn't match description,RETURN_OR_REFUND_REQUEST_CANCEL,RETURN_AND_REFUND
4039247185493526314,4039247185493460778,582679641649809194,2026-03-18,Calça Jeans Feminina Wide Leg Jeans Feminina Cintura Alta,REF52740,"Sky Used, 40",62.99,62.99,Item doesn't fit,RETURN_OR_REFUND_REQUEST_COMPLETE,RETURN_AND_REFUND
4039247712156812752,4039247712156747216,582897799732495824,2026-03-18,Calça Jeans Feminina Wide Leg Cintura Alta Chocolate,REF56246,"Chocolate, 46",79.99,79.99,Item doesn't fit,RETURN_OR_REFUND_REQUEST_CANCEL,RETURN_AND_REFUND
4039246997210825994,4039246997210760458,582964231034471690,2026-03-18,Calça Jeans Feminina Wide Leg Jeans Feminina Cintura Alta,REF52538,"Stone Used, 38",78.3,78.3,Item doesn't fit,RETURN_OR_REFUND_REQUEST_CANCEL,RETURN_AND_REFUND
4039247132390426426,4039247132390360890,583115055291270970,2026-03-18,Calça Feminina Jeans Wide Leg Cintura Alta Azul Médio Marmorizado,REF55140,"Azul Médio Marmorizado , 40",71.99,71.99,Item doesn't fit,RETURN_OR_REFUND_REQUEST_COMPLETE,RETURN_AND_REFUND
4039239895996401418,4039239895996335882,583051481683691274,2026-03-18,Calça Jeans Feminina Wide Leg Jeans Feminina Cintura Alta,REF51638,"Marmorizada, 38",63.79,63.79,Item doesn't fit,RETURN_OR_REFUND_REQUEST_COMPLETE,RETURN_AND_REFUND
4039244445063873878,4039244445063808342,582898267245544790,2026-03-18,Calça Jeans Feminina Wide Leg Jeans Feminina Cintura Alta,REF51640,"Marmorizada, 40",79.9,79.9,Item doesn't fit,RETURN_OR_REFUND_REQUEST_CANCEL,RETURN_AND_REFUND
4039244583008700317,4039244583008634781,582987177788737437,2026-03-18,Calça Jeans Feminina Wide Leg Jeans Feminina Cintura Alta,REF51638,"Marmorizada, 38",83.1,83.1,Item doesn't fit,RETURN_OR_REFUND_REQUEST_COMPLETE,RETURN_AND_REFUND
4039243911883687115,4039243911883490507,582965714146002123,2026-03-18,Calça Jeans Feminina Wide Leg Jeans Feminina Cintura Alta,REF52738,"Sky Used, 38",66.14,66.14,Package wasn't received,RETURN_OR_REFUND_REQUEST_COMPLETE,REFUND
4039245321956591613,4039245321956526077,583051512327145469,2026-03-18,Calça Jeans Wide Leg Cintura Alta Sky Used,REF52740,"Sky Used, 40",64.99,64.99,Item doesn't fit,RETURN_OR_REFUND_REQUEST_CANCEL,RETURN_AND_REFUND
4039246357778695466,4039246357778629930,583020626683004202,2026-03-18,Calça Jeans Feminina Wide Leg Jeans Feminina Cintura Alta,REF51642,"Marmorizada, 42",70.79,70.79,Defective item,RETURN_OR_REFUND_REQUEST_COMPLETE,RETURN_AND_REFUND
4039246380072338800,4039246380072273264,582821882112017776,2026-03-18,Calça Jeans Feminina Wide Leg Jeans Feminina Cintura Alta Stone Used,REF52540,40,70.79,70.79,Item doesn't fit,RETURN_OR_REFUND_REQUEST_COMPLETE,RETURN_AND_REFUND
4039244614904415796,4039244614904350260,582607373680608820,2026-03-18,Calça Jeans Feminina Wide Leg Jeans Feminina Cintura Alta,REF52744,"Sky Used, 44",78.1,78.1,Item doesn't fit,RETURN_OR_REFUND_REQUEST_COMPLETE,RETURN_AND_REFUND
4039258755246294930,4039258755246229394,582986484249823122,2026-03-19,Calça Jeans Feminina Wide Leg Jeans Cintura Alta Preta Marmorizada,REF52844,44,104.05,104.05,Item doesn't fit,RETURN_OR_REFUND_REQUEST_COMPLETE,RETURN_AND_REFUND
4039258516267959340,4039258516267893804,583125851976139820,2026-03-19,Calça Jeans Feminina Wide Leg Jeans Cintura Alta Preta Marmorizada,REF52836,36,72.79,72.79,Item doesn't fit,RETURN_OR_REFUND_REQUEST_COMPLETE,RETURN_AND_REFUND
4039258561037698141,4039258561037632605,583015269938070621,2026-03-19,Calça Jeans Feminina Wide Leg Jeans Feminina Cintura Alta,REF52540,"Stone Used, 40",64.21,64.21,Item doesn't fit,RETURN_OR_REFUND_REQUEST_COMPLETE,RETURN_AND_REFUND
4039258564573365509,4039258564573299973,583013733327471877,2026-03-19,Calça Jeans Feminina Wide Leg Jeans Feminina Cintura Alta,REF51636,"Marmorizada, 36",79.9,79.9,Item doesn't fit,RETURN_OR_REFUND_REQUEST_COMPLETE,RETURN_AND_REFUND
4039258721620624772,4039258721620559236,583113091527247236,2026-03-19,Calça Jeans Feminina Wide Leg Cintura Alta Chocolate,REF56244,"Chocolate, 44",85.36,85.36,Item doesn't fit,RETURN_OR_REFUND_REQUEST_COMPLETE,RETURN_AND_REFUND
4039258351157019952,4039258351156954416,582893389291750704,2026-03-19,Calça Jeans Feminina Wide Leg Jeans Feminina Cintura Alta,REF51640,"Marmorizada, 40",81.19,81.19,Item doesn't fit,RETURN_OR_REFUND_REQUEST_COMPLETE,RETURN_AND_REFUND
4039258745619187602,4039258745619122066,582986484249823122,2026-03-19,Calça Jeans Feminina Wide Leg Jeans Feminina Cintura Alta,REF51644,"Marmorizada, 44",90.6,90.6,Item doesn't fit,RETURN_OR_REFUND_REQUEST_COMPLETE,RETURN_AND_REFUND
4039258801567990995,4039258801567925459,583017956104570067,2026-03-19,Calça Jeans Feminina Wide Leg Jeans Feminina Cintura Alta,REF51640,"Marmorizada, 40",66.44,66.44,Item doesn't fit,RETURN_OR_REFUND_REQUEST_COMPLETE,RETURN_AND_REFUND
4039259825958257733,4039259825958192197,583066394109838405,2026-03-19,Calça Feminina Jeans Wide Leg Cintura Alta Azul Médio Marmorizado,REF55144,"Azul Médio Marmorizado , 44",71.99,71.99,Item doesn't fit,RETURN_OR_REFUND_REQUEST_COMPLETE,RETURN_AND_REFUND
4039258955400382368,4039258955400316832,582967194036176800,2026-03-19,Calça Jeans Feminina Wide Leg Jeans Feminina Cintura Alta,REF51642,"Marmorizada, 42",69.9,69.9,"Fabric, material or style not as expected",RETURN_OR_REFUND_REQUEST_COMPLETE,RETURN_AND_REFUND
4039259342996473274,4039259342996407738,583037126148064698,2026-03-19,Calça Jeans Feminina Wide Leg Jeans Feminina Cintura Alta,REF52542,"Stone Used, 42",80.7,80.7,Item doesn't fit,RETURN_OR_REFUND_REQUEST_COMPLETE,RETURN_AND_REFUND
4039259702047638640,4039259702047573104,583128558455522416,2026-03-19,Calça Jeans Feminina Wide Leg Jeans Feminina Cintura Alta,REF51636,"Marmorizada, 36",80.7,80.7,Item doesn't fit,RETURN_OR_REFUND_REQUEST_COMPLETE,RETURN_AND_REFUND
4039259832367351222,4039259832367285686,583115170432910774,2026-03-19,Calça Jeans Feminina Wide Leg Jeans Feminina Cintura Alta Stone Used,REF52540,40,73.79,73.79,"Item arrived damaged. Example: item is dented, scratched or shattered.",RETURN_OR_REFUND_REQUEST_CANCEL,RETURN_AND_REFUND
4039259973658707341,4039259973658641805,583129732707943821,2026-03-19,Calça Jeans Feminina Wide Leg Jeans Feminina Cintura Alta,REF51636,"Marmorizada, 36",63.74,63.74,Wrong item was sent,RETURN_OR_REFUND_REQUEST_COMPLETE,RETURN_AND_REFUND
4039259992006100597,4039259992006035061,583078446693254773,2026-03-19,Calça Feminina Jeans Wide Leg Cintura Alta Azul Médio Marmorizado,REF55146,"Azul Médio Marmorizado , 46",95.08,95.08,Wrong item was sent,RETURN_OR_REFUND_REQUEST_COMPLETE,RETURN_AND_REFUND
4039260278980970044,4039260278980904508,582821207043900988,2026-03-19,Calça Jeans Feminina Wide Leg Cintura Alta Azul Médio Marmorizado,REF55142,"Azul Médio Marmorizado , 42",94.9,94.9,Item doesn't fit,RETURN_OR_REFUND_REQUEST_COMPLETE,RETURN_AND_REFUND
4039260360293386073,4039260360293320537,583084580651566937,2026-03-19,Calça Feminina Jeans Wide Leg Cintura Alta Azul Médio Marmorizado,REF55138,"Azul Médio Marmorizado , 38",80.21,80.21,Item doesn't fit,RETURN_OR_REFUND_REQUEST_COMPLETE,RETURN_AND_REFUND
4039258278724601245,4039258278724535709,583071755601151389,2026-03-19,Calça Jeans Feminina Wide Leg Jeans Feminina Cintura Alta,REF52540,"Stone Used, 40",88.3,88.3,Item doesn't fit,RETURN_OR_REFUND_REQUEST_COMPLETE,RETURN_AND_REFUND
4039258925126616218,4039258925126550682,582931190616523930,2026-03-19,Calça Jeans Feminina Wide Leg Jeans Feminina Cintura Alta,REF51644,"Marmorizada, 44",79.9,79.9,Item doesn't fit,RETURN_OR_REFUND_REQUEST_COMPLETE,RETURN_AND_REFUND
4039258080022070343,4039258080022004807,583017097366373447,2026-03-19,Calça Jeans Feminina Wide Leg Jeans Feminina Cintura Alta,REF51640,"Marmorizada, 40",63.79,63.79,Item doesn't fit,RETURN_OR_REFUND_REQUEST_COMPLETE,RETURN_AND_REFUND
4039258576287008673,4039258576286943137,583112769850541985,2026-03-19,Calça Jeans Feminina Wide Leg Jeans Feminina Cintura Alta Stone Used,REF52544,44,66.19,66.19,Item doesn't fit,RETURN_OR_REFUND_REQUEST_COMPLETE,RETURN_AND_REFUND
4039257383687783846,4039257383687718310,583129928398308774,2026-03-19,Calça Feminina Jeans Wide Leg Cintura Alta Azul Médio Marmorizado,REF55136,"Azul Médio Marmorizado , 36",75.34,75.34,Item doesn't fit,RETURN_OR_REFUND_REQUEST_CANCEL,RETURN_AND_REFUND
4039257641256453258,4039257641256387722,583018417535222922,2026-03-19,Calça Jeans Feminina Wide Leg Jeans Feminina Cintura Alta,REF51642,"Marmorizada, 42",62.99,62.99,Item doesn't fit,RETURN_OR_REFUND_REQUEST_COMPLETE,RETURN_AND_REFUND
4039250560591955483,4039250560591889947,583051221340882459,2026-03-19,Calça Jeans Feminina Wide Leg Jeans Feminina Cintura Alta,REF52738,"Sky Used, 38",69.99,69.99,Item doesn't fit,RETURN_OR_REFUND_REQUEST_COMPLETE,RETURN_AND_REFUND
4039253803421566791,4039253803421501255,582579471950579527,2026-03-19,Calça Jeans Feminina Wide Leg Jeans Feminina Cintura Alta,REF51640,"Marmorizada, 40",64.94,64.94,Item doesn't fit,RETURN_OR_REFUND_REQUEST_COMPLETE,RETURN_AND_REFUND
4039253998088848940,4039253998088783404,583045975961536044,2026-03-19,Calça Jeans Feminina Wide Leg Jeans Feminina Cintura Alta,REF52540,"Stone Used, 40",79.9,79.9,Item doesn't fit,RETURN_OR_REFUND_REQUEST_COMPLETE,RETURN_AND_REFUND
4039254435804514233,4039254435804448697,583003283899516857,2026-03-19,Calça Jeans Feminina Wide Leg Cintura Alta Amarelo Manteiga,REF55040,"AMARELO MANTEIGA, 40",85.74,85.74,Item doesn't fit,RETURN_OR_REFUND_REQUEST_COMPLETE,RETURN_AND_REFUND
4039254542342981165,4039254542342915629,582948687879702061,2026-03-19,Calça Jeans Feminina Wide Leg Jeans Feminina Cintura Alta,REF51644,"Marmorizada, 44",79.9,79.9,Item doesn't fit,RETURN_OR_REFUND_REQUEST_COMPLETE,RETURN_AND_REFUND
4039255183329822163,4039255183329756627,583051435551327699,2026-03-19,Calça Jeans Feminina Wide Leg Cintura Alta Branca,REF54640,"Branco, 40",80.79,80.79,Item doesn't fit,RETURN_OR_REFUND_REQUEST_COMPLETE,RETURN_AND_REFUND
4039255400516454078,4039255400516388542,583048914326423230,2026-03-19,Calça Jeans Feminina Wide Leg Jeans Feminina Cintura Alta,REF52540,"Stone Used, 40",67.89,67.89,Item doesn't fit,RETURN_OR_REFUND_REQUEST_COMPLETE,RETURN_AND_REFUND
4039255423327569598,4039255423327504062,583048914326423230,2026-03-19,Calça Jeans Feminina Wide Leg Jeans Cintura alta Preta,REF54742,"Preto , 42",77.59,77.59,Item doesn't fit,RETURN_OR_REFUND_REQUEST_COMPLETE,RETURN_AND_REFUND
4039255829431420713,4039255829431355177,583002691383363369,2026-03-19,Calça Jeans Feminina Wide Leg Jeans Feminina Cintura Alta,REF51638,"Marmorizada, 38",79.9,79.9,Item doesn't fit,RETURN_OR_REFUND_REQUEST_COMPLETE,RETURN_AND_REFUND
4039250046282400774,4039250046282335238,583014710220981254,2026-03-19,Calça Jeans Feminina Wide Leg Jeans Feminina Cintura Alta,REF52742,"Sky Used, 42",79.9,79.9,Item doesn't fit,RETURN_OR_REFUND_REQUEST_CANCEL,RETURN_AND_REFUND
4039256301535462956,4039256301535397420,583051280834332204,2026-03-19,Calça Jeans Feminina Wide Leg Jeans Feminina Cintura Alta,REF51636,"Marmorizada, 36",79.9,79.9,"Fabric, material or style not as expected",RETURN_OR_REFUND_REQUEST_COMPLETE,RETURN_AND_REFUND
4039256345710331138,4039256345710265602,583022494297457922,2026-03-19,Calça Jeans Feminina Wide Leg Jeans Feminina Cintura Alta,REF51638,"Marmorizada, 38",79.9,79.9,Item doesn't fit,RETURN_OR_REFUND_REQUEST_COMPLETE,RETURN_AND_REFUND
4039256479507252595,4039256479507187059,583113954241578355,2026-03-19,Calça Jeans Feminina Wide Leg Cintura Alta Chocolate,REF56240,"Chocolate, 40",71.83,71.83,Item doesn't fit,RETURN_OR_REFUND_REQUEST_COMPLETE,RETURN_AND_REFUND
4039256587695457320,4039256587695391784,583050977071957032,2026-03-19,Calça Jeans Feminina Wide Leg Cintura Alta- Candy Colors,REF54938,"ROSA BEBÊ, 38",92.08,92.08,Defective item,RETURN_OR_REFUND_REQUEST_COMPLETE,REFUND
4039256955997160723,4039256955997095187,583116773398381843,2026-03-19,Calça Feminina Jeans Wide Leg Cintura Alta Azul Médio Marmorizado,REF55138,"Azul Médio Marmorizado , 38",96.8,96.8,Defective item,RETURN_OR_REFUND_REQUEST_CANCEL,RETURN_AND_REFUND
4039257055049843815,4039257055049778279,583020421157586023,2026-03-19,Calça Jeans Feminina Wide Leg Jeans Feminina Cintura Alta,REF51640,"Marmorizada, 40",66.14,66.14,"Fabric, material or style not as expected",RETURN_OR_REFUND_REQUEST_COMPLETE,RETURN_AND_REFUND
4039257117935895555,4039257117935830019,582984273729651715,2026-03-19,Calça Jeans Feminina Wide Leg Jeans Feminina Cintura Alta,REF51642,"Marmorizada, 42",72.95,72.95,Package wasn't received,RETURN_OR_REFUND_REQUEST_COMPLETE,REFUND
4039257163645617978,4039257163645552442,582765280253478714,2026-03-19,Calça Jeans Feminina Wide Leg Jeans Feminina Cintura Alta,REF51638,"Marmorizada, 38",85.12,85.12,Item doesn't fit,RETURN_OR_REFUND_REQUEST_COMPLETE,RETURN_AND_REFUND
4039256262173885813,4039256262173820277,583054029553239413,2026-03-19,Calça Jeans Feminina Wide Leg Cintura Alta Chocolate,REF56240,"Chocolate, 40",78.3,78.3,Item doesn't fit,RETURN_OR_REFUND_REQUEST_COMPLETE,RETURN_AND_REFUND
4039257383152551175,4039257383152485639,583068529558324487,2026-03-19,Calça Jeans Feminina Wide Leg Jeans Feminina Cintura Alta,REF51636,"Marmorizada, 36",79.9,79.9,Item doesn't fit,RETURN_OR_REFUND_REQUEST_COMPLETE,RETURN_AND_REFUND
4039269957961876522,4039269957961810986,583080658127651882,2026-03-20,Calça Jeans Feminina Wide Leg Jeans Feminina Cintura Alta,REF52544,"Stone Used, 44",80.7,80.7,Item doesn't fit,RETURN_OR_REFUND_REQUEST_COMPLETE,RETURN_AND_REFUND
4039269815925245073,4039269815925179537,583035544964924561,2026-03-20,Calça Jeans Feminina Wide Leg Jeans Feminina Cintura Alta,REF52540,"Stone Used, 40",78.3,78.3,Item doesn't fit,RETURN_OR_REFUND_REQUEST_COMPLETE,RETURN_AND_REFUND
4039269584634414338,4039269584634348802,582984780883330306,2026-03-20,Calça Jeans Feminina Wide Leg Jeans Feminina Cintura Alta,REF52540,"Stone Used, 40",76.8,76.8,Color or pattern not as expected,RETURN_OR_REFUND_REQUEST_COMPLETE,RETURN_AND_REFUND
4039269614932494239,4039269614932428703,583112598606546847,2026-03-20,Calça Jeans Feminina Wide Leg Cintura Alta Branca,REF54636,"Branco, 36",71.99,71.99,Item doesn't fit,RETURN_OR_REFUND_REQUEST_COMPLETE,RETURN_AND_REFUND
4039269592753603907,4039269592753538371,583036589910820163,2026-03-20,Calça Jeans Feminina Wide Leg Jeans Feminina Cintura Alta,REF51646,"Marmorizada, 46",85.0,85.0,Item doesn't fit,RETURN_OR_REFUND_REQUEST_CANCEL,RETURN_AND_REFUND
4039269999784854643,4039269999784789107,583019497771074675,2026-03-20,Calça Jeans Feminina Wide Leg Jeans Feminina Cintura Alta,REF52542,"Stone Used, 42",79.9,79.9,Color or pattern not as expected,RETURN_OR_REFUND_REQUEST_COMPLETE,RETURN_AND_REFUND
4039269625277089695,4039269625277024159,583094390501377951,2026-03-20,Calça Jeans Feminina Wide Leg Jeans Feminina Cintura Alta,REF51636,"Marmorizada, 36",79.9,79.9,Item doesn't fit,RETURN_OR_REFUND_REQUEST_COMPLETE,RETURN_AND_REFUND
4039270007356491355,4039270007356425819,583031643934656091,2026-03-20,Calça Jeans Feminina Wide Leg Jeans Feminina Cintura Alta,REF52542,"Stone Used, 42",83.62,83.62,No longer needed,RETURN_OR_REFUND_REQUEST_CANCEL,RETURN_AND_REFUND
4039270388706936757,4039270388706871221,583017207211198389,2026-03-20,Calça Jeans Feminina Wide Leg Jeans Feminina Cintura Alta,REF52542,"Stone Used, 42",79.9,79.9,Item doesn't fit,RETURN_OR_REFUND_REQUEST_COMPLETE,RETURN_AND_REFUND
4039270289866458231,4039270289866392695,583083847657686135,2026-03-20,Calça Jeans Feminina Wide Leg Jeans Feminina Cintura Alta,REF51638,"Marmorizada, 38",70.79,70.79,Item doesn't fit,RETURN_OR_REFUND_REQUEST_COMPLETE,RETURN_AND_REFUND
4039270373369415605,4039270373369350069,583017445072144309,2026-03-20,Calça Jeans Feminina Wide Leg Jeans Feminina Cintura Alta,REF52542,"Stone Used, 42",80.7,80.7,Item doesn't fit,RETURN_OR_REFUND_REQUEST_COMPLETE,RETURN_AND_REFUND
4039270712643192341,4039270712643126805,583067642253051413,2026-03-20,Calça Feminina Jeans Wide Leg Cintura Alta Azul Médio Marmorizado,REF55140,"Azul Médio Marmorizado , 40",79.99,79.99,Item doesn't fit,RETURN_OR_REFUND_REQUEST_COMPLETE,RETURN_AND_REFUND
4039270731157440321,4039270731157374785,582998263805740865,2026-03-20,Calça Jeans Feminina Wide Leg Jeans Feminina Cintura Alta,REF51644,"Marmorizada, 44",63.71,63.71,Item doesn't fit,RETURN_OR_REFUND_REQUEST_COMPLETE,RETURN_AND_REFUND
4039270814149281781,4039270814149150709,582913569547716597,2026-03-20,Calça Jeans Feminina Wide Leg Cintura Alta Chocolate,REF56240,"Chocolate, 40",79.9,79.9,Item doesn't fit,RETURN_OR_REFUND_REQUEST_COMPLETE,RETURN_AND_REFUND
4039271038353179685,4039271038353114149,582998330376356901,2026-03-20,Calça Jeans Feminina Wide Leg Jeans Feminina Cintura Alta,REF51644,"Marmorizada, 44",64.91,64.91,Item doesn't fit,RETURN_OR_REFUND_REQUEST_CANCEL,RETURN_AND_REFUND
4039271539441698394,4039271539441632858,583094978577925722,2026-03-20,Calça Jeans Feminina Wide Leg Cintura Alta- Candy Colors,REF54940,"ROSA BEBÊ, 40",82.47,82.47,Item doesn't fit,RETURN_OR_REFUND_REQUEST_COMPLETE,RETURN_AND_REFUND
4039269579182277890,4039269579182212354,582984780883330306,2026-03-20,Calça Jeans Feminina Wide Leg Jeans Feminina Cintura Alta,REF51640,"Marmorizada, 40",69.9,69.9,Item doesn't match description,RETURN_OR_REFUND_REQUEST_COMPLETE,RETURN_AND_REFUND
4039270009554962011,4039270009554896475,583031653455857243,2026-03-20,Calça Jeans Feminina Wide Leg Jeans Feminina Cintura Alta,REF52542,"Stone Used, 42",83.62,83.62,No longer needed,RETURN_OR_REFUND_REQUEST_COMPLETE,RETURN_AND_REFUND
4039269524133873007,4039269524133807471,582634488527488367,2026-03-20,Calça Jeans Feminina Wide Leg Jeans Feminina Cintura Alta,REF51642,"Marmorizada, 42",59.69,59.69,Item doesn't fit,RETURN_OR_REFUND_REQUEST_COMPLETE,RETURN_AND_REFUND
4039269062341526579,4039269062341461043,583035952478585907,2026-03-20,Calça Jeans Feminina Wide Leg Jeans Feminina Cintura Alta,REF52740,"Sky Used, 40",64.99,64.99,Package wasn't received,RETURN_OR_REFUND_REQUEST_COMPLETE,REFUND
4039269407010620796,4039269407010555260,583003055261058428,2026-03-20,Calça Jeans Feminina Wide Leg Cintura Alta Amarelo Manteiga,REF55046,"AMARELO MANTEIGA, 46",84.94,84.94,Item doesn't fit,RETURN_OR_REFUND_REQUEST_CANCEL,RETURN_AND_REFUND
4039264785080092478,4039264785080026942,582965595752269630,2026-03-20,Calça Jeans Feminina Wide Leg Cintura Alta- Candy Colors,REF54942,"ROSA BEBÊ, 42",85.02,85.02,Item doesn't fit,RETURN_OR_REFUND_REQUEST_COMPLETE,RETURN_AND_REFUND
4039265407771379647,4039265407633622975,583114624669157311,2026-03-20,Calça Jeans Feminina Wide Leg Jeans Feminina Cintura Alta,REF51644,"Marmorizada, 44",81.8,81.8,Item doesn't fit,RETURN_OR_REFUND_REQUEST_COMPLETE,RETURN_AND_REFUND
4039266616079976130,4039266616079910594,583032079620540098,2026-03-20,Calça Jeans Feminina Wide Leg Jeans Feminina Cintura Alta,REF52542,"Stone Used, 42",79.9,79.9,Item doesn't fit,RETURN_OR_REFUND_REQUEST_COMPLETE,RETURN_AND_REFUND
4039269504949520319,4039269504949454783,583111954740971455,2026-03-20,Calça Feminina Jeans Wide Leg Cintura Alta Azul Médio Marmorizado,REF55146,"Azul Médio Marmorizado , 46",75.14,75.14,Item doesn't match description,RETURN_OR_REFUND_REQUEST_COMPLETE,RETURN_AND_REFUND
4039266789934401089,4039266789934335553,583020240962422337,2026-03-20,Calça Jeans Feminina Wide Leg Cintura Alta Chocolate,REF56236,"Chocolate, 36",76.53,76.53,"Fabric, material or style not as expected",RETURN_OR_REFUND_REQUEST_COMPLETE,RETURN_AND_REFUND
4039266807741777843,4039266807741712307,583019148962138035,2026-03-20,Calça Jeans Feminina Wide Leg Jeans Feminina Cintura Alta,REF51642,"Marmorizada, 42",62.99,62.99,Item doesn't fit,RETURN_OR_REFUND_REQUEST_CANCEL,RETURN_AND_REFUND
4039267110268143259,4039267110268077723,583035489864615579,2026-03-20,Calça Jeans Feminina Wide Leg Jeans Feminina Cintura Alta,REF52540,"Stone Used, 40",80.7,80.7,Item doesn't fit,RETURN_OR_REFUND_REQUEST_COMPLETE,RETURN_AND_REFUND
4039267164596176715,4039267164596111179,582860046162298699,2026-03-20,Calça Jeans Feminina Wide Leg Jeans Feminina Cintura Alta Stone Used,REF52538,38,81.42,81.42,Item doesn't fit,RETURN_OR_REFUND_REQUEST_COMPLETE,RETURN_AND_REFUND
4039266626012087740,4039266626012022204,583066893150291388,2026-03-20,Calça Jeans Feminina Wide Leg Jeans Feminina Cintura Alta,REF51638,"Marmorizada, 38",81.78,81.78,"Item arrived damaged. Example: item is dented, scratched or shattered.",RETURN_OR_REFUND_REQUEST_COMPLETE,RETURN_AND_REFUND
4039267323261322944,4039267323261257408,582833966254163648,2026-03-20,Calça Jeans Feminina Wide Leg Jeans Feminina Cintura Alta,REF52536,"Stone Used, 36",79.9,79.9,Item doesn't fit,RETURN_OR_REFUND_REQUEST_COMPLETE,RETURN_AND_REFUND
4039267333264541376,4039267333264475840,582833966254163648,2026-03-20,Calça Jeans Feminina Wide Leg Jeans Feminina Cintura Alta,REF52736,"Sky Used, 36",81.1,81.1,Item doesn't fit,RETURN_OR_REFUND_REQUEST_COMPLETE,RETURN_AND_REFUND
4039267620466230347,4039267620466164811,583051350876652619,2026-03-20,Calça Jeans Feminina Wide Leg Jeans Feminina Cintura Alta,REF51638,"Marmorizada, 38",80.7,80.7,Item doesn't fit,RETURN_OR_REFUND_REQUEST_COMPLETE,RETURN_AND_REFUND
4039267889531618314,4039267889531552778,583020581981291530,2026-03-20,Calça Jeans Feminina Wide Leg Jeans Feminina Cintura Alta,REF52744,"Sky Used, 44",79.9,79.9,Item doesn't fit,RETURN_OR_REFUND_REQUEST_COMPLETE,RETURN_AND_REFUND
4039268742129616698,4039268742129551162,583049185016186682,2026-03-20,Calça Jeans Feminina Wide Leg Cintura Alta Chocolate,REF56240,"Chocolate, 40",71.99,71.99,Item doesn't fit,RETURN_OR_REFUND_REQUEST_COMPLETE,RETURN_AND_REFUND
4039269142540813536,4039269142540748000,583017448807105760,2026-03-20,Calça Jeans Feminina Wide Leg Jeans Feminina Cintura Alta,REF52544,"Stone Used, 44",77.83,77.83,Item doesn't fit,RETURN_OR_REFUND_REQUEST_COMPLETE,RETURN_AND_REFUND
4039269204585251908,4039269204584858692,583000596706067524,2026-03-20,Calça Jeans Feminina Wide Leg Jeans Feminina Cintura Alta,REF51642,"Marmorizada, 42",61.02,61.02,Package wasn't received,RETURN_OR_REFUND_REQUEST_COMPLETE,REFUND
4039269302815786715,4039269302815721179,582947814032705243,2026-03-20,Calça Jeans Feminina Wide Leg Cintura Alta Chocolate,REF56238,"Chocolate, 38",97.75,97.75,Item doesn't fit,RETURN_OR_REFUND_REQUEST_COMPLETE,RETURN_AND_REFUND
4039267300650026688,4039267300649961152,582833966254163648,2026-03-20,Calça Jeans Feminina Wide Leg Jeans Feminina Cintura Alta,REF51636,"Marmorizada, 36",79.9,79.9,Item doesn't fit,RETURN_OR_REFUND_REQUEST_COMPLETE,RETURN_AND_REFUND
4039280529468131135,4039280529468065599,583067697385604927,2026-03-21,Calça Jeans Feminina Wide Leg Cintura Alta- Candy Colors,REF54938,"ROSA BEBÊ, 38",83.27,83.27,Item doesn't fit,RETURN_OR_REFUND_REQUEST_CANCEL,RETURN_AND_REFUND
4039280917167900665,4039280917167835129,583126776819189753,2026-03-21,Calça Jeans Feminina Wide Leg Jeans Feminina Cintura Alta,REF51636,"Marmorizada, 36",62.69,62.69,"Fabric, material or style not as expected",RETURN_OR_REFUND_REQUEST_COMPLETE,RETURN_AND_REFUND
4039280980866533175,4039280980866467639,583115263622088503,2026-03-21,Calça Jeans Feminina Wide Leg Cintura Alta Terracota,REF54846,"Terracota, 46",73.99,73.99,Wrong item was sent,RETURN_OR_REFUND_REQUEST_CANCEL,RETURN_AND_REFUND
4039281032350237728,4039281032350172192,583053827129508896,2026-03-21,Calça Jeans Feminina Wide Leg Jeans Feminina Cintura Alta,REF52542,"Stone Used, 42",77.59,77.59,Item doesn't match description,RETURN_OR_REFUND_REQUEST_COMPLETE,RETURN_AND_REFUND
4039281953093027540,4039281953092962004,583110384635905748,2026-03-21,Calça Jeans Feminina Wide Leg Cintura Alta Branca,REF54640,"Branco, 40",92.06,92.06,Item doesn't fit,RETURN_OR_REFUND_REQUEST_COMPLETE,RETURN_AND_REFUND
4039281210606453944,4039281210606388408,583116183249323192,2026-03-21,Calça Jeans Feminina Wide Leg Jeans Feminina Cintura Alta Stone Used,REF52538,38,62.99,62.99,Item doesn't fit,RETURN_OR_REFUND_REQUEST_CANCEL,RETURN_AND_REFUND
4039281410641659016,4039281410641462408,583037754253411464,2026-03-21,Calça Jeans Feminina Wide Leg Cintura Alta- Candy Colors,REF54938,"ROSA BEBÊ, 38",80.77,80.77,"Package arrived damaged. Example: spilled liquid, damaged box.",RETURN_OR_REFUND_REQUEST_COMPLETE,REFUND
4039281920959088185,4039281920958957113,583066912764233273,2026-03-21,Calça Jeans Feminina Wide Leg Jeans Cintura alta Preta,REF54742,"Preto , 42",72.66,72.66,"Fabric, material or style not as expected",RETURN_OR_REFUND_REQUEST_COMPLETE,RETURN_AND_REFUND
4039282417893737730,4039282417893672194,583067855094252802,2026-03-21,Calça Jeans Feminina Wide Leg Cintura Alta Branca,REF54638,"Branco, 38",69.83,69.83,Item doesn't fit,RETURN_OR_REFUND_REQUEST_CANCEL,RETURN_AND_REFUND
4039281142558917981,4039281142558852445,583089207810295133,2026-03-21,Calça Jeans Feminina Wide Leg Jeans Feminina Cintura Alta,REF51638,"Marmorizada, 38",81.9,81.9,Item doesn't fit,RETURN_OR_REFUND_REQUEST_CANCEL,RETURN_AND_REFUND
4039279643734476270,4039279643734410734,583116127563318766,2026-03-21,Calça Jeans Feminina Wide Leg Cintura Alta- Candy Colors,REF54940,"ROSA BEBÊ, 40",91.99,91.99,Item doesn't fit,RETURN_OR_REFUND_REQUEST_COMPLETE,RETURN_AND_REFUND
4039280293483676781,4039280293483611245,583113314157888621,2026-03-21,Shorts Mom/Social Feminino Jeans Cintura Alta Barra Dobrada,REF55742,"Azul Escuro, 42",54.37,54.37,Item doesn't fit,RETURN_OR_REFUND_REQUEST_COMPLETE,RETURN_AND_REFUND
4039279445694121922,4039279445694056386,583018233776277442,2026-03-21,Calça Jeans Feminina Wide Leg Jeans Feminina Cintura Alta,REF51638,"Marmorizada, 38",63.74,63.74,Item doesn't fit,RETURN_OR_REFUND_REQUEST_COMPLETE,RETURN_AND_REFUND
4039279626137863662,4039279626137798126,583116127563318766,2026-03-21,Calça Jeans Feminina Wide Leg Cintura Alta Branca,REF54640,"Branco, 40",79.99,79.99,Item doesn't fit,RETURN_OR_REFUND_REQUEST_COMPLETE,RETURN_AND_REFUND
4039274759052559907,4039274759052494371,582986550160098851,2026-03-21,Calça Jeans Feminina Wide Leg Jeans Feminina Cintura Alta,REF51638,"Marmorizada, 38",80.7,80.7,Item doesn't fit,RETURN_OR_REFUND_REQUEST_CANCEL,RETURN_AND_REFUND
4039276463608726696,4039276463608661160,583126358737061032,2026-03-21,Calça Feminina Jeans Wide Leg Cintura Alta Azul Médio Marmorizado,REF55140,"Azul Médio Marmorizado , 40",70.63,70.63,Item doesn't fit,RETURN_OR_REFUND_REQUEST_COMPLETE,RETURN_AND_REFUND
4039277674395501723,4039277674395436187,582967965351052443,2026-03-21,Calça Jeans Feminina Wide Leg Jeans Feminina Cintura Alta,REF51642,"Marmorizada, 42",83.1,83.1,Item doesn't fit,RETURN_OR_REFUND_REQUEST_COMPLETE,RETURN_AND_REFUND
4039277697339983003,4039277697339917467,582962640863397019,2026-03-21,Calça Jeans Feminina Wide Leg Cintura Alta Azul Médio Marmorizado,REF55142,"Azul Médio Marmorizado , 42",86.26,86.26,Item doesn't fit,RETURN_OR_REFUND_REQUEST_CANCEL,RETURN_AND_REFUND
4039275989103182886,4039275989103117350,582797785226118182,2026-03-21,Calça Jeans Feminina Wide Leg Jeans Feminina Cintura Alta,REF51638,"Marmorizada, 38",61.9,61.9,Item doesn't fit,RETURN_OR_REFUND_REQUEST_COMPLETE,RETURN_AND_REFUND
4039278384079865334,4039278384079799798,583052953672648182,2026-03-21,Calça Jeans Feminina Wide Leg Jeans Feminina Cintura Alta,REF51636,"Marmorizada, 36",79.9,79.9,Item doesn't fit,RETURN_OR_REFUND_REQUEST_COMPLETE,RETURN_AND_REFUND
4039278564275685344,4039278564275619808,583037473930446816,2026-03-21,Calça Jeans Feminina Wide Leg Cintura Alta Chocolate,REF56242,"Chocolate, 42",79.99,79.99,"Fabric, material or style not as expected",RETURN_OR_REFUND_REQUEST_COMPLETE,RETURN_AND_REFUND
4039278591894194144,4039278591894128608,583037473930446816,2026-03-21,Calça Jeans Feminina Wide Leg Jeans Feminina Cintura Alta,REF51642,"Marmorizada, 42",70.79,70.79,"Fabric, material or style not as expected",RETURN_OR_REFUND_REQUEST_COMPLETE,RETURN_AND_REFUND
4039279325769467533,4039279325769401997,583037909629503117,2026-03-21,Calça Jeans Feminina Wide Leg Jeans Feminina Cintura Alta,REF52540,"Stone Used, 40",79.9,79.9,Item doesn't fit,RETURN_OR_REFUND_REQUEST_COMPLETE,RETURN_AND_REFUND
4039278231823811663,4039278231823746127,583037108075725903,2026-03-21,Calça Jeans Feminina Wide Leg Jeans Feminina Cintura Alta,REF52546,"Stone Used, 46",61.9,61.9,Item doesn't fit,RETURN_OR_REFUND_REQUEST_COMPLETE,RETURN_AND_REFUND
4039296150794831095,4039296150794765559,583128506982630647,2026-03-22,Calça Jeans Feminina Wide Leg Cintura Alta- Candy Colors,REF54940,"ROSA BEBÊ, 40",87.2,87.2,Item doesn't fit,RETURN_OR_REFUND_REQUEST_COMPLETE,RETURN_AND_REFUND
4039298350943536317,4039298350943470781,582768904368325821,2026-03-22,Calça Jeans Feminina Wide Leg Jeans Feminina Cintura Alta,REF51640,"Marmorizada, 40",63.79,63.79,Item doesn't fit,RETURN_OR_REFUND_REQUEST_COMPLETE,RETURN_AND_REFUND
4039298195557811399,4039298195557745863,583107985432151239,2026-03-22,Calça Jeans Feminina Wide Leg Jeans Feminina Cintura Alta,REF51644,"Marmorizada, 44",79.9,79.9,Item doesn't fit,RETURN_OR_REFUND_REQUEST_COMPLETE,RETURN_AND_REFUND
4039297740030117592,4039297740030052056,583088666697041624,2026-03-22,Calça Jeans Feminina Wide Leg Jeans Feminina Cintura Alta,REF51642,"Marmorizada, 42",80.7,80.7,Item doesn't fit,RETURN_OR_REFUND_REQUEST_COMPLETE,RETURN_AND_REFUND
4039297400538236249,4039297400538170713,582836909838861657,2026-03-22,Calça Jeans Feminina Wide Leg Jeans Feminina Cintura Alta,REF51640,"Marmorizada, 40",87.74,87.74,"Fabric, material or style not as expected",RETURN_OR_REFUND_REQUEST_COMPLETE,RETURN_AND_REFUND
4039296202849158224,4039296202849092688,582968848074835024,2026-03-22,Calça Jeans Feminina Wide Leg Jeans Feminina Cintura Alta,REF52544,"Stone Used, 44",69.9,139.8,Package received but missing item,RETURN_OR_REFUND_REQUEST_COMPLETE,RETURN_AND_REFUND
4039296202849223760,4039296202849092688,582968848074835024,2026-03-22,Calça Jeans Feminina Wide Leg Jeans Feminina Cintura Alta,REF52544,"Stone Used, 44",69.9,139.8,Package received but missing item,RETURN_OR_REFUND_REQUEST_COMPLETE,RETURN_AND_REFUND
4039295912821491535,4039295912821425999,583068543106123599,2026-03-22,Calça Jeans Feminina Wide Leg Jeans Feminina Cintura Alta,REF51638,"Marmorizada, 38",79.9,79.9,Wrong item was sent,RETURN_OR_REFUND_REQUEST_COMPLETE,RETURN_AND_REFUND
4039296216126687167,4039296216126621631,582968347976107967,2026-03-22,Calça Jeans Feminina Wide Leg Jeans Feminina Cintura Alta,REF52738,"Sky Used, 38",79.9,79.9,Item doesn't fit,RETURN_OR_REFUND_REQUEST_COMPLETE,RETURN_AND_REFUND
4039295701244544823,4039295701244479287,583115263622088503,2026-03-22,Calça Jeans Feminina Wide Leg Cintura Alta Terracota,REF54846,"Terracota, 46",73.99,73.99,Wrong item was sent,RETURN_OR_REFUND_REQUEST_CANCEL,RETURN_AND_REFUND
4039295730137007123,4039295730136941587,582699656834024467,2026-03-22,Calça Jeans Feminina Wide Leg Jeans Feminina Cintura Alta,REF51636,"Marmorizada, 36",69.99,69.99,Item doesn't fit,RETURN_OR_REFUND_REQUEST_COMPLETE,RETURN_AND_REFUND
4039291015519962826,4039291015519897290,583094452982220490,2026-03-22,Calça Jeans Feminina Wide Leg Jeans Feminina Cintura Alta,REF51638,"Marmorizada, 38",80.7,80.7,Item doesn't fit,RETURN_OR_REFUND_REQUEST_COMPLETE,RETURN_AND_REFUND
4039291241074754998,4039291241074689462,582895316475282870,2026-03-22,Calça Jeans Feminina Wide Leg Cintura Alta Azul Médio Marmorizado,REF55140,"Azul Médio Marmorizado , 40",70.79,70.79,Item doesn't fit,RETURN_OR_REFUND_REQUEST_CANCEL,RETURN_AND_REFUND
4039293009787586025,4039293009787520489,583115545495963113,2026-03-22,Calça Jeans Feminina Wide Leg Jeans Cintura alta Preta,REF54746,"Preto , 46",87.7,87.7,Item doesn't fit,RETURN_OR_REFUND_REQUEST_COMPLETE,RETURN_AND_REFUND
4039283893814462111,4039283893814396575,582838646002517663,2026-03-22,Calça Jeans Feminina Wide Leg Jeans Feminina Cintura Alta,REF52542,"Stone Used, 42",80.7,80.7,Item doesn't fit,RETURN_OR_REFUND_REQUEST_COMPLETE,RETURN_AND_REFUND
4039294168242816217,4039294168242750681,583127041431209177,2026-03-22,Calça Jeans Feminina Wide Leg Cintura Alta Chocolate,REF56246,"Chocolate, 46",76.49,76.49,Item doesn't fit,RETURN_OR_REFUND_REQUEST_COMPLETE,RETURN_AND_REFUND
4039295116809569590,4039295116809372982,582734473609053494,2026-03-22,Calça Jeans Feminina Wide Leg Jeans Feminina Cintura Alta,REF51640,"Marmorizada, 40",69.99,69.99,Item doesn't fit,RETURN_OR_REFUND_REQUEST_COMPLETE,RETURN_AND_REFUND
4039295407910913646,4039295407910848110,583002027786339950,2026-03-22,Calça Jeans Feminina Wide Leg Jeans Feminina Cintura Alta,REF51640,"Marmorizada, 40",77.5,77.5,Item doesn't fit,RETURN_OR_REFUND_REQUEST_CANCEL,RETURN_AND_REFUND
4039293618265425495,4039293618265359959,583037497755076183,2026-03-22,Calça Jeans Feminina Wide Leg Jeans Feminina Cintura Alta,REF52540,"Stone Used, 40",69.9,69.9,Item doesn't fit,RETURN_OR_REFUND_REQUEST_COMPLETE,RETURN_AND_REFUND
4039311486806886335,4039311486806820799,583152895322654655,2026-03-23,Calça Jeans Feminina Wide Leg Jeans Feminina Cintura Alta,REF51640,"Marmorizada, 40",71.61,71.61,Color or pattern not as expected,RETURN_OR_REFUND_REQUEST_COMPLETE,RETURN_AND_REFUND
4039312266917873557,4039312266917808021,583152804709042069,2026-03-23,Calça Jeans Feminina Wide Leg Jeans Feminina Cintura Alta,REF51638,"Marmorizada, 38",78.9,78.9,Item doesn't fit,RETURN_OR_REFUND_REQUEST_CANCEL,RETURN_AND_REFUND
4039311503097955469,4039311503097889933,583000705365607565,2026-03-23,Calça Jeans Feminina Wide Leg Jeans Feminina Cintura Alta,REF51642,"Marmorizada, 42",68.6,68.6,Item doesn't fit,RETURN_OR_REFUND_REQUEST_CANCEL,RETURN_AND_REFUND
4039311618492368710,4039311618492303174,582765112389175110,2026-03-23,Calça Jeans Feminina Wide Leg Jeans Feminina Cintura Alta,REF51638,"Marmorizada, 38",91.69,91.69,No longer needed,RETURN_OR_REFUND_REQUEST_COMPLETE,RETURN_AND_REFUND
4039311619392832585,4039311609004786761,583051171762701385,2026-03-23,Calça Jeans Feminina Wide Leg Jeans Feminina Cintura Alta,REF51642,"Marmorizada, 42",69.99,69.99,"Fabric, material or style not as expected",RETURN_OR_REFUND_REQUEST_COMPLETE,RETURN_AND_REFUND
4039312005941856045,4039312005941790509,583154679037003565,2026-03-23,Calça Jeans Feminina Wide Leg Cintura Alta Chocolate,REF56238,"Chocolate, 38",86.25,86.25,Item doesn't fit,RETURN_OR_REFUND_REQUEST_COMPLETE,RETURN_AND_REFUND
4039312156668888969,4039312156668823433,583154779009943433,2026-03-23,Calça Jeans Feminina Wide Leg Jeans Feminina Cintura Alta,REF52544,"Stone Used, 44",53.4,53.4,Item doesn't fit,RETURN_OR_REFUND_REQUEST_COMPLETE,RETURN_AND_REFUND
4039312266599303105,4039312263943522241,582986857135835073,2026-03-23,Calça Jeans Feminina Wide Leg Jeans Feminina Cintura Alta,REF52746,"Sky Used, 46",80.7,80.7,Item doesn't fit,RETURN_OR_REFUND_REQUEST_COMPLETE,RETURN_AND_REFUND
4039312204653102808,4039312204653037272,583156065643824856,2026-03-23,Calça Jeans Feminina Wide Leg Jeans Feminina Cintura Alta,REF51638,"Marmorizada, 38",88.3,88.3,Item doesn't fit,RETURN_OR_REFUND_REQUEST_COMPLETE,RETURN_AND_REFUND
4039312637801366566,4039312637801169958,583098829695124518,2026-03-23,Calça Jeans Feminina Wide Leg Jeans Feminina Cintura Alta,REF51646,"Marmorizada, 46",79.9,79.9,Item doesn't fit,RETURN_OR_REFUND_REQUEST_COMPLETE,RETURN_AND_REFUND
4039312443352515815,4039312443352450279,583155365776557287,2026-03-23,Calça Jeans Feminina Wide Leg Jeans Feminina Cintura Alta,REF52740,"Sky Used, 40",81.9,81.9,Item doesn't fit,RETURN_OR_REFUND_REQUEST_COMPLETE,RETURN_AND_REFUND
4039312489859548626,4039312489859483090,582947726487029202,2026-03-23,Calça Jeans Feminina Wide Leg Jeans Feminina Cintura Alta,REF52536,"Stone Used, 36",79.9,79.9,Item doesn't fit,RETURN_OR_REFUND_REQUEST_CANCEL,RETURN_AND_REFUND
4039312501154547154,4039312501154481618,582947726487029202,2026-03-23,Calça Jeans Feminina Wide Leg Jeans Feminina Cintura Alta,REF51636,"Marmorizada, 36",79.9,79.9,Item doesn't fit,RETURN_OR_REFUND_REQUEST_CANCEL,RETURN_AND_REFUND
4039313306259523050,4039313306259457514,583051693533267434,2026-03-23,Calça Jeans Feminina Wide Leg Jeans Feminina Cintura Alta,REF52540,"Stone Used, 40",73.24,73.24,Item doesn't fit,RETURN_OR_REFUND_REQUEST_CANCEL,RETURN_AND_REFUND
4039313411361244575,4039313411361179039,583085712446227871,2026-03-23,Calça Jeans Feminina Wide Leg Jeans Feminina Cintura Alta,REF51638,"Marmorizada, 38",77.7,77.7,Item doesn't fit,RETURN_OR_REFUND_REQUEST_COMPLETE,RETURN_AND_REFUND
4039313538549974251,4039313538549777643,582784918792733931,2026-03-23,Calça Jeans Feminina Wide Leg Jeans Feminina Cintura Alta,REF51644,"Marmorizada, 44",69.99,69.99,Item doesn't fit,RETURN_OR_REFUND_REQUEST_COMPLETE,RETURN_AND_REFUND
4039314008509809749,4039314008509744213,582713505819558997,2026-03-23,Calça Jeans Feminina Wide Leg Jeans Feminina Cintura Alta,REF51642,"Marmorizada, 42",70.79,70.79,Item doesn't fit,RETURN_OR_REFUND_REQUEST_COMPLETE,RETURN_AND_REFUND
4039311445820998669,4039311445820933133,583143472132293645,2026-03-23,Calça Jeans Feminina Wide Leg Jeans Feminina Cintura Alta,REF51636,"Marmorizada, 36",102.44,102.44,Item doesn't fit,RETURN_OR_REFUND_REQUEST_COMPLETE,RETURN_AND_REFUND
4039312290413119176,4039312290413053640,583154033716266696,2026-03-23,Calça Jeans Feminina Wide Leg Jeans Feminina Cintura Alta Stone Used,REF52536,36,81.99,81.99,Item doesn't fit,RETURN_OR_REFUND_REQUEST_COMPLETE,RETURN_AND_REFUND
4039311272108131680,4039311272108066144,583018000258139488,2026-03-23,Calça Jeans Feminina Wide Leg Jeans Feminina Cintura Alta,REF52540,"Stone Used, 40",62.99,62.99,Item doesn't fit,RETURN_OR_REFUND_REQUEST_CANCEL,RETURN_AND_REFUND
4039311149881328931,4039311149881263395,583153947919418659,2026-03-23,Calça Jeans Feminina Wide Leg Jeans Feminina Cintura Alta,REF51636,"Marmorizada, 36",71.91,71.91,Item doesn't fit,RETURN_OR_REFUND_REQUEST_COMPLETE,RETURN_AND_REFUND
4039311229695526574,4039311229695461038,583078768573974190,2026-03-23,Calça Jeans Feminina Wide Leg Jeans Feminina Cintura Alta,REF52738,"Sky Used, 38",91.9,91.9,Item doesn't fit,RETURN_OR_REFUND_REQUEST_COMPLETE,RETURN_AND_REFUND
4039311260970878556,4039311260970813020,583052099850045020,2026-03-23,Calça Jeans Feminina Wide Leg Jeans Feminina Cintura Alta,REF51642,"Marmorizada, 42",79.9,79.9,Item doesn't fit,RETURN_OR_REFUND_REQUEST_COMPLETE,RETURN_AND_REFUND
4039300728215864897,4039300728215799361,583076234820617793,2026-03-23,Calça Jeans Feminina Wide Leg Cintura Alta Terracota,REF54836,"Terracota, 36",97.22,97.22,Item doesn't fit,RETURN_OR_REFUND_REQUEST_COMPLETE,RETURN_AND_REFUND
4039304944803546250,4039304944803349642,583152994222376074,2026-03-23,Calça Jeans Feminina Wide Leg Jeans Feminina Cintura Alta,REF51640,"Marmorizada, 40",62.99,62.99,Item doesn't fit,RETURN_OR_REFUND_REQUEST_COMPLETE,RETURN_AND_REFUND
4039305033770436258,4039305033770305186,583126286602307234,2026-03-23,Calça Jeans Feminina Wide Leg Jeans Feminina Cintura Alta,REF51644,"Marmorizada, 44",67.29,67.29,Color or pattern not as expected,RETURN_OR_REFUND_REQUEST_CANCEL,RETURN_AND_REFUND
4039305962967828071,4039305962967762535,583033190829753959,2026-03-23,Calça Jeans Feminina Wide Leg Jeans Feminina Cintura Alta,REF52540,"Stone Used, 40",79.9,79.9,Item doesn't fit,RETURN_OR_REFUND_REQUEST_CANCEL,RETURN_AND_REFUND
4039307517222618119,4039307517222552583,582737098943988743,2026-03-23,Calça Jeans Feminina Wide Leg Cintura Alta Amarelo Manteiga,REF55040,"AMARELO MANTEIGA, 40",99.4,99.4,"Fabric, material or style not as expected",RETURN_OR_REFUND_REQUEST_CANCEL,RETURN_AND_REFUND
4039309171676382628,4039309171676317092,583113115359937956,2026-03-23,Calça Jeans Feminina Wide Leg Jeans Feminina Cintura Alta Stone Used,REF52544,44,63.79,63.79,Item doesn't match description,RETURN_OR_REFUND_REQUEST_COMPLETE,RETURN_AND_REFUND
4039309889634535396,4039309889634469860,583154856863893476,2026-03-23,Calça Jeans Feminina Wide Leg Jeans Feminina Cintura Alta,REF51646,"Marmorizada, 46",89.56,89.56,Package wasn't received,RETURN_OR_REFUND_REQUEST_COMPLETE,REFUND
4039310043222542144,4039310043222476608,583004164289890112,2026-03-23,Calça Jeans Feminina Wide Leg Jeans Feminina Cintura Alta,REF51644,"Marmorizada, 44",63.74,63.74,Item doesn't fit,RETURN_OR_REFUND_REQUEST_COMPLETE,RETURN_AND_REFUND
4039310346337223706,4039310346337158170,583014553924043802,2026-03-23,Calça Jeans Feminina Wide Leg Jeans Feminina Cintura Alta,REF52542,"Stone Used, 42",79.9,79.9,Item doesn't fit,RETURN_OR_REFUND_REQUEST_COMPLETE,RETURN_AND_REFUND
4039308343244981952,4039308343244916416,583111767777445568,2026-03-23,Calça Feminina Jeans Wide Leg Cintura Alta Azul Médio Marmorizado,REF55140,"Azul Médio Marmorizado , 40",70.63,70.63,Item doesn't fit,RETURN_OR_REFUND_REQUEST_COMPLETE,RETURN_AND_REFUND
4039310778309444887,4039310778309379351,582858092351685911,2026-03-23,Calça Jeans Feminina Wide Leg Jeans Feminina Cintura Alta,REF52540,"Stone Used, 40",69.99,69.99,Item doesn't fit,RETURN_OR_REFUND_REQUEST_COMPLETE,RETURN_AND_REFUND
4039310908901918186,4039310908901852650,583154149547935210,2026-03-23,Calça Jeans Feminina Wide Leg Cintura Alta- Candy Colors,REF54938,"ROSA BEBÊ, 38",89.9,89.9,"Package arrived damaged. Example: spilled liquid, damaged box.",RETURN_OR_REFUND_REQUEST_COMPLETE,REFUND
4039310909091644838,4039310909091579302,582895210122937766,2026-03-23,Calça Jeans Feminina Wide Leg Cintura Alta Azul Médio Marmorizado,REF55144,"Azul Médio Marmorizado , 44",92.34,92.34,"Fabric, material or style not as expected",RETURN_OR_REFUND_REQUEST_COMPLETE,RETURN_AND_REFUND
4039310918803293611,4039310918803228075,583111622066341291,2026-03-23,Calça Jeans Feminina Wide Leg Jeans Feminina Cintura Alta,REF51642,"Marmorizada, 42",79.9,79.9,Item doesn't fit,RETURN_OR_REFUND_REQUEST_COMPLETE,RETURN_AND_REFUND
4039310936510596856,4039310936510531320,583078606225573624,2026-03-23,Calça Jeans Feminina Wide Leg Jeans Feminina Cintura Alta,REF51646,"Marmorizada, 46",81.9,81.9,Item doesn't fit,RETURN_OR_REFUND_REQUEST_COMPLETE,RETURN_AND_REFUND
4039310961132602778,4039310961132537242,582818252385519002,2026-03-23,Calça Jeans Feminina Wide Leg Jeans Feminina Cintura Alta,REF51642,"Marmorizada, 42",70.79,70.79,Item doesn't fit,RETURN_OR_REFUND_REQUEST_COMPLETE,RETURN_AND_REFUND
4039311116672140637,4039311116672075101,583035562277700957,2026-03-23,Calça Jeans Feminina Wide Leg Jeans Feminina Cintura Alta,REF51640,"Marmorizada, 40",61.1,61.1,Color or pattern not as expected,RETURN_OR_REFUND_REQUEST_COMPLETE,RETURN_AND_REFUND
4039310668686394822,4039310668686329286,583155334284019142,2026-03-23,Calça Jeans Feminina Wide Leg Jeans Feminina Cintura Alta,REF51636,"Marmorizada, 36",80.7,80.7,"Fabric, material or style not as expected",RETURN_OR_REFUND_REQUEST_COMPLETE,RETURN_AND_REFUND
4039311175301432848,4039311175301367312,583064697903089168,2026-03-23,Calça Feminina Jeans Wide Leg Cintura Alta Azul Médio Marmorizado,REF55140,"Azul Médio Marmorizado , 40",74.86,74.86,Item doesn't fit,RETURN_OR_REFUND_REQUEST_CANCEL,RETURN_AND_REFUND
4039326191606006809,4039326191605941273,583174199211754521,2026-03-24,Calça Feminina Jeans Wide Leg Cintura Alta Azul Médio Marmorizado,REF55138,"Azul Médio Marmorizado , 38",102.5,102.5,Item doesn't fit,RETURN_OR_REFUND_REQUEST_COMPLETE,RETURN_AND_REFUND
4039326178687812694,4039326178687747158,583113205972501590,2026-03-24,Shorts Mom/Social Feminino Jeans Cintura Alta Barra Dobrada,REF55738,"Azul Escuro, 38",52.37,52.37,Item doesn't fit,RETURN_OR_REFUND_REQUEST_COMPLETE,RETURN_AND_REFUND
4039326174948721750,4039326174948656214,583113205972501590,2026-03-24,Calça Jeans Feminina Wide Leg Jeans Cintura Alta Preta Marmorizada,REF52836,36,69.83,69.83,Item doesn't fit,RETURN_OR_REFUND_REQUEST_COMPLETE,RETURN_AND_REFUND
4039326163377096189,4039326163376965117,583167190021801469,2026-03-24,Calça Jeans Feminina Wide Leg Jeans Feminina Cintura Alta,REF51644,"Marmorizada, 44",78.4,156.79,Item doesn't fit,RETURN_OR_REFUND_REQUEST_COMPLETE,RETURN_AND_REFUND
4039325955036186497,4039325955036120961,583036617814738817,2026-03-24,Calça Jeans Feminina Wide Leg Jeans Feminina Cintura Alta,REF51638,"Marmorizada, 38",80.06,80.06,No longer needed,RETURN_OR_REFUND_REQUEST_COMPLETE,RETURN_AND_REFUND
4039326162951833085,4039326162951767549,583167190021801469,2026-03-24,Calça Jeans Feminina Wide Leg Cintura Alta- Candy Colors,REF54944,"ROSA BEBÊ, 44",92.64,92.64,Item doesn't fit,RETURN_OR_REFUND_REQUEST_COMPLETE,RETURN_AND_REFUND
4039326061860193888,4039326061860128352,583033806718862944,2026-03-24,Calça Jeans Feminina Wide Leg Jeans Feminina Cintura Alta,REF51642,"Marmorizada, 42",80.7,80.7,"Fabric, material or style not as expected",RETURN_OR_REFUND_REQUEST_COMPLETE,RETURN_AND_REFUND
4039325924123838092,4039325924123772556,583037517203474060,2026-03-24,Calça Jeans Feminina Wide Leg Jeans Feminina Cintura Alta,REF51636,"Marmorizada, 36",68.69,68.69,"Fabric, material or style not as expected",RETURN_OR_REFUND_REQUEST_CANCEL,RETURN_AND_REFUND
4039326219193582634,4039326219193386026,583155760790340650,2026-03-24,Calça Jeans Feminina Wide Leg Cintura Alta Terracota,REF54842,"Terracota, 42",97.17,97.17,Package wasn't received,RETURN_OR_REFUND_REQUEST_CANCEL,REFUND
4039326163377030653,4039326163376965117,583167190021801469,2026-03-24,Calça Jeans Feminina Wide Leg Jeans Feminina Cintura Alta,REF51644,"Marmorizada, 44",78.39,156.79,Item doesn't fit,RETURN_OR_REFUND_REQUEST_COMPLETE,RETURN_AND_REFUND
4039326217015428138,4039326217015362602,583155760790340650,2026-03-24,Calça Jeans Feminina Wide Leg Cintura Alta Terracota,REF54842,"Terracota, 42",97.17,97.17,Package wasn't received,RETURN_OR_REFUND_REQUEST_COMPLETE,REFUND
4039328216055907739,4039328216055842203,583178217394832795,2026-03-24,Calça Jeans Feminina Wide Leg Jeans Feminina Cintura Alta,REF52744,"Sky Used, 44",79.9,79.9,Item doesn't fit,RETURN_OR_REFUND_REQUEST_COMPLETE,RETURN_AND_REFUND
4039326556830467087,4039326567552222223,583191067117323279,2026-03-24,Calça Jeans Feminina Wide Leg Jeans Cintura alta,REF54742,"Preto , 42",76.6,76.6,Item doesn't fit,RETURN_OR_REFUND_REQUEST_COMPLETE,RETURN_AND_REFUND
4039326653596992764,4039326653596927228,583052936080950524,2026-03-24,Calça Jeans Feminina Wide Leg Jeans Feminina Cintura Alta,REF51646,"Marmorizada, 46",69.9,69.9,Item doesn't fit,RETURN_OR_REFUND_REQUEST_CANCEL,RETURN_AND_REFUND
4039326750823122775,4039326750823057239,583020276908525399,2026-03-24,Calça Jeans Feminina Wide Leg Cintura Alta Terracota,REF54838,"Terracota, 38",69.83,69.83,Defective item,RETURN_OR_REFUND_REQUEST_CANCEL,RETURN_AND_REFUND
4039326770122032282,4039326770121966746,583085207117464730,2026-03-24,Calça Jeans Feminina Wide Leg Cintura Alta Branca,REF54640,"Branco, 40",95.94,95.94,Item doesn't fit,RETURN_OR_REFUND_REQUEST_CANCEL,RETURN_AND_REFUND
4039326834236294711,4039326834236229175,583193798462572087,2026-03-24,Calça Jeans Feminina Wide Leg Cintura Alta Chocolate,REF56240,"Chocolate, 40",80.94,80.94,"Package arrived damaged. Example: spilled liquid, damaged box.",RETURN_OR_REFUND_REQUEST_CANCEL,REFUND
4039326859930863159,4039326859930797623,583193798462572087,2026-03-24,Calça Jeans Feminina Wide Leg Cintura Alta Chocolate,REF56240,"Chocolate, 40",80.94,80.94,Item doesn't match description,RETURN_OR_REFUND_REQUEST_CANCEL,RETURN_AND_REFUND
4039327502320830053,4039327502320764517,583166393423529573,2026-03-24,Calça Jeans Feminina Wide Leg Jeans Feminina Cintura Alta,REF52538,"Stone Used, 38",77.57,77.57,Defective item,RETURN_OR_REFUND_REQUEST_CANCEL,RETURN_AND_REFUND
4039328142981432962,4039328142981367426,583167172027713154,2026-03-24,Calça Jeans Feminina Wide Leg Jeans Feminina Cintura Alta,REF51636,"Marmorizada, 36",88.3,88.3,Item doesn't fit,RETURN_OR_REFUND_REQUEST_COMPLETE,RETURN_AND_REFUND
4039328519302710503,4039328519302644967,583129441702085863,2026-03-24,Calça Jeans Feminina Wide Leg Jeans Feminina Cintura Alta,REF51638,"Marmorizada, 38",69.89,69.89,Item doesn't fit,RETURN_OR_REFUND_REQUEST_COMPLETE,RETURN_AND_REFUND
4039325825965000426,4039325825964934890,583088605500835562,2026-03-24,Calça Jeans Feminina Wide Leg Cintura Alta- Candy Colors,REF54938,"ROSA BEBÊ, 38",83.27,83.27,Item doesn't fit,RETURN_OR_REFUND_REQUEST_COMPLETE,RETURN_AND_REFUND
4039326305446627006,4039326305446561470,583192763773454014,2026-03-24,Calça Feminina Jeans Wide Leg Cintura Alta Azul Médio Marmorizado,REF55142,"Azul Médio Marmorizado , 42",79.99,79.99,Item doesn't fit,RETURN_OR_REFUND_REQUEST_COMPLETE,RETURN_AND_REFUND
4039325754192922508,4039325754192856972,583164045230049164,2026-03-24,Calça Feminina Jeans Wide Leg Cintura Alta Azul Médio Marmorizado,REF55136,"Azul Médio Marmorizado , 36",70.61,70.61,Wrong item was sent,RETURN_OR_REFUND_REQUEST_COMPLETE,RETURN_AND_REFUND
4039320807485047997,4039320807484982461,583092976183706813,2026-03-24,Calça Jeans Feminina Wide Leg Cintura Alta- Candy Colors,REF55036,"AMARELO MANTEIGA, 36",71.89,71.89,Item doesn't fit,RETURN_OR_REFUND_REQUEST_CANCEL,RETURN_AND_REFUND
4039325698217116885,4039325698217051349,582929519776793813,2026-03-24,Shorts Mom/Social Feminino Jeans Cintura Alta Barra Dobrada,REF55440,"Azul Sky, 40",52.37,52.37,Item doesn't fit,RETURN_OR_REFUND_REQUEST_CANCEL,RETURN_AND_REFUND
4039314599071418034,4039314599071352498,583067246284080818,2026-03-24,Calça Jeans Feminina Wide Leg Jeans Feminina Cintura Alta,REF51636,"Marmorizada, 36",71.91,71.91,Item doesn't fit,RETURN_OR_REFUND_REQUEST_CANCEL,RETURN_AND_REFUND
4039325698739242197,4039325698739176661,582929519776793813,2026-03-24,Shorts Mom/Social Feminino Jeans Cintura Alta Barra Dobrada,REF55540,"Azul Médio Marmorizado, 40",64.37,64.37,Item doesn't fit,RETURN_OR_REFUND_REQUEST_CANCEL,RETURN_AND_REFUND
4039314898595710476,4039314898595644940,583153894870451724,2026-03-24,Calça Jeans Feminina Wide Leg Jeans Cintura alta,REF54744,"Preta , 44",72.79,72.79,Item doesn't fit,RETURN_OR_REFUND_REQUEST_COMPLETE,RETURN_AND_REFUND
4039321527061349829,4039321527061284293,583018718830953925,2026-03-24,Calça Jeans Feminina Wide Leg Jeans Feminina Cintura Alta,REF52742,"Sky Used, 42",79.9,79.9,Item doesn't fit,RETURN_OR_REFUND_REQUEST_COMPLETE,RETURN_AND_REFUND
4039322424980178480,4039322424980112944,582965156008330800,2026-03-24,Calça Jeans Feminina Wide Leg Jeans Feminina Cintura Alta,REF52738,"Sky Used, 38",89.5,89.5,Item doesn't fit,RETURN_OR_REFUND_REQUEST_COMPLETE,RETURN_AND_REFUND
4039323064180377572,4039323064180312036,583124533405452260,2026-03-24,Calça Cargo Jeans Feminina Bolso Faca Com Bolsos Laterais,REF53136,36,112.23,112.23,Item doesn't fit,RETURN_OR_REFUND_REQUEST_COMPLETE,RETURN_AND_REFUND
4039323758733067591,4039323758733002055,583083254104556871,2026-03-24,Calça Jeans Feminina Wide Leg Cintura Alta- Candy Colors,REF54938,"ROSA BEBÊ, 38",98.1,98.1,Item doesn't fit,RETURN_OR_REFUND_REQUEST_COMPLETE,RETURN_AND_REFUND
4039324163971778006,4039324163971712470,583175853718210006,2026-03-24,Calça Jeans Feminina Wide Leg Jeans Feminina Cintura Alta,REF52744,"Sky Used, 44",88.43,88.43,Item doesn't fit,RETURN_OR_REFUND_REQUEST_COMPLETE,RETURN_AND_REFUND
4039324212794656749,4039324212794591213,583033767499171821,2026-03-24,Calça Jeans Feminina Wide Leg Jeans Feminina Cintura Alta,REF51644,"Marmorizada, 44",59.63,59.63,Item doesn't fit,RETURN_OR_REFUND_REQUEST_CANCEL,RETURN_AND_REFUND
4039324554630891001,4039324554630825465,582896700082849273,2026-03-24,Calça Jeans Feminina Wide Leg Jeans Feminina Cintura Alta,REF51640,"Marmorizada, 40",84.28,84.28,Defective item,RETURN_OR_REFUND_REQUEST_COMPLETE,RETURN_AND_REFUND
4039324619356079809,4039324619355948737,583113129668937409,2026-03-24,Calça Feminina Jeans Wide Leg Cintura Alta Azul Médio Marmorizado,REF55138,"Azul Médio Marmorizado , 38",71.99,71.99,Item doesn't fit,RETURN_OR_REFUND_REQUEST_CANCEL,RETURN_AND_REFUND
4039322584856691761,4039322584856626225,583153749476475953,2026-03-24,Calça Jeans Feminina Wide Leg Jeans Feminina Cintura Alta,REF52738,"Sky Used, 38",61.1,61.1,Defective item,RETURN_OR_REFUND_REQUEST_COMPLETE,RETURN_AND_REFUND
4039325078178071573,4039325078178006037,583100934036161557,2026-03-24,Calça Feminina Jeans Wide Leg Cintura Alta Azul Médio Marmorizado,REF55140,"Azul Médio Marmorizado , 40",78.42,78.42,Item doesn't fit,RETURN_OR_REFUND_REQUEST_COMPLETE,RETURN_AND_REFUND
4039325078178202645,4039325078178137109,583100934036161557,2026-03-24,Shorts Mom/Social Feminino Jeans Cintura Alta Barra Dobrada Candy Colors,REF55942,"Rosa Bebê , 42",87.61,87.61,Item doesn't fit,RETURN_OR_REFUND_REQUEST_COMPLETE,RETURN_AND_REFUND
4039325090911585401,4039325100586599545,583067910370722937,2026-03-24,Calça Feminina Jeans Wide Leg Cintura Alta Azul Médio Marmorizado,REF55138,"Azul Médio Marmorizado , 38",71.99,71.99,Item doesn't fit,RETURN_OR_REFUND_REQUEST_COMPLETE,RETURN_AND_REFUND
4039325440523274060,4039325440523208524,583035413018216268,2026-03-24,Calça Jeans Feminina Wide Leg Jeans Feminina Cintura Alta Stone Used,REF52538,38,62.99,62.99,Item doesn't fit,RETURN_OR_REFUND_REQUEST_COMPLETE,RETURN_AND_REFUND
4039325455245412172,4039325455245346636,583035413018216268,2026-03-24,Calça Jeans Feminina Wide Leg Jeans Feminina Cintura Alta,REF51638,"Marmorizada, 38",62.99,62.99,Item doesn't fit,RETURN_OR_REFUND_REQUEST_COMPLETE,RETURN_AND_REFUND
4039325694460265685,4039325694460200149,582929519776793813,2026-03-24,Calça Jeans Feminina Wide Leg Cintura Alta Azul Médio Marmorizado,REF55140,"Azul Médio Marmorizado , 40",69.83,69.83,Item doesn't fit,RETURN_OR_REFUND_REQUEST_CANCEL,RETURN_AND_REFUND
4039325454327448579,4039325454327383043,583130101104346115,2026-03-24,Calça Jeans Feminina Wide Leg Jeans Feminina Cintura Alta,REF52538,"Stone Used, 38",71.99,71.99,"Fabric, material or style not as expected",RETURN_OR_REFUND_REQUEST_COMPLETE,RETURN_AND_REFUND
4039325484687983965,4039325484687918429,583004724989035869,2026-03-24,Calça Jeans Feminina Wide Leg Jeans Feminina Cintura Alta,REF51642,"Marmorizada, 42",68.6,68.6,Product wouldn't arrive on time,RETURN_OR_REFUND_REQUEST_COMPLETE,REFUND
4039325644393382925,4039325644393317389,583142590725391373,2026-03-24,Calça Jeans Feminina Wide Leg Jeans Feminina Cintura Alta,REF51638,"Marmorizada, 38",62.99,62.99,Item doesn't fit,RETURN_OR_REFUND_REQUEST_COMPLETE,RETURN_AND_REFUND
4039324779278796730,4039324779278731194,582965130459645882,2026-03-24,Calça Jeans Feminina Wide Leg Jeans Feminina Cintura Alta,REF51644,"Marmorizada, 44",93.2,93.2,Item doesn't fit,RETURN_OR_REFUND_REQUEST_CANCEL,RETURN_AND_REFUND
4039325656033363791,4039325656033298255,583150320328935247,2026-03-24,Calça Jeans Feminina Wide Leg Jeans Feminina Cintura Alta,REF51642,"Marmorizada, 42",88.3,88.3,Item doesn't fit,RETURN_OR_REFUND_REQUEST_COMPLETE,RETURN_AND_REFUND
4039340824804558580,4039340824804427508,582942540304058100,2026-03-25,Calça Jeans Feminina Wide Leg Jeans Feminina Cintura Alta,REF51636,"Marmorizada, 36",80.9,161.8,"Package arrived damaged. Example: spilled liquid, damaged box.",RETURN_OR_REFUND_REQUEST_CANCEL,REFUND
4039340824804493044,4039340824804427508,582942540304058100,2026-03-25,Calça Jeans Feminina Wide Leg Jeans Feminina Cintura Alta,REF51636,"Marmorizada, 36",80.9,161.8,"Package arrived damaged. Example: spilled liquid, damaged box.",RETURN_OR_REFUND_REQUEST_CANCEL,REFUND
4039340803124331583,4039340803124266047,583167148286641215,2026-03-25,Calça Jeans Feminina Wide Leg Jeans Feminina Cintura Alta,REF51640,"Marmorizada, 40",66.14,66.14,Item doesn't fit,RETURN_OR_REFUND_REQUEST_CANCEL,RETURN_AND_REFUND
4039340681525560876,4039340681525495340,583154765084395052,2026-03-25,Calça Jeans Feminina Wide Leg Jeans Feminina Cintura Alta,REF51636,"Marmorizada, 36",73.19,73.19,Color or pattern not as expected,RETURN_OR_REFUND_REQUEST_COMPLETE,RETURN_AND_REFUND
4039340482277442621,4039340482277377085,582700950067577917,2026-03-25,Calça Jeans Feminina Wide Leg Cintura Alta Branca,REF54644,"Branco, 44",94.9,94.9,Item doesn't fit,RETURN_OR_REFUND_REQUEST_COMPLETE,RETURN_AND_REFUND
4039340424500839534,4039340424500773998,583193071147451502,2026-03-25,Calça Feminina Jeans Wide Leg Cintura Alta Azul Médio Marmorizado,REF55144,"Azul Médio Marmorizado , 44",86.22,86.22,Item doesn't fit,RETURN_OR_REFUND_REQUEST_CANCEL,RETURN_AND_REFUND
4039340480492373135,4039340480492307599,583187058296915087,2026-03-25,Calça Jeans Feminina Wide Leg Jeans Feminina Cintura Alta,REF52538,"Stone Used, 38",77.4,77.4,Item doesn't fit,RETURN_OR_REFUND_REQUEST_CANCEL,RETURN_AND_REFUND
4039340461320668917,4039340461320603381,583171376402499317,2026-03-25,Calça Jeans Feminina Wide Leg Jeans Feminina Cintura Alta,REF51638,"Marmorizada, 38",80.7,80.7,Defective item,RETURN_OR_REFUND_REQUEST_COMPLETE,RETURN_AND_REFUND
4039340300181538465,4039340300181472929,583097515239245473,2026-03-25,Calça Jeans Feminina Wide Leg Jeans Feminina Cintura Alta,REF51644,"Marmorizada, 44",77.5,77.5,Item doesn't fit,RETURN_OR_REFUND_REQUEST_CANCEL,RETURN_AND_REFUND
4039340177595860919,4039340177595795383,583155092847101879,2026-03-25,Calça Jeans Feminina Wide Leg Jeans Feminina Cintura Alta,REF51638,"Marmorizada, 38",69.99,69.99,Item doesn't fit,RETURN_OR_REFUND_REQUEST_COMPLETE,RETURN_AND_REFUND
4039340986488488968,4039340986488423432,582980556606833672,2026-03-25,Calça Jeans Feminina Wide Leg Jeans Feminina Cintura Alta,REF51640,"Marmorizada, 40",78.3,78.3,Item doesn't fit,RETURN_OR_REFUND_REQUEST_CANCEL,RETURN_AND_REFUND
4039340480492504207,4039340480492438671,583187058296915087,2026-03-25,Calça Jeans Feminina Wide Leg Jeans Feminina Cintura Alta,REF52738,"Sky Used, 38",77.4,77.4,Item doesn't fit,RETURN_OR_REFUND_REQUEST_CANCEL,RETURN_AND_REFUND
4039340987384760187,4039340987384694651,583178668221892475,2026-03-25,Calça Jeans Feminina Wide Leg Jeans Feminina Cintura Alta,REF51640,"Marmorizada, 40",85.39,85.39,"Fabric, material or style not as expected",RETURN_OR_REFUND_REQUEST_COMPLETE,RETURN_AND_REFUND
4039342566688917209,4039342566688851673,583192026029459161,2026-03-25,Calça Jeans Feminina Wide Leg Jeans Feminina Cintura Alta,REF51642,"Marmorizada, 42",79.5,79.5,Item doesn't fit,RETURN_OR_REFUND_REQUEST_COMPLETE,RETURN_AND_REFUND
4039341031481181993,4039341031481116457,583165147069581097,2026-03-25,Calça Jeans Feminina Wide Leg Jeans Feminina Cintura Alta,REF52546,"Stone Used, 46",63.79,63.79,Item doesn't fit,RETURN_OR_REFUND_REQUEST_COMPLETE,RETURN_AND_REFUND
4039341243344913902,4039341243344848366,583179149809780206,2026-03-25,Calça Jeans Feminina Wide Leg Jeans Feminina Cintura Alta,REF52736,"Sky Used, 36",80.7,80.7,Item doesn't fit,RETURN_OR_REFUND_REQUEST_CANCEL,RETURN_AND_REFUND
4039341280574866985,4039341277679683113,583015904001099305,2026-03-25,Shorts Mom/Social Feminino Jeans Cintura Alta Barra Dobrada Candy Colors,REF55942,"Rosa Bebê , 42",69.99,69.99,Item doesn't fit,RETURN_OR_REFUND_REQUEST_COMPLETE,RETURN_AND_REFUND
4039341349794186681,4039341349794121145,583192010506732985,2026-03-25,Calça Jeans Feminina Wide Leg Jeans Feminina Cintura Alta,REF51636,"Marmorizada, 36",74.64,74.64,Item doesn't fit,RETURN_OR_REFUND_REQUEST_COMPLETE,RETURN_AND_REFUND
4039341411240543765,4039341411240478229,583192996379330069,2026-03-25,Calça Jeans Feminina Wide Leg Jeans Feminina Cintura Alta,REF51638,"Marmorizada, 38",78.39,78.39,Item doesn't fit,RETURN_OR_REFUND_REQUEST_COMPLETE,RETURN_AND_REFUND
4039341614139082378,4039341614139016842,583165405065414282,2026-03-25,Calça Jeans Feminina Wide Leg Jeans Feminina Cintura Alta,REF51638,"Marmorizada, 38",84.45,84.45,Item doesn't fit,RETURN_OR_REFUND_REQUEST_COMPLETE,RETURN_AND_REFUND
4039341601795769742,4039341601795704206,583152069409277326,2026-03-25,Calça Jeans Feminina Wide Leg Jeans Cintura Alta Preta Marmorizada,REF52836,36,75.19,75.19,Item doesn't fit,RETURN_OR_REFUND_REQUEST_COMPLETE,RETURN_AND_REFUND
4039342180003645337,4039342180003579801,583141974527281049,2026-03-25,Calça Jeans Feminina Wide Leg Jeans Cintura alta,REF54738,"Preta , 38",71.99,71.99,Item doesn't fit,RETURN_OR_REFUND_REQUEST_CANCEL,RETURN_AND_REFUND
4039342364303066958,4039342364303001422,583138789480367950,2026-03-25,Calça Jeans Feminina Wide Leg Jeans Feminina Cintura Alta,REF52740,"Sky Used, 40",85.9,85.9,Item doesn't fit,RETURN_OR_REFUND_REQUEST_COMPLETE,RETURN_AND_REFUND
4039342627349235270,4039342627349169734,583064962044298822,2026-03-25,Calça Feminina Jeans Wide Leg Cintura Alta Azul Médio Marmorizado,REF55138,"Azul Médio Marmorizado , 38",71.84,71.84,Item doesn't fit,RETURN_OR_REFUND_REQUEST_COMPLETE,RETURN_AND_REFUND
4039342648432493663,4039342648432428127,583192466868241503,2026-03-25,Calça Jeans Feminina Wide Leg Jeans Feminina Cintura Alta,REF51644,"Marmorizada, 44",78.43,78.43,"Fabric, material or style not as expected",RETURN_OR_REFUND_REQUEST_COMPLETE,RETURN_AND_REFUND
4039340233448130237,4039340233448064701,583191439708751549,2026-03-25,Calça Jeans Feminina Wide Leg Jeans Feminina Cintura Alta,REF52538,"Stone Used, 38",83.1,83.1,Item doesn't fit,RETURN_OR_REFUND_REQUEST_COMPLETE,RETURN_AND_REFUND
4039341018866419227,4039341018866353691,583191685965579803,2026-03-25,Calça Jeans Feminina Wide Leg Jeans Feminina Cintura Alta,REF52738,"Sky Used, 38",67.89,67.89,"Fabric, material or style not as expected",RETURN_OR_REFUND_REQUEST_COMPLETE,RETURN_AND_REFUND
4039340126024140412,4039340126024074876,583205785443862140,2026-03-25,Calça Jeans Feminina Wide Leg Jeans Feminina Cintura Alta,REF51644,"Marmorizada, 44",79.9,79.9,No longer needed,RETURN_OR_REFUND_REQUEST_COMPLETE,RETURN_AND_REFUND
4039338602344777195,4039338602344711659,583128250123716075,2026-03-25,Calça Jeans Feminina Wide Leg Jeans Feminina Cintura Alta,REF51644,"Marmorizada, 44",79.9,79.9,Item doesn't fit,RETURN_OR_REFUND_REQUEST_COMPLETE,RETURN_AND_REFUND
4039340028560180869,4039340028560115333,583188811050223237,2026-03-25,Calça Jeans Feminina Wide Leg Jeans Feminina Cintura Alta,REF51636,"Marmorizada, 36",79.9,79.9,Item doesn't fit,RETURN_OR_REFUND_REQUEST_COMPLETE,RETURN_AND_REFUND
4039340065447314757,4039340065447183685,583083012709254469,2026-03-25,Calça Jeans Feminina Wide Leg Jeans Feminina Cintura Alta,REF51638,"Marmorizada, 38",80.7,80.7,Item doesn't fit,RETURN_OR_REFUND_REQUEST_COMPLETE,RETURN_AND_REFUND
4039334272755664560,4039334272755599024,583192969472214704,2026-03-25,Calça Jeans Feminina Wide Leg Jeans Feminina Cintura Alta,REF51636,"Marmorizada, 36",67.99,67.99,Item doesn't fit,RETURN_OR_REFUND_REQUEST_COMPLETE,RETURN_AND_REFUND
4039334909144302700,4039334909144237164,583052342601679980,2026-03-25,Calça Jeans Feminina Wide Leg Jeans Feminina Cintura Alta,REF51636,"Marmorizada, 36",79.59,79.59,Product wouldn't arrive on time,RETURN_OR_REFUND_REQUEST_COMPLETE,REFUND
4039335169394968453,4039335169394902917,582917509754357637,2026-03-25,Calça Jeans Feminina Wide Leg Jeans Feminina Cintura Alta,REF51640,"Marmorizada, 40",66.14,66.14,Item doesn't fit,RETURN_OR_REFUND_REQUEST_COMPLETE,RETURN_AND_REFUND
4039335188616545486,4039335188616479950,583191796228850894,2026-03-25,Calça Jeans Feminina Wide Leg Jeans Feminina Cintura Alta,REF52538,"Stone Used, 38",68.69,68.69,"Fabric, material or style not as expected",RETURN_OR_REFUND_REQUEST_COMPLETE,RETURN_AND_REFUND
4039335499577460244,4039335499577394708,583152950910027284,2026-03-25,Calça Jeans Feminina Wide Leg Jeans Feminina Cintura Alta,REF51644,"Marmorizada, 44",83.7,83.7,Item doesn't fit,RETURN_OR_REFUND_REQUEST_COMPLETE,RETURN_AND_REFUND
4039336223736956527,4039336223736890991,583000011348280943,2026-03-25,Calça Jeans Feminina Wide Leg Jeans Feminina Cintura Alta,REF51640,"Marmorizada, 40",71.9,71.9,Item doesn't fit,RETURN_OR_REFUND_REQUEST_COMPLETE,RETURN_AND_REFUND
4039337288523285513,4039337288523219977,582948353463649289,2026-03-25,Calça Jeans Feminina Wide Leg Jeans Feminina Cintura Alta,REF51636,"Marmorizada, 36",79.9,79.9,No longer needed,RETURN_OR_REFUND_REQUEST_COMPLETE,RETURN_AND_REFUND
4039337355696899228,4039337355473159324,583177813571306652,2026-03-25,Calça Jeans Feminina Wide Leg Jeans Feminina Cintura Alta,REF52740,"Sky Used, 40",92.0,92.0,Package wasn't received,RETURN_OR_REFUND_REQUEST_CANCEL,REFUND
4039338390879569286,4039338390879503750,583192971716756870,2026-03-25,Calça Jeans Feminina Wide Leg Jeans Feminina Cintura Alta,REF52544,"Stone Used, 44",79.9,79.9,Item doesn't fit,RETURN_OR_REFUND_REQUEST_COMPLETE,RETURN_AND_REFUND
4039338561899889755,4039338561899758683,582766105953600603,2026-03-25,Calça Jeans Feminina Wide Leg Jeans Feminina Cintura Alta Stone Used,REF52544,44,69.99,69.99,Item doesn't fit,RETURN_OR_REFUND_REQUEST_COMPLETE,RETURN_AND_REFUND
4039338971175552177,4039338971175486641,583164447083693233,2026-03-25,Calça Feminina Jeans Wide Leg Cintura Alta Azul Médio Marmorizado,REF55140,"Azul Médio Marmorizado , 40",85.62,85.62,Color or pattern not as expected,RETURN_OR_REFUND_REQUEST_COMPLETE,RETURN_AND_REFUND
4039339028109952172,4039339028109886636,583164947616466092,2026-03-25,Calça Jeans Feminina Wide Leg Jeans Feminina Cintura Alta,REF52536,"Stone Used, 36",62.99,62.99,Item doesn't fit,RETURN_OR_REFUND_REQUEST_COMPLETE,RETURN_AND_REFUND
4039333844539705150,4039333844539639614,583191378609211198,2026-03-25,Calça Jeans Feminina Wide Leg Jeans Feminina Cintura Alta,REF51640,"Marmorizada, 40",76.7,76.7,Item doesn't fit,RETURN_OR_REFUND_REQUEST_COMPLETE,RETURN_AND_REFUND
4039339118106478427,4039339118106412891,582719209629845339,2026-03-25,Calça Jeans Feminina Wide Leg Jeans Feminina Cintura Alta,REF52540,"Stone Used, 40",105.63,105.63,Item doesn't fit,RETURN_OR_REFUND_REQUEST_COMPLETE,RETURN_AND_REFUND
4039340011360847778,4039340011360782242,583193558060205986,2026-03-25,Calça Jeans Feminina Wide Leg Jeans Feminina Cintura Alta,REF51638,"Marmorizada, 38",69.99,69.99,Item doesn't fit,RETURN_OR_REFUND_REQUEST_COMPLETE,RETURN_AND_REFUND
4039339899557151923,4039339899557086387,583176294391317683,2026-03-25,Calça Jeans Feminina Wide Leg Jeans Feminina Cintura Alta,REF51638,"Marmorizada, 38",75.82,75.82,Color or pattern not as expected,RETURN_OR_REFUND_REQUEST_CANCEL,RETURN_AND_REFUND
4039339838330799375,4039339838330733839,583165982698079503,2026-03-25,Calça Jeans Feminina Wide Leg Jeans Feminina Cintura Alta,REF51642,"Marmorizada, 42",61.1,61.1,Item doesn't fit,RETURN_OR_REFUND_REQUEST_COMPLETE,RETURN_AND_REFUND
4039339051289052332,4039339051288986796,583164947616466092,2026-03-25,Calça Jeans Feminina Wide Leg Jeans Feminina Cintura Alta,REF51636,"Marmorizada, 36",63.79,63.79,Item doesn't fit,RETURN_OR_REFUND_REQUEST_COMPLETE,RETURN_AND_REFUND
4039339755109385275,4039339754074833979,583164764792259643,2026-03-25,Calça Jeans Feminina Wide Leg Jeans Feminina Cintura Alta,REF52740,"Sky Used, 40",79.9,79.9,No longer needed,RETURN_OR_REFUND_REQUEST_COMPLETE,RETURN_AND_REFUND
4039339799793075655,4039339799793010119,583157999061075399,2026-03-25,Calça Jeans Feminina Wide Leg Jeans Feminina Cintura Alta,REF51642,"Marmorizada, 42",79.9,79.9,Item doesn't fit,RETURN_OR_REFUND_REQUEST_COMPLETE,RETURN_AND_REFUND
4039339743113741371,4039339743113675835,583191925323367483,2026-03-25,Calça Jeans Feminina Wide Leg Jeans Feminina Cintura Alta,REF52744,"Sky Used, 44",80.79,80.79,Item doesn't fit,RETURN_OR_REFUND_REQUEST_COMPLETE,RETURN_AND_REFUND
4039339728572024011,4039339728571958475,583192657618437323,2026-03-25,Calça Jeans Feminina Wide Leg Jeans Feminina Cintura Alta,REF51636,"Marmorizada, 36",64.94,64.94,Item doesn't fit,RETURN_OR_REFUND_REQUEST_COMPLETE,RETURN_AND_REFUND
4039339301330716474,4039339301330650938,583148601509185338,2026-03-25,Calça Jeans Feminina Wide Leg Jeans Feminina Cintura Alta,REF52736,"Sky Used, 36",85.55,85.55,"Fabric, material or style not as expected",RETURN_OR_REFUND_REQUEST_COMPLETE,RETURN_AND_REFUND
4039339218346149818,4039339218346084282,583168250509166522,2026-03-25,Calça Jeans Feminina Wide Leg Jeans Feminina Cintura Alta,REF52536,"Stone Used, 36",67.49,67.49,Item doesn't fit,RETURN_OR_REFUND_REQUEST_COMPLETE,RETURN_AND_REFUND
4039339189882423288,4039339189882357752,583021362223089656,2026-03-25,Calça Jeans Feminina Wide Leg Jeans Feminina Cintura Alta,REF51642,"Marmorizada, 42",79.9,79.9,Item doesn't fit,RETURN_OR_REFUND_REQUEST_CANCEL,RETURN_AND_REFUND
4039339743113610299,4039339743113544763,583191925323367483,2026-03-25,Calça Jeans Feminina Wide Leg Jeans Feminina Cintura Alta,REF52544,"Stone Used, 44",69.99,69.99,Item doesn't fit,RETURN_OR_REFUND_REQUEST_COMPLETE,RETURN_AND_REFUND
4039355116516967473,4039355116516901937,583203038902125617,2026-03-26,Calça Jeans Feminina Wide Leg Cintura Alta Branca,REF54640,"Branco, 40",90.7,90.7,Item doesn't fit,RETURN_OR_REFUND_REQUEST_COMPLETE,RETURN_AND_REFUND
4039355025665591007,4039355025665525471,583005549256738527,2026-03-26,Calça Jeans Feminina Wide Leg Cintura Alta Chocolate,REF56242,"Chocolate, 42",83.2,83.2,Item doesn't fit,RETURN_OR_REFUND_REQUEST_COMPLETE,RETURN_AND_REFUND
4039355020181013924,4039355020180948388,583219547524597156,2026-03-26,Calça Jeans Feminina Wide Leg Jeans Feminina Cintura Alta,REF51644,"Marmorizada, 44",69.99,69.99,Item doesn't fit,RETURN_OR_REFUND_REQUEST_COMPLETE,RETURN_AND_REFUND
4039354939575338714,4039354939575273178,583193460086376154,2026-03-26,Calça Jeans Feminina Wide Leg Jeans Feminina Cintura Alta,REF52544,"Stone Used, 44",70.7,70.7,Item doesn't fit,RETURN_OR_REFUND_REQUEST_COMPLETE,RETURN_AND_REFUND
4039354609551836856,4039354609551771320,583219761780131512,2026-03-26,Calça Jeans Feminina Wide Leg Jeans Feminina Cintura Alta,REF52536,"Stone Used, 36",69.49,69.49,Item doesn't fit,RETURN_OR_REFUND_REQUEST_COMPLETE,RETURN_AND_REFUND
4039354786693416017,4039354786693350481,583035822945698897,2026-03-26,Calça Jeans Feminina Wide Leg Jeans Feminina Cintura Alta,REF51642,"Marmorizada, 42",79.9,79.9,Item doesn't match description,RETURN_OR_REFUND_REQUEST_CANCEL,RETURN_AND_REFUND
4039354713545016702,4039354713544951166,583218721268991358,2026-03-26,Calça Jeans Feminina Wide Leg Jeans Cintura Alta Preta Marmorizada,REF52836,36,78.23,78.23,Item doesn't fit,RETURN_OR_REFUND_REQUEST_CANCEL,RETURN_AND_REFUND
4039354667740857795,4039354667740792259,583167233263896003,2026-03-26,Calça Feminina Jeans Wide Leg Cintura Alta Azul Médio Marmorizado,REF55136,"Azul Médio Marmorizado , 36",95.56,95.56,Item doesn't fit,RETURN_OR_REFUND_REQUEST_COMPLETE,RETURN_AND_REFUND
4039355126982214897,4039355126982149361,583180899068445937,2026-03-26,Calça Jeans Feminina Wide Leg Jeans Feminina Cintura Alta,REF51636,"Marmorizada, 36",79.9,79.9,Item doesn't fit,RETURN_OR_REFUND_REQUEST_COMPLETE,RETURN_AND_REFUND
4039354907980891927,4039354907980826391,583220016086222615,2026-03-26,Calça Jeans Feminina Wide Leg Jeans Feminina Cintura Alta,REF52538,"Stone Used, 38",69.99,69.99,"Fabric, material or style not as expected",RETURN_OR_REFUND_REQUEST_COMPLETE,RETURN_AND_REFUND
4039355195619575069,4039355195619509533,583207632149316893,2026-03-26,Calça Jeans Feminina Wide Leg Jeans Feminina Cintura Alta,REF51638,"Marmorizada, 38",69.99,69.99,Item doesn't fit,RETURN_OR_REFUND_REQUEST_CANCEL,RETURN_AND_REFUND
4039355955361384170,4039355955361318634,583135775788140266,2026-03-26,Calça Jeans Feminina Wide Leg Jeans Cintura Alta Preta Marmorizada,REF52836,36,90.79,90.79,Item doesn't fit,RETURN_OR_REFUND_REQUEST_CANCEL,RETURN_AND_REFUND
4039355438825113595,4039355438825048059,583139900111947771,2026-03-26,Calça Feminina Jeans Wide Leg Cintura Alta Azul Médio Marmorizado,REF55136,"Azul Médio Marmorizado , 36",75.0,75.0,Item doesn't fit,RETURN_OR_REFUND_REQUEST_COMPLETE,RETURN_AND_REFUND
4039355507403228798,4039355507403163262,583204451753494142,2026-03-26,Calça Jeans Feminina Wide Leg Jeans Feminina Cintura Alta,REF52538,"Stone Used, 38",83.1,83.1,Item doesn't fit,RETURN_OR_REFUND_REQUEST_COMPLETE,RETURN_AND_REFUND
4039355522169406753,4039355522169341217,583178049318454561,2026-03-26,Calça Jeans Feminina Wide Leg Jeans Feminina Cintura Alta,REF51636,"Marmorizada, 36",81.9,81.9,Item doesn't fit,RETURN_OR_REFUND_REQUEST_COMPLETE,RETURN_AND_REFUND
4039355886157399249,4039355886157333713,583207145595700433,2026-03-26,Calça Jeans Feminina Wide Leg Jeans Feminina Cintura Alta,REF51642,"Marmorizada, 42",70.79,70.79,Item doesn't fit,RETURN_OR_REFUND_REQUEST_CANCEL,RETURN_AND_REFUND
4039356324794828762,4039356324794763226,583166750738253786,2026-03-26,Calça Jeans Feminina Wide Leg Jeans Feminina Cintura Alta,REF52538,"Stone Used, 38",69.89,69.89,Item doesn't fit,RETURN_OR_REFUND_REQUEST_COMPLETE,RETURN_AND_REFUND
4039356727312353069,4039356727312287533,583207519161780013,2026-03-26,Calça Jeans Feminina Wide Leg Jeans Feminina Cintura Alta,REF51636,"Marmorizada, 36",69.99,69.99,Item doesn't fit,RETURN_OR_REFUND_REQUEST_CANCEL,RETURN_AND_REFUND
4039356954999424728,4039356954999359192,583207340463130328,2026-03-26,Calça Jeans Feminina Wide Leg Jeans Feminina Cintura Alta,REF51638,"Marmorizada, 38",80.7,80.7,Item doesn't fit,RETURN_OR_REFUND_REQUEST_COMPLETE,RETURN_AND_REFUND
4039357246791648587,4039357246791583051,583166368307905867,2026-03-26,Calça Jeans Feminina Wide Leg Jeans Feminina Cintura Alta,REF51642,"Marmorizada, 42",66.44,66.44,Item doesn't fit,RETURN_OR_REFUND_REQUEST_COMPLETE,RETURN_AND_REFUND
4039357546811131700,4039357546810804020,583166690199766836,2026-03-26,Calça Jeans Feminina Wide Leg Jeans Feminina Cintura Alta,REF51640,"Marmorizada, 40",68.1,68.1,Package wasn't received,RETURN_OR_REFUND_REQUEST_COMPLETE,REFUND
4039357565022995550,4039357565022930014,583053267210175582,2026-03-26,Calça Jeans Feminina Wide Leg Jeans Feminina Cintura Alta,REF51644,"Marmorizada, 44",66.7,66.7,Item doesn't fit,RETURN_OR_REFUND_REQUEST_COMPLETE,RETURN_AND_REFUND
4039354606456112824,4039354606456047288,583219761780131512,2026-03-26,Calça Jeans Feminina Wide Leg Jeans Feminina Cintura Alta,REF51636,"Marmorizada, 36",67.49,67.49,Item doesn't fit,RETURN_OR_REFUND_REQUEST_CANCEL,RETURN_AND_REFUND
4039355201105856370,4039355201105790834,582968004582475634,2026-03-26,Calça Jeans Feminina Wide Leg Jeans Feminina Cintura Alta,REF52744,"Sky Used, 44",70.7,70.7,Item doesn't fit,RETURN_OR_REFUND_REQUEST_COMPLETE,RETURN_AND_REFUND
4039354512183363057,4039354512183297521,583115609862931953,2026-03-26,Calça Jeans Feminina Wide Leg Cintura Alta Chocolate,REF56242,"Chocolate, 42",71.99,71.99,Item doesn't fit,RETURN_OR_REFUND_REQUEST_COMPLETE,RETURN_AND_REFUND
4039354633723610228,4039354633723544692,583177394454365300,2026-03-26,Calça Jeans Feminina Wide Leg Jeans Feminina Cintura Alta,REF52738,"Sky Used, 38",80.7,80.7,Item doesn't fit,RETURN_OR_REFUND_REQUEST_COMPLETE,RETURN_AND_REFUND
4039354303749456969,4039354303749391433,583178843252098121,2026-03-26,Calça Jeans Feminina Wide Leg Jeans Feminina Cintura Alta,REF52544,"Stone Used, 44",70.7,70.7,Item doesn't fit,RETURN_OR_REFUND_REQUEST_CANCEL,RETURN_AND_REFUND
4039354451343738774,4039354451343673238,583141324285052822,2026-03-26,Calça Jeans Feminina Wide Leg Jeans Feminina Cintura Alta,REF51638,"Marmorizada, 38",79.9,79.9,No longer needed,RETURN_OR_REFUND_REQUEST_COMPLETE,RETURN_AND_REFUND
4039343427110012471,4039343427109946935,583193798462572087,2026-03-26,Calça Jeans Feminina Wide Leg Cintura Alta Chocolate,REF56240,"Chocolate, 40",80.94,80.94,Defective item,RETURN_OR_REFUND_REQUEST_CANCEL,RETURN_AND_REFUND
4039348080844113534,4039348080844047998,582697706505275006,2026-03-26,Calça Jeans Feminina Wide Leg Cintura Alta Azul Médio Marmorizado,REF55138,"Azul Médio Marmorizado , 38",71.99,71.99,Item doesn't fit,RETURN_OR_REFUND_REQUEST_COMPLETE,RETURN_AND_REFUND
4039348372353681034,4039348372353091210,583162589992552074,2026-03-26,Calça Jeans Feminina Wide Leg Cintura Alta- Candy Colors,REF54942,"ROSA BEBÊ, 42",103.3,103.3,Package wasn't received,RETURN_OR_REFUND_REQUEST_COMPLETE,REFUND
4039348668915811989,4039348668915746453,583116130418656917,2026-03-26,Calça Jeans Feminina Wide Leg Cintura Alta Branca,REF54638,"Branco, 38",94.9,94.9,Item doesn't fit,RETURN_OR_REFUND_REQUEST_COMPLETE,RETURN_AND_REFUND
4039349861314168242,4039349861314102706,583167609175836082,2026-03-26,Calça Jeans Feminina Wide Leg Jeans Feminina Cintura Alta,REF51642,"Marmorizada, 42",79.9,79.9,"Fabric, material or style not as expected",RETURN_OR_REFUND_REQUEST_COMPLETE,RETURN_AND_REFUND
4039350190393820535,4039350190393754999,583191620477617527,2026-03-26,Calça Jeans Feminina Wide Leg Jeans Feminina Cintura Alta,REF51642,"Marmorizada, 42",71.21,71.21,Item doesn't fit,RETURN_OR_REFUND_REQUEST_COMPLETE,RETURN_AND_REFUND
4039350211728213929,4039350211728148393,583193687359063977,2026-03-26,Calça Jeans Feminina Wide Leg Jeans Feminina Cintura Alta,REF51640,"Marmorizada, 40",75.84,75.84,Package wasn't received,RETURN_OR_REFUND_REQUEST_COMPLETE,REFUND
4039350441469577111,4039350441469511575,583193621279704983,2026-03-26,Calça Feminina Jeans Wide Leg Cintura Alta Azul Médio Marmorizado,REF55140,"Azul Médio Marmorizado , 40",79.49,79.49,Item doesn't fit,RETURN_OR_REFUND_REQUEST_COMPLETE,RETURN_AND_REFUND
4039350896109455243,4039350896109389707,583115394741864331,2026-03-26,Calça Jeans Feminina Wide Leg Cintura Alta Chocolate,REF56240,"Chocolate, 40",77.69,77.69,Item doesn't fit,RETURN_OR_REFUND_REQUEST_COMPLETE,RETURN_AND_REFUND
4039350976752486064,4039350976752420528,583206920587413168,2026-03-26,Calça Jeans Feminina Wide Leg Jeans Feminina Cintura Alta,REF51638,"Marmorizada, 38",73.83,73.83,Defective item,RETURN_OR_REFUND_REQUEST_COMPLETE,RETURN_AND_REFUND
4039351062935602547,4039351062935537011,583219244955305331,2026-03-26,Calça Jeans Feminina Wide Leg Jeans Cintura alta,REF54836,"Terracota , 36",71.99,71.99,"Fabric, material or style not as expected",RETURN_OR_REFUND_REQUEST_CANCEL,RETURN_AND_REFUND
4039349751361340731,4039349751361275195,583014397536798011,2026-03-26,Calça Jeans Feminina Wide Leg Jeans Feminina Cintura Alta,REF52540,"Stone Used, 40",77.5,77.5,"Fabric, material or style not as expected",RETURN_OR_REFUND_REQUEST_COMPLETE,RETURN_AND_REFUND
4039351442475812748,4039351442475747212,582965740587747212,2026-03-26,Calça Jeans Feminina Wide Leg Jeans Feminina Cintura Alta,REF51644,"Marmorizada, 44",90.7,90.7,Item doesn't fit,RETURN_OR_REFUND_REQUEST_COMPLETE,RETURN_AND_REFUND
4039354008780375239,4039354008780309703,583191660727600327,2026-03-26,Calça Jeans Feminina Wide Leg Jeans Feminina Cintura Alta,REF51640,"Marmorizada, 40",71.21,71.21,Item doesn't fit,RETURN_OR_REFUND_REQUEST_COMPLETE,RETURN_AND_REFUND
4039351441778508868,4039351441778443332,583175266753479748,2026-03-26,Calça Jeans Feminina Wide Leg Jeans Feminina Cintura Alta,REF51638,"Marmorizada, 38",63.74,63.74,"Fabric, material or style not as expected",RETURN_OR_REFUND_REQUEST_CANCEL,RETURN_AND_REFUND
4039353045311128779,4039353045311063243,583155757003277515,2026-03-26,Calça Jeans Feminina Wide Leg Jeans Feminina Cintura Alta,REF52738,"Sky Used, 38",84.12,84.12,Item doesn't fit,RETURN_OR_REFUND_REQUEST_COMPLETE,RETURN_AND_REFUND
4039352739780265225,4039352739780199689,583186805708981513,2026-03-26,Calça Jeans Feminina Wide Leg Jeans Feminina Cintura Alta,REF51638,"Marmorizada, 38",80.7,80.7,Item doesn't fit,RETURN_OR_REFUND_REQUEST_COMPLETE,RETURN_AND_REFUND
4039352732829189577,4039352732829124041,583207443504793033,2026-03-26,Calça Jeans Feminina Wide Leg Jeans Feminina Cintura Alta,REF51642,"Marmorizada, 42",71.82,71.82,Item doesn't fit,RETURN_OR_REFUND_REQUEST_COMPLETE,RETURN_AND_REFUND
4039352967182780017,4039352967182714481,583166693570086513,2026-03-26,Calça Jeans Feminina Wide Leg Jeans Feminina Cintura Alta,REF51638,"Marmorizada, 38",69.99,69.99,Item doesn't fit,RETURN_OR_REFUND_REQUEST_COMPLETE,RETURN_AND_REFUND
4039352353686586593,4039352353686521057,583220018673648865,2026-03-26,Calça Jeans Feminina Wide Leg Jeans Feminina Cintura Alta,REF51644,"Marmorizada, 44",60.89,60.89,Item doesn't fit,RETURN_OR_REFUND_REQUEST_CANCEL,RETURN_AND_REFUND
4039352087906059892,4039352087905863284,583206617840322164,2026-03-26,Calça Jeans Feminina Wide Leg Jeans Feminina Cintura Alta,REF51636,"Marmorizada, 36",64.94,64.94,Item doesn't fit,RETURN_OR_REFUND_REQUEST_CANCEL,RETURN_AND_REFUND
4039351557782275699,4039351557782210163,583166523677640307,2026-03-26,Calça Feminina Jeans Wide Leg Cintura Alta Azul Médio Marmorizado,REF55146,"Azul Médio Marmorizado , 46",72.79,72.79,Item doesn't fit,RETURN_OR_REFUND_REQUEST_COMPLETE,RETURN_AND_REFUND
4039351562602055021,4039351562601989485,583143290723599725,2026-03-26,Calça Jeans Feminina Wide Leg Jeans Feminina Cintura Alta,REF51636,"Marmorizada, 36",65.22,130.44,Package received but missing item,RETURN_OR_REFUND_REQUEST_COMPLETE,RETURN_AND_REFUND
4039351562602120557,4039351562601989485,583143290723599725,2026-03-26,Calça Jeans Feminina Wide Leg Jeans Feminina Cintura Alta,REF51636,"Marmorizada, 36",65.22,130.44,Package received but missing item,RETURN_OR_REFUND_REQUEST_COMPLETE,RETURN_AND_REFUND
4039368403327419734,4039368403327354198,583097144627463510,2026-03-27,Calça Jeans Feminina Wide Leg Jeans Cintura alta Preta,REF54744,"Preto , 44",69.89,69.89,Item doesn't fit,RETURN_OR_REFUND_REQUEST_COMPLETE,RETURN_AND_REFUND
4039368768281871636,4039368768281806100,583234472303363348,2026-03-27,Calça Jeans Feminina Wide Leg Jeans Feminina Cintura Alta,REF51636,"Marmorizada, 36",62.99,62.99,No longer needed,RETURN_OR_REFUND_REQUEST_CANCEL,RETURN_AND_REFUND
4039368634920502929,4039368634920437393,583220242580801169,2026-03-27,Calça Jeans Feminina Wide Leg Jeans Feminina Cintura Alta,REF51638,"Marmorizada, 38",77.4,77.4,Item doesn't fit,RETURN_OR_REFUND_REQUEST_COMPLETE,RETURN_AND_REFUND
4039368589608715916,4039368589608650380,583184502357853836,2026-03-27,Calça Jeans Feminina Wide Leg Jeans Feminina Cintura Alta,REF51640,"Marmorizada, 40",79.9,79.9,Color or pattern not as expected,RETURN_OR_REFUND_REQUEST_CANCEL,RETURN_AND_REFUND
4039368573162784294,4039368573162718758,583234351865300518,2026-03-27,Calça Feminina Jeans Wide Leg Cintura Alta Azul Médio Marmorizado,REF55136,"Azul Médio Marmorizado , 36",79.99,79.99,Color or pattern not as expected,RETURN_OR_REFUND_REQUEST_COMPLETE,RETURN_AND_REFUND
4039368770345011199,4039368770344945663,582990554077300735,2026-03-27,Calça Jeans Feminina Wide Leg Jeans Feminina Cintura Alta,REF51638,"Marmorizada, 38",79.9,79.9,Item doesn't fit,RETURN_OR_REFUND_REQUEST_CANCEL,RETURN_AND_REFUND
4039368569749342166,4039368569749276630,582858465809237974,2026-03-27,Calça Jeans Feminina Wide Leg Cintura Alta Azul Médio Marmorizado,REF55142,"Azul Médio Marmorizado , 42",79.99,79.99,Item doesn't fit,RETURN_OR_REFUND_REQUEST_CANCEL,RETURN_AND_REFUND
4039368473293980921,4039368473293915385,583001463184721145,2026-03-27,Calça Jeans Feminina Wide Leg Cintura Alta Branca,REF54640,"Branco, 40",83.55,167.1,Item arrived too late,RETURN_OR_REFUND_REQUEST_CANCEL,RETURN_AND_REFUND
4039368562295473534,4039368562192909694,583153382633473406,2026-03-27,Calça Jeans Feminina Wide Leg Jeans Cintura alta,REF54738,"Preta , 38",80.56,80.56,Wrong item was sent,RETURN_OR_REFUND_REQUEST_COMPLETE,RETURN_AND_REFUND
4039368554709877998,4039368554709812462,583141301018854638,2026-03-27,Calça Jeans Feminina Wide Leg Jeans Feminina Cintura Alta,REF52538,"Stone Used, 38",79.9,79.9,"Fabric, material or style not as expected",RETURN_OR_REFUND_REQUEST_CANCEL,RETURN_AND_REFUND
4039368476478637579,4039368476478572043,583204911373387275,2026-03-27,Calça Jeans Feminina Wide Leg Jeans Feminina Cintura Alta,REF51638,"Marmorizada, 38",79.9,79.9,Item doesn't fit,RETURN_OR_REFUND_REQUEST_COMPLETE,RETURN_AND_REFUND
4039368473294046457,4039368473293915385,583001463184721145,2026-03-27,Calça Jeans Feminina Wide Leg Cintura Alta Branca,REF54640,"Branco, 40",83.55,167.1,Item arrived too late,RETURN_OR_REFUND_REQUEST_CANCEL,RETURN_AND_REFUND
4039368448727418553,4039368448727353017,582858133707196089,2026-03-27,Calça Jeans Feminina Wide Leg Jeans Feminina Cintura Alta,REF52538,"Stone Used, 38",70.79,70.79,Item doesn't fit,RETURN_OR_REFUND_REQUEST_CANCEL,RETURN_AND_REFUND
4039368852593477187,4039368852593411651,582786857279850051,2026-03-27,Calça Jeans Feminina Wide Leg Jeans Feminina Cintura Alta,REF52740,"Sky Used, 40",69.99,69.99,Item doesn't fit,RETURN_OR_REFUND_REQUEST_COMPLETE,RETURN_AND_REFUND
4039368566616065369,4039368566615999833,583166328095475033,2026-03-27,Calça Feminina Jeans Wide Leg Cintura Alta Azul Médio Marmorizado,REF55146,"Azul Médio Marmorizado , 46",75.19,75.19,Item doesn't fit,RETURN_OR_REFUND_REQUEST_COMPLETE,RETURN_AND_REFUND
4039368875532452990,4039368875532387454,583207271663305854,2026-03-27,Calça Jeans Feminina Wide Leg Cintura Alta Terracota,REF54842,"Terracota, 42",94.9,94.9,Item doesn't fit,RETURN_OR_REFUND_REQUEST_COMPLETE,RETURN_AND_REFUND
4039370286917519051,4039370286917453515,583235233981499083,2026-03-27,Calça Jeans Feminina Wide Leg Jeans Feminina Cintura Alta,REF51640,"Marmorizada, 40",71.05,71.05,Item doesn't fit,RETURN_OR_REFUND_REQUEST_CANCEL,RETURN_AND_REFUND
4039369049395726039,4039369049395660503,583221466495026903,2026-03-27,Calça Jeans Feminina Wide Leg Jeans Feminina Cintura Alta,REF52736,"Sky Used, 36",69.99,69.99,"Fabric, material or style not as expected",RETURN_OR_REFUND_REQUEST_COMPLETE,RETURN_AND_REFUND
4039370953662039135,4039370953661973599,583190579900810335,2026-03-27,Calça Jeans Feminina Wide Leg Jeans Feminina Cintura Alta,REF51644,"Marmorizada, 44",71.37,71.37,Item doesn't fit,RETURN_OR_REFUND_REQUEST_COMPLETE,RETURN_AND_REFUND
4039370928895002133,4039370928894936597,583219986050549269,2026-03-27,Calça Feminina Jeans Wide Leg Cintura Alta Azul Médio Marmorizado,REF55138,"Azul Médio Marmorizado , 38",80.39,80.39,Item doesn't fit,RETURN_OR_REFUND_REQUEST_COMPLETE,RETURN_AND_REFUND
4039370511789360667,4039370511789295131,583084528478946843,2026-03-27,Calça Feminina Jeans Wide Leg Cintura Alta Azul Médio Marmorizado,REF55142,"Azul Médio Marmorizado , 42",80.66,80.66,Item doesn't match description,RETURN_OR_REFUND_REQUEST_COMPLETE,RETURN_AND_REFUND
4039370326323726054,4039370326323660518,583193992463484646,2026-03-27,Calça Feminina Jeans Wide Leg Cintura Alta Azul Médio Marmorizado,REF55146,"Azul Médio Marmorizado , 46",75.0,75.0,Item doesn't fit,RETURN_OR_REFUND_REQUEST_COMPLETE,RETURN_AND_REFUND
4039370015957157027,4039370015957091491,583232224759481507,2026-03-27,Calça Feminina Jeans Wide Leg Cintura Alta Azul Médio Marmorizado,REF55136,"Azul Médio Marmorizado , 36",70.05,70.05,Item doesn't fit,RETURN_OR_REFUND_REQUEST_COMPLETE,RETURN_AND_REFUND
4039369779085215563,4039369779085150027,583236185534531403,2026-03-27,Calça Jeans Feminina Wide Leg Jeans Feminina Cintura Alta,REF52738,"Sky Used, 38",62.99,62.99,Item doesn't fit,RETURN_OR_REFUND_REQUEST_COMPLETE,RETURN_AND_REFUND
4039369044748830090,4039369044748764554,583221118146282890,2026-03-27,Calça Jeans Feminina Wide Leg Jeans Feminina Cintura Alta,REF51636,"Marmorizada, 36",78.1,78.1,Item doesn't fit,RETURN_OR_REFUND_REQUEST_COMPLETE,RETURN_AND_REFUND
4039369503671747819,4039369503671682283,583168527787197675,2026-03-27,Calça Jeans Feminina Wide Leg Jeans Feminina Cintura Alta,REF51642,"Marmorizada, 42",80.7,80.7,Item doesn't fit,RETURN_OR_REFUND_REQUEST_COMPLETE,RETURN_AND_REFUND
4039369414910641966,4039369414910576430,583235056824256302,2026-03-27,Calça Jeans Feminina Wide Leg Jeans Feminina Cintura Alta,REF51638,"Marmorizada, 38",62.99,62.99,"Item arrived damaged. Example: item is dented, scratched or shattered.",RETURN_OR_REFUND_REQUEST_CANCEL,RETURN_AND_REFUND
4039369225325807220,4039369225325741684,583206617840322164,2026-03-27,Calça Jeans Feminina Wide Leg Jeans Feminina Cintura Alta,REF51636,"Marmorizada, 36",64.94,64.94,Item doesn't fit,RETURN_OR_REFUND_REQUEST_COMPLETE,RETURN_AND_REFUND
4039369178790397935,4039369178790332399,583235785848293359,2026-03-27,Calça Jeans Feminina Wide Leg Jeans Feminina Cintura Alta,REF52544,"Stone Used, 44",69.99,69.99,Item doesn't match description,RETURN_OR_REFUND_REQUEST_COMPLETE,RETURN_AND_REFUND
4039369079358457513,4039369079358391977,583166506607150761,2026-03-27,Shorts Mom/Social Feminino Jeans Cintura Alta Barra Dobrada,REF56138,"Grafite, 38",53.99,53.99,Item doesn't fit,RETURN_OR_REFUND_REQUEST_COMPLETE,RETURN_AND_REFUND
4039369075006080681,4039369075006015145,583166506607150761,2026-03-27,Calça Feminina Jeans Wide Leg Cintura Alta Azul Médio Marmorizado,REF55138,"Azul Médio Marmorizado , 38",71.99,71.99,Item doesn't fit,RETURN_OR_REFUND_REQUEST_COMPLETE,RETURN_AND_REFUND
4039369073745036963,4039369073744971427,583192794383025827,2026-03-27,Calça Jeans Feminina Wide Leg Jeans Feminina Cintura Alta,REF51640,"Marmorizada, 40",71.99,71.99,Item doesn't fit,RETURN_OR_REFUND_REQUEST_COMPLETE,RETURN_AND_REFUND
4039369436003600197,4039369436003534661,583236469830813509,2026-03-27,Calça Jeans Feminina Wide Leg Jeans Feminina Cintura Alta,REF52544,"Stone Used, 44",73.83,73.83,Item doesn't fit,RETURN_OR_REFUND_REQUEST_COMPLETE,RETURN_AND_REFUND
4039368351650448741,4039368351650383205,583207920654255461,2026-03-27,Calça Jeans Feminina Wide Leg Jeans Feminina Cintura Alta,REF51636,"Marmorizada, 36",67.89,67.89,No longer needed,RETURN_OR_REFUND_REQUEST_COMPLETE,RETURN_AND_REFUND
4039367511084139597,4039367511084074061,583193434774209613,2026-03-27,Calça Jeans Feminina Wide Leg Jeans Feminina Cintura Alta,REF51644,"Marmorizada, 44",76.73,76.73,Item doesn't fit,RETURN_OR_REFUND_REQUEST_CANCEL,RETURN_AND_REFUND
4039368334555056035,4039368334554990499,583168241322592163,2026-03-27,Calça Feminina Jeans Wide Leg Cintura Alta Azul Médio Marmorizado,REF55140,"Azul Médio Marmorizado , 40",79.99,79.99,"Item arrived damaged. Example: item is dented, scratched or shattered.",RETURN_OR_REFUND_REQUEST_COMPLETE,RETURN_AND_REFUND
4039365603766338785,4039365603766273249,583219958218327265,2026-03-27,Calça Jeans Feminina Wide Leg Jeans Feminina Cintura Alta,REF52544,"Stone Used, 44",61.1,61.1,Item doesn't fit,RETURN_OR_REFUND_REQUEST_COMPLETE,RETURN_AND_REFUND
4039365533349938401,4039365533349872865,583219958218327265,2026-03-27,Calça Jeans Feminina Wide Leg Jeans Feminina Cintura Alta,REF51644,"Marmorizada, 44",61.1,61.1,Item doesn't fit,RETURN_OR_REFUND_REQUEST_COMPLETE,RETURN_AND_REFUND
4039365274570556428,4039365274570490892,583207487843566604,2026-03-27,Calça Jeans Feminina Wide Leg Jeans Feminina Cintura Alta,REF51638,"Marmorizada, 38",79.9,79.9,"Fabric, material or style not as expected",RETURN_OR_REFUND_REQUEST_COMPLETE,RETURN_AND_REFUND
4039365151019140605,4039365151019075069,582832108841436669,2026-03-27,Calça Jeans Feminina Wide Leg Jeans Feminina Cintura Alta,REF51644,"Marmorizada, 44",79.9,79.9,Item doesn't fit,RETURN_OR_REFUND_REQUEST_CANCEL,RETURN_AND_REFUND
4039364051703400222,4039364051703334686,583207725710214942,2026-03-27,Calça Jeans Feminina Wide Leg Jeans Feminina Cintura Alta,REF52544,"Stone Used, 44",79.9,79.9,Item doesn't fit,RETURN_OR_REFUND_REQUEST_COMPLETE,RETURN_AND_REFUND
4039363448911332368,4039363448911266832,583218619271775248,2026-03-27,Calça Jeans Feminina Wide Leg Cintura Alta Chocolate,REF56238,"Chocolate, 38",73.08,73.08,Item doesn't fit,RETURN_OR_REFUND_REQUEST_COMPLETE,RETURN_AND_REFUND
4039365632982222099,4039365632982156563,583153266157978899,2026-03-27,Calça Jeans Feminina Wide Leg Jeans Feminina Cintura Alta,REF51640,"Marmorizada, 40",65.47,65.47,Item doesn't fit,RETURN_OR_REFUND_REQUEST_COMPLETE,RETURN_AND_REFUND
4039363160386930222,4039363160386864686,583003895555327534,2026-03-27,Calça Jeans Feminina Wide Leg Jeans Feminina Cintura Alta,REF51640,"Marmorizada, 40",84.93,84.93,Item doesn't fit,RETURN_OR_REFUND_REQUEST_COMPLETE,RETURN_AND_REFUND
4039362778884637861,4039362778884572325,583205805636486309,2026-03-27,Calça Jeans Feminina Wide Leg Jeans Feminina Cintura Alta,REF51638,"Marmorizada, 38",83.62,83.62,Color or pattern not as expected,RETURN_OR_REFUND_REQUEST_COMPLETE,RETURN_AND_REFUND
4039362498511471889,4039362498511406353,583061044196181265,2026-03-27,Calça Jeans Feminina Wide Leg Jeans Feminina Cintura Alta,REF51638,"Marmorizada, 38",69.9,69.9,Item doesn't fit,RETURN_OR_REFUND_REQUEST_COMPLETE,RETURN_AND_REFUND
4039361476843046071,4039361476842980535,583148237751616695,2026-03-27,Calça Jeans Feminina Wide Leg Cintura Alta- Candy Colors,REF54940,"ROSA BEBÊ, 40",90.7,90.7,Item doesn't fit,RETURN_OR_REFUND_REQUEST_CANCEL,RETURN_AND_REFUND
4039361073884399273,4039361073884333737,583166570311485097,2026-03-27,Calça Jeans Feminina Wide Leg Jeans Feminina Cintura Alta,REF51638,"Marmorizada, 38",83.1,83.1,Item doesn't fit,RETURN_OR_REFUND_REQUEST_COMPLETE,RETURN_AND_REFUND
4039357930729669774,4039357930729604238,583167392682902670,2026-03-27,Calça Feminina Jeans Wide Leg Cintura Alta Azul Médio Marmorizado,REF55142,"Azul Médio Marmorizado , 42",79.99,79.99,Wrong item was sent,RETURN_OR_REFUND_REQUEST_CANCEL,RETURN_AND_REFUND
4039368346784269669,4039368346784204133,583218146444674405,2026-03-27,Calça Jeans Feminina Wide Leg Cintura Alta Amarelo Manteiga,REF55036,"AMARELO MANTEIGA, 36",69.83,69.83,No longer needed,RETURN_OR_REFUND_REQUEST_COMPLETE,RETURN_AND_REFUND
4039362995154027630,4039362995153962094,583193071147451502,2026-03-27,Calça Feminina Jeans Wide Leg Cintura Alta Azul Médio Marmorizado,REF55144,"Azul Médio Marmorizado , 44",86.22,86.22,Item doesn't fit,RETURN_OR_REFUND_REQUEST_COMPLETE,RETURN_AND_REFUND
4039365669031150817,4039365669031019745,583219958218327265,2026-03-27,Calça Jeans Feminina Wide Leg Jeans Cintura alta,REF54644,"Branca , 44",71.83,71.83,Item doesn't fit,RETURN_OR_REFUND_REQUEST_COMPLETE,RETURN_AND_REFUND
4039363606260778590,4039363606260713054,583193775730165342,2026-03-27,Calça Jeans Feminina Wide Leg Jeans Feminina Cintura Alta,REF51642,"Marmorizada, 42",70.79,70.79,Item doesn't fit,RETURN_OR_REFUND_REQUEST_COMPLETE,RETURN_AND_REFUND
4039365954297759076,4039365954297693540,583205619199673700,2026-03-27,Calça Jeans Feminina Wide Leg Jeans Feminina Cintura Alta,REF52544,"Stone Used, 44",77.5,77.5,Item doesn't fit,RETURN_OR_REFUND_REQUEST_COMPLETE,RETURN_AND_REFUND
4039368280271390539,4039368280271325003,583221338469664587,2026-03-27,Calça Feminina Jeans Wide Leg Cintura Alta Azul Médio Marmorizado,REF55138,"Azul Médio Marmorizado , 38",101.42,101.42,Defective item,RETURN_OR_REFUND_REQUEST_COMPLETE,RETURN_AND_REFUND
4039368210363745449,4039368210363679913,583237821478175913,2026-03-27,Calça Jeans Feminina Wide Leg Jeans Feminina Cintura Alta,REF51644,"Marmorizada, 44",82.77,82.77,Item doesn't fit,RETURN_OR_REFUND_REQUEST_COMPLETE,RETURN_AND_REFUND
4039368118902621268,4039368118902555732,583141090482095188,2026-03-27,Calça Jeans Feminina Wide Leg Cintura Alta Chocolate,REF56238,"Chocolate, 38",84.05,84.05,Item doesn't fit,RETURN_OR_REFUND_REQUEST_COMPLETE,RETURN_AND_REFUND
4039368055912564206,4039368055912498670,583166585978324462,2026-03-27,Calça Jeans Feminina Wide Leg Jeans Feminina Cintura Alta,REF52744,"Sky Used, 44",90.7,90.7,Item doesn't fit,RETURN_OR_REFUND_REQUEST_COMPLETE,RETURN_AND_REFUND
4039368041509848820,4039368041509783284,582942540304058100,2026-03-27,Calça Jeans Feminina Wide Leg Jeans Feminina Cintura Alta,REF51636,"Marmorizada, 36",80.9,161.8,"Item arrived damaged. Example: item is dented, scratched or shattered.",RETURN_OR_REFUND_REQUEST_CANCEL,RETURN_AND_REFUND
4039368041509914356,4039368041509783284,582942540304058100,2026-03-27,Calça Jeans Feminina Wide Leg Jeans Feminina Cintura Alta,REF51636,"Marmorizada, 36",80.9,161.8,"Item arrived damaged. Example: item is dented, scratched or shattered.",RETURN_OR_REFUND_REQUEST_CANCEL,RETURN_AND_REFUND
4039367950013859054,4039367950013793518,583141301018854638,2026-03-27,Calça Jeans Feminina Wide Leg Jeans Feminina Cintura Alta,REF52538,"Stone Used, 38",79.9,79.9,"Fabric, material or style not as expected",RETURN_OR_REFUND_REQUEST_CANCEL,RETURN_AND_REFUND
4039368100226500008,4039368100226434472,583214785357448616,2026-03-27,Calça Jeans Feminina Wide Leg Jeans Feminina Cintura Alta,REF51646,"Marmorizada, 46",72.99,72.99,Item doesn't fit,RETURN_OR_REFUND_REQUEST_COMPLETE,RETURN_AND_REFUND
4039365754394870833,4039365754394805297,583176470189343793,2026-03-27,Calça Jeans Feminina Wide Leg Jeans Feminina Cintura Alta,REF51642,"Marmorizada, 42",79.9,79.9,Item doesn't fit,RETURN_OR_REFUND_REQUEST_COMPLETE,RETURN_AND_REFUND
4039367322387318379,4039367322387187307,583140042251994731,2026-03-27,Calça Jeans Feminina Wide Leg Cintura Alta Chocolate,REF56238,"Chocolate, 38",71.99,143.98,Package received but missing item,RETURN_OR_REFUND_REQUEST_CANCEL,RETURN_AND_REFUND
4039367322387252843,4039367322387187307,583140042251994731,2026-03-27,Calça Jeans Feminina Wide Leg Cintura Alta Chocolate,REF56238,"Chocolate, 38",71.99,143.98,Package received but missing item,RETURN_OR_REFUND_REQUEST_CANCEL,RETURN_AND_REFUND
4039367198727374645,4039367198727309109,583236218310002485,2026-03-27,Calça Jeans Feminina Wide Leg Jeans Feminina Cintura Alta,REF51638,"Marmorizada, 38",69.99,69.99,Item doesn't fit,RETURN_OR_REFUND_REQUEST_COMPLETE,RETURN_AND_REFUND
4039367124961232894,4039367124961167358,583235952791881726,2026-03-27,Calça Jeans Feminina Wide Leg Jeans Feminina Cintura Alta,REF51638,"Marmorizada, 38",70.79,70.79,Item doesn't fit,RETURN_OR_REFUND_REQUEST_COMPLETE,RETURN_AND_REFUND
4039366365463413959,4039366365463348423,583207087801337031,2026-03-27,Calça Jeans Feminina Wide Leg Jeans Feminina Cintura Alta,REF52544,"Stone Used, 44",77.59,77.59,Item doesn't fit,RETURN_OR_REFUND_REQUEST_COMPLETE,RETURN_AND_REFUND
4039366349916571022,4039366349916439950,583191743061853582,2026-03-27,Calça Jeans Feminina Wide Leg Jeans Feminina Cintura Alta,REF51646,"Marmorizada, 46",68.69,68.69,Item doesn't fit,RETURN_OR_REFUND_REQUEST_CANCEL,RETURN_AND_REFUND
4039367914894690179,4039367914894624643,583018970167019395,2026-03-27,Calça Jeans Feminina Wide Leg Jeans Feminina Cintura Alta,REF52544,"Stone Used, 44",65.92,65.92,"Item arrived damaged. Example: item is dented, scratched or shattered.",RETURN_OR_REFUND_REQUEST_CANCEL,RETURN_AND_REFUND
4039381272063739042,4039381272063673506,583237227096474786,2026-03-28,Calça Jeans Feminina Wide Leg Jeans Feminina Cintura Alta,REF51638,"Marmorizada, 38",77.4,77.4,Item doesn't fit,RETURN_OR_REFUND_REQUEST_COMPLETE,RETURN_AND_REFUND
4039381276318270626,4039381276318205090,583237227096474786,2026-03-28,Calça Jeans Feminina Wide Leg Jeans Feminina Cintura Alta,REF52738,"Sky Used, 38",77.4,77.4,Item doesn't fit,RETURN_OR_REFUND_REQUEST_COMPLETE,RETURN_AND_REFUND
4039381386873439784,4039381386873374248,583166323798083112,2026-03-28,Calça Jeans Feminina Wide Leg Cintura Alta- Candy Colors,REF54938,"ROSA BEBÊ, 38",93.21,93.21,Item doesn't fit,RETURN_OR_REFUND_REQUEST_COMPLETE,RETURN_AND_REFUND
4039381476237412163,4039381476237346627,583207292936685379,2026-03-28,Calça Jeans Feminina Wide Leg Jeans Feminina Cintura Alta,REF51642,"Marmorizada, 42",84.59,84.59,Item doesn't fit,RETURN_OR_REFUND_REQUEST_COMPLETE,RETURN_AND_REFUND
4039382250906158099,4039382250906092563,583218345187378195,2026-03-28,Calça Jeans Feminina Wide Leg Jeans Feminina Cintura Alta,REF51644,"Marmorizada, 44",77.5,77.5,Item doesn't fit,RETURN_OR_REFUND_REQUEST_CANCEL,RETURN_AND_REFUND
4039381687808525375,4039381687808459839,583236107311088703,2026-03-28,Calça Jeans Feminina Wide Leg Jeans Feminina Cintura Alta,REF51638,"Marmorizada, 38",77.2,77.2,Color or pattern not as expected,RETURN_OR_REFUND_REQUEST_COMPLETE,RETURN_AND_REFUND
4039381721315247667,4039381721315182131,583202430079174195,2026-03-28,Calça Jeans Feminina Wide Leg Jeans Feminina Cintura Alta,REF51642,"Marmorizada, 42",80.7,80.7,Item doesn't fit,RETURN_OR_REFUND_REQUEST_CANCEL,RETURN_AND_REFUND
4039382510319929005,4039382510319863469,583246047678203565,2026-03-28,Calça Jeans Feminina Wide Leg Jeans Feminina Cintura Alta,REF51636,"Marmorizada, 36",79.9,79.9,Item doesn't fit,RETURN_OR_REFUND_REQUEST_COMPLETE,RETURN_AND_REFUND
4039381236628227663,4039381236628162127,583234426360530511,2026-03-28,Calça Jeans Feminina Wide Leg Jeans Feminina Cintura Alta,REF51646,"Marmorizada, 46",74.67,74.67,Item doesn't fit,RETURN_OR_REFUND_REQUEST_CANCEL,RETURN_AND_REFUND
4039381580217747022,4039381580217681486,583166699087889998,2026-03-28,Calça Jeans Feminina Wide Leg Jeans Feminina Cintura Alta,REF51636,"Marmorizada, 36",83.86,83.86,Item doesn't fit,RETURN_OR_REFUND_REQUEST_COMPLETE,RETURN_AND_REFUND
4039381196453938783,4039381196453873247,583166516763330143,2026-03-28,Calça Jeans Feminina Wide Leg Jeans Feminina Cintura Alta,REF51642,"Marmorizada, 42",79.1,79.1,Package wasn't received,RETURN_OR_REFUND_REQUEST_COMPLETE,REFUND
4039379525709759942,4039379525709694406,583166878982178246,2026-03-28,Calça Jeans Feminina Wide Leg Jeans Feminina Cintura Alta,REF52544,"Stone Used, 44",80.7,80.7,Item doesn't fit,RETURN_OR_REFUND_REQUEST_COMPLETE,RETURN_AND_REFUND
4039380755630622465,4039380755630556929,583204099494479617,2026-03-28,Calça Jeans Feminina Wide Leg Jeans Feminina Cintura Alta,REF51644,"Marmorizada, 44",73.13,73.13,"Fabric, material or style not as expected",RETURN_OR_REFUND_REQUEST_COMPLETE,RETURN_AND_REFUND
4039371283629901158,4039371283629835622,582768374291268966,2026-03-28,Calça Jeans Feminina Wide Leg Jeans Feminina Cintura Alta,REF51636,"Marmorizada, 36",77.5,77.5,Package wasn't received,RETURN_OR_REFUND_REQUEST_COMPLETE,REFUND
4039371283630490982,4039371283629966694,582768374291268966,2026-03-28,Calça Jeans Feminina Wide Leg Jeans Feminina Cintura Alta,REF52538,"Stone Used, 38",77.51,77.51,Package wasn't received,RETURN_OR_REFUND_REQUEST_COMPLETE,REFUND
4039380902258377744,4039380902258312208,583235890664211472,2026-03-28,Calça Feminina Jeans Wide Leg Cintura Alta Azul Médio Marmorizado,REF55140,"Azul Médio Marmorizado , 40",80.39,80.39,Item doesn't fit,RETURN_OR_REFUND_REQUEST_COMPLETE,RETURN_AND_REFUND
4039377563639514386,4039377563639448850,583191602131207442,2026-03-28,Calça Jeans Feminina Wide Leg Jeans Feminina Cintura Alta,REF51644,"Marmorizada, 44",84.28,84.28,Item doesn't fit,RETURN_OR_REFUND_REQUEST_COMPLETE,RETURN_AND_REFUND
4039378193943529166,4039378193943398094,583191588441523918,2026-03-28,Calça Jeans Feminina Wide Leg Jeans Feminina Cintura Alta,REF51644,"Marmorizada, 44",69.99,69.99,No longer needed,RETURN_OR_REFUND_REQUEST_CANCEL,RETURN_AND_REFUND
4039371851566253965,4039371851566188429,583177538844133261,2026-03-28,Calça Jeans Feminina Wide Leg Jeans Feminina Cintura Alta,REF51636,"Marmorizada, 36",79.9,79.9,Item doesn't fit,RETURN_OR_REFUND_REQUEST_COMPLETE,RETURN_AND_REFUND
4039378903813817601,4039378903813752065,583035722349249793,2026-03-28,Calça Jeans Feminina Wide Leg Jeans Feminina Cintura Alta,REF51646,"Marmorizada, 46",77.5,77.5,Item doesn't fit,RETURN_OR_REFUND_REQUEST_COMPLETE,RETURN_AND_REFUND
4039379612792292910,4039379612792227374,583222096180512302,2026-03-28,Calça Jeans Feminina Wide Leg Jeans Feminina Cintura Alta,REF51636,"Marmorizada, 36",60.84,60.84,Item doesn't fit,RETURN_OR_REFUND_REQUEST_COMPLETE,RETURN_AND_REFUND
4039380089428739842,4039380089428674306,583233089989281538,2026-03-28,Calça Jeans Feminina Wide Leg Jeans Cintura Alta Preta Marmorizada,REF52836,36,82.44,82.44,Item doesn't fit,RETURN_OR_REFUND_REQUEST_COMPLETE,RETURN_AND_REFUND
4039380335373878914,4039380335373813378,583250731820091010,2026-03-28,Calça Jeans Feminina Wide Leg Jeans Feminina Cintura Alta,REF52544,"Stone Used, 44",74.9,74.9,Item doesn't fit,RETURN_OR_REFUND_REQUEST_COMPLETE,RETURN_AND_REFUND
4039378591026873604,4039378591026808068,583219669742290180,2026-03-28,Calça Jeans Feminina Wide Leg Jeans Feminina Cintura Alta,REF51644,"Marmorizada, 44",63.29,63.29,Item doesn't fit,RETURN_OR_REFUND_REQUEST_COMPLETE,RETURN_AND_REFUND
4039397000068105841,4039397000068040305,582988650389735025,2026-03-29,Calça Jeans Feminina Wide Leg Jeans Feminina Cintura Alta,REF51640,"Marmorizada, 40",79.9,79.9,Item doesn't fit,RETURN_OR_REFUND_REQUEST_COMPLETE,RETURN_AND_REFUND
4039398363864926142,4039398363864860606,583235593905080254,2026-03-29,Calça Jeans Feminina Wide Leg Jeans Feminina Cintura Alta,REF52538,"Stone Used, 38",69.99,69.99,No longer needed,RETURN_OR_REFUND_REQUEST_CANCEL,RETURN_AND_REFUND
4039397939205670679,4039397939205605143,583202937381947159,2026-03-29,Calça Jeans Feminina Wide Leg Jeans Feminina Cintura Alta,REF52544,"Stone Used, 44",74.9,74.9,Item doesn't fit,RETURN_OR_REFUND_REQUEST_CANCEL,RETURN_AND_REFUND
4039397884711241495,4039397884711175959,583203045886428951,2026-03-29,Calça Jeans Feminina Wide Leg Jeans Feminina Cintura Alta,REF51644,"Marmorizada, 44",80.7,80.7,Item doesn't fit,RETURN_OR_REFUND_REQUEST_COMPLETE,RETURN_AND_REFUND
4039397859504653529,4039397859504587993,583193822270489817,2026-03-29,Calça Jeans Feminina Wide Leg Jeans Feminina Cintura Alta,REF51638,"Marmorizada, 38",73.24,73.24,Item doesn't fit,RETURN_OR_REFUND_REQUEST_COMPLETE,RETURN_AND_REFUND
4039397206547006935,4039397206546941399,583206753672463831,2026-03-29,Calça Jeans Feminina Wide Leg Jeans Feminina Cintura Alta,REF51638,"Marmorizada, 38",80.7,80.7,Item doesn't fit,RETURN_OR_REFUND_REQUEST_CANCEL,RETURN_AND_REFUND
4039396963373254035,4039396961051248019,583248162662876563,2026-03-29,Calça Jeans Feminina Wide Leg Jeans Feminina Cintura Alta,REF51644,"Marmorizada, 44",67.29,67.29,Item doesn't match description,RETURN_OR_REFUND_REQUEST_COMPLETE,RETURN_AND_REFUND
4039392141741556748,4039392141741491212,583250572289672204,2026-03-29,Calça Jeans Feminina Wide Leg Jeans Feminina Cintura Alta,REF51646,"Marmorizada, 46",69.99,69.99,Item doesn't fit,RETURN_OR_REFUND_REQUEST_COMPLETE,RETURN_AND_REFUND
4039396088131127262,4039396088131061726,583251689189509086,2026-03-29,Calça Jeans Feminina Wide Leg Jeans Feminina Cintura Alta,REF51638,"Marmorizada, 38",65.63,65.63,"Fabric, material or style not as expected",RETURN_OR_REFUND_REQUEST_COMPLETE,RETURN_AND_REFUND
4039395898962249259,4039395898962183723,582816603889042987,2026-03-29,Calça Jeans Feminina Wide Leg Jeans Feminina Cintura Alta,REF51636,"Marmorizada, 36",63.79,63.79,"Item arrived damaged. Example: item is dented, scratched or shattered.",RETURN_OR_REFUND_REQUEST_CANCEL,RETURN_AND_REFUND
4039395508012287083,4039395508012221547,583219944637236331,2026-03-29,Calça Jeans Feminina Wide Leg Jeans Feminina Cintura Alta,REF51636,"Marmorizada, 36",69.99,69.99,Item doesn't fit,RETURN_OR_REFUND_REQUEST_CANCEL,RETURN_AND_REFUND
4039395055577302637,4039395055577237101,583166355588154989,2026-03-29,Calça Jeans Feminina Wide Leg Cintura Alta- Candy Colors,REF54940,"ROSA BEBÊ, 40",89.9,89.9,Package wasn't received,RETURN_OR_REFUND_REQUEST_CANCEL,REFUND
4039392368105064299,4039392368104998763,583139659404183403,2026-03-29,Calça Jeans Feminina Wide Leg Jeans Feminina Cintura Alta,REF51644,"Marmorizada, 44",73.24,73.24,Item doesn't fit,RETURN_OR_REFUND_REQUEST_COMPLETE,RETURN_AND_REFUND
4039396585849522091,4039396585849456555,583177951355176875,2026-03-29,Calça Feminina Jeans Wide Leg Cintura Alta Azul Médio Marmorizado,REF55138,"Azul Médio Marmorizado , 38",89.2,89.2,Item doesn't fit,RETURN_OR_REFUND_REQUEST_CANCEL,RETURN_AND_REFUND
4039390990683113287,4039390990683047751,583173810262476615,2026-03-29,Calça Jeans Feminina Wide Leg Jeans Feminina Cintura Alta,REF51640,"Marmorizada, 40",79.9,79.9,Item doesn't fit,RETURN_OR_REFUND_REQUEST_COMPLETE,RETURN_AND_REFUND
4039384697341773627,4039384697341708091,583153609283897147,2026-03-29,Calça Jeans Feminina Wide Leg Jeans Feminina Cintura Alta,REF51640,"Marmorizada, 40",79.9,79.9,Wrong item was sent,RETURN_OR_REFUND_REQUEST_CANCEL,RETURN_AND_REFUND
4039411889777903431,4039411889777837895,583232517215192903,2026-03-30,Calça Jeans Feminina Wide Leg Cintura Alta Chocolate,REF56240,"Chocolate, 40",71.99,71.99,"Fabric, material or style not as expected",RETURN_OR_REFUND_REQUEST_COMPLETE,RETURN_AND_REFUND
4039411889877911367,4039411889877845831,583232517215192903,2026-03-30,Calça Feminina Jeans Wide Leg Cintura Alta Azul Médio Marmorizado,REF55140,"Azul Médio Marmorizado , 40",71.99,71.99,"Fabric, material or style not as expected",RETURN_OR_REFUND_REQUEST_CANCEL,RETURN_AND_REFUND
4039411852439684823,4039411852439619287,583235562043901655,2026-03-30,Calça Jeans Feminina Wide Leg Jeans Feminina Cintura Alta,REF51646,"Marmorizada, 46",69.99,69.99,Item doesn't fit,RETURN_OR_REFUND_REQUEST_COMPLETE,RETURN_AND_REFUND
4039411736942380913,4039411736942315377,583222345137817457,2026-03-30,Calça Jeans Feminina Wide Leg Jeans Feminina Cintura Alta,REF51638,"Marmorizada, 38",71.99,71.99,Item doesn't fit,RETURN_OR_REFUND_REQUEST_COMPLETE,RETURN_AND_REFUND
4039411608646288536,4039411608024482968,583251199369315480,2026-03-30,Calça Jeans Feminina Wide Leg Jeans Feminina Cintura Alta,REF51644,"Marmorizada, 44",77.2,77.2,Color or pattern not as expected,RETURN_OR_REFUND_REQUEST_COMPLETE,RETURN_AND_REFUND
4039411563363731417,4039411563363665881,583244839434880985,2026-03-30,Calça Jeans Feminina Wide Leg Jeans Feminina Cintura Alta,REF51638,"Marmorizada, 38",74.9,74.9,Item doesn't fit,RETURN_OR_REFUND_REQUEST_COMPLETE,RETURN_AND_REFUND
4039411567242348323,4039411567242282787,583250757122295587,2026-03-30,Calça Jeans Feminina Wide Leg Jeans Feminina Cintura Alta,REF52744,"Sky Used, 44",77.4,77.4,Item doesn't fit,RETURN_OR_REFUND_REQUEST_COMPLETE,RETURN_AND_REFUND
4039411944447706874,4039411944447641338,583231572441794298,2026-03-30,Calça Jeans Feminina Wide Leg Jeans Feminina Cintura Alta Stone Used,REF52536,36,79.99,79.99,Item doesn't fit,RETURN_OR_REFUND_REQUEST_COMPLETE,RETURN_AND_REFUND
4039411546670007493,4039411546669941957,583235735772366021,2026-03-30,Calça Jeans Feminina Wide Leg Jeans Feminina Cintura Alta,REF51640,"Marmorizada, 40",73.24,73.24,Item doesn't fit,RETURN_OR_REFUND_REQUEST_COMPLETE,RETURN_AND_REFUND
4039411467853595972,4039411467853530436,583219736681547076,2026-03-30,Calça Jeans Feminina Wide Leg Jeans Feminina Cintura Alta,REF51636,"Marmorizada, 36",69.99,69.99,Package wasn't received,RETURN_OR_REFUND_REQUEST_CANCEL,REFUND
4039411397601822623,4039411397601757087,583193479185205151,2026-03-30,Calça Jeans Feminina Wide Leg Jeans Feminina Cintura Alta,REF51638,"Marmorizada, 38",69.99,69.99,Defective item,RETURN_OR_REFUND_REQUEST_COMPLETE,RETURN_AND_REFUND
4039411601292101593,4039411601292036057,583239919275509721,2026-03-30,Calça Jeans Feminina Wide Leg Jeans Feminina Cintura Alta,REF52736,"Sky Used, 36",79.9,79.9,Color or pattern not as expected,RETURN_OR_REFUND_REQUEST_COMPLETE,RETURN_AND_REFUND
4039412005523391727,4039412005523326191,583193422931002607,2026-03-30,Calça Jeans Feminina Wide Leg Jeans Feminina Cintura Alta,REF51638,"Marmorizada, 38",79.85,79.85,"Fabric, material or style not as expected",RETURN_OR_REFUND_REQUEST_COMPLETE,RETURN_AND_REFUND
4039412255332467944,4039412255332402408,583221337312167144,2026-03-30,Calça Jeans Feminina Wide Leg Jeans Feminina Cintura Alta,REF51638,"Marmorizada, 38",84.28,84.28,Item doesn't fit,RETURN_OR_REFUND_REQUEST_CANCEL,RETURN_AND_REFUND
4039412112386524897,4039412112386459361,583249337936479969,2026-03-30,Calça Jeans Feminina Wide Leg Cintura Alta- Candy Colors,REF54944,"ROSA BEBÊ, 44",71.99,71.99,Item doesn't fit,RETURN_OR_REFUND_REQUEST_COMPLETE,RETURN_AND_REFUND
4039412247329539742,4039412247329474206,583207077611800222,2026-03-30,Calça Jeans Feminina Wide Leg Jeans Feminina Cintura Alta,REF51646,"Marmorizada, 46",69.99,69.99,Item doesn't fit,RETURN_OR_REFUND_REQUEST_COMPLETE,RETURN_AND_REFUND
4039412300110202457,4039412300110136921,583155926240560729,2026-03-30,Calça Jeans Feminina Wide Leg Jeans Feminina Cintura Alta,REF51644,"Marmorizada, 44",79.9,79.9,"Fabric, material or style not as expected",RETURN_OR_REFUND_REQUEST_COMPLETE,RETURN_AND_REFUND
4039412316024308829,4039412316024177757,583235409632920669,2026-03-30,Calça Jeans Feminina Wide Leg Cintura Alta Chocolate,REF56242,"Chocolate, 42",72.03,72.03,Item arrived too late,RETURN_OR_REFUND_REQUEST_COMPLETE,RETURN_AND_REFUND
4039412435903809424,4039412435903743888,583252182542157712,2026-03-30,Calça Jeans Feminina Wide Leg Jeans Feminina Cintura Alta,REF52544,"Stone Used, 44",71.21,71.21,Item doesn't fit,RETURN_OR_REFUND_REQUEST_CANCEL,RETURN_AND_REFUND
4039412465824138564,4039412465824073028,583219736681547076,2026-03-30,Calça Jeans Feminina Wide Leg Jeans Feminina Cintura Alta,REF51636,"Marmorizada, 36",69.99,69.99,Package wasn't received,RETURN_OR_REFUND_REQUEST_COMPLETE,REFUND
4039412646626296997,4039412646626231461,583237415067288741,2026-03-30,Calça Jeans Feminina Wide Leg Jeans Feminina Cintura Alta,REF51636,"Marmorizada, 36",70.79,70.79,Item doesn't fit,RETURN_OR_REFUND_REQUEST_COMPLETE,RETURN_AND_REFUND
4039413026844084177,4039413026844018641,583235096429561809,2026-03-30,Calça Jeans Feminina Wide Leg Jeans Feminina Cintura Alta,REF51636,"Marmorizada, 36",85.54,85.54,Item doesn't fit,RETURN_OR_REFUND_REQUEST_COMPLETE,RETURN_AND_REFUND
4039413548520670989,4039413548520605453,583220132084090637,2026-03-30,Calça Jeans Feminina Wide Leg Jeans Feminina Cintura Alta,REF51642,"Marmorizada, 42",74.04,74.04,Item doesn't fit,RETURN_OR_REFUND_REQUEST_COMPLETE,RETURN_AND_REFUND
4039413554637539085,4039413554637473549,583220108859967245,2026-03-30,Calça Jeans Feminina Wide Leg Jeans Feminina Cintura Alta,REF52738,"Sky Used, 38",68.09,68.09,Item doesn't fit,RETURN_OR_REFUND_REQUEST_COMPLETE,RETURN_AND_REFUND
4039414130790860746,4039414130790795210,583178865267673034,2026-03-30,Calça Jeans Feminina Wide Leg Jeans Feminina Cintura Alta,REF51640,"Marmorizada, 40",60.59,60.59,Item doesn't fit,RETURN_OR_REFUND_REQUEST_CANCEL,RETURN_AND_REFUND
4039414392180016832,4039414392179951296,583247450332104384,2026-03-30,Calça Feminina Jeans Wide Leg Cintura Alta Azul Médio Marmorizado,REF55142,"Azul Médio Marmorizado , 42",70.63,70.63,Item doesn't fit,RETURN_OR_REFUND_REQUEST_COMPLETE,RETURN_AND_REFUND
4039411378632361535,4039411378632295999,582985942533113407,2026-03-30,Calça Jeans Feminina Wide Leg Jeans Feminina Cintura Alta,REF51642,"Marmorizada, 42",64.94,64.94,Item doesn't fit,RETURN_OR_REFUND_REQUEST_COMPLETE,RETURN_AND_REFUND
4039412013856884349,4039412013856818813,583153779657639549,2026-03-30,Calça Feminina Jeans Wide Leg Cintura Alta Azul Médio Marmorizado,REF55138,"Azul Médio Marmorizado , 38",71.99,71.99,Item doesn't fit,RETURN_OR_REFUND_REQUEST_COMPLETE,RETURN_AND_REFUND
4039411364427826767,4039411364427761231,583206368114607695,2026-03-30,Calça Jeans Feminina Wide Leg Jeans Feminina Cintura Alta,REF51642,"Marmorizada, 42",65.86,131.73,Package received but missing item,RETURN_OR_REFUND_REQUEST_CANCEL,RETURN_AND_REFUND
4039408537440650448,4039408537440584912,583235092731954384,2026-03-30,Calça Jeans Feminina Wide Leg Jeans Feminina Cintura Alta,REF51644,"Marmorizada, 44",84.57,84.57,Item doesn't fit,RETURN_OR_REFUND_REQUEST_COMPLETE,RETURN_AND_REFUND
4039411261090727242,4039411261090661706,583153002857268554,2026-03-30,Calça Jeans Feminina Wide Leg Jeans Feminina Cintura Alta,REF52544,"Stone Used, 44",68.69,68.69,"Fabric, material or style not as expected",RETURN_OR_REFUND_REQUEST_COMPLETE,RETURN_AND_REFUND
4039403309932775191,4039403309932709655,583202937381947159,2026-03-30,Calça Jeans Feminina Wide Leg Jeans Feminina Cintura Alta,REF52544,"Stone Used, 44",74.9,74.9,Item doesn't fit,RETURN_OR_REFUND_REQUEST_COMPLETE,RETURN_AND_REFUND
4039405973083227281,4039405973083161745,583234182526829713,2026-03-30,Calça Jeans Feminina Wide Leg Jeans Feminina Cintura Alta,REF51644,"Marmorizada, 44",81.1,81.1,Item doesn't fit,RETURN_OR_REFUND_REQUEST_COMPLETE,RETURN_AND_REFUND
4039411364427892303,4039411364427761231,583206368114607695,2026-03-30,Calça Jeans Feminina Wide Leg Jeans Feminina Cintura Alta,REF51642,"Marmorizada, 42",65.87,131.73,Package received but missing item,RETURN_OR_REFUND_REQUEST_CANCEL,RETURN_AND_REFUND
4039407118638679526,4039407118638351846,583208113108518374,2026-03-30,Calça Feminina Jeans Wide Leg Cintura Alta Azul Médio Marmorizado,REF55146,"Azul Médio Marmorizado , 46",75.54,75.54,"Package arrived damaged. Example: spilled liquid, damaged box.",RETURN_OR_REFUND_REQUEST_CANCEL,REFUND
4039407118638286310,4039407118637958630,583208113108518374,2026-03-30,Calça Jeans Feminina Wide Leg Cintura Alta Branca,REF54646,"Branco, 46",89.63,89.63,"Package arrived damaged. Example: spilled liquid, damaged box.",RETURN_OR_REFUND_REQUEST_CANCEL,REFUND
4039407118637893094,4039407118637827558,583208113108518374,2026-03-30,Calça Jeans Feminina Wide Leg Jeans Cintura alta,REF54746,"Preto , 46",89.62,89.62,"Package arrived damaged. Example: spilled liquid, damaged box.",RETURN_OR_REFUND_REQUEST_CANCEL,REFUND
4039407128636720614,4039407128636065254,583208113108518374,2026-03-30,Calça Feminina Jeans Wide Leg Cintura Alta Azul Médio Marmorizado,REF55146,"Azul Médio Marmorizado , 46",75.54,75.54,"Package arrived damaged. Example: spilled liquid, damaged box.",RETURN_OR_REFUND_REQUEST_CANCEL,REFUND
4039407196642772583,4039407196299167335,583163822577780327,2026-03-30,Calça Jeans Feminina Wide Leg Jeans Feminina Cintura Alta,REF51640,"Marmorizada, 40",81.9,81.9,Item doesn't fit,RETURN_OR_REFUND_REQUEST_COMPLETE,RETURN_AND_REFUND
4039407205828888038,4039407205828756966,583208113108518374,2026-03-30,Calça Jeans Feminina Wide Leg Jeans Cintura alta,REF54746,"Preto , 46",89.62,89.62,"Package arrived damaged. Example: spilled liquid, damaged box.",RETURN_OR_REFUND_REQUEST_COMPLETE,REFUND
4039407205829608934,4039407205829281254,583208113108518374,2026-03-30,Calça Feminina Jeans Wide Leg Cintura Alta Azul Médio Marmorizado,REF55146,"Azul Médio Marmorizado , 46",75.54,75.54,"Package arrived damaged. Example: spilled liquid, damaged box.",RETURN_OR_REFUND_REQUEST_COMPLETE,REFUND
4039407205829215718,4039407205829019110,583208113108518374,2026-03-30,Calça Jeans Feminina Wide Leg Cintura Alta Branca,REF54646,"Branco, 46",89.63,89.63,"Package arrived damaged. Example: spilled liquid, damaged box.",RETURN_OR_REFUND_REQUEST_COMPLETE,REFUND
4039407266524137132,4039407266524071596,583217309902407340,2026-03-30,Calça Jeans Feminina Wide Leg Jeans Feminina Cintura Alta,REF51638,"Marmorizada, 38",75.94,75.94,Item doesn't fit,RETURN_OR_REFUND_REQUEST_COMPLETE,RETURN_AND_REFUND
4039407288434788174,4039407288434722638,583191919407105870,2026-03-30,Calça Jeans Feminina Wide Leg Jeans Feminina Cintura Alta,REF51642,"Marmorizada, 42",71.99,71.99,Item doesn't fit,RETURN_OR_REFUND_REQUEST_COMPLETE,RETURN_AND_REFUND
4039407346125473503,4039407346125407967,583139972700931807,2026-03-30,Calça Feminina Jeans Wide Leg Cintura Alta Azul Médio Marmorizado,REF55142,"Azul Médio Marmorizado , 42",79.99,79.99,Item doesn't fit,RETURN_OR_REFUND_REQUEST_COMPLETE,RETURN_AND_REFUND
4039406727694550037,4039406727694484501,583205636740776981,2026-03-30,Shorts Mom/Social Feminino Jeans Cintura Alta Barra Dobrada Candy Colors,REF55944,"Rosa Bebê , 44",63.94,63.94,Item doesn't fit,RETURN_OR_REFUND_REQUEST_COMPLETE,RETURN_AND_REFUND
4039408576297927753,4039408576297862217,583250682813908041,2026-03-30,Calça Jeans Feminina Wide Leg Jeans Feminina Cintura Alta,REF51636,"Marmorizada, 36",66.49,66.49,Item doesn't fit,RETURN_OR_REFUND_REQUEST_COMPLETE,RETURN_AND_REFUND
4039411177705473415,4039411177705407879,583098014752343431,2026-03-30,Calça Jeans Feminina Wide Leg Jeans Feminina Cintura Alta,REF51638,"Marmorizada, 38",70.7,70.7,"Fabric, material or style not as expected",RETURN_OR_REFUND_REQUEST_COMPLETE,RETURN_AND_REFUND
4039411000669931503,4039411000669865967,583127992091379695,2026-03-30,Calça Jeans Feminina Wide Leg Cintura Alta- Candy Colors,REF54938,"ROSA BEBÊ, 38",89.9,89.9,Item doesn't fit,RETURN_OR_REFUND_REQUEST_COMPLETE,RETURN_AND_REFUND
4039410668250104849,4039410668250039313,583236191592875025,2026-03-30,Calça Jeans Feminina Wide Leg Jeans Feminina Cintura Alta,REF51638,"Marmorizada, 38",69.89,69.89,Item doesn't fit,RETURN_OR_REFUND_REQUEST_COMPLETE,RETURN_AND_REFUND
4039410643380373373,4039410643380307837,583113648129083261,2026-03-30,Calça Jeans Feminina Wide Leg Cintura Alta Chocolate,REF56242,"Chocolate, 42",72.19,72.19,Item doesn't fit,RETURN_OR_REFUND_REQUEST_CANCEL,RETURN_AND_REFUND
4039410364452472099,4039410364452406563,583165669151507747,2026-03-30,Calça Jeans Feminina Wide Leg Jeans Feminina Cintura Alta,REF51642,"Marmorizada, 42",76.86,76.86,Item doesn't fit,RETURN_OR_REFUND_REQUEST_COMPLETE,RETURN_AND_REFUND
4039411030347253702,4039411030347188166,583235356311455686,2026-03-30,Calça Jeans Feminina Wide Leg Jeans Feminina Cintura Alta,REF51636,"Marmorizada, 36",79.9,79.9,Defective item,RETURN_OR_REFUND_REQUEST_CANCEL,RETURN_AND_REFUND
4039410328603232127,4039410328603166591,582897080596072319,2026-03-30,Calça Jeans Feminina Wide Leg Jeans Feminina Cintura Alta,REF51640,"Marmorizada, 40",79.9,79.9,Item doesn't fit,RETURN_OR_REFUND_REQUEST_CANCEL,RETURN_AND_REFUND
4039410179278341585,4039410179278276049,583229517736347089,2026-03-30,Calça Jeans Feminina Wide Leg Jeans Feminina Cintura Alta,REF51636,"Marmorizada, 36",88.3,88.3,Item doesn't fit,RETURN_OR_REFUND_REQUEST_CANCEL,RETURN_AND_REFUND
4039410073228772483,4039410073228706947,583176565171586179,2026-03-30,Calça Jeans Feminina Wide Leg Jeans Feminina Cintura Alta,REF51636,"Marmorizada, 36",81.9,81.9,Item doesn't fit,RETURN_OR_REFUND_REQUEST_COMPLETE,RETURN_AND_REFUND
4039409852699346153,4039409852699280617,583192833001227497,2026-03-30,Calça Jeans Feminina Wide Leg Jeans Feminina Cintura Alta,REF51646,"Marmorizada, 46",67.89,67.89,Item doesn't fit,RETURN_OR_REFUND_REQUEST_COMPLETE,RETURN_AND_REFUND
4039408630482961682,4039408630482896146,583251796992034066,2026-03-30,Calça Jeans Feminina Wide Leg Cintura Alta Branca,REF54640,"Branco, 40",74.94,74.94,Item doesn't fit,RETURN_OR_REFUND_REQUEST_COMPLETE,RETURN_AND_REFUND
4039410358567864018,4039410358567798482,583016196246374098,2026-03-30,Calça Jeans Feminina Wide Leg Cintura Alta- Candy Colors,REF54946,"ROSA BEBÊ, 46",69.83,69.83,Item doesn't match description,RETURN_OR_REFUND_REQUEST_CANCEL,RETURN_AND_REFUND
4039425504392218323,4039425504392152787,583250564720789203,2026-03-31,Calça Jeans Feminina Wide Leg Jeans Feminina Cintura Alta,REF51638,"Marmorizada, 38",69.99,69.99,Package wasn't received,RETURN_OR_REFUND_REQUEST_COMPLETE,REFUND
4039425473614218320,4039425473614152784,583178261140440144,2026-03-31,Calça Jeans Feminina Wide Leg Jeans Feminina Cintura Alta,REF51640,"Marmorizada, 40",79.9,79.9,Item doesn't fit,RETURN_OR_REFUND_REQUEST_CANCEL,RETURN_AND_REFUND
4039425290825139638,4039425290824943030,583235955865191862,2026-03-31,Calça Jeans Feminina Wide Leg Jeans Feminina Cintura Alta,REF52538,"Stone Used, 38",80.79,80.79,Defective item,RETURN_OR_REFUND_REQUEST_COMPLETE,RETURN_AND_REFUND
4039425266653496911,4039425266653431375,583206368114607695,2026-03-31,Calça Jeans Feminina Wide Leg Jeans Feminina Cintura Alta,REF51642,"Marmorizada, 42",65.86,131.73,Defective item,RETURN_OR_REFUND_REQUEST_COMPLETE,REFUND
4039424834652374239,4039424834652308703,583178375522256095,2026-03-31,Calça Jeans Feminina Wide Leg Jeans Feminina Cintura Alta,REF51646,"Marmorizada, 46",78.3,78.3,Item doesn't fit,RETURN_OR_REFUND_REQUEST_CANCEL,RETURN_AND_REFUND
4039424914841830996,4039424914841765460,583129660133377620,2026-03-31,Calça Jeans Feminina Wide Leg Jeans Feminina Cintura Alta,REF51636,"Marmorizada, 36",67.89,67.89,Item doesn't fit,RETURN_OR_REFUND_REQUEST_CANCEL,RETURN_AND_REFUND
4039424768465340354,4039424768465274818,583140731980449730,2026-03-31,Calça Jeans Feminina Wide Leg Cintura Alta Chocolate,REF56244,"Chocolate, 44",95.7,95.7,Item doesn't fit,RETURN_OR_REFUND_REQUEST_COMPLETE,RETURN_AND_REFUND
4039424622371767439,4039424622371701903,583018892082119823,2026-03-31,Calça Jeans Feminina Wide Leg Jeans Feminina Cintura Alta,REF51640,"Marmorizada, 40",79.9,79.9,"Fabric, material or style not as expected",RETURN_OR_REFUND_REQUEST_CANCEL,RETURN_AND_REFUND
4039425529667945957,4039425529667880421,583266225416144357,2026-03-31,Calça Jeans Feminina Wide Leg Jeans Feminina Cintura Alta,REF51638,"Marmorizada, 38",67.57,67.57,Item doesn't fit,RETURN_OR_REFUND_REQUEST_CANCEL,RETURN_AND_REFUND
4039425266653562447,4039425266653431375,583206368114607695,2026-03-31,Calça Jeans Feminina Wide Leg Jeans Feminina Cintura Alta,REF51642,"Marmorizada, 42",65.87,131.73,Defective item,RETURN_OR_REFUND_REQUEST_COMPLETE,REFUND
4039425687300047982,4039425687299982446,583089194511271022,2026-03-31,Calça Jeans Feminina Wide Leg Cintura Alta Branca,REF54646,"Branco, 46",92.85,92.85,Item doesn't fit,RETURN_OR_REFUND_REQUEST_CANCEL,RETURN_AND_REFUND
4039426136844437465,4039426136844371929,583243470089193433,2026-03-31,Calça Jeans Feminina Wide Leg Jeans Feminina Cintura Alta,REF52544,"Stone Used, 44",84.93,84.93,Item doesn't match description,RETURN_OR_REFUND_REQUEST_CANCEL,RETURN_AND_REFUND
4039425830984517234,4039425830984451698,583235558845679218,2026-03-31,Calça Jeans Feminina Wide Leg Jeans Feminina Cintura Alta,REF52744,"Sky Used, 44",68.69,68.69,Item doesn't fit,RETURN_OR_REFUND_REQUEST_CANCEL,RETURN_AND_REFUND
4039425914583680132,4039425914583614596,583233634039399556,2026-03-31,Calça Jeans Feminina Wide Leg Jeans Feminina Cintura Alta,REF52538,"Stone Used, 38",62.99,62.99,Item doesn't fit,RETURN_OR_REFUND_REQUEST_COMPLETE,RETURN_AND_REFUND
4039425931427743486,4039425931427677950,583235625211823870,2026-03-31,Calça Jeans Feminina Wide Leg Jeans Feminina Cintura Alta,REF51640,"Marmorizada, 40",65.46,65.46,Item doesn't fit,RETURN_OR_REFUND_REQUEST_COMPLETE,RETURN_AND_REFUND
4039425944070620539,4039425938668488059,583235613281322363,2026-03-31,Calça Jeans Feminina Wide Leg Jeans Feminina Cintura Alta,REF52738,"Sky Used, 38",65.79,65.79,Item doesn't fit,RETURN_OR_REFUND_REQUEST_COMPLETE,RETURN_AND_REFUND
4039426115100902673,4039426115100837137,583264566227862801,2026-03-31,Calça Jeans Feminina Wide Leg Cintura Alta Chocolate,REF56240,"Chocolate, 40",83.71,83.71,Item doesn't fit,RETURN_OR_REFUND_REQUEST_COMPLETE,RETURN_AND_REFUND
4039424592583230861,4039424592583165325,583167164300887437,2026-03-31,Calça Jeans Feminina Wide Leg Jeans Feminina Cintura Alta,REF51638,"Marmorizada, 38",78.06,78.06,Item doesn't fit,RETURN_OR_REFUND_REQUEST_COMPLETE,RETURN_AND_REFUND
4039426510707853197,4039426510707787661,583283010576549773,2026-03-31,Calça Jeans Feminina Wide Leg Jeans Feminina Cintura Alta,REF52742,"Sky Used, 42",77.5,77.5,Item doesn't fit,RETURN_OR_REFUND_REQUEST_COMPLETE,RETURN_AND_REFUND
4039426523046184918,4039426509199280086,583235500577621974,2026-03-31,Calça Jeans Feminina Wide Leg Jeans Feminina Cintura Alta,REF51640,"Marmorizada, 40",64.99,64.99,Item doesn't fit,RETURN_OR_REFUND_REQUEST_CANCEL,RETURN_AND_REFUND
4039426879017485808,4039426879017420272,583245556418250224,2026-03-31,Calça Feminina Jeans Wide Leg Cintura Alta Azul Médio Marmorizado,REF55142,"Azul Médio Marmorizado , 42",87.2,87.2,Item doesn't fit,RETURN_OR_REFUND_REQUEST_COMPLETE,RETURN_AND_REFUND
4039427001814189683,4039427001814124147,582841076899743347,2026-03-31,Calça Jeans Feminina Wide Leg Jeans Feminina Cintura Alta,REF51638,"Marmorizada, 38",45.19,45.19,Item doesn't fit,RETURN_OR_REFUND_REQUEST_COMPLETE,RETURN_AND_REFUND
4039427367577224810,4039427344003270250,583235574908225130,2026-03-31,Calça Jeans Feminina Wide Leg Jeans Feminina Cintura Alta,REF51646,"Marmorizada, 46",73.24,73.24,No longer needed,RETURN_OR_REFUND_REQUEST_COMPLETE,RETURN_AND_REFUND
4039425736266450860,4039425736266385324,583206919090112428,2026-03-31,Calça Jeans Feminina Wide Leg Jeans Feminina Cintura Alta,REF51636,"Marmorizada, 36",84.28,84.28,Item doesn't fit,RETURN_OR_REFUND_REQUEST_COMPLETE,RETURN_AND_REFUND
4039424484460431139,4039424484460365603,583250757122295587,2026-03-31,Calça Jeans Feminina Wide Leg Jeans Feminina Cintura Alta,REF52544,"Stone Used, 44",77.4,77.4,Item doesn't fit,RETURN_OR_REFUND_REQUEST_COMPLETE,RETURN_AND_REFUND
4039423083547559516,4039423083547493980,583234883217426012,2026-03-31,Calça Jeans Feminina Wide Leg Jeans Feminina Cintura Alta,REF51638,"Marmorizada, 38",79.9,79.9,Item doesn't fit,RETURN_OR_REFUND_REQUEST_COMPLETE,RETURN_AND_REFUND
4039424347497924405,4039424347497858869,583281418222602037,2026-03-31,Calça Jeans Feminina Wide Leg Jeans Feminina Cintura Alta,REF51638,"Marmorizada, 38",80.7,80.7,Item doesn't fit,RETURN_OR_REFUND_REQUEST_COMPLETE,RETURN_AND_REFUND
4039424474442008290,4039424474441942754,583217347040413410,2026-03-31,Calça Feminina Jeans Wide Leg Cintura Alta Azul Médio Marmorizado,REF55142,"Azul Médio Marmorizado , 42",75.94,75.94,Item doesn't fit,RETURN_OR_REFUND_REQUEST_COMPLETE,RETURN_AND_REFUND
4039418972714272348,4039418972714206812,583154124530615900,2026-03-31,Calça Jeans Feminina Wide Leg Jeans Feminina Cintura Alta,REF51638,"Marmorizada, 38",79.9,79.9,Item doesn't fit,RETURN_OR_REFUND_REQUEST_COMPLETE,RETURN_AND_REFUND
4039419541292287179,4039419541292221643,583219161040520395,2026-03-31,Calça Jeans Feminina Wide Leg Jeans Feminina Cintura Alta,REF51636,"Marmorizada, 36",79.6,79.6,Item doesn't fit,RETURN_OR_REFUND_REQUEST_COMPLETE,RETURN_AND_REFUND
4039420390686951330,4039420390686885794,583233544289093538,2026-03-31,Calça Jeans Feminina Wide Leg Jeans Feminina Cintura Alta,REF51638,"Marmorizada, 38",62.42,62.42,Item doesn't fit,RETURN_OR_REFUND_REQUEST_COMPLETE,RETURN_AND_REFUND
4039420740960879991,4039420740960814455,583204840961443191,2026-03-31,Calça Feminina Jeans Wide Leg Cintura Alta Azul Médio Marmorizado,REF55142,"Azul Médio Marmorizado , 42",89.9,89.9,Item doesn't fit,RETURN_OR_REFUND_REQUEST_COMPLETE,RETURN_AND_REFUND
4039420945196811711,4039420945196746175,583236437456618943,2026-03-31,Calça Jeans Feminina Wide Leg Jeans Feminina Cintura Alta,REF51636,"Marmorizada, 36",64.99,64.99,"Fabric, material or style not as expected",RETURN_OR_REFUND_REQUEST_COMPLETE,RETURN_AND_REFUND
4039421094579570136,4039421094579504600,583203540243875288,2026-03-31,Calça Jeans Feminina Wide Leg Jeans Feminina Cintura Alta,REF51636,"Marmorizada, 36",79.9,79.9,Item doesn't fit,RETURN_OR_REFUND_REQUEST_COMPLETE,RETURN_AND_REFUND
4039421097164309729,4039421097164244193,583236395190813921,2026-03-31,Calça Jeans Feminina Wide Leg Jeans Feminina Cintura Alta,REF52544,"Stone Used, 44",79.9,79.9,Item doesn't fit,RETURN_OR_REFUND_REQUEST_COMPLETE,RETURN_AND_REFUND
4039421635902408658,4039421635902343122,583234929251223506,2026-03-31,Calça Jeans Feminina Wide Leg Jeans Feminina Cintura Alta,REF52738,"Sky Used, 38",64.19,64.19,Item doesn't fit,RETURN_OR_REFUND_REQUEST_COMPLETE,RETURN_AND_REFUND
4039421813005190881,4039421813005125345,583155424080004833,2026-03-31,Calça Jeans Feminina Wide Leg Jeans Feminina Cintura Alta,REF51642,"Marmorizada, 42",69.99,69.99,Item doesn't fit,RETURN_OR_REFUND_REQUEST_COMPLETE,RETURN_AND_REFUND
4039422288565405337,4039422288565339801,583281740231902873,2026-03-31,Calça Jeans Feminina Wide Leg Jeans Feminina Cintura Alta,REF51644,"Marmorizada, 44",77.5,77.5,"Fabric, material or style not as expected",RETURN_OR_REFUND_REQUEST_COMPLETE,RETURN_AND_REFUND
4039421087805441177,4039421087805375641,583219445836711065,2026-03-31,Calça Jeans Feminina Wide Leg Jeans Cintura alta,REF54842,"Terracota , 42",70.99,70.99,Item doesn't fit,RETURN_OR_REFUND_REQUEST_COMPLETE,RETURN_AND_REFUND
4039416143127348531,4039416143126889779,583165375596496179,2026-03-31,Calça Jeans Feminina Wide Leg Jeans Feminina Cintura Alta,REF51644,"Marmorizada, 44",57.71,57.71,"Package arrived damaged. Example: spilled liquid, damaged box.",RETURN_OR_REFUND_REQUEST_COMPLETE,REFUND
4039422920665958077,4039422920665892541,583236395358455485,2026-03-31,Calça Jeans Feminina Wide Leg Jeans Feminina Cintura Alta,REF51636,"Marmorizada, 36",69.99,69.99,Item doesn't fit,RETURN_OR_REFUND_REQUEST_CANCEL,RETURN_AND_REFUND
4039424336328820493,4039424336328754957,583232863356421901,2026-03-31,Calça Jeans Feminina Wide Leg Jeans Feminina Cintura Alta,REF51638,"Marmorizada, 38",68.69,68.69,Item doesn't fit,RETURN_OR_REFUND_REQUEST_CANCEL,RETURN_AND_REFUND
4039424283350108043,4039424283350042507,583234447242659723,2026-03-31,Calça Jeans Feminina Wide Leg Cintura Alta Chocolate,REF56238,"Chocolate, 38",77.69,77.69,Item doesn't fit,RETURN_OR_REFUND_REQUEST_COMPLETE,RETURN_AND_REFUND
4039424077447071593,4039424077447006057,582963832360503145,2026-03-31,Calça Jeans Feminina Wide Leg Cintura Alta Azul Médio Marmorizado,REF55140,"Azul Médio Marmorizado , 40",75.49,75.49,Item doesn't fit,RETURN_OR_REFUND_REQUEST_CANCEL,RETURN_AND_REFUND
4039423913129051420,4039423913128985884,583131001153750300,2026-03-31,Calça Jeans Feminina Wide Leg Jeans Feminina Cintura Alta,REF52740,"Sky Used, 40",74.92,74.92,Item doesn't fit,RETURN_OR_REFUND_REQUEST_COMPLETE,RETURN_AND_REFUND
4039423970868626933,4039423970868561397,583234197449180661,2026-03-31,Calça Jeans Feminina Wide Leg Jeans Feminina Cintura Alta,REF52536,"Stone Used, 36",71.31,71.31,Item doesn't fit,RETURN_OR_REFUND_REQUEST_COMPLETE,RETURN_AND_REFUND
4039423806006527554,4039423806006462018,583216850500552258,2026-03-31,Calça Jeans Feminina Wide Leg Jeans Feminina Cintura Alta,REF51638,"Marmorizada, 38",82.8,82.8,No longer needed,RETURN_OR_REFUND_REQUEST_COMPLETE,RETURN_AND_REFUND
4039423729304831200,4039423729304765664,583217490741658848,2026-03-31,Calça Jeans Feminina Wide Leg Jeans Feminina Cintura Alta,REF52544,"Stone Used, 44",61.1,61.1,Item doesn't fit,RETURN_OR_REFUND_REQUEST_CANCEL,RETURN_AND_REFUND
4039423686346179808,4039423686346114272,583217490741658848,2026-03-31,Calça Jeans Feminina Wide Leg Jeans Feminina Cintura Alta,REF52744,"Sky Used, 44",61.1,61.1,Item doesn't fit,RETURN_OR_REFUND_REQUEST_CANCEL,RETURN_AND_REFUND
4039423487315575995,4039423487315510459,583263729035740347,2026-03-31,Calça Jeans Feminina Wide Leg Jeans Cintura Alta Preta Marmorizada,REF52838,38,76.78,76.78,Item doesn't fit,RETURN_OR_REFUND_REQUEST_COMPLETE,RETURN_AND_REFUND
4039423864691263078,4039423864691197542,583265515656087142,2026-03-31,Calça Jeans Feminina Wide Leg Jeans Feminina Cintura Alta,REF52542,"Stone Used, 42",69.99,69.99,Item doesn't fit,RETURN_OR_REFUND_REQUEST_COMPLETE,RETURN_AND_REFUND
4039439648558515844,4039439648558450308,583247123213354628,2026-04-01,Calça Jeans Feminina Wide Leg Jeans Feminina Cintura Alta,REF51638,"Marmorizada, 38",94.4,94.4,Item doesn't match description,RETURN_OR_REFUND_REQUEST_COMPLETE,RETURN_AND_REFUND
4039439525562057986,4039439525561992450,583281807416198402,2026-04-01,Calça Jeans Feminina Wide Leg Jeans Feminina Cintura Alta,REF51638,"Marmorizada, 38",83.62,83.62,Item doesn't fit,RETURN_OR_REFUND_REQUEST_COMPLETE,RETURN_AND_REFUND
4039439626849519279,4039439626849453743,583294844413904559,2026-04-01,Calça Jeans Feminina Wide Leg Jeans Feminina Cintura Alta,REF51644,"Marmorizada, 44",67.89,67.89,Item doesn't fit,RETURN_OR_REFUND_REQUEST_COMPLETE,RETURN_AND_REFUND
4039439530445735298,4039439530445669762,583155092913096066,2026-04-01,Calça Jeans Feminina Wide Leg Jeans Feminina Cintura Alta,REF51640,"Marmorizada, 40",93.2,93.2,Package wasn't received,RETURN_OR_REFUND_REQUEST_COMPLETE,REFUND
4039439421769745793,4039439421769680257,583312385729004929,2026-04-01,Calça Jeans Feminina Wide Leg Jeans Feminina Cintura Alta,REF52540,"Stone Used, 40",62.99,62.99,Item doesn't fit,RETURN_OR_REFUND_REQUEST_COMPLETE,RETURN_AND_REFUND
4039439207022626537,4039439207022561001,583126892457920233,2026-04-01,Calça Jeans Feminina Wide Leg Jeans Feminina Cintura Alta,REF51646,"Marmorizada, 46",62.99,62.99,"Item arrived damaged. Example: item is dented, scratched or shattered.",RETURN_OR_REFUND_REQUEST_COMPLETE,RETURN_AND_REFUND
4039439330175124681,4039439330175059145,583265998038795465,2026-04-01,Calça Jeans Feminina Wide Leg Jeans Feminina Cintura Alta,REF52736,"Sky Used, 36",69.99,69.99,Item doesn't fit,RETURN_OR_REFUND_REQUEST_CANCEL,RETURN_AND_REFUND
4039439314475190226,4039439314475124690,583307576297818066,2026-04-01,Calça Jeans Feminina Wide Leg Jeans Feminina Cintura Alta,REF52544,"Stone Used, 44",79.9,79.9,Item doesn't fit,RETURN_OR_REFUND_REQUEST_COMPLETE,RETURN_AND_REFUND
4039439256916625033,4039439256916559497,582857150938121865,2026-04-01,Calça Jeans Feminina Wide Leg Jeans Feminina Cintura Alta,REF51636,"Marmorizada, 36",83.62,83.62,Item doesn't fit,RETURN_OR_REFUND_REQUEST_CANCEL,RETURN_AND_REFUND
4039439252519355777,4039439252519290241,583205681236772225,2026-04-01,Calça Jeans Feminina Wide Leg Jeans Feminina Cintura Alta,REF51638,"Marmorizada, 38",61.9,61.9,Item doesn't fit,RETURN_OR_REFUND_REQUEST_COMPLETE,RETURN_AND_REFUND
4039439737377359533,4039439737377293997,583294304012502701,2026-04-01,Calça Jeans Feminina Wide Leg Jeans Feminina Cintura Alta,REF51638,"Marmorizada, 38",67.89,67.89,Item doesn't fit,RETURN_OR_REFUND_REQUEST_COMPLETE,RETURN_AND_REFUND
4039439344732309150,4039439344732243614,583312555038377630,2026-04-01,Calça Feminina Jeans Wide Leg Cintura Alta Azul Médio Marmorizado,REF55142,"Azul Médio Marmorizado , 42",80.79,80.79,Item doesn't fit,RETURN_OR_REFUND_REQUEST_COMPLETE,RETURN_AND_REFUND
4039439736602658230,4039439736602461622,583115170432910774,2026-04-01,Calça Jeans Feminina Wide Leg Jeans Feminina Cintura Alta Stone Used,REF52540,40,73.79,73.79,Package wasn't received,RETURN_OR_REFUND_REQUEST_CANCEL,REFUND
4039441373630006937,4039441396533921433,583282344312538777,2026-04-01,Calça Jeans Feminina Wide Leg Cintura Alta- Candy Colors,REF54940,"ROSA BEBÊ, 40",99.5,99.5,Color or pattern not as expected,RETURN_OR_REFUND_REQUEST_COMPLETE,RETURN_AND_REFUND
4039439947812996930,4039439947812931394,583265433315411778,2026-04-01,Calça Jeans Feminina Wide Leg Jeans Feminina Cintura Alta,REF51636,"Marmorizada, 36",68.69,68.69,Item doesn't fit,RETURN_OR_REFUND_REQUEST_COMPLETE,RETURN_AND_REFUND
4039440108053497510,4039440108053431974,583312427461019302,2026-04-01,Calça Feminina Jeans Wide Leg Cintura Alta Azul Médio Marmorizado,REF55136,"Azul Médio Marmorizado , 36",79.99,79.99,Item doesn't fit,RETURN_OR_REFUND_REQUEST_CANCEL,RETURN_AND_REFUND
4039440131528492895,4039440131528427359,583279496323303263,2026-04-01,Calça Jeans Feminina Wide Leg Jeans Feminina Cintura Alta Stone Used,REF52540,40,62.99,62.99,Item doesn't fit,RETURN_OR_REFUND_REQUEST_COMPLETE,RETURN_AND_REFUND
4039440143540717254,4039440143540651718,583222386895521478,2026-04-01,Calça Jeans Feminina Wide Leg Jeans Feminina Cintura Alta,REF51638,"Marmorizada, 38",69.99,69.99,Item doesn't fit,RETURN_OR_REFUND_REQUEST_COMPLETE,RETURN_AND_REFUND
4039440625850811976,4039440625850746440,583230027698046536,2026-04-01,Calça Jeans Feminina Wide Leg Jeans Feminina Cintura Alta,REF51638,"Marmorizada, 38",85.73,85.73,Item doesn't fit,RETURN_OR_REFUND_REQUEST_CANCEL,RETURN_AND_REFUND
4039440722794481631,4039440722794416095,583278147886548959,2026-04-01,Calça Jeans Feminina Wide Leg Jeans Feminina Cintura Alta,REF51638,"Marmorizada, 38",62.99,62.99,Item doesn't fit,RETURN_OR_REFUND_REQUEST_CANCEL,RETURN_AND_REFUND
4039440786525882202,4039440786525816666,583236877389104986,2026-04-01,Calça Feminina Jeans Wide Leg Cintura Alta Azul Médio Marmorizado,REF55138,"Azul Médio Marmorizado , 38",94.4,94.4,"Fabric, material or style not as expected",RETURN_OR_REFUND_REQUEST_COMPLETE,RETURN_AND_REFUND
4039440910547649928,4039440910547584392,583233761578157448,2026-04-01,Calça Jeans Feminina Wide Leg Jeans Feminina Cintura Alta,REF52536,"Stone Used, 36",82.12,82.12,Item doesn't fit,RETURN_OR_REFUND_REQUEST_CANCEL,RETURN_AND_REFUND
4039441126167513008,4039441126167447472,583280926885971888,2026-04-01,Calça Jeans Feminina Wide Leg Jeans Feminina Cintura Alta,REF52538,"Stone Used, 38",63.74,63.74,Item doesn't fit,RETURN_OR_REFUND_REQUEST_COMPLETE,RETURN_AND_REFUND
4039441303427581418,4039441303427515882,583265083493877226,2026-04-01,Calça Jeans Feminina Wide Leg Jeans Feminina Cintura Alta,REF52538,"Stone Used, 38",63.94,63.94,Item doesn't fit,RETURN_OR_REFUND_REQUEST_COMPLETE,RETURN_AND_REFUND
4039439096518182328,4039439096518116792,583275553158104504,2026-04-01,Calça Jeans Feminina Wide Leg Jeans Feminina Cintura Alta,REF51636,"Marmorizada, 36",79.9,79.9,Item doesn't fit,RETURN_OR_REFUND_REQUEST_COMPLETE,RETURN_AND_REFUND
4039441557970126682,4039441557970061146,583282832377481050,2026-04-01,Calça Jeans Feminina Wide Leg Jeans Feminina Cintura Alta,REF52740,"Sky Used, 40",77.19,77.19,Item doesn't fit,RETURN_OR_REFUND_REQUEST_COMPLETE,RETURN_AND_REFUND
4039441860980016756,4039441860979951220,583312548665329268,2026-04-01,Calça Jeans Feminina Wide Leg Jeans Feminina Cintura Alta,REF52538,"Stone Used, 38",62.99,62.99,Item doesn't fit,RETURN_OR_REFUND_REQUEST_COMPLETE,RETURN_AND_REFUND
4039439897768527689,4039439897768462153,583312266567452489,2026-04-01,Calça Jeans Feminina Wide Leg Jeans Feminina Cintura Alta,REF52540,"Stone Used, 40",68.69,68.69,Item doesn't fit,RETURN_OR_REFUND_REQUEST_CANCEL,RETURN_AND_REFUND
4039439125807138027,4039439125807072491,583293572635722987,2026-04-01,Calça Jeans Feminina Wide Leg Jeans Feminina Cintura Alta,REF52542,"Stone Used, 42",81.1,81.1,Wrong item was sent,RETURN_OR_REFUND_REQUEST_CANCEL,RETURN_AND_REFUND
4039439148828100018,4039439148828034482,583236070313002418,2026-04-01,Calça Jeans Feminina Wide Leg Jeans Feminina Cintura Alta,REF51636,"Marmorizada, 36",83.1,83.1,Item doesn't fit,RETURN_OR_REFUND_REQUEST_COMPLETE,RETURN_AND_REFUND
4039439105821279585,4039439105821214049,583265932343084385,2026-04-01,Calça Jeans Feminina Wide Leg Jeans Feminina Cintura Alta,REF52738,"Sky Used, 38",65.88,65.88,Item doesn't fit,RETURN_OR_REFUND_REQUEST_COMPLETE,RETURN_AND_REFUND
4039439101892462432,4039439101892396896,583312549177296736,2026-04-01,Calça Jeans Feminina Wide Leg Jeans Feminina Cintura Alta,REF52538,"Stone Used, 38",61.1,61.1,Item doesn't fit,RETURN_OR_REFUND_REQUEST_COMPLETE,RETURN_AND_REFUND
4039428820908017543,4039428820907952007,583251284083705735,2026-04-01,Calça Jeans Feminina Wide Leg Jeans Feminina Cintura Alta,REF51636,"Marmorizada, 36",73.24,73.24,Item doesn't fit,RETURN_OR_REFUND_REQUEST_COMPLETE,RETURN_AND_REFUND
4039428993646429411,4039428993646363875,583205695473222883,2026-04-01,Calça Jeans Feminina Wide Leg Cintura Alta- Candy Colors,REF54944,"ROSA BEBÊ, 44",71.99,71.99,Defective item,RETURN_OR_REFUND_REQUEST_CANCEL,RETURN_AND_REFUND
4039433273729320153,4039433273729254617,583297117977740505,2026-04-01,Calça Jeans Feminina Wide Leg Jeans Feminina Cintura Alta,REF52544,"Stone Used, 44",77.5,77.5,Item doesn't fit,RETURN_OR_REFUND_REQUEST_COMPLETE,RETURN_AND_REFUND
4039434779854996869,4039434779854931333,583167846949422469,2026-04-01,Calça Jeans Feminina Wide Leg Jeans Feminina Cintura Alta,REF51642,"Marmorizada, 42",76.96,76.96,Defective item,RETURN_OR_REFUND_REQUEST_COMPLETE,RETURN_AND_REFUND
4039436281503450887,4039436281503319815,583311680402261767,2026-04-01,Calça Jeans Feminina Wide Leg Jeans Cintura Alta Preta Marmorizada,REF52840,40,84.7,169.4,Item doesn't fit,RETURN_OR_REFUND_REQUEST_COMPLETE,RETURN_AND_REFUND
4039436281503385351,4039436281503319815,583311680402261767,2026-04-01,Calça Jeans Feminina Wide Leg Jeans Cintura Alta Preta Marmorizada,REF52840,40,84.7,169.4,Item doesn't fit,RETURN_OR_REFUND_REQUEST_COMPLETE,RETURN_AND_REFUND
4039436503790290442,4039436503790224906,583201261766149642,2026-04-01,Calça Jeans Feminina Wide Leg Jeans Feminina Cintura Alta,REF52744,"Sky Used, 44",75.11,75.11,Item doesn't fit,RETURN_OR_REFUND_REQUEST_COMPLETE,RETURN_AND_REFUND
4039436885398160785,4039436885398095249,583235567646508433,2026-04-01,Calça Jeans Feminina Wide Leg Jeans Feminina Cintura Alta,REF51640,"Marmorizada, 40",64.99,64.99,Package wasn't received,RETURN_OR_REFUND_REQUEST_COMPLETE,REFUND
4039437098362963729,4039437098362898193,583279505030285073,2026-04-01,Calça Jeans Feminina Wide Leg Jeans Feminina Cintura Alta,REF51636,"Marmorizada, 36",74.9,74.9,Item doesn't fit,RETURN_OR_REFUND_REQUEST_CANCEL,RETURN_AND_REFUND
4039437395129697906,4039437395129632370,583235558845679218,2026-04-01,Calça Jeans Feminina Wide Leg Jeans Feminina Cintura Alta,REF52744,"Sky Used, 44",68.69,68.69,Item doesn't fit,RETURN_OR_REFUND_REQUEST_COMPLETE,RETURN_AND_REFUND
4039437835078633005,4039437835078567469,583281083260241453,2026-04-01,Calça Jeans Wide Leg Cintura Alta com Brilho Strass,REF52940,40,164.5,164.5,Item doesn't fit,RETURN_OR_REFUND_REQUEST_COMPLETE,RETURN_AND_REFUND
4039437956112811342,4039437956112745806,583294277945034062,2026-04-01,Calça Jeans Feminina Wide Leg Jeans Feminina Cintura Alta,REF52538,"Stone Used, 38",73.19,73.19,Item doesn't fit,RETURN_OR_REFUND_REQUEST_COMPLETE,RETURN_AND_REFUND
4039438066370119433,4039438066370053897,583205862353045257,2026-04-01,Calça Jeans Feminina Wide Leg Jeans Feminina Cintura Alta,REF52538,"Stone Used, 38",79.9,79.9,Item doesn't fit,RETURN_OR_REFUND_REQUEST_COMPLETE,RETURN_AND_REFUND
4039436543388714483,4039436543388648947,583221572718003699,2026-04-01,Calça Jeans Feminina Wide Leg Jeans Feminina Cintura Alta,REF51636,"Marmorizada, 36",68.64,68.64,Item doesn't fit,RETURN_OR_REFUND_REQUEST_COMPLETE,RETURN_AND_REFUND
4039438278257771880,4039438278257706344,583266344921367912,2026-04-01,Calça Jeans Feminina Wide Leg Jeans Feminina Cintura Alta,REF51644,"Marmorizada, 44",62.94,62.94,Item doesn't fit,RETURN_OR_REFUND_REQUEST_COMPLETE,RETURN_AND_REFUND
4039438281250080752,4039438281250015216,583236252723415024,2026-04-01,Calça Jeans Feminina Wide Leg Jeans Feminina Cintura Alta,REF51636,"Marmorizada, 36",61.1,61.1,Package wasn't received,RETURN_OR_REFUND_REQUEST_COMPLETE,REFUND
4039439101231924979,4039439101231859443,583266078399366899,2026-04-01,Calça Jeans Feminina Wide Leg Jeans Feminina Cintura Alta,REF51638,"Marmorizada, 38",63.04,63.04,Item doesn't fit,RETURN_OR_REFUND_REQUEST_COMPLETE,RETURN_AND_REFUND
4039439101232187123,4039439101232121587,583266078399366899,2026-04-01,Calça Jeans Feminina Wide Leg Jeans Feminina Cintura Alta,REF52738,"Sky Used, 38",72.24,72.24,Item doesn't fit,RETURN_OR_REFUND_REQUEST_COMPLETE,RETURN_AND_REFUND
4039439003501627049,4039439003501561513,583165089084245673,2026-04-01,Calça Jeans Feminina Wide Leg Jeans Feminina Cintura Alta,REF52744,"Sky Used, 44",62.99,62.99,Package wasn't received,RETURN_OR_REFUND_REQUEST_COMPLETE,REFUND
4039439001516082857,4039439001516017321,583165089084245673,2026-04-01,Calça Jeans Feminina Wide Leg Jeans Feminina Cintura Alta,REF51644,"Marmorizada, 44",62.99,62.99,Package wasn't received,RETURN_OR_REFUND_REQUEST_COMPLETE,REFUND
4039438917308810566,4039438917308745030,583281266758026566,2026-04-01,Calça Jeans Feminina Wide Leg Cintura Alta- Candy Colors,REF54942,"ROSA BEBÊ, 42",89.9,89.9,Item doesn't fit,RETURN_OR_REFUND_REQUEST_COMPLETE,RETURN_AND_REFUND
4039438908889204663,4039438908889139127,583266082110015415,2026-04-01,Calça Jeans Feminina Wide Leg Jeans Feminina Cintura Alta,REF51638,"Marmorizada, 38",79.9,79.9,Item doesn't fit,RETURN_OR_REFUND_REQUEST_COMPLETE,RETURN_AND_REFUND
4039439101232056051,4039439101231990515,583266078399366899,2026-04-01,Calça Jeans Feminina Wide Leg Jeans Feminina Cintura Alta,REF52538,"Stone Used, 38",63.04,63.04,Item doesn't fit,RETURN_OR_REFUND_REQUEST_COMPLETE,RETURN_AND_REFUND
4039438695163856483,4039438695163790947,583312023428302435,2026-04-01,Calça Jeans Feminina Wide Leg Jeans Cintura Alta Preta Marmorizada,REF52838,38,74.31,74.31,Color or pattern not as expected,RETURN_OR_REFUND_REQUEST_COMPLETE,RETURN_AND_REFUND
4039438475229300515,4039438475229234979,583281615743321891,2026-04-01,Calça Jeans Feminina Wide Leg Jeans Feminina Cintura Alta,REF51638,"Marmorizada, 38",78.39,78.39,"Fabric, material or style not as expected",RETURN_OR_REFUND_REQUEST_COMPLETE,RETURN_AND_REFUND
4039438419919210385,4039438419919144849,583015618498561937,2026-04-01,Calça Jeans Feminina Wide Leg Jeans Feminina Cintura Alta,REF51640,"Marmorizada, 40",85.9,85.9,Item doesn't match description,RETURN_OR_REFUND_REQUEST_COMPLETE,RETURN_AND_REFUND
4039438374982485159,4039438374982419623,582841641497494695,2026-04-01,Calça Jeans Feminina Wide Leg Jeans Feminina Cintura Alta Stone Used,REF52536,36,70.79,70.79,Item doesn't fit,RETURN_OR_REFUND_REQUEST_COMPLETE,RETURN_AND_REFUND
4039438370591835834,4039438370591770298,583278413270517434,2026-04-01,Calça Jeans Feminina Wide Leg Jeans Feminina Cintura Alta,REF52738,"Sky Used, 38",69.99,69.99,Item doesn't fit,RETURN_OR_REFUND_REQUEST_COMPLETE,RETURN_AND_REFUND
4039438881557481000,4039438881557415464,583267003474937384,2026-04-01,Calça Jeans Feminina Wide Leg Jeans Feminina Cintura Alta,REF52542,"Stone Used, 42",89.5,89.5,Item arrived too late,RETURN_OR_REFUND_REQUEST_CANCEL,RETURN_AND_REFUND
4039453572547970986,4039453572547839914,583294018638940074,2026-04-02,Calça Jeans Feminina Wide Leg Jeans Feminina Cintura Alta,REF52540,"Stone Used, 40",69.99,139.98,Package wasn't received,RETURN_OR_REFUND_REQUEST_CANCEL,REFUND
4039453572547905450,4039453572547839914,583294018638940074,2026-04-02,Calça Jeans Feminina Wide Leg Jeans Feminina Cintura Alta,REF51640,"Marmorizada, 40",69.99,139.98,Package wasn't received,RETURN_OR_REFUND_REQUEST_CANCEL,REFUND
4039453565398517655,4039453565398452119,583291249266493335,2026-04-02,Calça Jeans Feminina Wide Leg Jeans Feminina Cintura Alta,REF51636,"Marmorizada, 36",79.9,79.9,Item doesn't fit,RETURN_OR_REFUND_REQUEST_COMPLETE,RETURN_AND_REFUND
4039453516951291032,4039453516951225496,583277613959840920,2026-04-02,Calça Jeans Feminina Wide Leg Jeans Feminina Cintura Alta,REF51642,"Marmorizada, 42",70.34,70.34,Item doesn't fit,RETURN_OR_REFUND_REQUEST_COMPLETE,RETURN_AND_REFUND
4039453423228323216,4039453423228257680,583329231079048592,2026-04-02,Calça Jeans Feminina Wide Leg Jeans Cintura Alta Preta Marmorizada,REF52838,38,88.09,88.09,Item doesn't fit,RETURN_OR_REFUND_REQUEST_COMPLETE,RETURN_AND_REFUND
4039453419545200191,4039453419545134655,583326118313625151,2026-04-02,Calça Jeans Feminina Wide Leg Jeans Feminina Cintura Alta,REF51638,"Marmorizada, 38",63.79,63.79,"Item arrived damaged. Example: item is dented, scratched or shattered.",RETURN_OR_REFUND_REQUEST_CANCEL,RETURN_AND_REFUND
4039453353673328069,4039453353673262533,583299240136902085,2026-04-02,Calça Jeans Feminina Wide Leg Jeans Feminina Cintura Alta,REF51642,"Marmorizada, 42",67.66,67.66,Item doesn't fit,RETURN_OR_REFUND_REQUEST_COMPLETE,RETURN_AND_REFUND
4039453396938032175,4039453396937966639,583327841149879343,2026-04-02,Calça Jeans Feminina Wide Leg Jeans Feminina Cintura Alta,REF52538,"Stone Used, 38",62.99,62.99,Item doesn't fit,RETURN_OR_REFUND_REQUEST_COMPLETE,RETURN_AND_REFUND
4039453396937508719,4039453396937443183,583280939226269551,2026-04-02,Calça Jeans Feminina Wide Leg Jeans Feminina Cintura Alta,REF52538,"Stone Used, 38",83.66,83.66,Item doesn't fit,RETURN_OR_REFUND_REQUEST_COMPLETE,RETURN_AND_REFUND
4039453320158021171,4039453320157955635,583296094850221619,2026-04-02,Calça Jeans Feminina Wide Leg Jeans Feminina Cintura Alta,REF52542,"Stone Used, 42",83.1,83.1,Item doesn't fit,RETURN_OR_REFUND_REQUEST_COMPLETE,RETURN_AND_REFUND
4039453219368109233,4039453219368043697,583250571571725489,2026-04-02,Calça Feminina Jeans Wide Leg Cintura Alta Azul Médio Marmorizado,REF55142,"Azul Médio Marmorizado , 42",71.99,71.99,Item doesn't fit,RETURN_OR_REFUND_REQUEST_COMPLETE,RETURN_AND_REFUND
4039453106791875689,4039453106791810153,583294604753470569,2026-04-02,Calça Jeans Feminina Wide Leg Jeans Feminina Cintura Alta,REF51642,"Marmorizada, 42",69.99,69.99,Item doesn't fit,RETURN_OR_REFUND_REQUEST_CANCEL,RETURN_AND_REFUND
4039453408988988485,4039453408988922949,583300180012794949,2026-04-02,Calça Jeans Feminina Wide Leg Jeans Feminina Cintura Alta,REF51640,"Marmorizada, 40",63.34,63.34,Item doesn't fit,RETURN_OR_REFUND_REQUEST_CANCEL,RETURN_AND_REFUND
4039453767103711083,4039453767103645547,583296014299858795,2026-04-02,Calça Jeans Feminina Wide Leg Jeans Feminina Cintura Alta,REF51636,"Marmorizada, 36",73.19,73.19,Item doesn't fit,RETURN_OR_REFUND_REQUEST_COMPLETE,RETURN_AND_REFUND
4039453084273444160,4039453084273378624,583324944931128640,2026-04-02,Calça Jeans Feminina Wide Leg Jeans Feminina Cintura Alta,REF51636,"Marmorizada, 36",61.1,61.1,Item doesn't fit,RETURN_OR_REFUND_REQUEST_COMPLETE,RETURN_AND_REFUND
4039453916439742052,4039453916439676516,583327057939891812,2026-04-02,Calça Jeans Feminina Wide Leg Jeans Feminina Cintura Alta,REF51636,"Marmorizada, 36",85.12,85.12,Item doesn't fit,RETURN_OR_REFUND_REQUEST_COMPLETE,RETURN_AND_REFUND
4039453935739503675,4039453935739438139,583312914131682363,2026-04-02,Calça Jeans Feminina Wide Leg Jeans Feminina Cintura Alta,REF51642,"Marmorizada, 42",61.1,61.1,Item doesn't fit,RETURN_OR_REFUND_REQUEST_COMPLETE,RETURN_AND_REFUND
4039454122613770196,4039454122613704660,583312476434892756,2026-04-02,Calça Jeans Feminina Wide Leg Jeans Feminina Cintura Alta,REF52538,"Stone Used, 38",62.99,62.99,Item doesn't fit,RETURN_OR_REFUND_REQUEST_CANCEL,RETURN_AND_REFUND
4039454122287925204,4039454122287859668,583312476434892756,2026-04-02,Calça Jeans Feminina Wide Leg Jeans Feminina Cintura Alta,REF51638,"Marmorizada, 38",68.69,68.69,Item doesn't fit,RETURN_OR_REFUND_REQUEST_CANCEL,RETURN_AND_REFUND
4039454329997722789,4039454329997657253,583292933839226021,2026-04-02,Calça Jeans Feminina Wide Leg Jeans Feminina Cintura Alta,REF52742,"Sky Used, 42",80.7,80.7,Item doesn't fit,RETURN_OR_REFUND_REQUEST_COMPLETE,RETURN_AND_REFUND
4039454400238814317,4039454400238748781,583327301942150253,2026-04-02,Calça Jeans Feminina Wide Leg Jeans Feminina Cintura Alta,REF52538,"Stone Used, 38",61.9,61.9,Item doesn't fit,RETURN_OR_REFUND_REQUEST_COMPLETE,RETURN_AND_REFUND
4039454853721588770,4039454853721523234,583279852449989666,2026-04-02,Calça Jeans Feminina Wide Leg Jeans Feminina Cintura Alta,REF52544,"Stone Used, 44",79.9,79.9,Defective item,RETURN_OR_REFUND_REQUEST_COMPLETE,RETURN_AND_REFUND
4039455049119794352,4039455049119728816,583326347351196848,2026-04-02,Calça Jeans Feminina Wide Leg Jeans Feminina Cintura Alta,REF51636,"Marmorizada, 36",62.99,62.99,Item doesn't fit,RETURN_OR_REFUND_REQUEST_COMPLETE,RETURN_AND_REFUND
4039455231096030313,4039455231095964777,583294742662251625,2026-04-02,Calça Jeans Feminina Wide Leg Jeans Feminina Cintura Alta,REF51642,"Marmorizada, 42",73.24,73.24,Item doesn't match description,RETURN_OR_REFUND_REQUEST_COMPLETE,RETURN_AND_REFUND
4039455292572927189,4039455292572861653,583327118523270357,2026-04-02,Calça Jeans Feminina Wide Leg Jeans Feminina Cintura Alta,REF51638,"Marmorizada, 38",67.83,67.83,Item doesn't fit,RETURN_OR_REFUND_REQUEST_CANCEL,RETURN_AND_REFUND
4039455313113482453,4039455313113416917,583327118523270357,2026-04-02,Calça Jeans Feminina Wide Leg Jeans Feminina Cintura Alta,REF52538,"Stone Used, 38",67.83,67.83,Item doesn't fit,RETURN_OR_REFUND_REQUEST_COMPLETE,RETURN_AND_REFUND
4039455808121701670,4039455808121636134,583234425313133862,2026-04-02,Calça Jeans Feminina Wide Leg Jeans Cintura Alta Preta Marmorizada,REF52840,40,71.99,71.99,Item doesn't fit,RETURN_OR_REFUND_REQUEST_COMPLETE,RETURN_AND_REFUND
4039455819168777557,4039455819168712021,583310746071631189,2026-04-02,Calça Jeans Feminina Wide Leg Jeans Feminina Cintura Alta,REF52742,"Sky Used, 42",62.59,62.59,Item doesn't fit,RETURN_OR_REFUND_REQUEST_CANCEL,RETURN_AND_REFUND
4039453857863141101,4039453857863075565,583326451545769709,2026-04-02,Calça Jeans Feminina Wide Leg Jeans Feminina Cintura Alta,REF51642,"Marmorizada, 42",64.99,64.99,Item doesn't fit,RETURN_OR_REFUND_REQUEST_COMPLETE,RETURN_AND_REFUND
4039453038038583037,4039453038038517501,583312135730726653,2026-04-02,Calça Jeans Feminina Wide Leg Jeans Feminina Cintura Alta,REF51638,"Marmorizada, 38",70.79,70.79,Item doesn't fit,RETURN_OR_REFUND_REQUEST_COMPLETE,RETURN_AND_REFUND
4039452836108404732,4039452836108339196,583282040156882940,2026-04-02,Calça Jeans Feminina Wide Leg Jeans Feminina Cintura Alta,REF52744,"Sky Used, 44",79.28,79.28,Item doesn't fit,RETURN_OR_REFUND_REQUEST_CANCEL,RETURN_AND_REFUND
4039453025977862021,4039453025977796485,583265132632770437,2026-04-02,Calça Jeans Feminina Wide Leg Jeans Feminina Cintura Alta,REF51638,"Marmorizada, 38",78.3,78.3,Item doesn't fit,RETURN_OR_REFUND_REQUEST_COMPLETE,RETURN_AND_REFUND
4039453030288688994,4039453030288623458,583313303796352866,2026-04-02,Calça Jeans Feminina Wide Leg Jeans Feminina Cintura Alta,REF52538,"Stone Used, 38",62.99,62.99,Item doesn't fit,RETURN_OR_REFUND_REQUEST_COMPLETE,RETURN_AND_REFUND
4039447891158795339,4039447891158467659,583248480729334859,2026-04-02,Calça Jeans Feminina Wide Leg Jeans Feminina Cintura Alta,REF51636,"Marmorizada, 36",67.89,67.89,Defective item,RETURN_OR_REFUND_REQUEST_CANCEL,REFUND
4039449170736612682,4039449170736547146,583265778917934410,2026-04-02,Calça Jeans Feminina Wide Leg Jeans Feminina Cintura Alta,REF51638,"Marmorizada, 38",68.69,68.69,Item doesn't fit,RETURN_OR_REFUND_REQUEST_COMPLETE,RETURN_AND_REFUND
4039450316913935584,4039450316913870048,583037529616844000,2026-04-02,Calça Jeans Feminina Wide Leg Jeans Feminina Cintura Alta,REF51646,"Marmorizada, 46",62.99,62.99,Item doesn't fit,RETURN_OR_REFUND_REQUEST_COMPLETE,RETURN_AND_REFUND
4039450342608046042,4039450342607980506,583266023644235738,2026-04-02,Calça Jeans Feminina Wide Leg Jeans Feminina Cintura Alta,REF52742,"Sky Used, 42",79.9,79.9,Item doesn't fit,RETURN_OR_REFUND_REQUEST_COMPLETE,RETURN_AND_REFUND
4039450403626911124,4039450403626845588,583312330294527380,2026-04-02,Calça Jeans Feminina Wide Leg Jeans Feminina Cintura Alta,REF52740,"Sky Used, 40",63.79,63.79,Package wasn't received,RETURN_OR_REFUND_REQUEST_COMPLETE,REFUND
4039450414576403680,4039450414576207072,583325340463105248,2026-04-02,Calça Jeans Feminina Wide Leg Jeans Feminina Cintura Alta,REF51642,"Marmorizada, 42",61.1,61.1,Wrong item was sent,RETURN_OR_REFUND_REQUEST_COMPLETE,RETURN_AND_REFUND
4039450414576534752,4039450414576469216,583325340463105248,2026-04-02,Calça Jeans Feminina Wide Leg Jeans Feminina Cintura Alta,REF52742,"Sky Used, 42",61.1,61.1,Wrong item was sent,RETURN_OR_REFUND_REQUEST_COMPLETE,RETURN_AND_REFUND
4039450486488860525,4039450486488794989,583166909139289965,2026-04-02,Calça Jeans Feminina Wide Leg Jeans Feminina Cintura Alta,REF51646,"Marmorizada, 46",90.7,90.7,Item doesn't fit,RETURN_OR_REFUND_REQUEST_COMPLETE,RETURN_AND_REFUND
4039450527205852863,4039450527205787327,583280492997412543,2026-04-02,Calça Jeans Feminina Wide Leg Jeans Feminina Cintura Alta,REF51636,"Marmorizada, 36",80.7,80.7,Item doesn't fit,RETURN_OR_REFUND_REQUEST_COMPLETE,RETURN_AND_REFUND
4039450740384367851,4039450740384302315,583266977536181483,2026-04-02,Calça Jeans Feminina Wide Leg Jeans Feminina Cintura Alta,REF52540,"Stone Used, 40",68.01,68.01,Item doesn't fit,RETURN_OR_REFUND_REQUEST_CANCEL,RETURN_AND_REFUND
4039451028062242136,4039451028062176600,583281334549841240,2026-04-02,Calça Jeans Feminina Wide Leg Jeans Feminina Cintura Alta,REF51636,"Marmorizada, 36",62.09,62.09,"Fabric, material or style not as expected",RETURN_OR_REFUND_REQUEST_COMPLETE,RETURN_AND_REFUND
4039451295157814770,4039451295157749234,583312356634756594,2026-04-02,Calça Jeans Feminina Wide Leg Jeans Feminina Cintura Alta,REF52540,"Stone Used, 40",70.19,70.19,Item doesn't fit,RETURN_OR_REFUND_REQUEST_COMPLETE,RETURN_AND_REFUND
4039451420848784567,4039451420848719031,583235960697881783,2026-04-02,Calça Jeans Feminina Wide Leg Jeans Feminina Cintura Alta,REF52736,"Sky Used, 36",69.99,69.99,Item doesn't fit,RETURN_OR_REFUND_REQUEST_COMPLETE,RETURN_AND_REFUND
4039449765201937901,4039449765201872365,583313402191250925,2026-04-02,Calça Jeans Feminina Wide Leg Jeans Feminina Cintura Alta,REF51638,"Marmorizada, 38",74.08,74.08,Item doesn't fit,RETURN_OR_REFUND_REQUEST_COMPLETE,RETURN_AND_REFUND
4039451752993752066,4039451752993686530,583179274805871618,2026-04-02,Calça Jeans Feminina Wide Leg Jeans Feminina Cintura Alta,REF52546,"Stone Used, 46",80.7,80.7,Item doesn't fit,RETURN_OR_REFUND_REQUEST_COMPLETE,RETURN_AND_REFUND
4039451717511185447,4039451717511119911,583306337751041063,2026-04-02,Calça Jeans Feminina Wide Leg Jeans Feminina Cintura Alta,REF51636,"Marmorizada, 36",68.41,68.41,Item doesn't fit,RETURN_OR_REFUND_REQUEST_COMPLETE,RETURN_AND_REFUND
4039453011946866530,4039453011946800994,583313303796352866,2026-04-02,Calça Jeans Feminina Wide Leg Jeans Feminina Cintura Alta,REF51638,"Marmorizada, 38",62.99,62.99,Item doesn't fit,RETURN_OR_REFUND_REQUEST_COMPLETE,RETURN_AND_REFUND
4039452992121439372,4039452992121373836,583054205311616140,2026-04-02,Calça Jeans Feminina Wide Leg Jeans Feminina Cintura Alta,REF52542,"Stone Used, 42",79.9,79.9,Item doesn't fit,RETURN_OR_REFUND_REQUEST_COMPLETE,RETURN_AND_REFUND
4039452670121576067,4039452670121510531,583250502601705091,2026-04-02,Calça Jeans Feminina Wide Leg Jeans Feminina Cintura Alta,REF51638,"Marmorizada, 38",66.19,66.19,Item doesn't fit,RETURN_OR_REFUND_REQUEST_COMPLETE,RETURN_AND_REFUND
4039452633408767433,4039452633408701897,583282739100353993,2026-04-02,Calça Jeans Feminina Wide Leg Jeans Feminina Cintura Alta,REF52740,"Sky Used, 40",86.48,86.48,Item doesn't fit,RETURN_OR_REFUND_REQUEST_COMPLETE,RETURN_AND_REFUND
4039452383822972250,4039452383822906714,583296150830613850,2026-04-02,Calça Jeans Feminina Wide Leg Jeans Feminina Cintura Alta,REF52542,"Stone Used, 42",81.1,81.1,Item doesn't fit,RETURN_OR_REFUND_REQUEST_COMPLETE,RETURN_AND_REFUND
4039442696526792400,4039442696526726864,582835340213126864,2026-04-02,Calça Jeans Feminina Wide Leg Jeans Feminina Cintura Alta,REF51640,"Marmorizada, 40",75.55,75.55,Item doesn't fit,RETURN_OR_REFUND_REQUEST_CANCEL,RETURN_AND_REFUND
4039451936391792101,4039451936391726565,583312786602755557,2026-04-02,Calça Jeans Feminina Wide Leg Jeans Feminina Cintura Alta,REF51636,"Marmorizada, 36",70.59,70.59,Item doesn't fit,RETURN_OR_REFUND_REQUEST_COMPLETE,RETURN_AND_REFUND
4039451841136264301,4039451841136198765,583247472558244973,2026-04-02,Calça Jeans Feminina Wide Leg Cintura Alta Chocolate,REF56242,"Chocolate, 42",79.49,79.49,Item doesn't fit,RETURN_OR_REFUND_REQUEST_COMPLETE,RETURN_AND_REFUND
4039451841136133229,4039451841136067693,583247472558244973,2026-04-02,Calça Feminina Jeans Wide Leg Cintura Alta Azul Médio Marmorizado,REF55142,"Azul Médio Marmorizado , 42",77.49,77.49,Item doesn't fit,RETURN_OR_REFUND_REQUEST_COMPLETE,RETURN_AND_REFUND
4039451791642036082,4039451791641970546,583291254526936946,2026-04-02,Calça Jeans Feminina Wide Leg Jeans Feminina Cintura Alta,REF52540,"Stone Used, 40",87.12,87.12,Item doesn't fit,RETURN_OR_REFUND_REQUEST_COMPLETE,RETURN_AND_REFUND
4039451763433178269,4039451763433112733,583262892854248605,2026-04-02,Calça Jeans Feminina Wide Leg Jeans Feminina Cintura Alta,REF52738,"Sky Used, 38",80.7,80.7,Item doesn't fit,RETURN_OR_REFUND_REQUEST_CANCEL,RETURN_AND_REFUND
4039452172706809252,4039452172706743716,583294808778966436,2026-04-02,Calça Jeans Feminina Wide Leg Jeans Feminina Cintura Alta,REF51636,"Marmorizada, 36",63.29,63.29,Package wasn't received,RETURN_OR_REFUND_REQUEST_CANCEL,REFUND
4039468248738727017,4039468248738661481,583294832997794921,2026-04-03,Calça Jeans Feminina Wide Leg Jeans Feminina Cintura Alta,REF51642,"Marmorizada, 42",69.99,69.99,Item doesn't fit,RETURN_OR_REFUND_REQUEST_COMPLETE,RETURN_AND_REFUND
4039468938929603601,4039468938929538065,583326998468396049,2026-04-03,Calça Feminina Jeans Wide Leg Cintura Alta Azul Médio Marmorizado,REF55146,"Azul Médio Marmorizado , 46",79.99,79.99,Item doesn't fit,RETURN_OR_REFUND_REQUEST_COMPLETE,RETURN_AND_REFUND
4039468298808166131,4039468298808100595,583311964667610867,2026-04-03,Calça Jeans Feminina Wide Leg Cintura Alta- Candy Colors,REF54940,"ROSA BEBÊ, 40",69.83,69.83,Package wasn't received,RETURN_OR_REFUND_REQUEST_CANCEL,REFUND
4039468316631009011,4039468316630943475,583311964667610867,2026-04-03,Calça Jeans Feminina Wide Leg Cintura Alta- Candy Colors,REF54940,"ROSA BEBÊ, 40",69.83,69.83,Item doesn't fit,RETURN_OR_REFUND_REQUEST_CANCEL,RETURN_AND_REFUND
4039468574220650475,4039468574220584939,583295485459990507,2026-04-03,Calça Jeans Feminina Wide Leg Jeans Feminina Cintura Alta,REF51642,"Marmorizada, 42",67.49,67.49,Item doesn't fit,RETURN_OR_REFUND_REQUEST_CANCEL,RETURN_AND_REFUND
4039468574486726635,4039468574486661099,583295485459990507,2026-04-03,Calça Jeans Feminina Wide Leg Jeans Feminina Cintura Alta,REF52542,"Stone Used, 42",67.49,67.49,Item doesn't fit,RETURN_OR_REFUND_REQUEST_COMPLETE,RETURN_AND_REFUND
4039468771153905516,4039468771153839980,583015178760652652,2026-04-03,Calça Jeans Feminina Wide Leg Jeans Feminina Cintura Alta,REF52546,"Stone Used, 46",79.9,79.9,Item doesn't fit,RETURN_OR_REFUND_REQUEST_CANCEL,RETURN_AND_REFUND
4039468786182751670,4039468786182686134,583279043022390710,2026-04-03,Calça Jeans Feminina Wide Leg Jeans Feminina Cintura Alta,REF51636,"Marmorizada, 36",69.27,69.27,"Fabric, material or style not as expected",RETURN_OR_REFUND_REQUEST_COMPLETE,RETURN_AND_REFUND
4039468912061417292,4039468912061351756,583263026628167500,2026-04-03,Calça Jeans Feminina Wide Leg Jeans Feminina Cintura Alta,REF52740,"Sky Used, 40",77.83,77.83,Item doesn't fit,RETURN_OR_REFUND_REQUEST_COMPLETE,RETURN_AND_REFUND
4039468993247414233,4039468993247348697,583295423183882201,2026-04-03,Calça Jeans Feminina Wide Leg Jeans Feminina Cintura Alta,REF52538,"Stone Used, 38",69.99,69.99,Item doesn't match description,RETURN_OR_REFUND_REQUEST_CANCEL,RETURN_AND_REFUND
4039470592940017475,4039470592939951939,583296663858677571,2026-04-03,Calça Jeans Feminina Wide Leg Jeans Feminina Cintura Alta,REF51642,"Marmorizada, 42",73.83,73.83,"Fabric, material or style not as expected",RETURN_OR_REFUND_REQUEST_COMPLETE,RETURN_AND_REFUND
4039469164679955906,4039469164679890370,583294013529884098,2026-04-03,Calça Jeans Feminina Wide Leg Jeans Feminina Cintura Alta,REF51638,"Marmorizada, 38",65.79,65.79,Package wasn't received,RETURN_OR_REFUND_REQUEST_COMPLETE,REFUND
4039469260342593402,4039469260342527866,583294140353447802,2026-04-03,Calça Jeans Feminina Wide Leg Jeans Feminina Cintura Alta,REF51640,"Marmorizada, 40",74.49,74.49,Item doesn't fit,RETURN_OR_REFUND_REQUEST_COMPLETE,RETURN_AND_REFUND
4039469819959937022,4039469819959871486,583312436484147198,2026-04-03,Calça Jeans Feminina Wide Leg Jeans Feminina Cintura Alta,REF52536,"Stone Used, 36",63.79,63.79,Item doesn't fit,RETURN_OR_REFUND_REQUEST_COMPLETE,RETURN_AND_REFUND
4039470301275129682,4039470301275064146,583311997124380498,2026-04-03,Calça Jeans Feminina Wide Leg Jeans Feminina Cintura Alta,REF51640,"Marmorizada, 40",83.2,83.2,Package wasn't received,RETURN_OR_REFUND_REQUEST_CANCEL,REFUND
4039470426197034632,4039470426196969096,583130084592486024,2026-04-03,Calça Jeans Feminina Wide Leg Jeans Feminina Cintura Alta,REF52542,"Stone Used, 42",75.51,75.51,Defective item,RETURN_OR_REFUND_REQUEST_COMPLETE,RETURN_AND_REFUND
4039470839833855301,4039470839833789765,583298071800743237,2026-04-03,Calça Jeans Feminina Wide Leg Jeans Feminina Cintura Alta,REF51636,"Marmorizada, 36",89.5,89.5,Item doesn't fit,RETURN_OR_REFUND_REQUEST_COMPLETE,RETURN_AND_REFUND
4039470829544572429,4039470829544506893,583327061266892301,2026-04-03,Calça Jeans Feminina Wide Leg Jeans Feminina Cintura Alta,REF52740,"Sky Used, 40",64.99,64.99,Item doesn't fit,RETURN_OR_REFUND_REQUEST_COMPLETE,RETURN_AND_REFUND
4039471319333962868,4039471319333897332,583266005600011380,2026-04-03,Calça Jeans Feminina Wide Leg Cintura Alta Amarelo Manteiga,REF55046,"AMARELO MANTEIGA, 46",69.83,69.83,Item doesn't fit,RETURN_OR_REFUND_REQUEST_COMPLETE,RETURN_AND_REFUND
4039471326215046702,4039471326214981166,583299209209480750,2026-04-03,Calça Jeans Feminina Wide Leg Jeans Cintura Alta Preta Marmorizada,REF52838,38,74.9,74.9,"Fabric, material or style not as expected",RETURN_OR_REFUND_REQUEST_COMPLETE,RETURN_AND_REFUND
4039467727544551248,4039467727544485712,583222066071308112,2026-04-03,Calça Jeans Feminina Wide Leg Jeans Feminina Cintura Alta,REF51644,"Marmorizada, 44",78.1,78.1,Item doesn't fit,RETURN_OR_REFUND_REQUEST_COMPLETE,RETURN_AND_REFUND
4039469047442343580,4039469047442278044,583294871711221404,2026-04-03,Calça Jeans Feminina Wide Leg Jeans Feminina Cintura Alta,REF51640,"Marmorizada, 40",67.89,67.89,Item doesn't fit,RETURN_OR_REFUND_REQUEST_COMPLETE,RETURN_AND_REFUND
4039467546286261630,4039467546286196094,583264542166713726,2026-04-03,Body Manga Longa Modelador Poliamida Premium Cores Neutras,REF533M,"PRETO, M",55.99,55.99,Item doesn't match description,RETURN_OR_REFUND_REQUEST_COMPLETE,RETURN_AND_REFUND
4039467454877238553,4039467454877173017,583312430790116633,2026-04-03,Calça Jeans Feminina Wide Leg Jeans Feminina Cintura Alta,REF51638,"Marmorizada, 38",62.99,62.99,Item doesn't fit,RETURN_OR_REFUND_REQUEST_CANCEL,RETURN_AND_REFUND
4039467158885139731,4039467158885074195,583208915378603283,2026-04-03,Calça Jeans Feminina Wide Leg Jeans Feminina Cintura Alta,REF51644,"Marmorizada, 44",79.9,79.9,Item doesn't fit,RETURN_OR_REFUND_REQUEST_COMPLETE,RETURN_AND_REFUND
4039462419771196637,4039462419771131101,583251161101927645,2026-04-03,Calça Jeans Feminina Wide Leg Jeans Feminina Cintura Alta,REF51638,"Marmorizada, 38",73.67,73.67,Item doesn't fit,RETURN_OR_REFUND_REQUEST_CANCEL,RETURN_AND_REFUND
4039462853214897692,4039462853214832156,583325849998034460,2026-04-03,Calça Jeans Feminina Wide Leg Jeans Feminina Cintura Alta,REF51644,"Marmorizada, 44",80.7,80.7,Item doesn't fit,RETURN_OR_REFUND_REQUEST_COMPLETE,RETURN_AND_REFUND
4039463076971709607,4039463076971644071,583265977593070759,2026-04-03,Calça Jeans Feminina Wide Leg Jeans Feminina Cintura Alta,REF51638,"Marmorizada, 38",62.99,62.99,Package wasn't received,RETURN_OR_REFUND_REQUEST_CANCEL,REFUND
4039463075078702247,4039463075078505639,583265977593070759,2026-04-03,Calça Jeans Feminina Wide Leg Jeans Feminina Cintura Alta,REF51638,"Marmorizada, 38",62.99,62.99,Package wasn't received,RETURN_OR_REFUND_REQUEST_CANCEL,REFUND
4039457415460718019,4039457415460652483,583314210054112707,2026-04-03,Calça Jeans Feminina Wide Leg Jeans Feminina Cintura Alta,REF51638,"Marmorizada, 38",79.9,79.9,Item doesn't fit,RETURN_OR_REFUND_REQUEST_COMPLETE,RETURN_AND_REFUND
4039463279436530855,4039463279436465319,583265977593070759,2026-04-03,Calça Jeans Feminina Wide Leg Jeans Feminina Cintura Alta,REF51638,"Marmorizada, 38",62.99,62.99,Package wasn't received,RETURN_OR_REFUND_REQUEST_CANCEL,REFUND
4039463349009417489,4039463349009351953,583294378751722769,2026-04-03,Calça Jeans Feminina Wide Leg Jeans Feminina Cintura Alta,REF52738,"Sky Used, 38",83.1,83.1,Item doesn't fit,RETURN_OR_REFUND_REQUEST_COMPLETE,RETURN_AND_REFUND
4039463781921096823,4039463781921031287,583312555371299959,2026-04-03,Calça Jeans Feminina Wide Leg Jeans Feminina Cintura Alta,REF52536,"Stone Used, 36",62.99,62.99,Item doesn't fit,RETURN_OR_REFUND_REQUEST_CANCEL,RETURN_AND_REFUND
4039463833972868629,4039463833972803093,583313283728115221,2026-04-03,Calça Jeans Feminina Wide Leg Jeans Feminina Cintura Alta,REF52536,"Stone Used, 36",62.99,62.99,Item doesn't fit,RETURN_OR_REFUND_REQUEST_COMPLETE,RETURN_AND_REFUND
4039464028226619119,4039464028226553583,582893639267354351,2026-04-03,Calça Jeans Feminina Wide Leg Jeans Cintura alta Preta,REF54744,"Preto , 44",73.99,73.99,Color or pattern not as expected,RETURN_OR_REFUND_REQUEST_COMPLETE,RETURN_AND_REFUND
4039463089704174759,4039463089704109223,583265977593070759,2026-04-03,Calça Jeans Feminina Wide Leg Jeans Feminina Cintura Alta,REF51638,"Marmorizada, 38",62.99,62.99,Package wasn't received,RETURN_OR_REFUND_REQUEST_CANCEL,REFUND
4039464456480982486,4039464456480916950,583310385170580950,2026-04-03,Calça Jeans Feminina Wide Leg Jeans Feminina Cintura Alta,REF51636,"Marmorizada, 36",77.5,77.5,Item doesn't fit,RETURN_OR_REFUND_REQUEST_CANCEL,RETURN_AND_REFUND
4039464784090597300,4039464784090531764,583294566914623412,2026-04-03,Calça Jeans Feminina Wide Leg Jeans Feminina Cintura Alta,REF51640,"Marmorizada, 40",82.39,82.39,"Fabric, material or style not as expected",RETURN_OR_REFUND_REQUEST_COMPLETE,RETURN_AND_REFUND
4039465041174365228,4039465041174299692,583129505273775148,2026-04-03,Calça Jeans Feminina Wide Leg Jeans Feminina Cintura Alta,REF51638,"Marmorizada, 38",66.09,66.09,No longer needed,RETURN_OR_REFUND_REQUEST_COMPLETE,RETURN_AND_REFUND
4039465187202336499,4039465187202270963,583311964667610867,2026-04-03,Calça Jeans Feminina Wide Leg Cintura Alta- Candy Colors,REF54940,"ROSA BEBÊ, 40",69.83,69.83,Defective item,RETURN_OR_REFUND_REQUEST_CANCEL,REFUND
4039465302202222257,4039465302202156721,582985802059450033,2026-04-03,Calça Jeans Feminina Wide Leg Jeans Feminina Cintura Alta,REF52540,"Stone Used, 40",74.4,74.4,Item doesn't fit,RETURN_OR_REFUND_REQUEST_COMPLETE,RETURN_AND_REFUND
4039465731478946855,4039465731478881319,583295999282283559,2026-04-03,Calça Jeans Feminina Wide Leg Jeans Feminina Cintura Alta,REF52542,"Stone Used, 42",69.99,69.99,Item doesn't fit,RETURN_OR_REFUND_REQUEST_CANCEL,RETURN_AND_REFUND
4039465740157093533,4039465740157027997,583280525627328157,2026-04-03,Calça Jeans Feminina Wide Leg Jeans Feminina Cintura Alta,REF52542,"Stone Used, 42",64.99,64.99,Item doesn't fit,RETURN_OR_REFUND_REQUEST_COMPLETE,RETURN_AND_REFUND
4039465873601824069,4039465873601758533,583295182834271557,2026-04-03,Calça Jeans Feminina Wide Leg Jeans Feminina Cintura Alta,REF51636,"Marmorizada, 36",66.26,66.26,Item doesn't fit,RETURN_OR_REFUND_REQUEST_COMPLETE,RETURN_AND_REFUND
4039466141798139900,4039466141798074364,583311143275431932,2026-04-03,Calça Jeans Feminina Wide Leg Jeans Feminina Cintura Alta,REF51636,"Marmorizada, 36",74.9,74.9,Item doesn't fit,RETURN_OR_REFUND_REQUEST_COMPLETE,RETURN_AND_REFUND
4039466653302490193,4039466653302424657,583327989041235025,2026-04-03,Calça Jeans Feminina Wide Leg Jeans Feminina Cintura Alta,REF52540,"Stone Used, 40",62.99,62.99,Item doesn't fit,RETURN_OR_REFUND_REQUEST_COMPLETE,RETURN_AND_REFUND
4039464330898212442,4039464330898146906,583265622270903898,2026-04-03,Calça Jeans Feminina Wide Leg Jeans Feminina Cintura Alta,REF52540,"Stone Used, 40",69.99,69.99,Item doesn't fit,RETURN_OR_REFUND_REQUEST_COMPLETE,RETURN_AND_REFUND
4039484570688522147,4039484570688456611,583327054449182627,2026-04-04,Calça Jeans Feminina Wide Leg Jeans Feminina Cintura Alta,REF51638,"Marmorizada, 38",68.29,68.29,Item doesn't fit,RETURN_OR_REFUND_REQUEST_COMPLETE,RETURN_AND_REFUND
4039484551473693860,4039484549885559972,583342245126374564,2026-04-04,Calça Jeans Feminina Wide Leg Jeans Feminina Cintura Alta,REF51638,"Marmorizada, 38",69.99,69.99,Item doesn't fit,RETURN_OR_REFUND_REQUEST_COMPLETE,RETURN_AND_REFUND
4039484419211691384,4039484419211625848,583219460889412984,2026-04-04,Calça Jeans Feminina Wide Leg Jeans Feminina Cintura Alta,REF51642,"Marmorizada, 42",69.99,69.99,Item doesn't fit,RETURN_OR_REFUND_REQUEST_CANCEL,RETURN_AND_REFUND
4039484354324956641,4039484354324891105,583326702987806177,2026-04-04,Calça Jeans Feminina Wide Leg Jeans Feminina Cintura Alta,REF51636,"Marmorizada, 36",62.99,62.99,Item doesn't fit,RETURN_OR_REFUND_REQUEST_COMPLETE,RETURN_AND_REFUND
4039484354325087713,4039484354325022177,583326702987806177,2026-04-04,Calça Jeans Feminina Wide Leg Jeans Feminina Cintura Alta,REF52536,"Stone Used, 36",62.99,62.99,Item doesn't fit,RETURN_OR_REFUND_REQUEST_COMPLETE,RETURN_AND_REFUND
4039484124733474442,4039484124733408906,583263562555164298,2026-04-04,Calça Jeans Feminina Wide Leg Jeans Feminina Cintura Alta,REF51638,"Marmorizada, 38",81.9,81.9,Item doesn't fit,RETURN_OR_REFUND_REQUEST_COMPLETE,RETURN_AND_REFUND
4039484294170903883,4039484294170838347,583281335013377355,2026-04-04,Calça Jeans Feminina Wide Leg Jeans Feminina Cintura Alta,REF52742,"Sky Used, 42",94.81,94.81,Item arrived too late,RETURN_OR_REFUND_REQUEST_CANCEL,RETURN_AND_REFUND
4039484245160920420,4039484245160854884,583355405245646180,2026-04-04,Calça Jeans Feminina Wide Leg Jeans Feminina Cintura Alta,REF51644,"Marmorizada, 44",79.9,79.9,Item doesn't fit,RETURN_OR_REFUND_REQUEST_CANCEL,RETURN_AND_REFUND
4039484173217073022,4039484173217007486,583342818964768638,2026-04-04,Calça Jeans Feminina Wide Leg Jeans Feminina Cintura Alta,REF52538,"Stone Used, 38",62.99,62.99,Item doesn't fit,RETURN_OR_REFUND_REQUEST_COMPLETE,RETURN_AND_REFUND
4039484168699283326,4039484168699217790,583342818964768638,2026-04-04,Calça Jeans Feminina Wide Leg Jeans Feminina Cintura Alta,REF52738,"Sky Used, 38",62.99,62.99,Item doesn't fit,RETURN_OR_REFUND_REQUEST_COMPLETE,RETURN_AND_REFUND
4039484064799557531,4039484064799491995,583228656396109723,2026-04-04,Calça Jeans Feminina Wide Leg Jeans Feminina Cintura Alta,REF51638,"Marmorizada, 38",63.74,63.74,Package wasn't received,RETURN_OR_REFUND_REQUEST_COMPLETE,REFUND
4039484345977373854,4039484345977308318,583296270307329182,2026-04-04,Calça Jeans Feminina Wide Leg Jeans Feminina Cintura Alta,REF51640,"Marmorizada, 40",83.1,83.1,Item doesn't fit,RETURN_OR_REFUND_REQUEST_COMPLETE,RETURN_AND_REFUND
4039484574263838627,4039484574263773091,583327054449182627,2026-04-04,Calça Jeans Feminina Wide Leg Jeans Cintura Alta Preta Marmorizada,REF52838,38,80.05,80.05,Item doesn't fit,RETURN_OR_REFUND_REQUEST_COMPLETE,RETURN_AND_REFUND
4039485252953409304,4039485252953343768,583295183917188888,2026-04-04,Calça Jeans Feminina Wide Leg Jeans Feminina Cintura Alta,REF52738,"Sky Used, 38",65.19,130.38,Item doesn't fit,RETURN_OR_REFUND_REQUEST_COMPLETE,RETURN_AND_REFUND
4039484587300717915,4039484587300652379,583354961007248731,2026-04-04,Calça Jeans Feminina Wide Leg Jeans Feminina Cintura Alta,REF51642,"Marmorizada, 42",89.48,89.48,Package wasn't received,RETURN_OR_REFUND_REQUEST_CANCEL,REFUND
4039484692564837433,4039484692564771897,583052692387562553,2026-04-04,Calça Jeans Feminina Wide Leg Jeans Feminina Cintura Alta,REF51638,"Marmorizada, 38",68.4,68.4,Item doesn't fit,RETURN_OR_REFUND_REQUEST_CANCEL,RETURN_AND_REFUND
4039484736448922811,4039484736356648123,583327132085224635,2026-04-04,Calça Jeans Feminina Wide Leg Jeans Cintura Alta Preta Marmorizada,REF52836,36,95.77,95.77,Item doesn't fit,RETURN_OR_REFUND_REQUEST_COMPLETE,RETURN_AND_REFUND
4039484960316950344,4039484960316884808,583234171864778568,2026-04-04,Calça Jeans Feminina Wide Leg Jeans Feminina Cintura Alta,REF51638,"Marmorizada, 38",73.83,73.83,Item doesn't fit,RETURN_OR_REFUND_REQUEST_CANCEL,RETURN_AND_REFUND
4039484968467203374,4039484968467006766,583353211738096942,2026-04-04,Calça Jeans Feminina Wide Leg Jeans Feminina Cintura Alta,REF52540,"Stone Used, 40",89.5,89.5,Package wasn't received,RETURN_OR_REFUND_REQUEST_COMPLETE,REFUND
4039485206265496651,4039485206265431115,583248480729334859,2026-04-04,Calça Jeans Feminina Wide Leg Jeans Feminina Cintura Alta,REF51636,"Marmorizada, 36",67.89,67.89,Item doesn't fit,RETURN_OR_REFUND_REQUEST_CANCEL,RETURN_AND_REFUND
4039485248049743640,4039485248049612568,583295183917188888,2026-04-04,Calça Jeans Feminina Wide Leg Jeans Feminina Cintura Alta,REF51638,"Marmorizada, 38",65.19,130.38,Item doesn't fit,RETURN_OR_REFUND_REQUEST_CANCEL,RETURN_AND_REFUND
4039485248049678104,4039485248049612568,583295183917188888,2026-04-04,Calça Jeans Feminina Wide Leg Jeans Feminina Cintura Alta,REF51638,"Marmorizada, 38",65.19,130.38,Item doesn't fit,RETURN_OR_REFUND_REQUEST_CANCEL,RETURN_AND_REFUND
4039485252953474840,4039485252953343768,583295183917188888,2026-04-04,Calça Jeans Feminina Wide Leg Jeans Feminina Cintura Alta,REF52738,"Sky Used, 38",65.19,130.38,Item doesn't fit,RETURN_OR_REFUND_REQUEST_COMPLETE,RETURN_AND_REFUND
4039483999671780695,4039483999671715159,583342791512786263,2026-04-04,Calça Jeans Feminina Wide Leg Jeans Feminina Cintura Alta,REF52742,"Sky Used, 42",79.9,79.9,Item doesn't fit,RETURN_OR_REFUND_REQUEST_COMPLETE,RETURN_AND_REFUND
4039485254387468056,4039485254387402520,583295183917188888,2026-04-04,Calça Jeans Feminina Wide Leg Jeans Feminina Cintura Alta,REF52538,"Stone Used, 38",74.59,74.59,Item doesn't fit,RETURN_OR_REFUND_REQUEST_COMPLETE,RETURN_AND_REFUND
4039485710122649514,4039485710122583978,583355031922771882,2026-04-04,Calça Jeans Feminina Wide Leg Jeans Feminina Cintura Alta,REF51636,"Marmorizada, 36",77.5,77.5,Item doesn't fit,RETURN_OR_REFUND_REQUEST_COMPLETE,RETURN_AND_REFUND
4039485739662280368,4039485739662214832,583201405486925488,2026-04-04,Calça Jeans Feminina Wide Leg Jeans Feminina Cintura Alta,REF51638,"Marmorizada, 38",79.9,79.9,Package wasn't received,RETURN_OR_REFUND_REQUEST_COMPLETE,REFUND
4039484584142275931,4039484584142210395,583354961007248731,2026-04-04,Calça Jeans Feminina Wide Leg Jeans Feminina Cintura Alta,REF51642,"Marmorizada, 42",89.48,89.48,Package wasn't received,RETURN_OR_REFUND_REQUEST_CANCEL,REFUND
4039483940734993474,4039483940734927938,583265974075819074,2026-04-04,Calça Jeans Feminina Wide Leg Jeans Feminina Cintura Alta,REF51638,"Marmorizada, 38",79.9,79.9,Item doesn't fit,RETURN_OR_REFUND_REQUEST_COMPLETE,RETURN_AND_REFUND
4039484628353713807,4039484628353648271,583309105703978639,2026-04-04,Shorts Mom/Social Feminino Jeans Cintura Alta Barra Dobrada Candy Colors,REF55944,"Rosa Bebê , 44",67.8,67.8,Color or pattern not as expected,RETURN_OR_REFUND_REQUEST_CANCEL,RETURN_AND_REFUND
4039483807301928678,4039483807301863142,583327067407615718,2026-04-04,Calça Jeans Feminina Wide Leg Jeans Feminina Cintura Alta,REF52740,"Sky Used, 40",79.9,79.9,Item doesn't fit,RETURN_OR_REFUND_REQUEST_COMPLETE,RETURN_AND_REFUND
4039483833659852329,4039483833659786793,583327097983829545,2026-04-04,Calça Jeans Feminina Wide Leg Jeans Feminina Cintura Alta,REF52742,"Sky Used, 42",81.1,81.1,Item doesn't fit,RETURN_OR_REFUND_REQUEST_COMPLETE,RETURN_AND_REFUND
4039472037501240329,4039472037501174793,583306217633973257,2026-04-04,Calça Jeans Feminina Wide Leg Jeans Feminina Cintura Alta,REF51640,"Marmorizada, 40",71.44,71.44,Defective item,RETURN_OR_REFUND_REQUEST_COMPLETE,RETURN_AND_REFUND
4039472635287406515,4039472635287340979,583019148962138035,2026-04-04,Calça Jeans Feminina Wide Leg Jeans Feminina Cintura Alta,REF51642,"Marmorizada, 42",62.99,62.99,Item doesn't fit,RETURN_OR_REFUND_REQUEST_CANCEL,RETURN_AND_REFUND
4039473909555364945,4039473909555299409,583295403060528209,2026-04-04,Calça Jeans Feminina Wide Leg Jeans Feminina Cintura Alta,REF52542,"Stone Used, 42",68.48,68.48,"Fabric, material or style not as expected",RETURN_OR_REFUND_REQUEST_COMPLETE,RETURN_AND_REFUND
4039474085513364950,4039474085513299414,583310281401992662,2026-04-04,Calça Jeans Feminina Wide Leg Jeans Feminina Cintura Alta,REF51636,"Marmorizada, 36",66.76,66.76,Item doesn't fit,RETURN_OR_REFUND_REQUEST_COMPLETE,RETURN_AND_REFUND
4039475627493524626,4039475627493459090,582902715603322002,2026-04-04,Calça Jeans Feminina Wide Leg Cintura Alta- Candy Colors,REF54940,"ROSA BEBÊ, 40",82.47,82.47,Item doesn't match description,RETURN_OR_REFUND_REQUEST_COMPLETE,RETURN_AND_REFUND
4039478134963143844,4039478134963078308,583328732399174820,2026-04-04,Calça Jeans Feminina Wide Leg Jeans Feminina Cintura Alta,REF51638,"Marmorizada, 38",74.4,74.4,Item doesn't fit,RETURN_OR_REFUND_REQUEST_CANCEL,RETURN_AND_REFUND
4039478439398049562,4039478439397984026,583295681084360474,2026-04-04,Calça Jeans Feminina Wide Leg Jeans Feminina Cintura Alta,REF51636,"Marmorizada, 36",67.89,67.89,Item doesn't fit,RETURN_OR_REFUND_REQUEST_COMPLETE,RETURN_AND_REFUND
4039478475350050536,4039478475349985000,583193722301417192,2026-04-04,Calça Jeans Feminina Wide Leg Jeans Feminina Cintura Alta,REF51642,"Marmorizada, 42",69.99,69.99,Item doesn't fit,RETURN_OR_REFUND_REQUEST_CANCEL,RETURN_AND_REFUND
4039480918208972443,4039480918208906907,583295789937821339,2026-04-04,Calça Jeans Feminina Wide Leg Jeans Feminina Cintura Alta,REF51640,"Marmorizada, 40",79.9,79.9,Item doesn't fit,RETURN_OR_REFUND_REQUEST_COMPLETE,RETURN_AND_REFUND
4039481583228454858,4039481583228389322,583342158220462026,2026-04-04,Calça Jeans Feminina Wide Leg Jeans Feminina Cintura Alta,REF51638,"Marmorizada, 38",71.89,71.89,Item doesn't fit,RETURN_OR_REFUND_REQUEST_COMPLETE,RETURN_AND_REFUND
4039481993850291226,4039481993850225690,583306726548472858,2026-04-04,Calça Jeans Feminina Wide Leg Jeans Cintura Alta Preta Marmorizada,REF52840,40,73.01,73.01,Item doesn't fit,RETURN_OR_REFUND_REQUEST_COMPLETE,RETURN_AND_REFUND
4039481998796817434,4039481998796751898,583306726548472858,2026-04-04,Calça Jeans Feminina Wide Leg Cintura Alta Chocolate,REF56240,"Chocolate, 40",86.71,86.71,Item doesn't fit,RETURN_OR_REFUND_REQUEST_COMPLETE,RETURN_AND_REFUND
4039482330191201627,4039482330191136091,583354961007248731,2026-04-04,Calça Jeans Feminina Wide Leg Jeans Feminina Cintura Alta,REF51642,"Marmorizada, 42",79.87,79.87,Package wasn't received,RETURN_OR_REFUND_REQUEST_CANCEL,REFUND
4039472316172502853,4039472316172437317,583298765364299589,2026-04-04,Calça Jeans Feminina Wide Leg Jeans Feminina Cintura Alta,REF51640,"Marmorizada, 40",73.83,73.83,Item doesn't fit,RETURN_OR_REFUND_REQUEST_CANCEL,RETURN_AND_REFUND
4039482481679762779,4039482481679238491,583354961007248731,2026-04-04,Calça Jeans Feminina Wide Leg Jeans Feminina Cintura Alta,REF51642,"Marmorizada, 42",89.48,89.48,Package wasn't received,RETURN_OR_REFUND_REQUEST_CANCEL,REFUND
4039482382577861979,4039482382577796443,583354961007248731,2026-04-04,Calça Jeans Feminina Wide Leg Jeans Feminina Cintura Alta,REF51642,"Marmorizada, 42",89.48,89.48,"Fabric, material or style not as expected",RETURN_OR_REFUND_REQUEST_CANCEL,RETURN_AND_REFUND
4039483684153755040,4039483684153689504,583266661634180512,2026-04-04,Calça Jeans Feminina Wide Leg Cintura Alta- Candy Colors,REF54940,"ROSA BEBÊ, 40",71.99,71.99,Item doesn't fit,RETURN_OR_REFUND_REQUEST_COMPLETE,RETURN_AND_REFUND
4039483613499655305,4039483613499589769,583312832181339273,2026-04-04,Calça Jeans Feminina Wide Leg Jeans Feminina Cintura Alta,REF52538,"Stone Used, 38",83.27,83.27,Item doesn't fit,RETURN_OR_REFUND_REQUEST_COMPLETE,RETURN_AND_REFUND
4039483609888162953,4039483609888097417,583312832181339273,2026-04-04,Calça Jeans Feminina Wide Leg Jeans Feminina Cintura Alta,REF51638,"Marmorizada, 38",68.77,68.77,Item doesn't fit,RETURN_OR_REFUND_REQUEST_COMPLETE,RETURN_AND_REFUND
4039483496792164188,4039483496792098652,583264446425433948,2026-04-04,Calça Jeans Feminina Wide Leg Jeans Feminina Cintura Alta,REF51638,"Marmorizada, 38",66.44,66.44,Item doesn't fit,RETURN_OR_REFUND_REQUEST_CANCEL,RETURN_AND_REFUND
4039483246721271052,4039483246721205516,583326976485131532,2026-04-04,Calça Jeans Feminina Wide Leg Jeans Feminina Cintura Alta,REF52538,"Stone Used, 38",63.79,63.79,Item doesn't fit,RETURN_OR_REFUND_REQUEST_COMPLETE,RETURN_AND_REFUND
4039483701013415328,4039483701013349792,583266661634180512,2026-04-04,Blusa Feminina Jeans Bata Tomara Que Caia Candy Colors,REF579M,"Rosa Bebê , M",85.49,85.49,No longer needed,RETURN_OR_REFUND_REQUEST_COMPLETE,RETURN_AND_REFUND
4039483186181735944,4039483186181670408,583342513889641992,2026-04-04,Calça Feminina Jeans Wide Leg Cintura Alta Azul Médio Marmorizado,REF55146,"Azul Médio Marmorizado , 46",83.99,83.99,Item doesn't match description,RETURN_OR_REFUND_REQUEST_CANCEL,RETURN_AND_REFUND
4039483095862183329,4039483095862117793,583265526536177057,2026-04-04,Calça Jeans Feminina Wide Leg Jeans Feminina Cintura Alta,REF52742,"Sky Used, 42",69.99,69.99,Item doesn't fit,RETURN_OR_REFUND_REQUEST_COMPLETE,RETURN_AND_REFUND
4039483080337622284,4039483080337556748,583326976485131532,2026-04-04,Calça Jeans Feminina Wide Leg Jeans Feminina Cintura Alta,REF51638,"Marmorizada, 38",62.99,62.99,Item doesn't fit,RETURN_OR_REFUND_REQUEST_COMPLETE,RETURN_AND_REFUND
4039482962849793335,4039482962849727799,583354834741921079,2026-04-04,Calça Jeans Feminina Wide Leg Jeans Feminina Cintura Alta,REF51638,"Marmorizada, 38",78.81,78.81,Item doesn't fit,RETURN_OR_REFUND_REQUEST_COMPLETE,RETURN_AND_REFUND
4039482501036213595,4039482501036148059,583354961007248731,2026-04-04,Calça Jeans Feminina Wide Leg Jeans Feminina Cintura Alta,REF51642,"Marmorizada, 42",89.48,89.48,Package wasn't received,RETURN_OR_REFUND_REQUEST_CANCEL,REFUND
4039483198595237132,4039483198595171596,583326976485131532,2026-04-04,Calça Feminina Jeans Wide Leg Cintura Alta Azul Médio Marmorizado,REF55138,"Azul Médio Marmorizado , 38",71.99,71.99,Item doesn't fit,RETURN_OR_REFUND_REQUEST_COMPLETE,RETURN_AND_REFUND
4039482489642059099,4039482489641993563,583354961007248731,2026-04-04,Calça Jeans Feminina Wide Leg Jeans Feminina Cintura Alta,REF51642,"Marmorizada, 42",89.48,89.48,Package wasn't received,RETURN_OR_REFUND_REQUEST_CANCEL,REFUND
4039499934128899473,4039499934128833937,583280870746785169,2026-04-05,Calça Jeans Feminina Wide Leg Cintura Alta Chocolate,REF56238,"Chocolate, 38",106.9,106.9,Item doesn't fit,RETURN_OR_REFUND_REQUEST_COMPLETE,RETURN_AND_REFUND
4039499733811430401,4039499733811364865,583296258608628737,2026-04-05,Calça Jeans Feminina Wide Leg Jeans Feminina Cintura Alta,REF52538,"Stone Used, 38",79.9,79.9,Item doesn't match description,RETURN_OR_REFUND_REQUEST_COMPLETE,RETURN_AND_REFUND
4039499642841629771,4039499642841564235,583279031219422283,2026-04-05,Calça Jeans Feminina Wide Leg Jeans Cintura Alta Preta Marmorizada,REF52836,36,69.83,69.83,Item doesn't fit,RETURN_OR_REFUND_REQUEST_CANCEL,RETURN_AND_REFUND
4039499633627858358,4039499633627792822,583115170432910774,2026-04-05,Calça Jeans Feminina Wide Leg Jeans Feminina Cintura Alta Stone Used,REF52540,40,73.79,73.79,"Fabric, material or style not as expected",RETURN_OR_REFUND_REQUEST_CANCEL,RETURN_AND_REFUND
4039499592497595756,4039499592497530220,583068112120415596,2026-04-05,Calça Jeans Feminina Wide Leg Jeans Feminina Cintura Alta,REF51638,"Marmorizada, 38",77.5,77.5,Item doesn't fit,RETURN_OR_REFUND_REQUEST_CANCEL,RETURN_AND_REFUND
4039499624646543019,4039499624646477483,583266025455650475,2026-04-05,Calça Jeans Feminina Wide Leg Jeans Feminina Cintura Alta,REF52538,"Stone Used, 38",73.24,73.24,"Fabric, material or style not as expected",RETURN_OR_REFUND_REQUEST_COMPLETE,RETURN_AND_REFUND
4039499574652666944,4039499574652601408,583344942291846208,2026-04-05,Calça Jeans Feminina Wide Leg Jeans Feminina Cintura Alta,REF51636,"Marmorizada, 36",83.62,83.62,Item doesn't fit,RETURN_OR_REFUND_REQUEST_COMPLETE,RETURN_AND_REFUND
4039499564893373734,4039499564893308198,583342979075507494,2026-04-05,Calça Jeans Feminina Wide Leg Jeans Feminina Cintura Alta,REF51642,"Marmorizada, 42",69.99,69.99,Item doesn't fit,RETURN_OR_REFUND_REQUEST_COMPLETE,RETURN_AND_REFUND
4039500084698515122,4039500084698449586,583307422178969266,2026-04-05,Calça Jeans Feminina Wide Leg Jeans Feminina Cintura Alta,REF51640,"Marmorizada, 40",62.54,62.54,Item doesn't fit,RETURN_OR_REFUND_REQUEST_COMPLETE,RETURN_AND_REFUND
4039499628309874569,4039499628309809033,583313480946976649,2026-04-05,Calça Jeans Feminina Wide Leg Jeans Feminina Cintura Alta,REF52538,"Stone Used, 38",77.9,77.9,Item doesn't fit,RETURN_OR_REFUND_REQUEST_COMPLETE,RETURN_AND_REFUND
4039499486462183326,4039499486462117790,583328540923627422,2026-04-05,Calça Jeans Feminina Wide Leg Jeans Feminina Cintura Alta,REF51638,"Marmorizada, 38",62.99,62.99,Item doesn't fit,RETURN_OR_REFUND_REQUEST_COMPLETE,RETURN_AND_REFUND
4039500965341266949,4039500965341201413,583296657946346501,2026-04-05,Calça Jeans Feminina Wide Leg Jeans Feminina Cintura Alta,REF51640,"Marmorizada, 40",69.99,69.99,Item doesn't fit,RETURN_OR_REFUND_REQUEST_COMPLETE,RETURN_AND_REFUND
4039500249284772919,4039500249284707383,583311737365365815,2026-04-05,Calça Jeans Feminina Wide Leg Jeans Cintura Alta Preta Marmorizada,REF52842,42,79.9,79.9,Item doesn't fit,RETURN_OR_REFUND_REQUEST_COMPLETE,RETURN_AND_REFUND
4039500355188262138,4039500355188196602,583329174564340986,2026-04-05,Calça Jeans Feminina Wide Leg Jeans Feminina Cintura Alta,REF51636,"Marmorizada, 36",69.99,69.99,Item doesn't fit,RETURN_OR_REFUND_REQUEST_COMPLETE,RETURN_AND_REFUND
4039500373251032711,4039500373250967175,583342958009026183,2026-04-05,Calça Jeans Feminina Wide Leg Jeans Feminina Cintura Alta,REF52540,"Stone Used, 40",79.9,79.9,Item doesn't fit,RETURN_OR_REFUND_REQUEST_COMPLETE,RETURN_AND_REFUND
4039500698271450316,4039500698271384780,583235244539544780,2026-04-05,Calça Jeans Feminina Wide Leg Jeans Feminina Cintura Alta,REF51640,"Marmorizada, 40",64.99,64.99,Item doesn't fit,RETURN_OR_REFUND_REQUEST_COMPLETE,RETURN_AND_REFUND
4039500801369867779,4039500801369802243,583297426044847619,2026-04-05,Calça Jeans Feminina Wide Leg Jeans Feminina Cintura Alta,REF51638,"Marmorizada, 38",67.89,67.89,Item doesn't fit,RETURN_OR_REFUND_REQUEST_COMPLETE,RETURN_AND_REFUND
4039501561410193241,4039501561410127705,583280639947671385,2026-04-05,Calça Jeans Feminina Wide Leg Jeans Feminina Cintura Alta,REF52544,"Stone Used, 44",89.5,89.5,Item doesn't fit,RETURN_OR_REFUND_REQUEST_COMPLETE,RETURN_AND_REFUND
4039501832522073540,4039501832522008004,583329349362550212,2026-04-05,Calça Jeans Feminina Wide Leg Jeans Feminina Cintura Alta,REF52742,"Sky Used, 42",83.65,83.65,Item doesn't fit,RETURN_OR_REFUND_REQUEST_COMPLETE,RETURN_AND_REFUND
4039501923891971125,4039501923891905589,583019488493274165,2026-04-05,Calça Jeans Feminina Wide Leg Jeans Feminina Cintura Alta,REF52744,"Sky Used, 44",79.9,79.9,Item doesn't fit,RETURN_OR_REFUND_REQUEST_COMPLETE,RETURN_AND_REFUND
4039502134123398540,4039502134123333004,583312573873161612,2026-04-05,Calça Jeans Feminina Wide Leg Jeans Feminina Cintura Alta,REF52742,"Sky Used, 42",63.79,63.79,Item doesn't fit,RETURN_OR_REFUND_REQUEST_CANCEL,RETURN_AND_REFUND
4039502270555588320,4039502270555522784,583312836093904608,2026-04-05,Calça Jeans Feminina Wide Leg Jeans Feminina Cintura Alta,REF51642,"Marmorizada, 42",63.79,63.79,Item doesn't fit,RETURN_OR_REFUND_REQUEST_COMPLETE,RETURN_AND_REFUND
4039502387692012802,4039502387691947266,583067855094252802,2026-04-05,Calça Jeans Feminina Wide Leg Cintura Alta Branca,REF54638,"Branco, 38",69.83,69.83,Item doesn't fit,RETURN_OR_REFUND_REQUEST_CANCEL,RETURN_AND_REFUND
4039499482925335667,4039499482925270131,583312564037256307,2026-04-05,Calça Jeans Feminina Wide Leg Jeans Feminina Cintura Alta,REF51642,"Marmorizada, 42",67.49,67.49,Item doesn't fit,RETURN_OR_REFUND_REQUEST_COMPLETE,RETURN_AND_REFUND
4039500193378370586,4039500193378305050,583266001251632154,2026-04-05,Calça Jeans Feminina Wide Leg Jeans Feminina Cintura Alta,REF52536,"Stone Used, 36",73.24,73.24,Item doesn't fit,RETURN_OR_REFUND_REQUEST_COMPLETE,RETURN_AND_REFUND
4039499369188394886,4039499369188329350,583313669820811142,2026-04-05,Calça Jeans Feminina Wide Leg Jeans Feminina Cintura Alta,REF51642,"Marmorizada, 42",69.99,69.99,Item doesn't fit,RETURN_OR_REFUND_REQUEST_COMPLETE,RETURN_AND_REFUND
4039500103056918016,4039500103056852480,583355228159116800,2026-04-05,Calça Jeans Feminina Wide Leg Jeans Feminina Cintura Alta,REF51638,"Marmorizada, 38",67.34,67.34,Item doesn't fit,RETURN_OR_REFUND_REQUEST_COMPLETE,RETURN_AND_REFUND
4039499300825565149,4039499300825499613,583279400228849629,2026-04-05,Calça Jeans Feminina Wide Leg Cintura Alta- Candy Colors,REF54942,"ROSA BEBÊ, 42",80.39,80.39,Item doesn't fit,RETURN_OR_REFUND_REQUEST_CANCEL,RETURN_AND_REFUND
4039499326193042997,4039499326192977461,583327318755083829,2026-04-05,Calça Jeans Feminina Wide Leg Jeans Cintura Alta Preta Marmorizada,REF52838,38,89.99,89.99,Item doesn't fit,RETURN_OR_REFUND_REQUEST_COMPLETE,RETURN_AND_REFUND
4039493209364792737,4039493209364727201,583328630568945057,2026-04-05,Calça Jeans Feminina Wide Leg Jeans Feminina Cintura Alta,REF51636,"Marmorizada, 36",69.89,69.89,Item doesn't fit,RETURN_OR_REFUND_REQUEST_COMPLETE,RETURN_AND_REFUND
4039493386396862274,4039493386396796738,583325364256999234,2026-04-05,Calça Jeans Feminina Wide Leg Jeans Feminina Cintura Alta,REF51636,"Marmorizada, 36",61.9,61.9,Item doesn't match description,RETURN_OR_REFUND_REQUEST_COMPLETE,RETURN_AND_REFUND
4039494034881218417,4039494034881152881,583290371788408689,2026-04-05,Calça Jeans Feminina Wide Leg Jeans Feminina Cintura Alta,REF51640,"Marmorizada, 40",79.9,79.9,"Fabric, material or style not as expected",RETURN_OR_REFUND_REQUEST_COMPLETE,RETURN_AND_REFUND
4039494919306446313,4039494919306380777,583296021504689641,2026-04-05,Calça Jeans Feminina Wide Leg Jeans Feminina Cintura Alta,REF51642,"Marmorizada, 42",67.89,67.89,Item doesn't fit,RETURN_OR_REFUND_REQUEST_COMPLETE,RETURN_AND_REFUND
4039495393066190704,4039495393066125168,583320239865956208,2026-04-05,Calça Jeans Feminina Wide Leg Jeans Feminina Cintura Alta,REF51642,"Marmorizada, 42",88.3,88.3,Item doesn't fit,RETURN_OR_REFUND_REQUEST_COMPLETE,RETURN_AND_REFUND
4039495721092941488,4039495721092875952,583296212615005872,2026-04-05,Calça Jeans Feminina Wide Leg Jeans Feminina Cintura Alta,REF52738,"Sky Used, 38",73.24,73.24,Item doesn't fit,RETURN_OR_REFUND_REQUEST_COMPLETE,RETURN_AND_REFUND
4039495846595888272,4039495846595757200,583313119541429392,2026-04-05,Calça Jeans Feminina Wide Leg Jeans Feminina Cintura Alta,REF52740,"Sky Used, 40",67.48,67.48,Item doesn't fit,RETURN_OR_REFUND_REQUEST_COMPLETE,RETURN_AND_REFUND
4039496047990376168,4039496047990310632,583313261725517544,2026-04-05,Calça Jeans Feminina Wide Leg Jeans Feminina Cintura Alta,REF51636,"Marmorizada, 36",77.29,77.29,Item doesn't fit,RETURN_OR_REFUND_REQUEST_COMPLETE,RETURN_AND_REFUND
4039496124854076471,4039496124853879863,583232683323851831,2026-04-05,Calça Feminina Jeans Wide Leg Cintura Alta Azul Médio Marmorizado,REF55144,"Azul Médio Marmorizado , 44",71.99,71.99,Item doesn't fit,RETURN_OR_REFUND_REQUEST_COMPLETE,RETURN_AND_REFUND
4039496201040659858,4039496201040594322,583344148179748242,2026-04-05,Calça Jeans Feminina Wide Leg Jeans Feminina Cintura Alta,REF51636,"Marmorizada, 36",69.99,69.99,Item doesn't fit,RETURN_OR_REFUND_REQUEST_COMPLETE,RETURN_AND_REFUND
4039496732194801385,4039496732194735849,583266905885345513,2026-04-05,Calça Jeans Feminina Wide Leg Jeans Cintura Alta Preta Marmorizada,REF52842,42,90.19,90.19,Item doesn't fit,RETURN_OR_REFUND_REQUEST_CANCEL,RETURN_AND_REFUND
4039495797956707547,4039495797956642011,583328385704297691,2026-04-05,Calça Jeans Feminina Wide Leg Jeans Feminina Cintura Alta,REF51638,"Marmorizada, 38",65.79,65.79,Item doesn't fit,RETURN_OR_REFUND_REQUEST_CANCEL,RETURN_AND_REFUND
4039496881323280163,4039496881323214627,583323549535078179,2026-04-05,Calça Jeans Feminina Wide Leg Jeans Feminina Cintura Alta,REF52742,"Sky Used, 42",79.9,79.9,"Fabric, material or style not as expected",RETURN_OR_REFUND_REQUEST_COMPLETE,RETURN_AND_REFUND
4039496825466292097,4039496825466226561,583281230954006401,2026-04-05,Calça Jeans Feminina Wide Leg Jeans Feminina Cintura Alta,REF51636,"Marmorizada, 36",78.69,78.69,Item doesn't fit,RETURN_OR_REFUND_REQUEST_COMPLETE,RETURN_AND_REFUND
4039499171106227343,4039499171106161807,583279779727770767,2026-04-05,Calça Jeans Feminina Wide Leg Jeans Cintura Alta Preta Marmorizada,REF52840,40,79.87,79.87,Item doesn't fit,RETURN_OR_REFUND_REQUEST_COMPLETE,RETURN_AND_REFUND
4039499152782623761,4039499152782558225,583342801302160401,2026-04-05,Calça Jeans Feminina Wide Leg Jeans Feminina Cintura Alta,REF51642,"Marmorizada, 42",67.89,67.89,Item doesn't fit,RETURN_OR_REFUND_REQUEST_COMPLETE,RETURN_AND_REFUND
4039498981901960624,4039498981901895088,583265825496663472,2026-04-05,Calça Jeans Feminina Wide Leg Jeans Feminina Cintura Alta,REF51644,"Marmorizada, 44",71.99,71.99,Item doesn't fit,RETURN_OR_REFUND_REQUEST_COMPLETE,RETURN_AND_REFUND
4039498306098070672,4039498306098005136,583313119541429392,2026-04-05,Calça Jeans Feminina Wide Leg Jeans Feminina Cintura Alta,REF52540,"Stone Used, 40",67.48,67.48,Item doesn't fit,RETURN_OR_REFUND_REQUEST_COMPLETE,RETURN_AND_REFUND
4039498444140938304,4039498444140872768,583343461892457536,2026-04-05,Calça Jeans Feminina Wide Leg Jeans Feminina Cintura Alta,REF51642,"Marmorizada, 42",84.28,84.28,Item doesn't fit,RETURN_OR_REFUND_REQUEST_COMPLETE,RETURN_AND_REFUND
4039499291478951140,4039499291478885604,583265908763231460,2026-04-05,Calça Jeans Feminina Wide Leg Jeans Feminina Cintura Alta,REF51644,"Marmorizada, 44",69.99,69.99,Defective item,RETURN_OR_REFUND_REQUEST_COMPLETE,RETURN_AND_REFUND
4039497310305486496,4039497310305420960,583328032783304352,2026-04-05,Calça Jeans Feminina Wide Leg Jeans Feminina Cintura Alta,REF51638,"Marmorizada, 38",64.99,64.99,Defective item,RETURN_OR_REFUND_REQUEST_COMPLETE,RETURN_AND_REFUND
4039497287968719977,4039497287968654441,583328872476345449,2026-04-05,Calça Jeans Feminina Wide Leg Jeans Feminina Cintura Alta,REF52742,"Sky Used, 42",61.1,61.1,Item doesn't fit,RETURN_OR_REFUND_REQUEST_COMPLETE,RETURN_AND_REFUND
4039496994698069653,4039496994698004117,583297617966892693,2026-04-05,Calça Jeans Feminina Wide Leg Jeans Feminina Cintura Alta,REF52538,"Stone Used, 38",80.7,80.7,Item doesn't fit,RETURN_OR_REFUND_REQUEST_COMPLETE,RETURN_AND_REFUND
4039496913133864597,4039496913133799061,583297617966892693,2026-04-05,Calça Jeans Feminina Wide Leg Jeans Feminina Cintura Alta,REF51638,"Marmorizada, 38",77.4,77.4,Item doesn't fit,RETURN_OR_REFUND_REQUEST_CANCEL,RETURN_AND_REFUND
4039497361584129452,4039497361584063916,583280898817951148,2026-04-05,Calça Jeans Feminina Wide Leg Jeans Cintura Alta Preta Marmorizada,REF52838,38,85.64,85.64,Item doesn't fit,RETURN_OR_REFUND_REQUEST_COMPLETE,RETURN_AND_REFUND
4039514318117570475,4039514318117504939,583375076733913003,2026-04-06,Calça Jeans Feminina Wide Leg Jeans Feminina Cintura Alta,REF51638,"Marmorizada, 38",62.99,62.99,Item doesn't fit,RETURN_OR_REFUND_REQUEST_CANCEL,RETURN_AND_REFUND
4039513923736798475,4039513923736732939,583328682499147019,2026-04-06,Calça Jeans Feminina Wide Leg Jeans Feminina Cintura Alta,REF51636,"Marmorizada, 36",69.99,69.99,Item doesn't fit,RETURN_OR_REFUND_REQUEST_COMPLETE,RETURN_AND_REFUND
4039514254824670818,4039514254824605282,583127166210377314,2026-04-06,Calça Jeans Feminina Wide Leg Jeans Feminina Cintura Alta,REF52544,"Stone Used, 44",64.58,64.58,Item doesn't match description,RETURN_OR_REFUND_REQUEST_COMPLETE,RETURN_AND_REFUND
4039514325542143018,4039514325542077482,583374069742339114,2026-04-06,Calça Jeans Feminina Wide Leg Jeans Feminina Cintura Alta,REF51642,"Marmorizada, 42",77.5,77.5,Item doesn't fit,RETURN_OR_REFUND_REQUEST_CANCEL,RETURN_AND_REFUND
4039514502316853095,4039514497449166695,583297788989179751,2026-04-06,Calça Jeans Feminina Wide Leg Jeans Feminina Cintura Alta,REF51640,"Marmorizada, 40",81.9,81.9,Item doesn't fit,RETURN_OR_REFUND_REQUEST_COMPLETE,RETURN_AND_REFUND
4039514275981788411,4039514275981722875,583293576641611003,2026-04-06,Calça Jeans Feminina Wide Leg Jeans Feminina Cintura Alta,REF51642,"Marmorizada, 42",79.9,79.9,Item doesn't fit,RETURN_OR_REFUND_REQUEST_COMPLETE,RETURN_AND_REFUND
4039514347502667001,4039514347502601465,583343081790145785,2026-04-06,Calça Jeans Feminina Wide Leg Jeans Feminina Cintura Alta,REF52538,"Stone Used, 38",69.99,69.99,Item doesn't fit,RETURN_OR_REFUND_REQUEST_COMPLETE,RETURN_AND_REFUND
4039514352097658433,4039514352097592897,583327548220540481,2026-04-06,Calça Feminina Jeans Wide Leg Cintura Alta Azul Médio Marmorizado,REF55142,"Azul Médio Marmorizado , 42",79.59,79.59,"Fabric, material or style not as expected",RETURN_OR_REFUND_REQUEST_COMPLETE,RETURN_AND_REFUND
4039514476702893436,4039514476702827900,583313695064950140,2026-04-06,Calça Jeans Feminina Wide Leg Jeans Feminina Cintura Alta,REF52544,"Stone Used, 44",79.5,79.5,Item doesn't fit,RETURN_OR_REFUND_REQUEST_COMPLETE,RETURN_AND_REFUND
4039514250607887815,4039514250607822279,583328878894613959,2026-04-06,Calça Jeans Feminina Wide Leg Jeans Feminina Cintura Alta,REF51636,"Marmorizada, 36",67.49,67.49,Item doesn't fit,RETURN_OR_REFUND_REQUEST_CANCEL,RETURN_AND_REFUND
4039514332623308715,4039514332623243179,583375076733913003,2026-04-06,Calça Jeans Feminina Wide Leg Jeans Feminina Cintura Alta,REF51638,"Marmorizada, 38",62.99,62.99,Wrong item was sent,RETURN_OR_REFUND_REQUEST_CANCEL,RETURN_AND_REFUND
4039514246160156086,4039514246160090550,583115170432910774,2026-04-06,Calça Jeans Feminina Wide Leg Jeans Feminina Cintura Alta Stone Used,REF52540,40,73.79,73.79,Defective item,RETURN_OR_REFUND_REQUEST_COMPLETE,REFUND
4039513935108212564,4039513935108147028,583153077080721236,2026-04-06,Calça Jeans Feminina Wide Leg Jeans Cintura alta Preta,REF54738,"Preto , 38",95.56,95.56,Item doesn't fit,RETURN_OR_REFUND_REQUEST_COMPLETE,RETURN_AND_REFUND
4039514162312807608,4039514162312742072,583341857586447544,2026-04-06,Calça Jeans Feminina Wide Leg Jeans Feminina Cintura Alta,REF52738,"Sky Used, 38",78.7,78.7,Item doesn't fit,RETURN_OR_REFUND_REQUEST_COMPLETE,RETURN_AND_REFUND
4039514159924413509,4039514159924347973,583300180012794949,2026-04-06,Calça Jeans Feminina Wide Leg Jeans Feminina Cintura Alta,REF51640,"Marmorizada, 40",63.34,63.34,"Package arrived damaged. Example: spilled liquid, damaged box.",RETURN_OR_REFUND_REQUEST_CANCEL,REFUND
4039514126530479486,4039514126530413950,583312316082324862,2026-04-06,Calça Jeans Feminina Wide Leg Jeans Feminina Cintura Alta,REF51640,"Marmorizada, 40",64.99,64.99,Item doesn't fit,RETURN_OR_REFUND_REQUEST_COMPLETE,RETURN_AND_REFUND
4039514090699130461,4039514090699064925,583312796615870045,2026-04-06,Calça Jeans Feminina Wide Leg Jeans Feminina Cintura Alta,REF51638,"Marmorizada, 38",66.19,66.19,Item doesn't fit,RETURN_OR_REFUND_REQUEST_CANCEL,RETURN_AND_REFUND
4039514053631575109,4039514053631509573,583300180012794949,2026-04-06,Calça Jeans Feminina Wide Leg Jeans Feminina Cintura Alta,REF51640,"Marmorizada, 40",63.34,63.34,Item doesn't fit,RETURN_OR_REFUND_REQUEST_CANCEL,RETURN_AND_REFUND
4039516732376123186,4039516732376057650,583359961805588274,2026-04-06,Calça Jeans Feminina Wide Leg Jeans Feminina Cintura Alta,REF51638,"Marmorizada, 38",79.9,79.9,Item doesn't fit,RETURN_OR_REFUND_REQUEST_COMPLETE,RETURN_AND_REFUND
4039514024537130844,4039514024537065308,583297556093896540,2026-04-06,Calça Jeans Feminina Wide Leg Jeans Feminina Cintura Alta,REF52538,"Stone Used, 38",68.69,68.69,Item doesn't fit,RETURN_OR_REFUND_REQUEST_COMPLETE,RETURN_AND_REFUND
4039514006323364926,4039514006323299390,583375332289774654,2026-04-06,Calça Jeans Feminina Wide Leg Jeans Feminina Cintura Alta,REF51638,"Marmorizada, 38",79.9,79.9,Item doesn't fit,RETURN_OR_REFUND_REQUEST_COMPLETE,RETURN_AND_REFUND
4039513996181473067,4039513996181407531,583312253563995947,2026-04-06,Calça Jeans Feminina Wide Leg Jeans Feminina Cintura Alta,REF51636,"Marmorizada, 36",85.59,85.59,Item doesn't fit,RETURN_OR_REFUND_REQUEST_COMPLETE,RETURN_AND_REFUND
4039513964648171426,4039513964648105890,583356409398396834,2026-04-06,Calça Jeans Feminina Wide Leg Jeans Feminina Cintura Alta,REF51638,"Marmorizada, 38",62.99,62.99,Item doesn't fit,RETURN_OR_REFUND_REQUEST_COMPLETE,RETURN_AND_REFUND
4039513952255837712,4039513952255772176,583358468942824976,2026-04-06,Calça Jeans Feminina Wide Leg Jeans Feminina Cintura Alta,REF51636,"Marmorizada, 36",70.79,70.79,Item doesn't fit,RETURN_OR_REFUND_REQUEST_CANCEL,RETURN_AND_REFUND
4039514526932763836,4039514526932698300,583342803045287100,2026-04-06,Calça Jeans Feminina Wide Leg Jeans Feminina Cintura Alta,REF52538,"Stone Used, 38",64.03,64.03,Item doesn't fit,RETURN_OR_REFUND_REQUEST_COMPLETE,RETURN_AND_REFUND
4039514196431045701,4039514196430980165,583300180012794949,2026-04-06,Calça Jeans Feminina Wide Leg Jeans Feminina Cintura Alta,REF51640,"Marmorizada, 40",63.34,63.34,"Item arrived damaged. Example: item is dented, scratched or shattered.",RETURN_OR_REFUND_REQUEST_COMPLETE,RETURN_AND_REFUND
4039514533701453449,4039514533701387913,583374765821101705,2026-04-06,Calça Jeans Feminina Wide Leg Jeans Feminina Cintura Alta,REF51638,"Marmorizada, 38",65.79,65.79,Item doesn't fit,RETURN_OR_REFUND_REQUEST_COMPLETE,RETURN_AND_REFUND
4039515047831177129,4039515047831111593,583360541916235689,2026-04-06,Calça Jeans Feminina Wide Leg Jeans Cintura Alta Preta Marmorizada,REF52840,40,83.1,83.1,Item doesn't fit,RETURN_OR_REFUND_REQUEST_COMPLETE,RETURN_AND_REFUND
4039514566567494994,4039514566567429458,583343431175472466,2026-04-06,Calça Jeans Feminina Wide Leg Jeans Cintura Alta Preta Marmorizada,REF52838,38,87.29,87.29,Item doesn't fit,RETURN_OR_REFUND_REQUEST_COMPLETE,RETURN_AND_REFUND
4039516421261854090,4039516421261788554,583295040434374026,2026-04-06,Calça Jeans Feminina Wide Leg Jeans Feminina Cintura Alta,REF51644,"Marmorizada, 44",64.99,64.99,Item doesn't fit,RETURN_OR_REFUND_REQUEST_CANCEL,RETURN_AND_REFUND
4039516408401659274,4039516408401593738,583295040434374026,2026-04-06,Calça Jeans Feminina Wide Leg Jeans Feminina Cintura Alta,REF52744,"Sky Used, 44",64.99,64.99,Item doesn't fit,RETURN_OR_REFUND_REQUEST_COMPLETE,RETURN_AND_REFUND
4039516395714151818,4039516395714086282,583295040434374026,2026-04-06,Calça Jeans Feminina Wide Leg Jeans Feminina Cintura Alta,REF52544,"Stone Used, 44",64.99,64.99,Item doesn't fit,RETURN_OR_REFUND_REQUEST_COMPLETE,RETURN_AND_REFUND
4039516336935962025,4039516336935896489,583282083832497577,2026-04-06,Calça Jeans Feminina Wide Leg Jeans Feminina Cintura Alta,REF51644,"Marmorizada, 44",72.99,72.99,Defective item,RETURN_OR_REFUND_REQUEST_COMPLETE,RETURN_AND_REFUND
4039516060422276325,4039516060422210789,583282821358126309,2026-04-06,Calça Jeans Wide Leg Cintura Alta Sky Used,REF52738,"Sky Used, 38",69.99,69.99,Item doesn't fit,RETURN_OR_REFUND_REQUEST_COMPLETE,RETURN_AND_REFUND
4039516024578278747,4039516024578213211,583312719753938267,2026-04-06,Calça Jeans Feminina Wide Leg Jeans Feminina Cintura Alta,REF52540,"Stone Used, 40",67.49,67.49,Item doesn't fit,RETURN_OR_REFUND_REQUEST_CANCEL,RETURN_AND_REFUND
4039516028750234971,4039516028750169435,583312719753938267,2026-04-06,Calça Jeans Feminina Wide Leg Jeans Feminina Cintura Alta,REF51640,"Marmorizada, 40",67.49,67.49,Item doesn't fit,RETURN_OR_REFUND_REQUEST_CANCEL,RETURN_AND_REFUND
4039515919640986931,4039515919640921395,583312524749079859,2026-04-06,Saia Jeans Feminina Cintura Alta Barra A Fio,REF56336,"Rosa Bebê , 36",77.9,77.9,Item doesn't fit,RETURN_OR_REFUND_REQUEST_COMPLETE,RETURN_AND_REFUND
4039515865233327706,4039515865233262170,583344646848415322,2026-04-06,Calça Jeans Feminina Wide Leg Jeans Feminina Cintura Alta,REF52736,"Sky Used, 36",83.1,83.1,Item doesn't fit,RETURN_OR_REFUND_REQUEST_COMPLETE,RETURN_AND_REFUND
4039515723309876237,4039515723309810701,583298831512142861,2026-04-06,Calça Jeans Feminina Wide Leg Jeans Feminina Cintura Alta,REF51638,"Marmorizada, 38",82.5,82.5,Item doesn't fit,RETURN_OR_REFUND_REQUEST_CANCEL,RETURN_AND_REFUND
4039515580435825683,4039515580435760147,583313249602339859,2026-04-06,Calça Jeans Feminina Wide Leg Jeans Feminina Cintura Alta,REF52536,"Stone Used, 36",62.09,62.09,Item doesn't fit,RETURN_OR_REFUND_REQUEST_CANCEL,RETURN_AND_REFUND
4039515565517669395,4039515565517603859,583313249602339859,2026-04-06,Calça Jeans Feminina Wide Leg Jeans Feminina Cintura Alta,REF51636,"Marmorizada, 36",52.49,52.49,Item doesn't fit,RETURN_OR_REFUND_REQUEST_CANCEL,RETURN_AND_REFUND
4039514546984420697,4039514546984355161,583295852561597785,2026-04-06,Calça Jeans Feminina Wide Leg Jeans Feminina Cintura Alta,REF52536,"Stone Used, 36",67.49,67.49,Package wasn't received,RETURN_OR_REFUND_REQUEST_COMPLETE,REFUND
4039515469218809133,4039515469218743597,583358083741353261,2026-04-06,Calça Jeans Feminina Wide Leg Jeans Feminina Cintura Alta,REF51638,"Marmorizada, 38",79.9,79.9,Item doesn't fit,RETURN_OR_REFUND_REQUEST_COMPLETE,RETURN_AND_REFUND
4039515080561886779,4039515080561821243,583360153149670971,2026-04-06,Calça Jeans Feminina Wide Leg Jeans Feminina Cintura Alta,REF51636,"Marmorizada, 36",69.99,69.99,Item doesn't fit,RETURN_OR_REFUND_REQUEST_CANCEL,RETURN_AND_REFUND
4039515033260295409,4039515033260229873,583328318723359985,2026-04-06,Calça Jeans Feminina Wide Leg Jeans Feminina Cintura Alta,REF52538,"Stone Used, 38",62.3,62.3,Item doesn't fit,RETURN_OR_REFUND_REQUEST_CANCEL,RETURN_AND_REFUND
4039515031313155564,4039515031313090028,583358780108735980,2026-04-06,Calça Jeans Feminina Wide Leg Jeans Feminina Cintura Alta,REF51638,"Marmorizada, 38",70.79,70.79,"Fabric, material or style not as expected",RETURN_OR_REFUND_REQUEST_COMPLETE,RETURN_AND_REFUND
4039514947193832735,4039514947193767199,583245866066281759,2026-04-06,Calça Jeans Feminina Wide Leg Jeans Feminina Cintura Alta,REF52546,"Stone Used, 46",83.1,83.1,Item doesn't fit,RETURN_OR_REFUND_REQUEST_CANCEL,RETURN_AND_REFUND
4039514912006243932,4039514912006178396,583375245025379932,2026-04-06,Calça Jeans Feminina Wide Leg Jeans Feminina Cintura Alta,REF52538,"Stone Used, 38",62.99,62.99,Item doesn't fit,RETURN_OR_REFUND_REQUEST_CANCEL,RETURN_AND_REFUND
4039514904046110191,4039514904046044655,583370363844986351,2026-04-06,Calça Jeans Feminina Wide Leg Jeans Feminina Cintura Alta,REF51642,"Marmorizada, 42",79.9,79.9,Item doesn't fit,RETURN_OR_REFUND_REQUEST_COMPLETE,RETURN_AND_REFUND
4039514822098453586,4039514822098388050,583295786176906322,2026-04-06,Calça Jeans Feminina Wide Leg Jeans Feminina Cintura Alta,REF52544,"Stone Used, 44",72.45,72.45,Item doesn't fit,RETURN_OR_REFUND_REQUEST_COMPLETE,RETURN_AND_REFUND
4039514772789953983,4039514772789888447,583312452432463295,2026-04-06,Calça Jeans Feminina Wide Leg Jeans Feminina Cintura Alta,REF52540,"Stone Used, 40",70.79,70.79,Item doesn't fit,RETURN_OR_REFUND_REQUEST_COMPLETE,RETURN_AND_REFUND
4039514723766731924,4039514723766666388,583328271023178900,2026-04-06,Calça Jeans Feminina Wide Leg Jeans Feminina Cintura Alta,REF52536,"Stone Used, 36",61.1,61.1,Item doesn't fit,RETURN_OR_REFUND_REQUEST_COMPLETE,RETURN_AND_REFUND
4039514668343460996,4039514668343395460,583327521298941060,2026-04-06,Calça Jeans Feminina Wide Leg Jeans Cintura Alta Preta Marmorizada,REF52840,40,89.99,89.99,Item doesn't fit,RETURN_OR_REFUND_REQUEST_COMPLETE,RETURN_AND_REFUND
4039514675644761933,4039514675644696397,583373986549499725,2026-04-06,Calça Jeans Feminina Wide Leg Jeans Feminina Cintura Alta,REF51638,"Marmorizada, 38",69.99,69.99,"Fabric, material or style not as expected",RETURN_OR_REFUND_REQUEST_COMPLETE,RETURN_AND_REFUND
4039514615773496334,4039514615773430798,583221441516504078,2026-04-06,Calça Jeans Feminina Wide Leg Jeans Feminina Cintura Alta,REF51636,"Marmorizada, 36",79.9,79.9,Defective item,RETURN_OR_REFUND_REQUEST_CANCEL,RETURN_AND_REFUND
4039515224919868794,4039515224919803258,583327098702038394,2026-04-06,Calça Jeans Feminina Wide Leg Jeans Feminina Cintura Alta,REF51642,"Marmorizada, 42",69.89,69.89,Item doesn't fit,RETURN_OR_REFUND_REQUEST_COMPLETE,RETURN_AND_REFUND
4039513895036945862,4039513895036880326,583278874680853958,2026-04-06,Calça Jeans Feminina Wide Leg Jeans Feminina Cintura Alta,REF52538,"Stone Used, 38",80.7,80.7,Item doesn't fit,RETURN_OR_REFUND_REQUEST_COMPLETE,RETURN_AND_REFUND
4039513414327174385,4039513414327108849,583358458843661553,2026-04-06,Calça Jeans Feminina Wide Leg Jeans Feminina Cintura Alta,REF51636,"Marmorizada, 36",69.99,69.99,Item doesn't fit,RETURN_OR_REFUND_REQUEST_COMPLETE,RETURN_AND_REFUND
4039513837346456661,4039513837346391125,583310631920960597,2026-04-06,Calça Feminina Jeans Wide Leg Cintura Alta Azul Médio Marmorizado,REF55136,"Azul Médio Marmorizado , 36",71.99,71.99,"Fabric, material or style not as expected",RETURN_OR_REFUND_REQUEST_COMPLETE,RETURN_AND_REFUND
4039510396633908609,4039510396633712001,583343827307955585,2026-04-06,Calça Jeans Feminina Wide Leg Jeans Feminina Cintura Alta,REF52538,"Stone Used, 38",73.59,73.59,"Fabric, material or style not as expected",RETURN_OR_REFUND_REQUEST_COMPLETE,RETURN_AND_REFUND
4039510385348019585,4039510385347954049,583343827307955585,2026-04-06,Calça Jeans Feminina Wide Leg Jeans Feminina Cintura Alta,REF51638,"Marmorizada, 38",77.5,77.5,"Fabric, material or style not as expected",RETURN_OR_REFUND_REQUEST_COMPLETE,RETURN_AND_REFUND
4039510323990267582,4039510323990202046,583358264858412734,2026-04-06,Calça Jeans Feminina Wide Leg Jeans Feminina Cintura Alta,REF51636,"Marmorizada, 36",81.1,81.1,Item doesn't fit,RETURN_OR_REFUND_REQUEST_CANCEL,RETURN_AND_REFUND
4039510318805518055,4039510318805321447,583326236547712743,2026-04-06,Calça Jeans Feminina Wide Leg Jeans Feminina Cintura Alta,REF52538,"Stone Used, 38",62.99,62.99,Item doesn't fit,RETURN_OR_REFUND_REQUEST_COMPLETE,RETURN_AND_REFUND
4039510237759178218,4039510237759112682,583328447360501226,2026-04-06,Calça Jeans Feminina Wide Leg Jeans Feminina Cintura Alta,REF52538,"Stone Used, 38",79.69,79.69,Item doesn't fit,RETURN_OR_REFUND_REQUEST_COMPLETE,RETURN_AND_REFUND
4039510216292992743,4039510216292927207,583326236547712743,2026-04-06,Calça Jeans Feminina Wide Leg Jeans Feminina Cintura Alta,REF51638,"Marmorizada, 38",62.99,62.99,Item doesn't fit,RETURN_OR_REFUND_REQUEST_COMPLETE,RETURN_AND_REFUND
4039510061590742638,4039510061590677102,583249407473518190,2026-04-06,Calça Jeans Feminina Wide Leg Cintura Alta- Candy Colors,REF54946,"ROSA BEBÊ, 46",84.37,84.37,Item doesn't fit,RETURN_OR_REFUND_REQUEST_COMPLETE,RETURN_AND_REFUND
4039510031036155502,4039510031036089966,583249357141476974,2026-04-06,Calça Jeans Feminina Wide Leg Cintura Alta Chocolate,REF56246,"Chocolate, 46",75.34,75.34,Item doesn't fit,RETURN_OR_REFUND_REQUEST_COMPLETE,RETURN_AND_REFUND
4039509863169099068,4039509863169033532,583357973714142524,2026-04-06,Calça Jeans Feminina Wide Leg Jeans Feminina Cintura Alta,REF51638,"Marmorizada, 38",70.79,70.79,Item doesn't fit,RETURN_OR_REFUND_REQUEST_COMPLETE,RETURN_AND_REFUND
4039509850545620194,4039509850545554658,583327181256426722,2026-04-06,Calça Jeans Feminina Wide Leg Jeans Cintura Alta Preta Marmorizada,REF52840,40,69.83,69.83,Item doesn't fit,RETURN_OR_REFUND_REQUEST_COMPLETE,RETURN_AND_REFUND
4039509809655219426,4039509809655153890,583328058269074658,2026-04-06,Calça Jeans Feminina Wide Leg Jeans Feminina Cintura Alta,REF52540,"Stone Used, 40",67.89,67.89,Item doesn't fit,RETURN_OR_REFUND_REQUEST_COMPLETE,RETURN_AND_REFUND
4039509665853572560,4039509665853507024,583321997936788944,2026-04-06,Calça Jeans Feminina Wide Leg Jeans Feminina Cintura Alta,REF52744,"Sky Used, 44",83.62,83.62,"Fabric, material or style not as expected",RETURN_OR_REFUND_REQUEST_COMPLETE,RETURN_AND_REFUND
4039509546256663899,4039509546256598363,583354961007248731,2026-04-06,Calça Jeans Feminina Wide Leg Jeans Feminina Cintura Alta,REF51642,"Marmorizada, 42",89.48,89.48,Package wasn't received,RETURN_OR_REFUND_REQUEST_COMPLETE,REFUND
4039509185612842904,4039509185385367448,583329453938542488,2026-04-06,Calça Jeans Feminina Wide Leg Jeans Feminina Cintura Alta,REF51638,"Marmorizada, 38",69.99,69.99,Package wasn't received,RETURN_OR_REFUND_REQUEST_COMPLETE,REFUND
4039509191128745880,4039509191128680344,583329453938542488,2026-04-06,Calça Jeans Feminina Wide Leg Jeans Feminina Cintura Alta,REF51638,"Marmorizada, 38",69.99,69.99,Package wasn't received,RETURN_OR_REFUND_REQUEST_CANCEL,REFUND
4039508844388386354,4039508844388320818,583281196665767474,2026-04-06,Calça Jeans Feminina Wide Leg Jeans Feminina Cintura Alta,REF51638,"Marmorizada, 38",69.09,69.09,Item doesn't fit,RETURN_OR_REFUND_REQUEST_COMPLETE,RETURN_AND_REFUND
4039508674127824180,4039508674127758644,583263342453884212,2026-04-06,Calça Jeans Feminina Wide Leg Jeans Feminina Cintura Alta,REF51638,"Marmorizada, 38",66.19,66.19,Item doesn't fit,RETURN_OR_REFUND_REQUEST_CANCEL,RETURN_AND_REFUND
4039508465890329769,4039508465890264233,583327906750301353,2026-04-06,Calça Jeans Feminina Wide Leg Jeans Feminina Cintura Alta,REF52544,"Stone Used, 44",63.79,63.79,Item doesn't fit,RETURN_OR_REFUND_REQUEST_COMPLETE,RETURN_AND_REFUND
4039508448937346231,4039508448937280695,583294257096852663,2026-04-06,Calça Jeans Feminina Wide Leg Jeans Feminina Cintura Alta,REF52738,"Sky Used, 38",78.59,78.59,Defective item,RETURN_OR_REFUND_REQUEST_COMPLETE,RETURN_AND_REFUND
4039508224831882441,4039508224831816905,583311926422963401,2026-04-06,Calça Jeans Feminina Wide Leg Jeans Feminina Cintura Alta,REF51640,"Marmorizada, 40",80.31,80.31,Item doesn't fit,RETURN_OR_REFUND_REQUEST_CANCEL,RETURN_AND_REFUND
4039507704218551388,4039507704218485852,583343201484112988,2026-04-06,Calça Jeans Feminina Wide Leg Jeans Feminina Cintura Alta,REF51636,"Marmorizada, 36",85.7,85.7,Item doesn't fit,RETURN_OR_REFUND_REQUEST_COMPLETE,RETURN_AND_REFUND
4039503206206702647,4039503206206637111,583232683323851831,2026-04-06,Calça Jeans Feminina Wide Leg Jeans Cintura Alta Preta Marmorizada,REF52844,44,71.99,71.99,Item doesn't fit,RETURN_OR_REFUND_REQUEST_COMPLETE,RETURN_AND_REFUND
4039502876384659042,4039502876384593506,583343030021424738,2026-04-06,Calça Jeans Feminina Wide Leg Jeans Feminina Cintura Alta,REF52744,"Sky Used, 44",71.99,71.99,Item doesn't fit,RETURN_OR_REFUND_REQUEST_COMPLETE,RETURN_AND_REFUND
4039502857259550306,4039502857259484770,583343030021424738,2026-04-06,Calça Jeans Feminina Wide Leg Jeans Feminina Cintura Alta,REF51644,"Marmorizada, 44",69.99,69.99,Item doesn't fit,RETURN_OR_REFUND_REQUEST_COMPLETE,RETURN_AND_REFUND
4039513846585394281,4039513846585328745,583294727785776233,2026-04-06,Calça Jeans Feminina Wide Leg Jeans Feminina Cintura Alta,REF51642,"Marmorizada, 42",73.24,73.24,Item doesn't fit,RETURN_OR_REFUND_REQUEST_CANCEL,RETURN_AND_REFUND
4039510645324089174,4039510645324023638,583312753738942294,2026-04-06,Calça Jeans Feminina Wide Leg Jeans Feminina Cintura Alta,REF52536,"Stone Used, 36",66.76,66.76,Item doesn't fit,RETURN_OR_REFUND_REQUEST_COMPLETE,RETURN_AND_REFUND
4039510627931489284,4039510627931423748,583328439589110788,2026-04-06,Calça Jeans Feminina Wide Leg Jeans Cintura Alta Preta Marmorizada,REF52838,38,72.71,72.71,Item doesn't fit,RETURN_OR_REFUND_REQUEST_COMPLETE,RETURN_AND_REFUND
4039513117103392538,4039513117103327002,583294029674219290,2026-04-06,Calça Jeans Feminina Wide Leg Jeans Feminina Cintura Alta,REF52540,"Stone Used, 40",69.97,69.97,Item doesn't fit,RETURN_OR_REFUND_REQUEST_COMPLETE,RETURN_AND_REFUND
4039510850709324984,4039510850709259448,583342469276468408,2026-04-06,Calça Jeans Feminina Wide Leg Jeans Feminina Cintura Alta,REF51638,"Marmorizada, 38",64.94,64.94,Item doesn't fit,RETURN_OR_REFUND_REQUEST_COMPLETE,RETURN_AND_REFUND
4039510740293551656,4039510740293486120,583297716102727208,2026-04-06,Shorts Mom/Social Feminino Jeans Cintura Alta Barra Dobrada,REF55342,"Marmorizada, 42",66.9,66.9,Item doesn't fit,RETURN_OR_REFUND_REQUEST_COMPLETE,RETURN_AND_REFUND
4039513766858884201,4039513766858818665,583294364852716649,2026-04-06,Calça Jeans Feminina Wide Leg Jeans Feminina Cintura Alta,REF52742,"Sky Used, 42",69.99,69.99,Item doesn't fit,RETURN_OR_REFUND_REQUEST_CANCEL,RETURN_AND_REFUND
4039513763248637243,4039513763248571707,583280354812396859,2026-04-06,Calça Jeans Feminina Wide Leg Jeans Feminina Cintura Alta,REF52542,"Stone Used, 42",79.9,79.9,Item doesn't fit,RETURN_OR_REFUND_REQUEST_CANCEL,RETURN_AND_REFUND
4039513638503285859,4039513638503220323,583312345067521123,2026-04-06,Calça Jeans Feminina Wide Leg Jeans Feminina Cintura Alta,REF51640,"Marmorizada, 40",74.4,74.4,Item doesn't fit,RETURN_OR_REFUND_REQUEST_COMPLETE,RETURN_AND_REFUND
4039513617095623928,4039513617095558392,583310796615615736,2026-04-06,Calça Jeans Feminina Wide Leg Jeans Feminina Cintura Alta,REF51636,"Marmorizada, 36",79.9,79.9,Defective item,RETURN_OR_REFUND_REQUEST_CANCEL,RETURN_AND_REFUND
4039513599650399589,4039513599650334053,583298247958955365,2026-04-06,Calça Jeans Feminina Wide Leg Jeans Feminina Cintura Alta,REF51638,"Marmorizada, 38",73.19,73.19,Item doesn't fit,RETURN_OR_REFUND_REQUEST_COMPLETE,RETURN_AND_REFUND
4039513410316043517,4039513410315977981,583357511071335677,2026-04-06,Calça Jeans Feminina Wide Leg Jeans Feminina Cintura Alta,REF52538,"Stone Used, 38",74.9,74.9,Item doesn't fit,RETURN_OR_REFUND_REQUEST_CANCEL,RETURN_AND_REFUND
4039513363883394956,4039513363883329420,583344481985857420,2026-04-06,Calça Jeans Feminina Wide Leg Jeans Feminina Cintura Alta,REF52544,"Stone Used, 44",71.99,71.99,Item doesn't fit,RETURN_OR_REFUND_REQUEST_COMPLETE,RETURN_AND_REFUND
4039513351203489475,4039513351203423939,583329384876639939,2026-04-06,Calça Jeans Feminina Wide Leg Jeans Feminina Cintura Alta,REF52538,"Stone Used, 38",67.89,67.89,Item doesn't fit,RETURN_OR_REFUND_REQUEST_COMPLETE,RETURN_AND_REFUND
4039513308469036379,4039513308468970843,583312442856211803,2026-04-06,Calça Jeans Feminina Wide Leg Jeans Feminina Cintura Alta,REF51636,"Marmorizada, 36",79.9,79.9,Item doesn't fit,RETURN_OR_REFUND_REQUEST_COMPLETE,RETURN_AND_REFUND
4039513267467290186,4039513267467224650,583296071768573514,2026-04-06,Calça Jeans Feminina Wide Leg Jeans Feminina Cintura Alta,REF51644,"Marmorizada, 44",73.83,73.83,Item doesn't fit,RETURN_OR_REFUND_REQUEST_COMPLETE,RETURN_AND_REFUND
4039513243097400533,4039513243097334997,583356928272925909,2026-04-06,Calça Jeans Feminina Wide Leg Jeans Feminina Cintura Alta,REF51640,"Marmorizada, 40",66.44,66.44,Item doesn't fit,RETURN_OR_REFUND_REQUEST_COMPLETE,RETURN_AND_REFUND
4039513177831867776,4039513177831802240,583244474542228864,2026-04-06,Calça Jeans Feminina Wide Leg Jeans Feminina Cintura Alta,REF52738,"Sky Used, 38",80.7,80.7,Item doesn't fit,RETURN_OR_REFUND_REQUEST_COMPLETE,RETURN_AND_REFUND
4039513428969031411,4039513428968965875,583311964667610867,2026-04-06,Calça Jeans Feminina Wide Leg Cintura Alta- Candy Colors,REF54940,"ROSA BEBÊ, 40",69.83,69.83,"Package arrived damaged. Example: spilled liquid, damaged box.",RETURN_OR_REFUND_REQUEST_COMPLETE,REFUND
4039512920890770823,4039512920890705287,583342422922724743,2026-04-06,Calça Jeans Feminina Wide Leg Jeans Feminina Cintura Alta,REF52538,"Stone Used, 38",73.19,73.19,Item doesn't fit,RETURN_OR_REFUND_REQUEST_COMPLETE,RETURN_AND_REFUND
4039513117103523610,4039513117103458074,583294029674219290,2026-04-06,Calça Jeans Feminina Wide Leg Jeans Feminina Cintura Alta,REF52740,"Sky Used, 40",72.36,72.36,Item doesn't fit,RETURN_OR_REFUND_REQUEST_COMPLETE,RETURN_AND_REFUND
4039511322028443600,4039511322028378064,583298927164491728,2026-04-06,Calça Jeans Feminina Wide Leg Jeans Feminina Cintura Alta,REF51638,"Marmorizada, 38",71.99,71.99,Item doesn't fit,RETURN_OR_REFUND_REQUEST_CANCEL,RETURN_AND_REFUND
4039511347243353334,4039511347243287798,583251417332155638,2026-04-06,Calça Jeans Feminina Wide Leg Jeans Feminina Cintura Alta,REF51638,"Marmorizada, 38",69.99,69.99,Defective item,RETURN_OR_REFUND_REQUEST_CANCEL,RETURN_AND_REFUND
4039511403688854862,4039511403688789326,583358582097347918,2026-04-06,Calça Jeans Feminina Wide Leg Jeans Feminina Cintura Alta,REF51636,"Marmorizada, 36",69.99,69.99,Item doesn't fit,RETURN_OR_REFUND_REQUEST_COMPLETE,RETURN_AND_REFUND
4039511918440973886,4039511918440908350,583328738719925822,2026-04-06,Calça Jeans Feminina Wide Leg Jeans Feminina Cintura Alta,REF51638,"Marmorizada, 38",71.89,71.89,Color or pattern not as expected,RETURN_OR_REFUND_REQUEST_CANCEL,RETURN_AND_REFUND
4039512213786756123,4039512213786690587,583327502854358043,2026-04-06,Calça Jeans Feminina Wide Leg Jeans Feminina Cintura Alta,REF52744,"Sky Used, 44",69.99,69.99,Wrong item was sent,RETURN_OR_REFUND_REQUEST_COMPLETE,RETURN_AND_REFUND
4039511641947342088,4039511641947276552,583354751111038216,2026-04-06,Calça Jeans Feminina Wide Leg Jeans Feminina Cintura Alta,REF51638,"Marmorizada, 38",73.15,73.15,Item doesn't fit,RETURN_OR_REFUND_REQUEST_CANCEL,RETURN_AND_REFUND
4039512295641548239,4039512295641482703,583279989018756559,2026-04-06,Calça Jeans Feminina Wide Leg Jeans Feminina Cintura Alta,REF52742,"Sky Used, 42",79.9,79.9,"Fabric, material or style not as expected",RETURN_OR_REFUND_REQUEST_COMPLETE,RETURN_AND_REFUND
4039512398021428852,4039512398021363316,583328142798063220,2026-04-06,Calça Jeans Feminina Wide Leg Jeans Feminina Cintura Alta,REF52740,"Sky Used, 40",61.9,61.9,Item doesn't fit,RETURN_OR_REFUND_REQUEST_COMPLETE,RETURN_AND_REFUND
4039512721431693083,4039512721431627547,583282012913239835,2026-04-06,Calça Jeans Feminina Wide Leg Jeans Feminina Cintura Alta,REF51636,"Marmorizada, 36",69.99,69.99,Item doesn't fit,RETURN_OR_REFUND_REQUEST_COMPLETE,RETURN_AND_REFUND
4039512722281366829,4039512722281235757,583369689065030957,2026-04-06,Calça Jeans Feminina Wide Leg Jeans Feminina Cintura Alta,REF51638,"Marmorizada, 38",79.9,159.8,Package received but missing item,RETURN_OR_REFUND_REQUEST_CANCEL,RETURN_AND_REFUND
4039512722281301293,4039512722281235757,583369689065030957,2026-04-06,Calça Jeans Feminina Wide Leg Jeans Feminina Cintura Alta,REF51638,"Marmorizada, 38",79.9,159.8,Package received but missing item,RETURN_OR_REFUND_REQUEST_CANCEL,RETURN_AND_REFUND
4039527593298789646,4039527593298724110,583356320483673358,2026-04-07,Calça Jeans Feminina Wide Leg Jeans Feminina Cintura Alta,REF51636,"Marmorizada, 36",93.1,93.1,Item doesn't fit,RETURN_OR_REFUND_REQUEST_CANCEL,RETURN_AND_REFUND
4039527812886529694,4039527812886464158,583357200692577950,2026-04-07,Calça Feminina Jeans Wide Leg Cintura Alta Azul Médio Marmorizado,REF55144,"Azul Médio Marmorizado , 44",72.79,72.79,Defective item,RETURN_OR_REFUND_REQUEST_COMPLETE,RETURN_AND_REFUND
4039527681581614519,4039527681581548983,583373084360148407,2026-04-07,Calça Jeans Feminina Wide Leg Jeans Feminina Cintura Alta,REF51638,"Marmorizada, 38",80.7,80.7,Item doesn't fit,RETURN_OR_REFUND_REQUEST_COMPLETE,RETURN_AND_REFUND
4039527655503464067,4039527655503398531,583311700499465859,2026-04-07,Calça Jeans Feminina Wide Leg Jeans Feminina Cintura Alta,REF52738,"Sky Used, 38",82.38,82.38,Item doesn't fit,RETURN_OR_REFUND_REQUEST_CANCEL,RETURN_AND_REFUND
4039527904300794981,4039527904300729445,583278207729697893,2026-04-07,Calça Jeans Feminina Wide Leg Jeans Feminina Cintura Alta,REF52540,"Stone Used, 40",90.48,90.48,Item doesn't fit,RETURN_OR_REFUND_REQUEST_COMPLETE,RETURN_AND_REFUND
4039527590205031831,4039527590204966295,583329854483760535,2026-04-07,Calça Jeans Feminina Wide Leg Jeans Feminina Cintura Alta,REF51638,"Marmorizada, 38",73.83,73.83,Item doesn't fit,RETURN_OR_REFUND_REQUEST_COMPLETE,RETURN_AND_REFUND
4039526953869149279,4039526953869083743,583260259477914719,2026-04-07,Calça Jeans Feminina Wide Leg Cintura Alta- Candy Colors,REF54940,"ROSA BEBÊ, 40",92.38,92.38,Item doesn't fit,RETURN_OR_REFUND_REQUEST_COMPLETE,RETURN_AND_REFUND
4039527395861563229,4039527395861497693,583360640422217565,2026-04-07,Calça Jeans Feminina Wide Leg Jeans Feminina Cintura Alta,REF51636,"Marmorizada, 36",67.34,67.34,Item doesn't fit,RETURN_OR_REFUND_REQUEST_COMPLETE,RETURN_AND_REFUND
4039527369050916396,4039527369050850860,583294732439946796,2026-04-07,Calça Jeans Feminina Wide Leg Jeans Feminina Cintura Alta,REF52740,"Sky Used, 40",83.1,83.1,Item doesn't fit,RETURN_OR_REFUND_REQUEST_CANCEL,RETURN_AND_REFUND
4039527323901003088,4039527323900937552,583286227059508560,2026-04-07,Calça Jeans Feminina Wide Leg Jeans Feminina Cintura Alta,REF51636,"Marmorizada, 36",77.75,77.75,Package wasn't received,RETURN_OR_REFUND_REQUEST_COMPLETE,REFUND
4039527126901687980,4039527126901622444,583280783618049708,2026-04-07,Calça Jeans Feminina Wide Leg Jeans Feminina Cintura Alta,REF51638,"Marmorizada, 38",79.9,79.9,Item doesn't fit,RETURN_OR_REFUND_REQUEST_COMPLETE,RETURN_AND_REFUND
4039527083763206101,4039527083763140565,583344811273193429,2026-04-07,Calça Jeans Feminina Wide Leg Jeans Feminina Cintura Alta,REF51638,"Marmorizada, 38",71.88,71.88,Item doesn't fit,RETURN_OR_REFUND_REQUEST_COMPLETE,RETURN_AND_REFUND
4039527988413039789,4039527988412974253,583329319801095341,2026-04-07,Calça Jeans Feminina Wide Leg Jeans Feminina Cintura Alta,REF52544,"Stone Used, 44",79.1,79.1,Item doesn't fit,RETURN_OR_REFUND_REQUEST_COMPLETE,RETURN_AND_REFUND
4039527453610640639,4039527453610575103,583296301776930047,2026-04-07,Calça Jeans Feminina Wide Leg Jeans Feminina Cintura Alta,REF51636,"Marmorizada, 36",77.48,77.48,Item doesn't fit,RETURN_OR_REFUND_REQUEST_CANCEL,RETURN_AND_REFUND
4039528006146360452,4039528006146294916,583358798931133572,2026-04-07,Calça Jeans Feminina Wide Leg Jeans Feminina Cintura Alta,REF52736,"Sky Used, 36",69.99,69.99,Item doesn't fit,RETURN_OR_REFUND_REQUEST_COMPLETE,RETURN_AND_REFUND
4039529196105008149,4039529196104942613,583295662262682645,2026-04-07,Calça Jeans Feminina Wide Leg Jeans Feminina Cintura Alta,REF51636,"Marmorizada, 36",95.39,95.39,Item doesn't fit,RETURN_OR_REFUND_REQUEST_COMPLETE,RETURN_AND_REFUND
4039528262641616749,4039528262641551213,583250418005542765,2026-04-07,Calça Jeans Feminina Wide Leg Jeans Feminina Cintura Alta,REF51644,"Marmorizada, 44",69.99,69.99,Item doesn't fit,RETURN_OR_REFUND_REQUEST_CANCEL,RETURN_AND_REFUND
4039528448996574511,4039528448996508975,583327247640659247,2026-04-07,Calça Jeans Feminina Wide Leg Jeans Feminina Cintura Alta,REF51644,"Marmorizada, 44",61.1,61.1,Package wasn't received,RETURN_OR_REFUND_REQUEST_CANCEL,REFUND
4039528484260644143,4039528484260578607,583327223273784623,2026-04-07,Calça Jeans Feminina Wide Leg Jeans Feminina Cintura Alta,REF52544,"Stone Used, 44",67.2,67.2,Package wasn't received,RETURN_OR_REFUND_REQUEST_CANCEL,REFUND
4039528451457778751,4039528483351987263,583344797275489343,2026-04-07,Calça Jeans Feminina Wide Leg Jeans Cintura alta,REF54742,"Preto , 42",87.25,87.25,Item doesn't fit,RETURN_OR_REFUND_REQUEST_COMPLETE,RETURN_AND_REFUND
4039528508783625279,4039528508783559743,583344797275489343,2026-04-07,Calça Jeans Feminina Wide Leg Cintura Alta Terracota,REF54842,"Terracota, 42",83.34,83.34,Item doesn't fit,RETURN_OR_REFUND_REQUEST_COMPLETE,RETURN_AND_REFUND
4039528571360150580,4039528571360085044,583358723040248884,2026-04-07,Calça Jeans Feminina Wide Leg Jeans Feminina Cintura Alta,REF51640,"Marmorizada, 40",67.89,67.89,Item doesn't fit,RETURN_OR_REFUND_REQUEST_COMPLETE,RETURN_AND_REFUND
4039528554871489737,4039528554871424201,583313110113617097,2026-04-07,Calça Jeans Feminina Wide Leg Jeans Feminina Cintura Alta,REF52544,"Stone Used, 44",62.99,62.99,Package wasn't received,RETURN_OR_REFUND_REQUEST_COMPLETE,REFUND
4039528634359646136,4039528621664274360,583327688671725496,2026-04-07,Calça Jeans Feminina Wide Leg Jeans Feminina Cintura Alta,REF52540,"Stone Used, 40",69.99,69.99,Item doesn't fit,RETURN_OR_REFUND_REQUEST_COMPLETE,RETURN_AND_REFUND
4039528731444872214,4039528731444806678,583265005561218070,2026-04-07,Calça Jeans Feminina Wide Leg Jeans Feminina Cintura Alta,REF51638,"Marmorizada, 38",63.64,63.64,Item doesn't fit,RETURN_OR_REFUND_REQUEST_CANCEL,RETURN_AND_REFUND
4039528765361718335,4039528765361652799,583344428942591039,2026-04-07,Calça Jeans Feminina Wide Leg Jeans Feminina Cintura Alta,REF51644,"Marmorizada, 44",86.51,86.51,Item doesn't fit,RETURN_OR_REFUND_REQUEST_COMPLETE,RETURN_AND_REFUND
4039528949226178347,4039528949226112811,583327895414736683,2026-04-07,Calça Jeans Feminina Wide Leg Jeans Feminina Cintura Alta,REF52538,"Stone Used, 38",62.99,62.99,Item doesn't fit,RETURN_OR_REFUND_REQUEST_COMPLETE,RETURN_AND_REFUND
4039529026388723662,4039529026388658126,583344222601906126,2026-04-07,Calça Jeans Feminina Wide Leg Jeans Feminina Cintura Alta,REF52740,"Sky Used, 40",64.99,64.99,Item doesn't fit,RETURN_OR_REFUND_REQUEST_COMPLETE,RETURN_AND_REFUND
4039526929385751664,4039526929385686128,583207530043966576,2026-04-07,Calça Jeans Feminina Wide Leg Jeans Feminina Cintura Alta,REF51638,"Marmorizada, 38",69.99,69.99,Item doesn't fit,RETURN_OR_REFUND_REQUEST_COMPLETE,RETURN_AND_REFUND
4039529198527874257,4039529198527808721,583207145595700433,2026-04-07,Calça Jeans Feminina Wide Leg Jeans Feminina Cintura Alta,REF51642,"Marmorizada, 42",70.79,70.79,Item doesn't fit,RETURN_OR_REFUND_REQUEST_COMPLETE,RETURN_AND_REFUND
4039528213072282965,4039528213072217429,583350808316183893,2026-04-07,Calça Jeans Feminina Wide Leg Jeans Feminina Cintura Alta,REF52538,"Stone Used, 38",79.5,79.5,Package wasn't received,RETURN_OR_REFUND_REQUEST_COMPLETE,REFUND
4039526851589474101,4039526851589408565,583322025549465397,2026-04-07,Calça Jeans Feminina Wide Leg Jeans Feminina Cintura Alta,REF51636,"Marmorizada, 36",78.43,78.43,Item doesn't fit,RETURN_OR_REFUND_REQUEST_COMPLETE,RETURN_AND_REFUND
4039526874382174175,4039526874381649887,583278147886548959,2026-04-07,Calça Jeans Feminina Wide Leg Jeans Feminina Cintura Alta,REF51638,"Marmorizada, 38",62.99,62.99,"Package arrived damaged. Example: spilled liquid, damaged box.",RETURN_OR_REFUND_REQUEST_COMPLETE,REFUND
4039526743910679716,4039526743910614180,583313078861464740,2026-04-07,Calça Jeans Feminina Wide Leg Jeans Feminina Cintura Alta,REF51644,"Marmorizada, 44",61.1,61.1,Item doesn't fit,RETURN_OR_REFUND_REQUEST_COMPLETE,RETURN_AND_REFUND
4039523518986683467,4039523518986617931,583248480729334859,2026-04-07,Calça Jeans Feminina Wide Leg Jeans Feminina Cintura Alta,REF51636,"Marmorizada, 36",67.89,67.89,Item doesn't fit,RETURN_OR_REFUND_REQUEST_COMPLETE,RETURN_AND_REFUND
4039523495965787421,4039523495965656349,583207632149316893,2026-04-07,Calça Jeans Feminina Wide Leg Jeans Feminina Cintura Alta,REF51638,"Marmorizada, 38",69.99,69.99,Item doesn't fit,RETURN_OR_REFUND_REQUEST_COMPLETE,RETURN_AND_REFUND
4039523128520443522,4039523128520377986,583356837974476418,2026-04-07,Calça Jeans Feminina Wide Leg Jeans Feminina Cintura Alta,REF52736,"Sky Used, 36",83.7,83.7,Item doesn't fit,RETURN_OR_REFUND_REQUEST_COMPLETE,RETURN_AND_REFUND
4039523111877641858,4039523111877576322,583356837974476418,2026-04-07,Calça Jeans Feminina Wide Leg Jeans Feminina Cintura Alta,REF52536,"Stone Used, 36",79.9,79.9,"Fabric, material or style not as expected",RETURN_OR_REFUND_REQUEST_COMPLETE,RETURN_AND_REFUND
4039522958176847500,4039522958176781964,583037517203474060,2026-04-07,Calça Jeans Feminina Wide Leg Jeans Feminina Cintura Alta,REF51636,"Marmorizada, 36",68.69,68.69,Item doesn't fit,RETURN_OR_REFUND_REQUEST_COMPLETE,RETURN_AND_REFUND
4039522495474206090,4039522495474140554,583272251537917322,2026-04-07,Calça Jeans Feminina Wide Leg Jeans Feminina Cintura Alta,REF51638,"Marmorizada, 38",93.1,93.1,No longer needed,RETURN_OR_REFUND_REQUEST_COMPLETE,RETURN_AND_REFUND
4039523544412292171,4039523544412226635,583279031219422283,2026-04-07,Calça Jeans Feminina Wide Leg Jeans Cintura Alta Preta Marmorizada,REF52836,36,69.83,69.83,Item doesn't fit,RETURN_OR_REFUND_REQUEST_COMPLETE,RETURN_AND_REFUND
4039522309674993635,4039522309674928099,583297623283894243,2026-04-07,Calça Jeans Feminina Wide Leg Jeans Feminina Cintura Alta,REF51638,"Marmorizada, 38",90.4,90.4,Item doesn't fit,RETURN_OR_REFUND_REQUEST_COMPLETE,RETURN_AND_REFUND
4039521745288004743,4039521745287939207,583313272898421895,2026-04-07,Calça Jeans Feminina Wide Leg Jeans Feminina Cintura Alta,REF51642,"Marmorizada, 42",61.1,61.1,Item doesn't fit,RETURN_OR_REFUND_REQUEST_COMPLETE,RETURN_AND_REFUND
4039521628763621052,4039521644960450236,583358637295961788,2026-04-07,Calça Jeans Feminina Wide Leg Jeans Feminina Cintura Alta,REF51640,"Marmorizada, 40",73.19,73.19,Item doesn't fit,RETURN_OR_REFUND_REQUEST_COMPLETE,RETURN_AND_REFUND
4039521313481197058,4039521313481131522,583006228823049730,2026-04-07,Calça Jeans Feminina Wide Leg Jeans Feminina Cintura Alta,REF51642,"Marmorizada, 42",93.1,93.1,Item doesn't fit,RETURN_OR_REFUND_REQUEST_COMPLETE,RETURN_AND_REFUND
4039520566107866955,4039520566107801419,583280612109551435,2026-04-07,Calça Jeans Feminina Wide Leg Cintura Alta Chocolate,REF56238,"Chocolate, 38",89.9,89.9,No longer needed,RETURN_OR_REFUND_REQUEST_COMPLETE,RETURN_AND_REFUND
4039526768185148757,4039526768185083221,583356481749091669,2026-04-07,Calça Jeans Feminina Wide Leg Cintura Alta- Candy Colors,REF54940,"ROSA BEBÊ, 40",69.83,69.83,"Fabric, material or style not as expected",RETURN_OR_REFUND_REQUEST_COMPLETE,RETURN_AND_REFUND
4039517000388674632,4039517000388609096,583312537336120392,2026-04-07,Calça Jeans Feminina Wide Leg Jeans Feminina Cintura Alta,REF52536,"Stone Used, 36",66.19,66.19,Item doesn't fit,RETURN_OR_REFUND_REQUEST_COMPLETE,RETURN_AND_REFUND
4039522153270380247,4039522153270314711,583216484418225879,2026-04-07,Calça Jeans Feminina Wide Leg Jeans Feminina Cintura Alta,REF52538,"Stone Used, 38",91.9,91.9,Item doesn't fit,RETURN_OR_REFUND_REQUEST_COMPLETE,RETURN_AND_REFUND
4039523679617385747,4039523679617320211,583312826984006931,2026-04-07,Calça Jeans Feminina Wide Leg Jeans Feminina Cintura Alta,REF52536,"Stone Used, 36",72.43,72.43,Item doesn't fit,RETURN_OR_REFUND_REQUEST_COMPLETE,RETURN_AND_REFUND
4039517853809018115,4039517853808952579,583293822154278147,2026-04-07,Calça Jeans Feminina Wide Leg Jeans Feminina Cintura Alta,REF52542,"Stone Used, 42",81.9,81.9,"Fabric, material or style not as expected",RETURN_OR_REFUND_REQUEST_COMPLETE,RETURN_AND_REFUND
4039523804827387631,4039523804827322095,583250495373805295,2026-04-07,Calça Jeans Feminina Wide Leg Jeans Feminina Cintura Alta,REF51638,"Marmorizada, 38",79.85,79.85,Item doesn't fit,RETURN_OR_REFUND_REQUEST_COMPLETE,RETURN_AND_REFUND
4039523815963657306,4039523815963591770,583325642787095642,2026-04-07,Calça Jeans Feminina Wide Leg Cintura Alta- Candy Colors,REF55036,"AMARELO MANTEIGA, 36",71.99,71.99,Item doesn't fit,RETURN_OR_REFUND_REQUEST_COMPLETE,RETURN_AND_REFUND
4039526198750381290,4039526198750315754,583374018824144106,2026-04-07,Calça Jeans Feminina Wide Leg Jeans Feminina Cintura Alta,REF51636,"Marmorizada, 36",79.9,79.9,Item doesn't fit,RETURN_OR_REFUND_REQUEST_COMPLETE,RETURN_AND_REFUND
4039526105041766170,4039526105041700634,583152760763090714,2026-04-07,Calça Jeans Feminina Wide Leg Jeans Cintura alta,REF54738,"Preta , 38",82.79,82.79,"Fabric, material or style not as expected",RETURN_OR_REFUND_REQUEST_COMPLETE,RETURN_AND_REFUND
4039525996102059375,4039525996101993839,583312857312036207,2026-04-07,Calça Jeans Feminina Wide Leg Jeans Feminina Cintura Alta,REF52544,"Stone Used, 44",70.91,70.91,No longer needed,RETURN_OR_REFUND_REQUEST_COMPLETE,RETURN_AND_REFUND
4039525764473914863,4039525764473849327,583265932940772847,2026-04-07,Calça Jeans Feminina Wide Leg Jeans Feminina Cintura Alta,REF51644,"Marmorizada, 44",69.99,69.99,Item doesn't fit,RETURN_OR_REFUND_REQUEST_COMPLETE,RETURN_AND_REFUND
4039525500696364209,4039525500696298673,583325671547831473,2026-04-07,Calça Jeans Feminina Wide Leg Jeans Feminina Cintura Alta,REF51638,"Marmorizada, 38",76.44,76.44,Item doesn't fit,RETURN_OR_REFUND_REQUEST_COMPLETE,RETURN_AND_REFUND
4039525435376895770,4039525435376830234,583342777490966298,2026-04-07,Calça Jeans Feminina Wide Leg Jeans Feminina Cintura Alta,REF51644,"Marmorizada, 44",71.91,71.91,Item doesn't fit,RETURN_OR_REFUND_REQUEST_CANCEL,RETURN_AND_REFUND
4039526721975059731,4039526721974994195,583314644183123219,2026-04-07,Calça Jeans Feminina Wide Leg Jeans Feminina Cintura Alta,REF52536,"Stone Used, 36",83.5,83.5,Item doesn't fit,RETURN_OR_REFUND_REQUEST_COMPLETE,RETURN_AND_REFUND
4039524668825896723,4039524668825831187,583311318961325843,2026-04-07,Calça Jeans Feminina Wide Leg Jeans Feminina Cintura Alta,REF51644,"Marmorizada, 44",81.9,81.9,"Fabric, material or style not as expected",RETURN_OR_REFUND_REQUEST_COMPLETE,RETURN_AND_REFUND
4039524460834031390,4039524460833965854,583329467104855838,2026-04-07,Calça Jeans Feminina Wide Leg Jeans Feminina Cintura Alta,REF51636,"Marmorizada, 36",69.99,69.99,Item doesn't fit,RETURN_OR_REFUND_REQUEST_COMPLETE,RETURN_AND_REFUND
4039524245165082509,4039524245165016973,583218669857310605,2026-04-07,Calça Jeans Feminina Wide Leg Cintura Alta Terracota,REF54840,"Terracota, 40",93.1,93.1,Color or pattern not as expected,RETURN_OR_REFUND_REQUEST_COMPLETE,RETURN_AND_REFUND
4039524070362875760,4039524070362810224,583188574936794992,2026-04-07,Calça Jeans Feminina Wide Leg Cintura Alta Chocolate,REF56238,"Chocolate, 38",91.1,91.1,Item doesn't fit,RETURN_OR_REFUND_REQUEST_COMPLETE,RETURN_AND_REFUND
4039524076150753033,4039524076150687497,583324988218640137,2026-04-07,Calça Jeans Feminina Wide Leg Jeans Feminina Cintura Alta,REF52538,"Stone Used, 38",79.9,79.9,No longer needed,RETURN_OR_REFUND_REQUEST_COMPLETE,RETURN_AND_REFUND
4039523820533482586,4039523820533417050,583325642787095642,2026-04-07,Calça Jeans Feminina Wide Leg Jeans Cintura alta,REF54838,"Terracota , 38",71.99,71.99,Item doesn't fit,RETURN_OR_REFUND_REQUEST_CANCEL,RETURN_AND_REFUND
4039525344135841685,4039525344135776149,583358820101228437,2026-04-07,Calça Jeans Feminina Wide Leg Jeans Feminina Cintura Alta,REF52540,"Stone Used, 40",80.7,80.7,Item doesn't fit,RETURN_OR_REFUND_REQUEST_COMPLETE,RETURN_AND_REFUND
4039541138370299479,4039541138370233943,583370372013131351,2026-04-08,Calça Jeans Feminina Wide Leg Jeans Feminina Cintura Alta,REF52744,"Sky Used, 44",88.3,88.3,Item doesn't fit,RETURN_OR_REFUND_REQUEST_COMPLETE,RETURN_AND_REFUND
4039541126736348702,4039541126736283166,583421480605484574,2026-04-08,Calça Jeans Feminina Wide Leg Jeans Feminina Cintura Alta,REF52544,"Stone Used, 44",63.74,63.74,"Package arrived damaged. Example: spilled liquid, damaged box.",RETURN_OR_REFUND_REQUEST_CANCEL,REFUND
4039541089332528173,4039541089332462637,583328875141104685,2026-04-08,Calça Jeans Feminina Wide Leg Jeans Feminina Cintura Alta,REF52538,"Stone Used, 38",66.44,66.44,Wrong item was sent,RETURN_OR_REFUND_REQUEST_CANCEL,RETURN_AND_REFUND
4039541070278657298,4039541070278591762,583405657639126290,2026-04-08,Calça Jeans Feminina Wide Leg Jeans Feminina Cintura Alta,REF51640,"Marmorizada, 40",78.31,78.31,Item doesn't fit,RETURN_OR_REFUND_REQUEST_COMPLETE,RETURN_AND_REFUND
4039540983822321369,4039540983822255833,583356359491290841,2026-04-08,Calça Feminina Jeans Wide Leg Cintura Alta Azul Médio Marmorizado,REF55138,"Azul Médio Marmorizado , 38",79.99,79.99,Item doesn't fit,RETURN_OR_REFUND_REQUEST_COMPLETE,RETURN_AND_REFUND
4039540735280579747,4039540735280514211,583191845289428131,2026-04-08,Calça Jeans Feminina Wide Leg Jeans Feminina Cintura Alta,REF51640,"Marmorizada, 40",105.39,105.39,Item doesn't fit,RETURN_OR_REFUND_REQUEST_COMPLETE,RETURN_AND_REFUND
4039540841221620929,4039540841221555393,583421007171323073,2026-04-08,Calça Jeans Feminina Wide Leg Jeans Feminina Cintura Alta,REF51638,"Marmorizada, 38",79.9,79.9,Item doesn't fit,RETURN_OR_REFUND_REQUEST_CANCEL,RETURN_AND_REFUND
4039540716812272896,4039540716812207360,583207670219572480,2026-04-08,Calça Jeans Feminina Wide Leg Jeans Feminina Cintura Alta,REF51642,"Marmorizada, 42",69.99,69.99,Item doesn't fit,RETURN_OR_REFUND_REQUEST_COMPLETE,RETURN_AND_REFUND
4039540681026864415,4039540681026798879,583245866066281759,2026-04-08,Calça Jeans Feminina Wide Leg Jeans Feminina Cintura Alta,REF52546,"Stone Used, 46",83.1,83.1,Item doesn't fit,RETURN_OR_REFUND_REQUEST_CANCEL,RETURN_AND_REFUND
4039540664380131108,4039540664380065572,583310233080268580,2026-04-08,Calça Jeans Feminina Wide Leg Jeans Feminina Cintura Alta,REF51640,"Marmorizada, 40",66.8,66.8,Item doesn't fit,RETURN_OR_REFUND_REQUEST_COMPLETE,RETURN_AND_REFUND
4039540648484440057,4039540648484374521,583343036633548793,2026-04-08,Calça Jeans Feminina Wide Leg Jeans Feminina Cintura Alta,REF51638,"Marmorizada, 38",69.99,69.99,"Fabric, material or style not as expected",RETURN_OR_REFUND_REQUEST_CANCEL,RETURN_AND_REFUND
4039541248720406412,4039541248720340876,583327519015995276,2026-04-08,Calça Jeans Feminina Wide Leg Jeans Feminina Cintura Alta Stone Used,REF52538,38,85.69,85.69,Item doesn't fit,RETURN_OR_REFUND_REQUEST_CANCEL,RETURN_AND_REFUND
4039540884716226129,4039540884716160593,583113436390590033,2026-04-08,Calça Jeans Feminina Wide Leg Jeans Feminina Cintura Alta,REF52544,"Stone Used, 44",67.34,67.34,Item doesn't fit,RETURN_OR_REFUND_REQUEST_COMPLETE,RETURN_AND_REFUND
4039541790407296668,4039541790407231132,583374853792958108,2026-04-08,Calça Jeans Feminina Wide Leg Jeans Feminina Cintura Alta,REF51638,"Marmorizada, 38",70.79,70.79,Item doesn't fit,RETURN_OR_REFUND_REQUEST_COMPLETE,RETURN_AND_REFUND
4039542687082579354,4039542687082513818,583237626548946330,2026-04-08,Calça Jeans Feminina Wide Leg Jeans Feminina Cintura Alta,REF51638,"Marmorizada, 38",104.07,104.07,Color or pattern not as expected,RETURN_OR_REFUND_REQUEST_CANCEL,RETURN_AND_REFUND
4039541957511186000,4039541957511120464,583420724817397328,2026-04-08,Calça Jeans Feminina Wide Leg Jeans Feminina Cintura Alta,REF52746,"Sky Used, 46",62.99,62.99,Item doesn't fit,RETURN_OR_REFUND_REQUEST_COMPLETE,RETURN_AND_REFUND
4039542148727211806,4039542148727146270,583390658579564318,2026-04-08,Calça Jeans Feminina Wide Leg Jeans Feminina Cintura Alta,REF52540,"Stone Used, 40",60.89,60.89,Item doesn't fit,RETURN_OR_REFUND_REQUEST_COMPLETE,RETURN_AND_REFUND
4039542177301824996,4039542177301759460,583404569652397540,2026-04-08,Calça Jeans Feminina Wide Leg Jeans Feminina Cintura Alta,REF51640,"Marmorizada, 40",69.82,69.82,Item doesn't fit,RETURN_OR_REFUND_REQUEST_COMPLETE,RETURN_AND_REFUND
4039542267987854541,4039542267987789005,583375068222555341,2026-04-08,Calça Jeans Feminina Wide Leg Jeans Feminina Cintura Alta,REF52536,"Stone Used, 36",62.99,62.99,Item doesn't fit,RETURN_OR_REFUND_REQUEST_CANCEL,RETURN_AND_REFUND
4039542448175219931,4039542448175154395,583328385704297691,2026-04-08,Calça Jeans Feminina Wide Leg Jeans Feminina Cintura Alta,REF51638,"Marmorizada, 38",65.79,65.79,Item doesn't fit,RETURN_OR_REFUND_REQUEST_CANCEL,RETURN_AND_REFUND
4039542563870377502,4039542563870311966,583421480605484574,2026-04-08,Calça Jeans Feminina Wide Leg Jeans Feminina Cintura Alta,REF52544,"Stone Used, 44",63.74,63.74,Item doesn't match description,RETURN_OR_REFUND_REQUEST_CANCEL,RETURN_AND_REFUND
4039542721159464554,4039542721159399018,583360001372685930,2026-04-08,Calça Feminina Jeans Wide Leg Cintura Alta Azul Médio Marmorizado,REF55138,"Azul Médio Marmorizado , 38",79.99,79.99,Item doesn't fit,RETURN_OR_REFUND_REQUEST_COMPLETE,RETURN_AND_REFUND
4039542744615912739,4039542744615847203,583310716693480739,2026-04-08,Calça Jeans Feminina Wide Leg Jeans Feminina Cintura Alta,REF51640,"Marmorizada, 40",84.28,84.28,Defective item,RETURN_OR_REFUND_REQUEST_COMPLETE,RETURN_AND_REFUND
4039542772668401260,4039542772668335724,583327375585674860,2026-04-08,Calça Jeans Feminina Wide Leg Jeans Feminina Cintura Alta,REF51636,"Marmorizada, 36",84.28,84.28,Item doesn't fit,RETURN_OR_REFUND_REQUEST_COMPLETE,RETURN_AND_REFUND
4039542997732001507,4039542997731935971,583369511753909987,2026-04-08,Calça Feminina Jeans Wide Leg Cintura Alta Azul Médio Marmorizado,REF55144,"Azul Médio Marmorizado , 44",94.9,94.9,Item doesn't fit,RETURN_OR_REFUND_REQUEST_COMPLETE,RETURN_AND_REFUND
4039543098985448454,4039543098985382918,583329754503087110,2026-04-08,Calça Jeans Feminina Wide Leg Jeans Feminina Cintura Alta,REF51636,"Marmorizada, 36",64.99,64.99,Item doesn't fit,RETURN_OR_REFUND_REQUEST_CANCEL,RETURN_AND_REFUND
4039543340480037949,4039543340479972413,583420432456254525,2026-04-08,Calça Jeans Feminina Wide Leg Jeans Feminina Cintura Alta,REF51642,"Marmorizada, 42",80.7,80.7,Defective item,RETURN_OR_REFUND_REQUEST_COMPLETE,RETURN_AND_REFUND
4039543363105883746,4039543363105818210,583343021314246242,2026-04-08,Calça Jeans Feminina Wide Leg Jeans Feminina Cintura Alta,REF52544,"Stone Used, 44",70.79,70.79,Item doesn't fit,RETURN_OR_REFUND_REQUEST_COMPLETE,RETURN_AND_REFUND
4039540613780964361,4039540613780898825,583342790818694153,2026-04-08,Calça Jeans Feminina Wide Leg Jeans Feminina Cintura Alta,REF51642,"Marmorizada, 42",86.2,86.2,Item doesn't fit,RETURN_OR_REFUND_REQUEST_COMPLETE,RETURN_AND_REFUND
4039541842811979060,4039541842811913524,583416298554361140,2026-04-08,Calça Jeans Feminina Wide Leg Jeans Feminina Cintura Alta,REF51636,"Marmorizada, 36",74.9,74.9,Item doesn't fit,RETURN_OR_REFUND_REQUEST_COMPLETE,RETURN_AND_REFUND
4039540593536566367,4039540593536500831,583357551787672671,2026-04-08,Calça Jeans Feminina Wide Leg Jeans Feminina Cintura Alta,REF51636,"Marmorizada, 36",73.95,73.95,Item doesn't fit,RETURN_OR_REFUND_REQUEST_COMPLETE,RETURN_AND_REFUND
4039534891236427306,4039534891236361770,583313714015929898,2026-04-08,Calça Jeans Feminina Wide Leg Jeans Feminina Cintura Alta,REF52538,"Stone Used, 38",79.9,79.9,"Fabric, material or style not as expected",RETURN_OR_REFUND_REQUEST_COMPLETE,RETURN_AND_REFUND
4039540510254467002,4039540510254401466,582965130459645882,2026-04-08,Calça Jeans Feminina Wide Leg Jeans Feminina Cintura Alta,REF51644,"Marmorizada, 44",93.2,93.2,Item doesn't fit,RETURN_OR_REFUND_REQUEST_COMPLETE,RETURN_AND_REFUND
4039540517843142351,4039540517843076815,583419996319811279,2026-04-08,Calça Jeans Feminina Wide Leg Jeans Feminina Cintura Alta,REF52538,"Stone Used, 38",77.5,77.5,Item doesn't fit,RETURN_OR_REFUND_REQUEST_COMPLETE,RETURN_AND_REFUND
4039534264400119309,4039534264400053773,583358254151337485,2026-04-08,Calça Jeans Feminina Wide Leg Jeans Feminina Cintura Alta,REF52544,"Stone Used, 44",74.99,74.99,Item doesn't fit,RETURN_OR_REFUND_REQUEST_COMPLETE,RETURN_AND_REFUND
4039534878612161749,4039534878612096213,583218022610994389,2026-04-08,Calça Feminina Jeans Wide Leg Cintura Alta Azul Médio Marmorizado,REF55140,"Azul Médio Marmorizado , 40",69.83,69.83,No longer needed,RETURN_OR_REFUND_REQUEST_COMPLETE,RETURN_AND_REFUND
4039535159854794517,4039535159854728981,583266335351670549,2026-04-08,Calça Jeans Feminina Wide Leg Jeans Feminina Cintura Alta,REF51638,"Marmorizada, 38",66.44,66.44,Item doesn't fit,RETURN_OR_REFUND_REQUEST_COMPLETE,RETURN_AND_REFUND
4039535178594748181,4039535178594682645,583266335351670549,2026-04-08,Calça Jeans Feminina Wide Leg Cintura Alta Chocolate,REF56238,"Chocolate, 38",75.94,75.94,Item doesn't fit,RETURN_OR_REFUND_REQUEST_COMPLETE,RETURN_AND_REFUND
4039535255459038649,4039535255458973113,583329415643563449,2026-04-08,Calça Jeans Feminina Wide Leg Jeans Feminina Cintura Alta,REF52538,"Stone Used, 38",71.18,71.18,Wrong item was sent,RETURN_OR_REFUND_REQUEST_CANCEL,RETURN_AND_REFUND
4039535326811031522,4039535326810965986,583265323858167778,2026-04-08,Calça Jeans Feminina Wide Leg Jeans Feminina Cintura Alta,REF52742,"Sky Used, 42",62.99,62.99,Item doesn't fit,RETURN_OR_REFUND_REQUEST_COMPLETE,RETURN_AND_REFUND
4039535361597605858,4039535361597540322,583265323858167778,2026-04-08,Shorts Mom/Social Feminino Jeans Cintura Alta Barra Dobrada,REF55542,"Azul Médio Marmorizado, 42",66.9,66.9,Item doesn't fit,RETURN_OR_REFUND_REQUEST_COMPLETE,RETURN_AND_REFUND
4039535724939019389,4039535724938953853,583343003632567421,2026-04-08,Calça Jeans Feminina Wide Leg Jeans Feminina Cintura Alta,REF51638,"Marmorizada, 38",69.99,69.99,Wrong item was sent,RETURN_OR_REFUND_REQUEST_CANCEL,RETURN_AND_REFUND
4039535997373155213,4039535997373089677,583311523993585549,2026-04-08,Calça Jeans Feminina Wide Leg Jeans Feminina Cintura Alta,REF51642,"Marmorizada, 42",73.33,73.33,"Fabric, material or style not as expected",RETURN_OR_REFUND_REQUEST_COMPLETE,RETURN_AND_REFUND
4039536225515898608,4039536225515833072,583321793002899184,2026-04-08,Calça Jeans Feminina Wide Leg Jeans Feminina Cintura Alta,REF52540,"Stone Used, 40",76.74,76.74,Item doesn't fit,RETURN_OR_REFUND_REQUEST_COMPLETE,RETURN_AND_REFUND
4039536525397034309,4039536525396968773,583265963439392069,2026-04-08,Calça Jeans Feminina Wide Leg Jeans Feminina Cintura Alta,REF52540,"Stone Used, 40",81.72,81.72,"Fabric, material or style not as expected",RETURN_OR_REFUND_REQUEST_CANCEL,RETURN_AND_REFUND
4039536531898009539,4039536531897944003,583339111122765763,2026-04-08,Calça Jeans Feminina Wide Leg Jeans Cintura Alta Preta Marmorizada,REF52838,38,89.99,89.99,Item doesn't fit,RETURN_OR_REFUND_REQUEST_COMPLETE,RETURN_AND_REFUND
4039536764161132092,4039536764161066556,583310156477793852,2026-04-08,Calça Cargo Jeans Feminina Bolso Faca Com Bolsos Laterais,REF53140,40,84.99,84.99,"Fabric, material or style not as expected",RETURN_OR_REFUND_REQUEST_COMPLETE,RETURN_AND_REFUND
4039536892168537810,4039536892168472274,583016196246374098,2026-04-08,Calça Jeans Feminina Wide Leg Cintura Alta- Candy Colors,REF54946,"ROSA BEBÊ, 46",69.83,69.83,Defective item,RETURN_OR_REFUND_REQUEST_COMPLETE,REFUND
4039532886178563895,4039532886178367287,583115263622088503,2026-04-08,Calça Jeans Feminina Wide Leg Cintura Alta Terracota,REF54846,"Terracota, 46",73.99,73.99,Item doesn't fit,RETURN_OR_REFUND_REQUEST_CANCEL,RETURN_AND_REFUND
4039537828649338398,4039537828649010718,583421480605484574,2026-04-08,Calça Jeans Feminina Wide Leg Jeans Feminina Cintura Alta,REF52544,"Stone Used, 44",63.74,63.74,"Package arrived damaged. Example: spilled liquid, damaged box.",RETURN_OR_REFUND_REQUEST_CANCEL,REFUND
4039537215153931953,4039537215153866417,583280450971338417,2026-04-08,Calça Jeans Feminina Wide Leg Jeans Feminina Cintura Alta,REF52540,"Stone Used, 40",78.3,78.3,Item doesn't fit,RETURN_OR_REFUND_REQUEST_COMPLETE,RETURN_AND_REFUND
4039540453148558515,4039540453148492979,583176294391317683,2026-04-08,Calça Jeans Feminina Wide Leg Jeans Feminina Cintura Alta,REF51638,"Marmorizada, 38",75.82,75.82,Color or pattern not as expected,RETURN_OR_REFUND_REQUEST_COMPLETE,RETURN_AND_REFUND
4039540234733192396,4039540234733126860,583357940297794764,2026-04-08,Calça Jeans Feminina Wide Leg Jeans Feminina Cintura Alta,REF51640,"Marmorizada, 40",73.24,73.24,Item doesn't fit,RETURN_OR_REFUND_REQUEST_COMPLETE,RETURN_AND_REFUND
4039539939989489236,4039539939989423700,583313231088420436,2026-04-08,Calça Jeans Feminina Wide Leg Jeans Feminina Cintura Alta,REF52540,"Stone Used, 40",63.29,63.29,Item doesn't fit,RETURN_OR_REFUND_REQUEST_CANCEL,RETURN_AND_REFUND
4039539881390212435,4039539881390146899,583388087051846995,2026-04-08,Calça Jeans Feminina Wide Leg Jeans Feminina Cintura Alta,REF52542,"Stone Used, 42",77.96,77.96,Item doesn't fit,RETURN_OR_REFUND_REQUEST_COMPLETE,RETURN_AND_REFUND
4039539833482675939,4039539833482610403,583168012412225251,2026-04-08,Calça Jeans Feminina Wide Leg Jeans Feminina Cintura Alta,REF51638,"Marmorizada, 38",84.45,84.45,Item doesn't fit,RETURN_OR_REFUND_REQUEST_COMPLETE,RETURN_AND_REFUND
4039539880696317267,4039539880696251731,583388087051846995,2026-04-08,Calça Jeans Feminina Wide Leg Jeans Feminina Cintura Alta,REF51642,"Marmorizada, 42",87.56,87.56,Item doesn't fit,RETURN_OR_REFUND_REQUEST_CANCEL,RETURN_AND_REFUND
4039539539251660769,4039539539251595233,583359128939628513,2026-04-08,Calça Jeans Feminina Wide Leg Jeans Feminina Cintura Alta,REF51644,"Marmorizada, 44",69.99,69.99,Package wasn't received,RETURN_OR_REFUND_REQUEST_CANCEL,REFUND
4039539380684817430,4039539380684751894,583358669306168342,2026-04-08,Calça Jeans Feminina Wide Leg Jeans Feminina Cintura Alta,REF52742,"Sky Used, 42",96.29,96.29,Item doesn't match description,RETURN_OR_REFUND_REQUEST_COMPLETE,RETURN_AND_REFUND
4039539366231639522,4039539366231573986,583265444880418274,2026-04-08,Calça Jeans Feminina Wide Leg Jeans Feminina Cintura Alta,REF52542,"Stone Used, 42",69.99,69.99,"Fabric, material or style not as expected",RETURN_OR_REFUND_REQUEST_CANCEL,RETURN_AND_REFUND
4039539357607822358,4039539357607756822,583358669306168342,2026-04-08,Calça Jeans Feminina Wide Leg Jeans Feminina Cintura Alta,REF51642,"Marmorizada, 42",69.99,69.99,Item doesn't match description,RETURN_OR_REFUND_REQUEST_COMPLETE,RETURN_AND_REFUND
4039538963700810936,4039538963700745400,583354228564853944,2026-04-08,Calça Jeans Feminina Wide Leg Jeans Feminina Cintura Alta,REF51642,"Marmorizada, 42",61.24,61.24,Item doesn't fit,RETURN_OR_REFUND_REQUEST_COMPLETE,RETURN_AND_REFUND
4039538603818780555,4039538603818715019,583358753436829579,2026-04-08,Calça Jeans Feminina Wide Leg Jeans Feminina Cintura Alta,REF51644,"Marmorizada, 44",73.19,73.19,Item doesn't fit,RETURN_OR_REFUND_REQUEST_COMPLETE,RETURN_AND_REFUND
4039539630285621217,4039539630285555681,583359128939628513,2026-04-08,Calça Jeans Feminina Wide Leg Jeans Feminina Cintura Alta,REF51644,"Marmorizada, 44",69.99,69.99,Package wasn't received,RETURN_OR_REFUND_REQUEST_COMPLETE,REFUND
4039555141722015402,4039555141721949866,583359129500354218,2026-04-09,Calça Jeans Feminina Wide Leg Jeans Feminina Cintura Alta,REF52736,"Sky Used, 36",67.89,67.89,Item doesn't fit,RETURN_OR_REFUND_REQUEST_COMPLETE,RETURN_AND_REFUND
4039555592429667639,4039555592429602103,583389261602194743,2026-04-09,Calça Jeans Feminina Wide Leg Jeans Cintura Alta Preta Marmorizada,REF52840,40,78.56,78.56,Item doesn't fit,RETURN_OR_REFUND_REQUEST_COMPLETE,RETURN_AND_REFUND
4039555443735824292,4039555443735758756,583420621332907940,2026-04-09,Calça Jeans Feminina Wide Leg Jeans Feminina Cintura Alta,REF51644,"Marmorizada, 44",62.99,62.99,Item doesn't fit,RETURN_OR_REFUND_REQUEST_COMPLETE,RETURN_AND_REFUND
4039555381456373736,4039555381456308200,583422608949479400,2026-04-09,Calça Jeans Feminina Wide Leg Jeans Feminina Cintura Alta,REF51636,"Marmorizada, 36",71.09,71.09,Item doesn't fit,RETURN_OR_REFUND_REQUEST_COMPLETE,RETURN_AND_REFUND
4039555212232656017,4039555212232590481,583266775657972881,2026-04-09,Calça Jeans Feminina Wide Leg Jeans Feminina Cintura Alta,REF52540,"Stone Used, 40",64.49,64.49,Item doesn't fit,RETURN_OR_REFUND_REQUEST_CANCEL,RETURN_AND_REFUND
4039555158853911753,4039555158853846217,583342684671476937,2026-04-09,Calça Jeans Feminina Wide Leg Jeans Feminina Cintura Alta,REF51636,"Marmorizada, 36",84.94,84.94,Package wasn't received,RETURN_OR_REFUND_REQUEST_CANCEL,REFUND
4039555085329007647,4039555085328942111,583329055063901215,2026-04-09,Calça Jeans Feminina Wide Leg Jeans Feminina Cintura Alta,REF51638,"Marmorizada, 38",66.19,66.19,Item doesn't fit,RETURN_OR_REFUND_REQUEST_COMPLETE,RETURN_AND_REFUND
4039554833392175054,4039554833392109518,583296154287572942,2026-04-09,Calça Jeans Feminina Wide Leg Jeans Feminina Cintura Alta,REF52740,"Sky Used, 40",69.99,69.99,"Fabric, material or style not as expected",RETURN_OR_REFUND_REQUEST_COMPLETE,RETURN_AND_REFUND
4039555050195290092,4039555050195224556,583404877255509996,2026-04-09,Calça Feminina Jeans Wide Leg Cintura Alta Azul Médio Marmorizado,REF55144,"Azul Médio Marmorizado , 44",81.19,81.19,Item doesn't fit,RETURN_OR_REFUND_REQUEST_COMPLETE,RETURN_AND_REFUND
4039554992670148328,4039554992670082792,583312858271090408,2026-04-09,Calça Jeans Feminina Wide Leg Jeans Cintura Alta Preta Marmorizada,REF52838,38,72.05,72.05,Item doesn't fit,RETURN_OR_REFUND_REQUEST_CANCEL,RETURN_AND_REFUND
4039554862997013935,4039554862996948399,583358057411151279,2026-04-09,Calça Jeans Feminina Wide Leg Jeans Feminina Cintura Alta,REF52744,"Sky Used, 44",79.9,79.9,Item doesn't fit,RETURN_OR_REFUND_REQUEST_CANCEL,RETURN_AND_REFUND
4039554851096921920,4039554851096856384,583375452907276096,2026-04-09,Calça Jeans Feminina Wide Leg Jeans Feminina Cintura Alta,REF51638,"Marmorizada, 38",79.9,79.9,Item doesn't fit,RETURN_OR_REFUND_REQUEST_COMPLETE,RETURN_AND_REFUND
4039555674697926274,4039555674697860738,583420419936454274,2026-04-09,Calça Feminina Jeans Wide Leg Cintura Alta Azul Médio Marmorizado,REF55140,"Azul Médio Marmorizado , 40",81.89,81.89,Item doesn't fit,RETURN_OR_REFUND_REQUEST_COMPLETE,RETURN_AND_REFUND
4039554770531681491,4039554770531615955,583401564891677907,2026-04-09,Calça Feminina Jeans Wide Leg Cintura Alta Azul Médio Marmorizado,REF55136,"Azul Médio Marmorizado , 36",79.99,79.99,Item doesn't fit,RETURN_OR_REFUND_REQUEST_COMPLETE,RETURN_AND_REFUND
4039554746430097052,4039554746430031516,583374212065887900,2026-04-09,Calça Jeans Feminina Wide Leg Jeans Feminina Cintura Alta,REF52540,"Stone Used, 40",67.89,67.89,"Fabric, material or style not as expected",RETURN_OR_REFUND_REQUEST_COMPLETE,RETURN_AND_REFUND
4039555079114622009,4039555079114556473,583372148802552889,2026-04-09,Calça Jeans Feminina Wide Leg Jeans Feminina Cintura Alta,REF51640,"Marmorizada, 40",87.84,87.84,"Fabric, material or style not as expected",RETURN_OR_REFUND_REQUEST_COMPLETE,RETURN_AND_REFUND
4039555716680942770,4039555716680877234,583344100801479858,2026-04-09,Calça Jeans Feminina Wide Leg Jeans Feminina Cintura Alta,REF51642,"Marmorizada, 42",81.8,81.8,Item doesn't fit,RETURN_OR_REFUND_REQUEST_COMPLETE,RETURN_AND_REFUND
4039556313122112961,4039556313122047425,583420103487817153,2026-04-09,Calça Jeans Feminina Wide Leg Jeans Feminina Cintura Alta,REF51636,"Marmorizada, 36",59.9,59.9,Item doesn't fit,RETURN_OR_REFUND_REQUEST_COMPLETE,RETURN_AND_REFUND
4039555780717741139,4039555780717675603,583386119643694163,2026-04-09,Calça Jeans Feminina Wide Leg Jeans Feminina Cintura Alta,REF51636,"Marmorizada, 36",79.9,79.9,Item doesn't fit,RETURN_OR_REFUND_REQUEST_COMPLETE,RETURN_AND_REFUND
4039554705745347781,4039554705745282245,583281202145035461,2026-04-09,Calça Jeans Feminina Wide Leg Jeans Feminina Cintura Alta,REF52544,"Stone Used, 44",74.4,74.4,Defective item,RETURN_OR_REFUND_REQUEST_CANCEL,RETURN_AND_REFUND
4039557658750387454,4039557658750321918,583358339633677566,2026-04-09,Calça Jeans Feminina Wide Leg Jeans Feminina Cintura Alta,REF51640,"Marmorizada, 40",69.99,69.99,Item doesn't fit,RETURN_OR_REFUND_REQUEST_COMPLETE,RETURN_AND_REFUND
4039557494789014720,4039557494788949184,583433227488363712,2026-04-09,Calça Feminina Jeans Wide Leg Cintura Alta Azul Médio Marmorizado,REF55140,"Azul Médio Marmorizado , 40",92.05,92.05,No longer needed,RETURN_OR_REFUND_REQUEST_COMPLETE,RETURN_AND_REFUND
4039556645707547814,4039556645707482278,583422182298715302,2026-04-09,Calça Jeans Feminina Wide Leg Jeans Feminina Cintura Alta,REF51642,"Marmorizada, 42",69.99,69.99,Item doesn't fit,RETURN_OR_REFUND_REQUEST_COMPLETE,RETURN_AND_REFUND
4039556644504110246,4039556644504044710,583422100960478374,2026-04-09,Calça Jeans Feminina Wide Leg Jeans Feminina Cintura Alta,REF51642,"Marmorizada, 42",69.99,69.99,Item doesn't fit,RETURN_OR_REFUND_REQUEST_COMPLETE,RETURN_AND_REFUND
4039556426008200685,4039556426008135149,583375616955942381,2026-04-09,Calça Jeans Feminina Wide Leg Jeans Feminina Cintura Alta,REF52738,"Sky Used, 38",62.09,62.09,Package wasn't received,RETURN_OR_REFUND_REQUEST_COMPLETE,REFUND
4039556406702867949,4039556406702802413,583375616955942381,2026-04-09,Calça Jeans Feminina Wide Leg Jeans Feminina Cintura Alta,REF52738,"Sky Used, 38",62.09,62.09,Package wasn't received,RETURN_OR_REFUND_REQUEST_CANCEL,REFUND
4039556384383534988,4039556384383469452,583392405872871308,2026-04-09,Calça Jeans Feminina Wide Leg Jeans Feminina Cintura Alta,REF51638,"Marmorizada, 38",80.7,80.7,Item doesn't fit,RETURN_OR_REFUND_REQUEST_COMPLETE,RETURN_AND_REFUND
4039556353506182593,4039556353506117057,583420103487817153,2026-04-09,Calça Jeans Feminina Wide Leg Jeans Feminina Cintura Alta,REF52736,"Sky Used, 36",65.7,65.7,Item doesn't fit,RETURN_OR_REFUND_REQUEST_COMPLETE,RETURN_AND_REFUND
4039556338188256705,4039556338188191169,583420103487817153,2026-04-09,Calça Jeans Feminina Wide Leg Jeans Feminina Cintura Alta,REF52536,"Stone Used, 36",59.91,59.91,Item doesn't fit,RETURN_OR_REFUND_REQUEST_COMPLETE,RETURN_AND_REFUND
4039556332354504275,4039556332354438739,583405375801493075,2026-04-09,Calça Feminina Jeans Wide Leg Cintura Alta Azul Médio Marmorizado,REF55136,"Azul Médio Marmorizado , 36",83.19,83.19,Item doesn't fit,RETURN_OR_REFUND_REQUEST_COMPLETE,RETURN_AND_REFUND
4039556183134340480,4039556183134274944,583421733107631488,2026-04-09,Calça Jeans Feminina Wide Leg Jeans Feminina Cintura Alta,REF51642,"Marmorizada, 42",67.49,67.49,Item doesn't fit,RETURN_OR_REFUND_REQUEST_COMPLETE,RETURN_AND_REFUND
4039556052980696690,4039556052980631154,583420304016180850,2026-04-09,Calça Jeans Feminina Wide Leg Jeans Feminina Cintura Alta,REF51642,"Marmorizada, 42",75.82,75.82,Item doesn't fit,RETURN_OR_REFUND_REQUEST_COMPLETE,RETURN_AND_REFUND
4039555846029411488,4039555846029345952,583232914826298528,2026-04-09,Blusa Feminina Jeans Bata Tomara Que Caia Candy Colors,REF580G,"Amarelo Manteiga , G",80.99,80.99,Item doesn't match description,RETURN_OR_REFUND_REQUEST_COMPLETE,RETURN_AND_REFUND
4039555828287833248,4039555828287767712,583232914826298528,2026-04-09,Calça Jeans Feminina Wide Leg Cintura Alta Amarelo Manteiga,REF55044,"AMARELO MANTEIGA, 44",71.99,71.99,Item doesn't fit,RETURN_OR_REFUND_REQUEST_CANCEL,RETURN_AND_REFUND
4039557671229621784,4039557671229556248,583358888452654616,2026-04-09,Calça Jeans Feminina Wide Leg Jeans Feminina Cintura Alta,REF52540,"Stone Used, 40",69.99,69.99,Item doesn't fit,RETURN_OR_REFUND_REQUEST_CANCEL,RETURN_AND_REFUND
4039554676867302844,4039554676867237308,583374194280531388,2026-04-09,Calça Jeans Feminina Wide Leg Jeans Feminina Cintura Alta,REF52740,"Sky Used, 40",69.99,69.99,Defective item,RETURN_OR_REFUND_REQUEST_COMPLETE,RETURN_AND_REFUND
4039557076941178238,4039557076941112702,583345229260883326,2026-04-09,Calça Jeans Feminina Wide Leg Jeans Feminina Cintura Alta,REF52536,"Stone Used, 36",92.59,92.59,Item doesn't fit,RETURN_OR_REFUND_REQUEST_COMPLETE,RETURN_AND_REFUND
4039554617831228728,4039554617831163192,582841924579657016,2026-04-09,Calça Jeans Feminina Wide Leg Jeans Feminina Cintura Alta,REF52736,"Sky Used, 36",86.25,86.25,Item doesn't fit,RETURN_OR_REFUND_REQUEST_CANCEL,RETURN_AND_REFUND
4039552789078116175,4039552789078050639,583295670012249935,2026-04-09,Calça Jeans Feminina Wide Leg Jeans Feminina Cintura Alta,REF52540,"Stone Used, 40",79.9,79.9,Item doesn't fit,RETURN_OR_REFUND_REQUEST_COMPLETE,RETURN_AND_REFUND
4039552172968412798,4039552172968347262,583405968731702910,2026-04-09,Calça Feminina Jeans Wide Leg Cintura Alta Azul Médio Marmorizado,REF55140,"Azul Médio Marmorizado , 40",79.99,79.99,Defective item,RETURN_OR_REFUND_REQUEST_COMPLETE,RETURN_AND_REFUND
4039552147771983817,4039552147771918281,583290381380782025,2026-04-09,Calça Jeans Feminina Wide Leg Jeans Feminina Cintura Alta,REF52536,"Stone Used, 36",79.9,79.9,Item doesn't fit,RETURN_OR_REFUND_REQUEST_CANCEL,RETURN_AND_REFUND
4039551939325429757,4039551939325364221,583360388524967933,2026-04-09,Calça Jeans Feminina Wide Leg Jeans Feminina Cintura Alta,REF51636,"Marmorizada, 36",68.19,68.19,Item doesn't fit,RETURN_OR_REFUND_REQUEST_COMPLETE,RETURN_AND_REFUND
4039551702336702208,4039551702336636672,583342632491779840,2026-04-09,Calça Jeans Feminina Wide Leg Jeans Feminina Cintura Alta,REF52540,"Stone Used, 40",69.2,69.2,Item doesn't fit,RETURN_OR_REFUND_REQUEST_COMPLETE,RETURN_AND_REFUND
4039551314884789502,4039551314884723966,583313256278361342,2026-04-09,Calça Jeans Feminina Wide Leg Jeans Feminina Cintura Alta,REF51636,"Marmorizada, 36",83.1,83.1,No longer needed,RETURN_OR_REFUND_REQUEST_COMPLETE,RETURN_AND_REFUND
4039551037369517129,4039551037369451593,583313156220486729,2026-04-09,Calça Jeans Feminina Wide Leg Jeans Feminina Cintura Alta,REF52540,"Stone Used, 40",64.99,64.99,No longer needed,RETURN_OR_REFUND_REQUEST_COMPLETE,RETURN_AND_REFUND
4039552906782541627,4039552906782476091,583419067567343419,2026-04-09,Calça Jeans Feminina Wide Leg Jeans Feminina Cintura Alta,REF51644,"Marmorizada, 44",89.5,89.5,Item doesn't fit,RETURN_OR_REFUND_REQUEST_COMPLETE,RETURN_AND_REFUND
4039550435084044083,4039550435083978547,583291323449509683,2026-04-09,Calça Jeans Feminina Wide Leg Jeans Feminina Cintura Alta,REF51640,"Marmorizada, 40",80.7,80.7,Color or pattern not as expected,RETURN_OR_REFUND_REQUEST_COMPLETE,RETURN_AND_REFUND
4039549902445905450,4039549902445839914,583312591495333418,2026-04-09,Calça Jeans Feminina Wide Leg Jeans Feminina Cintura Alta,REF52540,"Stone Used, 40",75.59,75.59,"Fabric, material or style not as expected",RETURN_OR_REFUND_REQUEST_CANCEL,RETURN_AND_REFUND
4039549243381548726,4039549243381483190,583420893942548150,2026-04-09,Calça Jeans Feminina Wide Leg Jeans Feminina Cintura Alta,REF51638,"Marmorizada, 38",62.99,62.99,Item doesn't fit,RETURN_OR_REFUND_REQUEST_COMPLETE,RETURN_AND_REFUND
4039547736504567459,4039547736504501923,583328099715548835,2026-04-09,Calça Jeans Feminina Wide Leg Jeans Feminina Cintura Alta,REF51642,"Marmorizada, 42",64.99,64.99,No longer needed,RETURN_OR_REFUND_REQUEST_COMPLETE,RETURN_AND_REFUND
4039547264589530813,4039547264589465277,583327646828693181,2026-04-09,Calça Jeans Feminina Wide Leg Jeans Feminina Cintura Alta,REF51642,"Marmorizada, 42",69.99,69.99,Defective item,RETURN_OR_REFUND_REQUEST_COMPLETE,REFUND
4039544852758497010,4039544852758431474,583406810637174514,2026-04-09,Calça Feminina Jeans Wide Leg Cintura Alta Azul Médio Marmorizado,REF55138,"Azul Médio Marmorizado , 38",79.99,79.99,Item doesn't fit,RETURN_OR_REFUND_REQUEST_COMPLETE,RETURN_AND_REFUND
4039543614235051508,4039543614234985972,583327325489300980,2026-04-09,Calça Jeans Feminina Wide Leg Jeans Feminina Cintura Alta,REF51638,"Marmorizada, 38",80.7,80.7,Item doesn't fit,RETURN_OR_REFUND_REQUEST_CANCEL,RETURN_AND_REFUND
4039554652863694343,4039554652788524551,583390715505575431,2026-04-09,Calça Jeans Feminina Wide Leg Jeans Feminina Cintura Alta,REF52540,"Stone Used, 40",77.5,77.5,Wrong item was sent,RETURN_OR_REFUND_REQUEST_COMPLETE,RETURN_AND_REFUND
4039550189296190979,4039550189296125443,583343636077643267,2026-04-09,Calça Jeans Feminina Wide Leg Jeans Feminina Cintura Alta,REF52744,"Sky Used, 44",85.12,85.12,Item doesn't fit,RETURN_OR_REFUND_REQUEST_COMPLETE,RETURN_AND_REFUND
4039553264980558922,4039553264980493386,582878418174575690,2026-04-09,Calça Jeans Feminina Wide Leg Cintura Alta Branca,REF54638,"Branco, 38",68.82,68.82,Item doesn't fit,RETURN_OR_REFUND_REQUEST_CANCEL,RETURN_AND_REFUND
4039555722366125413,4039555722366059877,583407182218757477,2026-04-09,Calça Feminina Jeans Wide Leg Cintura Alta Azul Médio Marmorizado,REF55140,"Azul Médio Marmorizado , 40",80.79,80.79,Item doesn't fit,RETURN_OR_REFUND_REQUEST_COMPLETE,RETURN_AND_REFUND
4039553378361050132,4039553378360984596,583295693718848532,2026-04-09,Calça Jeans Feminina Wide Leg Jeans Feminina Cintura Alta,REF52544,"Stone Used, 44",70.79,70.79,Item doesn't fit,RETURN_OR_REFUND_REQUEST_COMPLETE,RETURN_AND_REFUND
4039553328694003517,4039553328693937981,583391384281515837,2026-04-09,Calça Jeans Feminina Wide Leg Jeans Feminina Cintura Alta,REF51638,"Marmorizada, 38",79.9,79.9,"Fabric, material or style not as expected",RETURN_OR_REFUND_REQUEST_COMPLETE,RETURN_AND_REFUND
4039554508801345417,4039554508801279881,583311702944614281,2026-04-09,Calça Jeans Feminina Wide Leg Jeans Feminina Cintura Alta,REF51642,"Marmorizada, 42",67.89,67.89,Item doesn't fit,RETURN_OR_REFUND_REQUEST_COMPLETE,RETURN_AND_REFUND
4039554487591208428,4039554487591142892,583235412795622892,2026-04-09,Calça Jeans Feminina Wide Leg Jeans Feminina Cintura Alta,REF51636,"Marmorizada, 36",64.94,64.94,Package wasn't received,RETURN_OR_REFUND_REQUEST_COMPLETE,REFUND
4039554407510410267,4039554407510344731,583405571477701659,2026-04-09,Calça Jeans Feminina Wide Leg Cintura Alta- Candy Colors,REF54942,"ROSA BEBÊ, 42",92.85,92.85,Item doesn't fit,RETURN_OR_REFUND_REQUEST_COMPLETE,RETURN_AND_REFUND
4039554320113305469,4039554320113239933,583358514086578045,2026-04-09,Calça Jeans Feminina Wide Leg Jeans Feminina Cintura Alta,REF52540,"Stone Used, 40",69.99,69.99,Item doesn't fit,RETURN_OR_REFUND_REQUEST_COMPLETE,RETURN_AND_REFUND
4039554320113174397,4039554320113108861,583358514086578045,2026-04-09,Calça Jeans Feminina Wide Leg Jeans Feminina Cintura Alta,REF52538,"Stone Used, 38",69.99,69.99,Item doesn't fit,RETURN_OR_REFUND_REQUEST_COMPLETE,RETURN_AND_REFUND
4039554320113436541,4039554320113371005,583358514086578045,2026-04-09,Calça Jeans Feminina Wide Leg Jeans Feminina Cintura Alta,REF52740,"Sky Used, 40",71.99,71.99,Item doesn't fit,RETURN_OR_REFUND_REQUEST_COMPLETE,RETURN_AND_REFUND
4039554316883756925,4039554316883691389,583358514086578045,2026-04-09,Calça Jeans Feminina Wide Leg Jeans Feminina Cintura Alta,REF51638,"Marmorizada, 38",69.99,69.99,Item doesn't fit,RETURN_OR_REFUND_REQUEST_COMPLETE,RETURN_AND_REFUND
4039554425816056863,4039554425815991327,583401633000948767,2026-04-09,Calça Jeans Feminina Wide Leg Jeans Feminina Cintura Alta,REF52742,"Sky Used, 42",85.78,85.78,Item doesn't fit,RETURN_OR_REFUND_REQUEST_COMPLETE,RETURN_AND_REFUND
4039554298331301349,4039554298331235813,583375204285318629,2026-04-09,Calça Jeans Feminina Wide Leg Jeans Feminina Cintura Alta,REF52538,"Stone Used, 38",77.49,77.49,Item doesn't fit,RETURN_OR_REFUND_REQUEST_COMPLETE,RETURN_AND_REFUND
4039554281197176178,4039554281197110642,583329069582419314,2026-04-09,Calça Jeans Feminina Wide Leg Jeans Cintura Alta Preta Marmorizada,REF52838,38,77.5,77.5,Color or pattern not as expected,RETURN_OR_REFUND_REQUEST_CANCEL,RETURN_AND_REFUND
4039554052290282725,4039554052290217189,583310666978985189,2026-04-09,Blusa Feminina Jeans Bata Tomara Que Caia Candy Colors,REF579P,"Rosa Bebê , P",84.99,84.99,No longer needed,RETURN_OR_REFUND_REQUEST_COMPLETE,RETURN_AND_REFUND
4039553964930991537,4039553964930926001,583374166730376625,2026-04-09,Calça Jeans Feminina Wide Leg Jeans Feminina Cintura Alta,REF51638,"Marmorizada, 38",92.59,92.59,Item doesn't fit,RETURN_OR_REFUND_REQUEST_COMPLETE,RETURN_AND_REFUND
4039553834802709853,4039553834802644317,583089207810295133,2026-04-09,Calça Jeans Feminina Wide Leg Jeans Feminina Cintura Alta,REF51638,"Marmorizada, 38",81.9,81.9,Item doesn't fit,RETURN_OR_REFUND_REQUEST_COMPLETE,RETURN_AND_REFUND
4039553795265627200,4039553795265561664,583281833782838336,2026-04-09,Calça Jeans Feminina Wide Leg Jeans Feminina Cintura Alta,REF51638,"Marmorizada, 38",66.71,66.71,Item doesn't fit,RETURN_OR_REFUND_REQUEST_COMPLETE,RETURN_AND_REFUND
4039553472481100854,4039553472481035318,583342205293986870,2026-04-09,Calça Jeans Feminina Wide Leg Jeans Feminina Cintura Alta,REF51638,"Marmorizada, 38",67.41,67.41,Item doesn't fit,RETURN_OR_REFUND_REQUEST_COMPLETE,RETURN_AND_REFUND
4039553410992998008,4039553410992932472,583312396545984120,2026-04-09,Calça Jeans Feminina Wide Leg Jeans Feminina Cintura Alta,REF52738,"Sky Used, 38",69.99,69.99,Item doesn't fit,RETURN_OR_REFUND_REQUEST_CANCEL,RETURN_AND_REFUND
4039554316882970477,4039554316882904941,583312483773548397,2026-04-09,Calça Jeans Feminina Wide Leg Jeans Feminina Cintura Alta,REF51636,"Marmorizada, 36",66.19,66.19,Item doesn't fit,RETURN_OR_REFUND_REQUEST_COMPLETE,RETURN_AND_REFUND
4039569821544384102,4039569821544318566,583297157734303334,2026-04-10,Calça Jeans Feminina Wide Leg Jeans Feminina Cintura Alta,REF51640,"Marmorizada, 40",67.89,67.89,Item doesn't fit,RETURN_OR_REFUND_REQUEST_COMPLETE,RETURN_AND_REFUND
4039569809717626830,4039569809717561294,583421026729625550,2026-04-10,Calça Jeans Feminina Wide Leg Jeans Feminina Cintura Alta,REF51642,"Marmorizada, 42",73.83,73.83,"Fabric, material or style not as expected",RETURN_OR_REFUND_REQUEST_COMPLETE,RETURN_AND_REFUND
4039569801252997070,4039569801252931534,583390974334371790,2026-04-10,Calça Jeans Feminina Wide Leg Jeans Feminina Cintura Alta,REF52542,"Stone Used, 42",71.15,71.15,"Fabric, material or style not as expected",RETURN_OR_REFUND_REQUEST_COMPLETE,RETURN_AND_REFUND
4039569591765009791,4039569591764944255,583451655855375743,2026-04-10,Calça Jeans Feminina Wide Leg Jeans Feminina Cintura Alta,REF52740,"Sky Used, 40",72.71,72.71,Item doesn't fit,RETURN_OR_REFUND_REQUEST_COMPLETE,RETURN_AND_REFUND
4039569571710469180,4039569571710403644,583389875882460220,2026-04-10,Calça Jeans Feminina Wide Leg Jeans Feminina Cintura Alta,REF51638,"Marmorizada, 38",69.99,69.99,Item doesn't fit,RETURN_OR_REFUND_REQUEST_CANCEL,RETURN_AND_REFUND
4039569353157936920,4039569353157805848,583295183917188888,2026-04-10,Calça Jeans Feminina Wide Leg Jeans Feminina Cintura Alta,REF51638,"Marmorizada, 38",65.19,130.38,Item doesn't fit,RETURN_OR_REFUND_REQUEST_CANCEL,RETURN_AND_REFUND
4039569425212736713,4039569425212671177,583298029027230921,2026-04-10,Calça Jeans Feminina Wide Leg Jeans Feminina Cintura Alta,REF51644,"Marmorizada, 44",69.99,69.99,Wrong item was sent,RETURN_OR_REFUND_REQUEST_CANCEL,RETURN_AND_REFUND
4039569353157871384,4039569353157805848,583295183917188888,2026-04-10,Calça Jeans Feminina Wide Leg Jeans Feminina Cintura Alta,REF51638,"Marmorizada, 38",65.19,130.38,Item doesn't fit,RETURN_OR_REFUND_REQUEST_CANCEL,RETURN_AND_REFUND
4039569313829455175,4039569313829389639,583374222271415623,2026-04-10,Calça Jeans Feminina Wide Leg Jeans Cintura Alta Preta Marmorizada,REF52840,40,89.99,89.99,Item doesn't fit,RETURN_OR_REFUND_REQUEST_COMPLETE,RETURN_AND_REFUND
4039569825704675117,4039569825704609581,583390608423028525,2026-04-10,Calça Jeans Feminina Wide Leg Jeans Feminina Cintura Alta,REF52538,"Stone Used, 38",70.79,70.79,Item doesn't fit,RETURN_OR_REFUND_REQUEST_COMPLETE,RETURN_AND_REFUND
4039569505529988571,4039569505529923035,583312516336813531,2026-04-10,Calça Jeans Feminina Wide Leg Jeans Feminina Cintura Alta,REF51642,"Marmorizada, 42",67.89,67.89,Item doesn't fit,RETURN_OR_REFUND_REQUEST_COMPLETE,RETURN_AND_REFUND
4039569936903341191,4039569936903275655,583370515111183495,2026-04-10,Calça Jeans Feminina Wide Leg Jeans Feminina Cintura Alta,REF51640,"Marmorizada, 40",79.9,79.9,Item doesn't fit,RETURN_OR_REFUND_REQUEST_COMPLETE,RETURN_AND_REFUND
4039570967445079657,4039570967445014121,583451654770624105,2026-04-10,Calça Jeans Feminina Wide Leg Cintura Alta Amarelo Manteiga,REF55040,"AMARELO MANTEIGA, 40",73.91,73.91,Item doesn't fit,RETURN_OR_REFUND_REQUEST_COMPLETE,RETURN_AND_REFUND
4039570006337423022,4039570006337357486,583420430586119854,2026-04-10,Calça Feminina Jeans Wide Leg Cintura Alta Azul Médio Marmorizado,REF55142,"Azul Médio Marmorizado , 42",80.79,80.79,Item doesn't fit,RETURN_OR_REFUND_REQUEST_CANCEL,RETURN_AND_REFUND
4039570018802108226,4039570018802042690,583407180206868290,2026-04-10,Calça Jeans Feminina Wide Leg Jeans Feminina Cintura Alta,REF51638,"Marmorizada, 38",66.99,66.99,"Fabric, material or style not as expected",RETURN_OR_REFUND_REQUEST_CANCEL,RETURN_AND_REFUND
4039570149536793755,4039570149536728219,583448913091527835,2026-04-10,Calça Jeans Feminina Wide Leg Jeans Feminina Cintura Alta,REF52538,"Stone Used, 38",77.5,77.5,Item doesn't fit,RETURN_OR_REFUND_REQUEST_COMPLETE,RETURN_AND_REFUND
4039570264510203245,4039570264510137709,583433133819790701,2026-04-10,Calça Jeans Feminina Wide Leg Jeans Feminina Cintura Alta,REF52546,"Stone Used, 46",85.25,85.25,Item doesn't fit,RETURN_OR_REFUND_REQUEST_COMPLETE,RETURN_AND_REFUND
4039570649148589159,4039570649148523623,583450805493269607,2026-04-10,Calça Jeans Feminina Wide Leg Jeans Feminina Cintura Alta,REF51638,"Marmorizada, 38",62.99,62.99,Item doesn't fit,RETURN_OR_REFUND_REQUEST_COMPLETE,RETURN_AND_REFUND
4039570720509757255,4039570720509691719,583401584772482887,2026-04-10,Calça Feminina Jeans Wide Leg Cintura Alta Azul Médio Marmorizado,REF55144,"Azul Médio Marmorizado , 44",90.79,90.79,Item doesn't fit,RETURN_OR_REFUND_REQUEST_COMPLETE,RETURN_AND_REFUND
4039570805665269156,4039570805665203620,583402381124273572,2026-04-10,Calça Feminina Jeans Wide Leg Cintura Alta Azul Médio Marmorizado,REF55140,"Azul Médio Marmorizado , 40",83.71,83.71,Item doesn't fit,RETURN_OR_REFUND_REQUEST_COMPLETE,RETURN_AND_REFUND
4039569300707509575,4039569300707444039,583374222271415623,2026-04-10,Calça Jeans Feminina Wide Leg Jeans Feminina Cintura Alta,REF52740,"Sky Used, 40",66.14,66.14,Item doesn't fit,RETURN_OR_REFUND_REQUEST_COMPLETE,RETURN_AND_REFUND
4039571356090270910,4039571356090205374,583435567820735678,2026-04-10,Calça Jeans Feminina Wide Leg Jeans Feminina Cintura Alta,REF51636,"Marmorizada, 36",79.5,79.5,No longer needed,RETURN_OR_REFUND_REQUEST_CANCEL,RETURN_AND_REFUND
4039572642550089374,4039572642549106334,583390543816263326,2026-04-10,Calça Jeans Feminina Wide Leg Jeans Feminina Cintura Alta,REF51642,"Marmorizada, 42",75.14,75.14,Package wasn't received,RETURN_OR_REFUND_REQUEST_CANCEL,REFUND
4039572747331405470,4039572747331077790,583390543816263326,2026-04-10,Calça Jeans Feminina Wide Leg Jeans Feminina Cintura Alta,REF51642,"Marmorizada, 42",75.14,75.14,Package wasn't received,RETURN_OR_REFUND_REQUEST_CANCEL,REFUND
4039569940264486006,4039569940264420470,583451309901186166,2026-04-10,Calça Jeans Feminina Wide Leg Cintura Alta Chocolate,REF56240,"Chocolate, 40",71.83,71.83,Item doesn't fit,RETURN_OR_REFUND_REQUEST_CANCEL,RETURN_AND_REFUND
4039569203203048841,4039569203202983305,583419573870888329,2026-04-10,Calça Jeans Feminina Wide Leg Jeans Feminina Cintura Alta,REF52744,"Sky Used, 44",74.9,74.9,Wrong item was sent,RETURN_OR_REFUND_REQUEST_COMPLETE,RETURN_AND_REFUND
4039569310892721479,4039569310892655943,583374222271415623,2026-04-10,Calça Jeans Feminina Wide Leg Jeans Feminina Cintura Alta,REF51640,"Marmorizada, 40",78.13,78.13,Item doesn't fit,RETURN_OR_REFUND_REQUEST_COMPLETE,RETURN_AND_REFUND
4039569109659256829,4039569109659191293,583407421612787709,2026-04-10,Calça Jeans Feminina Wide Leg Jeans Feminina Cintura Alta,REF52538,"Stone Used, 38",71.99,71.99,Item doesn't fit,RETURN_OR_REFUND_REQUEST_COMPLETE,RETURN_AND_REFUND
4039558116967941300,4039558116967875764,583421189020288180,2026-04-10,Calça Jeans Feminina Wide Leg Jeans Feminina Cintura Alta,REF51638,"Marmorizada, 38",79.5,79.5,Defective item,RETURN_OR_REFUND_REQUEST_CANCEL,RETURN_AND_REFUND
4039569109659125757,4039569110677751805,583407421612787709,2026-04-10,Calça Jeans Feminina Wide Leg Jeans Feminina Cintura Alta,REF51638,"Marmorizada, 38",69.99,69.99,Item doesn't fit,RETURN_OR_REFUND_REQUEST_COMPLETE,RETURN_AND_REFUND
4039562597745264405,4039562597745198869,583430555341195029,2026-04-10,Calça Jeans Feminina Wide Leg Jeans Feminina Cintura Alta,REF52538,"Stone Used, 38",79.9,79.9,Item doesn't fit,RETURN_OR_REFUND_REQUEST_COMPLETE,RETURN_AND_REFUND
4039563379751356044,4039563379751290508,583390995407668876,2026-04-10,Calça Jeans Feminina Wide Leg Jeans Feminina Cintura Alta,REF52738,"Sky Used, 38",66.14,66.14,Item doesn't fit,RETURN_OR_REFUND_REQUEST_COMPLETE,RETURN_AND_REFUND
4039563497802466639,4039563497802401103,583344068184474959,2026-04-10,Calça Jeans Feminina Wide Leg Jeans Feminina Cintura Alta,REF52544,"Stone Used, 44",68.69,68.69,No longer needed,RETURN_OR_REFUND_REQUEST_CANCEL,RETURN_AND_REFUND
4039563829529511423,4039563829529445887,583368219728840191,2026-04-10,Calça Jeans Feminina Wide Leg Jeans Feminina Cintura Alta,REF51642,"Marmorizada, 42",77.45,77.45,Item doesn't fit,RETURN_OR_REFUND_REQUEST_COMPLETE,RETURN_AND_REFUND
4039564227391752158,4039564227391686622,583391013799626718,2026-04-10,Calça Jeans Feminina Wide Leg Jeans Feminina Cintura Alta,REF52542,"Stone Used, 42",70.79,70.79,"Fabric, material or style not as expected",RETURN_OR_REFUND_REQUEST_COMPLETE,RETURN_AND_REFUND
4039564876873696354,4039564876873630818,583375206695273570,2026-04-10,Calça Jeans Feminina Wide Leg Jeans Feminina Cintura Alta,REF51638,"Marmorizada, 38",72.2,72.2,Item doesn't fit,RETURN_OR_REFUND_REQUEST_COMPLETE,RETURN_AND_REFUND
4039565052677620791,4039565052677555255,583344975546319927,2026-04-10,Calça Jeans Feminina Wide Leg Jeans Feminina Cintura Alta,REF51638,"Marmorizada, 38",69.99,69.99,Item doesn't fit,RETURN_OR_REFUND_REQUEST_CANCEL,RETURN_AND_REFUND
4039565455261861207,4039565455261795671,583421766742672727,2026-04-10,Calça Jeans Feminina Wide Leg Cintura Alta Terracota,REF54844,"Terracota, 44",71.99,71.99,Item doesn't fit,RETURN_OR_REFUND_REQUEST_COMPLETE,RETURN_AND_REFUND
4039565735729136785,4039565735729071249,583414980592305297,2026-04-10,Calça Jeans Feminina Wide Leg Jeans Feminina Cintura Alta,REF51638,"Marmorizada, 38",84.28,84.28,Item doesn't fit,RETURN_OR_REFUND_REQUEST_COMPLETE,RETURN_AND_REFUND
4039566065945249564,4039566065945184028,583421387439638300,2026-04-10,Calça Jeans Feminina Wide Leg Jeans Feminina Cintura Alta,REF51636,"Marmorizada, 36",62.99,62.99,Item doesn't fit,RETURN_OR_REFUND_REQUEST_COMPLETE,RETURN_AND_REFUND
4039566110842717510,4039566110842651974,583343045563876678,2026-04-10,Calça Jeans Feminina Wide Leg Jeans Feminina Cintura Alta,REF51638,"Marmorizada, 38",83.29,83.29,Item doesn't fit,RETURN_OR_REFUND_REQUEST_COMPLETE,RETURN_AND_REFUND
4039560993590577101,4039560993590511565,583250542052214733,2026-04-10,Calça Feminina Jeans Wide Leg Cintura Alta Azul Médio Marmorizado,REF55140,"Azul Médio Marmorizado , 40",71.99,71.99,"Fabric, material or style not as expected",RETURN_OR_REFUND_REQUEST_CANCEL,RETURN_AND_REFUND
4039566344569128680,4039566344568997608,583390646679078632,2026-04-10,Calça Jeans Feminina Wide Leg Jeans Feminina Cintura Alta,REF52542,"Stone Used, 42",69.99,69.99,Item doesn't fit,RETURN_OR_REFUND_REQUEST_CANCEL,RETURN_AND_REFUND
4039566341728208616,4039566341728143080,583390646679078632,2026-04-10,Calça Jeans Feminina Wide Leg Jeans Feminina Cintura Alta,REF51642,"Marmorizada, 42",69.99,69.99,Item doesn't fit,RETURN_OR_REFUND_REQUEST_CANCEL,RETURN_AND_REFUND
4039569072877700141,4039569072877634605,583390586664617005,2026-04-10,Calça Jeans Feminina Wide Leg Jeans Feminina Cintura Alta,REF52546,"Stone Used, 46",65.39,65.39,Item doesn't fit,RETURN_OR_REFUND_REQUEST_COMPLETE,RETURN_AND_REFUND
4039568929604863903,4039568929604798367,583431863631972255,2026-04-10,Calça Jeans Feminina Wide Leg Jeans Cintura Alta Preta Marmorizada,REF52836,36,87.29,87.29,Item doesn't fit,RETURN_OR_REFUND_REQUEST_COMPLETE,RETURN_AND_REFUND
4039568447362729804,4039568447362664268,583374424849811276,2026-04-10,Calça Jeans Feminina Wide Leg Jeans Feminina Cintura Alta,REF52738,"Sky Used, 38",83.0,83.0,Item doesn't fit,RETURN_OR_REFUND_REQUEST_COMPLETE,RETURN_AND_REFUND
4039568216905254683,4039568216905189147,583283587165357851,2026-04-10,Calça Jeans Feminina Wide Leg Jeans Feminina Cintura Alta,REF51638,"Marmorizada, 38",65.79,65.79,Item doesn't fit,RETURN_OR_REFUND_REQUEST_COMPLETE,RETURN_AND_REFUND
4039569072877569069,4039569072877503533,583390586664617005,2026-04-10,Calça Jeans Feminina Wide Leg Jeans Feminina Cintura Alta,REF51646,"Marmorizada, 46",54.69,54.69,Item doesn't fit,RETURN_OR_REFUND_REQUEST_COMPLETE,RETURN_AND_REFUND
4039568082229429726,4039568082229364190,583375179372135902,2026-04-10,Calça Jeans Feminina Wide Leg Jeans Feminina Cintura Alta,REF52536,"Stone Used, 36",63.79,63.79,Item doesn't fit,RETURN_OR_REFUND_REQUEST_COMPLETE,RETURN_AND_REFUND
4039567770454558511,4039567770454492975,583357930245949231,2026-04-10,Calça Jeans Feminina Wide Leg Jeans Feminina Cintura Alta,REF51638,"Marmorizada, 38",81.9,81.9,"Fabric, material or style not as expected",RETURN_OR_REFUND_REQUEST_COMPLETE,RETURN_AND_REFUND
4039567661681248141,4039567661681182605,583356830745266061,2026-04-10,Calça Jeans Feminina Wide Leg Cintura Alta Chocolate,REF56240,"Chocolate, 40",84.33,84.33,Item doesn't fit,RETURN_OR_REFUND_REQUEST_COMPLETE,RETURN_AND_REFUND
4039566767172126096,4039566767172060560,583450873162597776,2026-04-10,Calça Jeans Feminina Wide Leg Jeans Feminina Cintura Alta,REF51638,"Marmorizada, 38",62.99,62.99,Wrong item was sent,RETURN_OR_REFUND_REQUEST_COMPLETE,RETURN_AND_REFUND
4039567599954265997,4039567599954200461,583356830745266061,2026-04-10,Calça Jeans Feminina Wide Leg Jeans Cintura Alta Preta Marmorizada,REF52840,40,69.83,69.83,Item doesn't fit,RETURN_OR_REFUND_REQUEST_COMPLETE,RETURN_AND_REFUND
4039568145234494938,4039568145234429402,582986184203273690,2026-04-10,Calça Jeans Feminina Wide Leg Jeans Feminina Cintura Alta,REF51638,"Marmorizada, 38",63.74,63.74,Item doesn't fit,RETURN_OR_REFUND_REQUEST_CANCEL,RETURN_AND_REFUND
4039584368415179909,4039584368415114373,583374639632974981,2026-04-11,Calça Jeans Feminina Wide Leg Jeans Feminina Cintura Alta,REF52536,"Stone Used, 36",79.79,79.79,Item doesn't fit,RETURN_OR_REFUND_REQUEST_CANCEL,RETURN_AND_REFUND
4039584326122768235,4039584326122702699,583421115771291499,2026-04-11,Calça Jeans Feminina Wide Leg Jeans Feminina Cintura Alta,REF52740,"Sky Used, 40",79.9,79.9,Item doesn't fit,RETURN_OR_REFUND_REQUEST_COMPLETE,RETURN_AND_REFUND
4039584317321938185,4039584317321872649,583466680271144201,2026-04-11,Calça Jeans Feminina Wide Leg Jeans Feminina Cintura Alta,REF51638,"Marmorizada, 38",62.54,62.54,Item doesn't fit,RETURN_OR_REFUND_REQUEST_CANCEL,RETURN_AND_REFUND
4039584307246761688,4039584307246696152,583420763282900696,2026-04-11,Calça Feminina Jeans Wide Leg Cintura Alta Azul Médio Marmorizado,REF55144,"Azul Médio Marmorizado , 44",77.59,77.59,Defective item,RETURN_OR_REFUND_REQUEST_COMPLETE,RETURN_AND_REFUND
4039584240098969380,4039584240098903844,583420469950777124,2026-04-11,Calça Jeans Feminina Wide Leg Jeans Feminina Cintura Alta Stone Used,REF52540,40,73.83,73.83,Color or pattern not as expected,RETURN_OR_REFUND_REQUEST_COMPLETE,RETURN_AND_REFUND
4039584077060998535,4039584077060932999,583451548203976071,2026-04-11,Calça Jeans Feminina Wide Leg Jeans Feminina Cintura Alta,REF51638,"Marmorizada, 38",65.6,65.6,Item doesn't fit,RETURN_OR_REFUND_REQUEST_COMPLETE,RETURN_AND_REFUND
4039583977972336055,4039583977972270519,583374250138174903,2026-04-11,Calça Jeans Feminina Wide Leg Jeans Feminina Cintura Alta,REF51640,"Marmorizada, 40",71.99,71.99,Item doesn't fit,RETURN_OR_REFUND_REQUEST_COMPLETE,RETURN_AND_REFUND
4039584377978718179,4039584377978652643,583389896069973987,2026-04-11,Calça Jeans Feminina Wide Leg Jeans Feminina Cintura Alta,REF52740,"Sky Used, 40",70.79,70.79,Item doesn't fit,RETURN_OR_REFUND_REQUEST_COMPLETE,RETURN_AND_REFUND
4039583935805424805,4039583935805359269,583344517321032869,2026-04-11,Calça Jeans Feminina Wide Leg Jeans Feminina Cintura Alta,REF51638,"Marmorizada, 38",89.5,89.5,Item doesn't fit,RETURN_OR_REFUND_REQUEST_COMPLETE,RETURN_AND_REFUND
4039584263563675238,4039584263183894118,583386791261734502,2026-04-11,Calça Jeans Feminina Wide Leg Jeans Feminina Cintura Alta,REF51640,"Marmorizada, 40",68.19,68.19,Item doesn't fit,RETURN_OR_REFUND_REQUEST_CANCEL,RETURN_AND_REFUND
4039584454128076535,4039584454128010999,583328646687131383,2026-04-11,Calça Jeans Feminina Wide Leg Jeans Feminina Cintura Alta,REF52544,"Stone Used, 44",62.99,62.99,Item doesn't fit,RETURN_OR_REFUND_REQUEST_COMPLETE,RETURN_AND_REFUND
4039585238743418794,4039585238743353258,583450259763070890,2026-04-11,Calça Jeans Feminina Wide Leg Jeans Feminina Cintura Alta,REF51638,"Marmorizada, 38",64.8,64.8,Wrong item was sent,RETURN_OR_REFUND_REQUEST_COMPLETE,RETURN_AND_REFUND
4039584626769691937,4039584626769626401,583436970563110177,2026-04-11,Calça Jeans Feminina Wide Leg Jeans Feminina Cintura Alta,REF52740,"Sky Used, 40",71.99,71.99,Item doesn't fit,RETURN_OR_REFUND_REQUEST_COMPLETE,RETURN_AND_REFUND
4039584729413748708,4039584729413683172,583390797156550628,2026-04-11,Calça Jeans Feminina Wide Leg Jeans Feminina Cintura Alta,REF52540,"Stone Used, 40",73.83,73.83,Item doesn't fit,RETURN_OR_REFUND_REQUEST_CANCEL,RETURN_AND_REFUND
4039584816200844674,4039584816200779138,583400717668091266,2026-04-11,Calça Feminina Jeans Wide Leg Cintura Alta Azul Médio Marmorizado,REF55140,"Azul Médio Marmorizado , 40",77.59,77.59,Item doesn't fit,RETURN_OR_REFUND_REQUEST_CANCEL,RETURN_AND_REFUND
4039584990602758048,4039584990602692512,583372172432934816,2026-04-11,Calça Jeans Feminina Wide Leg Jeans Feminina Cintura Alta,REF51638,"Marmorizada, 38",79.9,159.8,Item doesn't fit,RETURN_OR_REFUND_REQUEST_CANCEL,RETURN_AND_REFUND
4039584990602823584,4039584990602692512,583372172432934816,2026-04-11,Calça Jeans Feminina Wide Leg Jeans Feminina Cintura Alta,REF51638,"Marmorizada, 38",79.9,159.8,Item doesn't fit,RETURN_OR_REFUND_REQUEST_CANCEL,RETURN_AND_REFUND
4039585277097313922,4039585277097248386,583374136109336194,2026-04-11,Calça Jeans Feminina Wide Leg Jeans Feminina Cintura Alta,REF52536,"Stone Used, 36",79.9,79.9,Item doesn't fit,RETURN_OR_REFUND_REQUEST_COMPLETE,RETURN_AND_REFUND
4039585459142887069,4039585459142821533,583404487730693789,2026-04-11,Calça Jeans Feminina Wide Leg Jeans Feminina Cintura Alta,REF51640,"Marmorizada, 40",80.7,80.7,Item doesn't fit,RETURN_OR_REFUND_REQUEST_COMPLETE,RETURN_AND_REFUND
4039585539382019541,4039585539381954005,583373740620219861,2026-04-11,Calça Jeans Feminina Wide Leg Jeans Feminina Cintura Alta,REF51636,"Marmorizada, 36",64.94,64.94,Defective item,RETURN_OR_REFUND_REQUEST_CANCEL,RETURN_AND_REFUND
4039586200304518638,4039586200304453102,583179149809780206,2026-04-11,Calça Jeans Feminina Wide Leg Jeans Feminina Cintura Alta,REF52736,"Sky Used, 36",80.7,80.7,Item doesn't fit,RETURN_OR_REFUND_REQUEST_CANCEL,RETURN_AND_REFUND
4039586281648850467,4039586281648784931,583404783179630115,2026-04-11,Calça Feminina Jeans Wide Leg Cintura Alta Azul Médio Marmorizado,REF55138,"Azul Médio Marmorizado , 38",96.62,96.62,"Item arrived damaged. Example: item is dented, scratched or shattered.",RETURN_OR_REFUND_REQUEST_CANCEL,RETURN_AND_REFUND
4039583846145427207,4039583846145361671,583406009108825863,2026-04-11,Calça Feminina Jeans Wide Leg Cintura Alta Azul Médio Marmorizado,REF55142,"Azul Médio Marmorizado , 42",80.79,80.79,Item doesn't fit,RETURN_OR_REFUND_REQUEST_COMPLETE,RETURN_AND_REFUND
4039587210864461078,4039587188991231254,583422054003803414,2026-04-11,Calça Jeans Feminina Wide Leg Jeans Feminina Cintura Alta,REF52546,"Stone Used, 46",67.49,67.49,Item doesn't fit,RETURN_OR_REFUND_REQUEST_COMPLETE,RETURN_AND_REFUND
4039583789823264659,4039583789823199123,583406805046167443,2026-04-11,Calça Feminina Jeans Wide Leg Cintura Alta Azul Médio Marmorizado,REF55144,"Azul Médio Marmorizado , 44",101.39,101.39,Item doesn't fit,RETURN_OR_REFUND_REQUEST_COMPLETE,RETURN_AND_REFUND
4039585930923574804,4039585930923509268,583421145614091796,2026-04-11,Calça Jeans Feminina Wide Leg Jeans Feminina Cintura Alta,REF51642,"Marmorizada, 42",69.99,69.99,No longer needed,RETURN_OR_REFUND_REQUEST_COMPLETE,RETURN_AND_REFUND
4039583490072610717,4039583490072545181,583140639183964061,2026-04-11,Calça Feminina Jeans Wide Leg Cintura Alta Azul Médio Marmorizado,REF55142,"Azul Médio Marmorizado , 42",83.17,83.17,Defective item,RETURN_OR_REFUND_REQUEST_COMPLETE,RETURN_AND_REFUND
4039583722453042575,4039583722452977039,583404975197554063,2026-04-11,Calça Feminina Jeans Wide Leg Cintura Alta Azul Médio Marmorizado,REF55138,"Azul Médio Marmorizado , 38",79.99,79.99,Item doesn't fit,RETURN_OR_REFUND_REQUEST_COMPLETE,RETURN_AND_REFUND
4039573012492224226,4039573012492158690,583435711415551714,2026-04-11,Calça Jeans Feminina Wide Leg Jeans Feminina Cintura Alta,REF52738,"Sky Used, 38",71.99,71.99,Item doesn't fit,RETURN_OR_REFUND_REQUEST_COMPLETE,RETURN_AND_REFUND
4039573176765678831,4039573176765613295,583434410376135919,2026-04-11,Calça Jeans Feminina Wide Leg Jeans Feminina Cintura Alta,REF52536,"Stone Used, 36",79.9,79.9,Item doesn't fit,RETURN_OR_REFUND_REQUEST_COMPLETE,RETURN_AND_REFUND
4039579102144137086,4039579102144071550,583450586572228478,2026-04-11,Calça Jeans Feminina Wide Leg Cintura Alta Chocolate,REF56240,"Chocolate, 40",71.99,71.99,Item doesn't fit,RETURN_OR_REFUND_REQUEST_COMPLETE,RETURN_AND_REFUND
4039579333343741668,4039579333343676132,583344367972026084,2026-04-11,Calça Jeans Feminina Wide Leg Jeans Feminina Cintura Alta,REF51636,"Marmorizada, 36",73.19,73.19,Item doesn't fit,RETURN_OR_REFUND_REQUEST_COMPLETE,RETURN_AND_REFUND
4039579397992777446,4039579397992711910,583421317968725734,2026-04-11,Calça Feminina Jeans Wide Leg Cintura Alta Azul Médio Marmorizado,REF55144,"Azul Médio Marmorizado , 44",82.04,82.04,Item doesn't fit,RETURN_OR_REFUND_REQUEST_COMPLETE,RETURN_AND_REFUND
4039579537975247890,4039579537975182354,583297179924857874,2026-04-11,Calça Jeans Feminina Wide Leg Jeans Feminina Cintura Alta,REF51638,"Marmorizada, 38",67.49,67.49,Item doesn't fit,RETURN_OR_REFUND_REQUEST_CANCEL,RETURN_AND_REFUND
4039579584280822802,4039579584280757266,583297179924857874,2026-04-11,Calça Jeans Feminina Wide Leg Jeans Feminina Cintura Alta,REF51640,"Marmorizada, 40",67.49,67.49,Item doesn't fit,RETURN_OR_REFUND_REQUEST_CANCEL,RETURN_AND_REFUND
4039579654321374737,4039579654321309201,583391158447015441,2026-04-11,Calça Jeans Feminina Wide Leg Jeans Feminina Cintura Alta,REF51638,"Marmorizada, 38",83.19,83.19,Item doesn't fit,RETURN_OR_REFUND_REQUEST_COMPLETE,RETURN_AND_REFUND
4039580217370903721,4039580217370838185,583400088321361065,2026-04-11,Calça Jeans Feminina Wide Leg Jeans Feminina Cintura Alta,REF51642,"Marmorizada, 42",79.9,79.9,Item doesn't fit,RETURN_OR_REFUND_REQUEST_COMPLETE,RETURN_AND_REFUND
4039580239641937501,4039580239641871965,583451007767774813,2026-04-11,Calça Jeans Feminina Wide Leg Jeans Feminina Cintura Alta,REF51640,"Marmorizada, 40",74.9,74.9,Item doesn't fit,RETURN_OR_REFUND_REQUEST_COMPLETE,RETURN_AND_REFUND
4039580543791367505,4039580543791301969,583389432705353041,2026-04-11,Calça Jeans Feminina Wide Leg Jeans Feminina Cintura Alta,REF51638,"Marmorizada, 38",77.55,77.55,Item doesn't fit,RETURN_OR_REFUND_REQUEST_COMPLETE,RETURN_AND_REFUND
4039584565312128889,4039584565312063353,583451644641576825,2026-04-11,Calça Jeans Feminina Wide Leg Jeans Feminina Cintura Alta,REF51638,"Marmorizada, 38",81.75,81.75,Defective item,RETURN_OR_REFUND_REQUEST_COMPLETE,RETURN_AND_REFUND
4039581598314956076,4039581598314890540,583452357101323564,2026-04-11,Calça Jeans Feminina Wide Leg Jeans Feminina Cintura Alta,REF51646,"Marmorizada, 46",66.14,66.14,Item doesn't fit,RETURN_OR_REFUND_REQUEST_COMPLETE,RETURN_AND_REFUND
4039583054040696574,4039583054040631038,583417683036505854,2026-04-11,Calça Jeans Feminina Wide Leg Jeans Feminina Cintura Alta,REF51638,"Marmorizada, 38",87.4,87.4,Item doesn't fit,RETURN_OR_REFUND_REQUEST_COMPLETE,RETURN_AND_REFUND
4039580999687767866,4039580999687702330,583433804203067194,2026-04-11,Calça Jeans Feminina Wide Leg Jeans Feminina Cintura Alta,REF52546,"Stone Used, 46",89.5,89.5,Item doesn't fit,RETURN_OR_REFUND_REQUEST_COMPLETE,RETURN_AND_REFUND
4039582597655332748,4039582597655267212,583405091267053452,2026-04-11,Calça Feminina Jeans Wide Leg Cintura Alta Azul Médio Marmorizado,REF55140,"Azul Médio Marmorizado , 40",79.99,79.99,Item doesn't fit,RETURN_OR_REFUND_REQUEST_COMPLETE,RETURN_AND_REFUND
4039582521447450171,4039582521447384635,583389381797971515,2026-04-11,Calça Jeans Feminina Wide Leg Jeans Feminina Cintura Alta,REF51644,"Marmorizada, 44",84.93,84.93,Item doesn't fit,RETURN_OR_REFUND_REQUEST_COMPLETE,RETURN_AND_REFUND
4039582304526698406,4039582304526632870,583194477335644070,2026-04-11,Calça Jeans Feminina Wide Leg Jeans Feminina Cintura Alta,REF51638,"Marmorizada, 38",69.99,69.99,Item doesn't fit,RETURN_OR_REFUND_REQUEST_COMPLETE,RETURN_AND_REFUND
4039582909587883111,4039582909587817575,583405191301792871,2026-04-11,Calça Feminina Jeans Wide Leg Cintura Alta Azul Médio Marmorizado,REF55146,"Azul Médio Marmorizado , 46",83.71,83.71,Item doesn't fit,RETURN_OR_REFUND_REQUEST_COMPLETE,RETURN_AND_REFUND
4039582019983541435,4039582019983475899,583404679394919611,2026-04-11,Calça Feminina Jeans Wide Leg Cintura Alta Azul Médio Marmorizado,REF55140,"Azul Médio Marmorizado , 40",79.99,79.99,Item doesn't fit,RETURN_OR_REFUND_REQUEST_COMPLETE,RETURN_AND_REFUND
4039581857988577168,4039581857988380560,583451225355618192,2026-04-11,Calça Jeans Feminina Wide Leg Jeans Feminina Cintura Alta,REF51640,"Marmorizada, 40",62.99,62.99,Item doesn't fit,RETURN_OR_REFUND_REQUEST_COMPLETE,RETURN_AND_REFUND
4039581814308570419,4039581814308504883,583165375596496179,2026-04-11,Calça Jeans Feminina Wide Leg Cintura Alta- Candy Colors,REF54944,"ROSA BEBÊ, 44",65.95,65.95,"Package arrived damaged. Example: spilled liquid, damaged box.",RETURN_OR_REFUND_REQUEST_CANCEL,REFUND
4039581769061336343,4039581769061270807,583452620388009239,2026-04-11,Calça Jeans Feminina Wide Leg Jeans Feminina Cintura Alta,REF51644,"Marmorizada, 44",66.9,66.9,Item doesn't fit,RETURN_OR_REFUND_REQUEST_COMPLETE,RETURN_AND_REFUND
4039581709777078207,4039581709777012671,583371140833445823,2026-04-11,Calça Jeans Feminina Wide Leg Jeans Feminina Cintura Alta,REF51644,"Marmorizada, 44",84.02,84.02,Item doesn't fit,RETURN_OR_REFUND_REQUEST_COMPLETE,RETURN_AND_REFUND
4039582275600156582,4039582275600091046,583194477335644070,2026-04-11,Calça Feminina Jeans Wide Leg Cintura Alta Azul Médio Marmorizado,REF55138,"Azul Médio Marmorizado , 38",79.99,79.99,Item doesn't fit,RETURN_OR_REFUND_REQUEST_COMPLETE,RETURN_AND_REFUND
4039602261618164847,4039602261618099311,582984429058557039,2026-04-12,Calça Jeans Feminina Wide Leg Jeans Feminina Cintura Alta,REF51642,"Marmorizada, 42",80.7,80.7,Item doesn't fit,RETURN_OR_REFUND_REQUEST_COMPLETE,RETURN_AND_REFUND
4039601147398751551,4039601147398686015,583405114462209343,2026-04-12,Calça Jeans Feminina Wide Leg Jeans Feminina Cintura Alta,REF52736,"Sky Used, 36",79.9,79.9,Color or pattern not as expected,RETURN_OR_REFUND_REQUEST_COMPLETE,RETURN_AND_REFUND
4039601262424720632,4039601262424655096,583406173694035192,2026-04-12,Calça Jeans Feminina Wide Leg Jeans Feminina Cintura Alta,REF51644,"Marmorizada, 44",69.99,69.99,"Package arrived damaged. Example: spilled liquid, damaged box.",RETURN_OR_REFUND_REQUEST_CANCEL,REFUND
4039601367827383438,4039601367827317902,583167392682902670,2026-04-12,Calça Feminina Jeans Wide Leg Cintura Alta Azul Médio Marmorizado,REF55142,"Azul Médio Marmorizado , 42",79.99,79.99,Wrong item was sent,RETURN_OR_REFUND_REQUEST_CANCEL,RETURN_AND_REFUND
4039601599697421694,4039601599697356158,583480754991367550,2026-04-12,Calça Jeans Feminina Wide Leg Cintura Alta Chocolate,REF56240,"Chocolate, 40",91.9,91.9,Item doesn't fit,RETURN_OR_REFUND_REQUEST_COMPLETE,RETURN_AND_REFUND
4039601615843198720,4039601615843133184,583250211024570112,2026-04-12,Calça Jeans Feminina Wide Leg Jeans Feminina Cintura Alta,REF51638,"Marmorizada, 38",64.94,64.94,Item doesn't fit,RETURN_OR_REFUND_REQUEST_CANCEL,RETURN_AND_REFUND
4039602033307059263,4039602033306993727,583167148286641215,2026-04-12,Calça Jeans Feminina Wide Leg Jeans Feminina Cintura Alta,REF51640,"Marmorizada, 40",66.14,66.14,Item doesn't fit,RETURN_OR_REFUND_REQUEST_CANCEL,RETURN_AND_REFUND
4039602078973985821,4039602078973920285,583435674845938717,2026-04-12,Calça Jeans Feminina Wide Leg Jeans Feminina Cintura Alta,REF52544,"Stone Used, 44",79.9,79.9,Item doesn't fit,RETURN_OR_REFUND_REQUEST_CANCEL,RETURN_AND_REFUND
4039602487790241407,4039602487790175871,583407395769386623,2026-04-12,Calça Feminina Jeans Wide Leg Cintura Alta Azul Médio Marmorizado,REF55140,"Azul Médio Marmorizado , 40",91.49,91.49,Item doesn't fit,RETURN_OR_REFUND_REQUEST_COMPLETE,RETURN_AND_REFUND
4039604021837072165,4039604021837006629,583480157667231525,2026-04-12,Calça Jeans Feminina Wide Leg Jeans Feminina Cintura Alta,REF52544,"Stone Used, 44",61.9,61.9,"Fabric, material or style not as expected",RETURN_OR_REFUND_REQUEST_COMPLETE,RETURN_AND_REFUND
4039603149171950727,4039603149171885191,583390660163896455,2026-04-12,Calça Jeans Feminina Wide Leg Jeans Feminina Cintura Alta,REF52538,"Stone Used, 38",69.99,69.99,Item doesn't fit,RETURN_OR_REFUND_REQUEST_CANCEL,RETURN_AND_REFUND
4039603635887179291,4039603635887113755,583420725919188507,2026-04-12,Calça Jeans Feminina Wide Leg Jeans Feminina Cintura Alta,REF52546,"Stone Used, 46",86.59,86.59,Item doesn't fit,RETURN_OR_REFUND_REQUEST_COMPLETE,RETURN_AND_REFUND
4039603763830425205,4039603763830359669,583427717945198197,2026-04-12,Calça Jeans Feminina Wide Leg Jeans Feminina Cintura Alta,REF51644,"Marmorizada, 44",77.98,77.98,Item doesn't fit,RETURN_OR_REFUND_REQUEST_COMPLETE,RETURN_AND_REFUND
4039603959340106992,4039603959340041456,583067014371181808,2026-04-12,Calça Jeans Feminina Wide Leg Jeans Feminina Cintura Alta Stone Used,REF52538,38,83.71,83.71,Item doesn't fit,RETURN_OR_REFUND_REQUEST_CANCEL,RETURN_AND_REFUND
4039601146866140479,4039601146866074943,583405114462209343,2026-04-12,Calça Feminina Jeans Wide Leg Cintura Alta Azul Médio Marmorizado,REF55136,"Azul Médio Marmorizado , 36",79.99,79.99,Color or pattern not as expected,RETURN_OR_REFUND_REQUEST_CANCEL,RETURN_AND_REFUND
4039604059822982851,4039604059822917315,583390610702042819,2026-04-12,Calça Jeans Feminina Wide Leg Jeans Feminina Cintura Alta,REF52536,"Stone Used, 36",69.99,69.99,"Fabric, material or style not as expected",RETURN_OR_REFUND_REQUEST_COMPLETE,RETURN_AND_REFUND
4039604131277408037,4039604131277342501,583312363186325285,2026-04-12,Calça Jeans Feminina Wide Leg Jeans Feminina Cintura Alta,REF52744,"Sky Used, 44",79.9,79.9,"Fabric, material or style not as expected",RETURN_OR_REFUND_REQUEST_COMPLETE,RETURN_AND_REFUND
4039604395654546923,4039604395654481387,583422476640683499,2026-04-12,Calça Jeans Feminina Wide Leg Jeans Feminina Cintura Alta,REF51636,"Marmorizada, 36",68.55,68.55,Item doesn't fit,RETURN_OR_REFUND_REQUEST_COMPLETE,RETURN_AND_REFUND
4039602869705082265,4039602869705016729,583370988129912217,2026-04-12,Calça Jeans Feminina Wide Leg Cintura Alta- Candy Colors,REF54936,"ROSA BEBÊ, 36",95.7,95.7,"Fabric, material or style not as expected",RETURN_OR_REFUND_REQUEST_COMPLETE,RETURN_AND_REFUND
4039601069807928619,4039601069807863083,583389863125681451,2026-04-12,Calça Jeans Feminina Wide Leg Jeans Feminina Cintura Alta,REF52540,"Stone Used, 40",69.99,69.99,Item doesn't fit,RETURN_OR_REFUND_REQUEST_COMPLETE,RETURN_AND_REFUND
4039601862281037462,4039601862280971926,583390781529425558,2026-04-12,Calça Jeans Feminina Wide Leg Jeans Feminina Cintura Alta,REF52538,"Stone Used, 38",70.79,70.79,Item doesn't fit,RETURN_OR_REFUND_REQUEST_COMPLETE,RETURN_AND_REFUND
4039601002785310556,4039601002785245020,583264446425433948,2026-04-12,Calça Jeans Feminina Wide Leg Jeans Feminina Cintura Alta,REF51638,"Marmorizada, 38",66.44,66.44,Item doesn't fit,RETURN_OR_REFUND_REQUEST_COMPLETE,RETURN_AND_REFUND
4039590448009544794,4039590448009479258,583433841915757658,2026-04-12,Calça Jeans Feminina Wide Leg Cintura Alta Chocolate,REF56238,"Chocolate, 38",94.25,94.25,Item doesn't fit,RETURN_OR_REFUND_REQUEST_COMPLETE,RETURN_AND_REFUND
4039601032766785205,4039601032766719669,583452302300186293,2026-04-12,Calça Jeans Feminina Wide Leg Jeans Feminina Cintura Alta,REF51640,"Marmorizada, 40",79.31,79.31,"Fabric, material or style not as expected",RETURN_OR_REFUND_REQUEST_CANCEL,RETURN_AND_REFUND
4039592285785458124,4039592285785392588,583437374272603596,2026-04-12,Calça Jeans Feminina Wide Leg Jeans Feminina Cintura Alta,REF52538,"Stone Used, 38",79.9,79.9,Item doesn't fit,RETURN_OR_REFUND_REQUEST_COMPLETE,RETURN_AND_REFUND
4039594337548863242,4039594337548797706,583312821981644554,2026-04-12,Calça Jeans Feminina Wide Leg Jeans Cintura Alta Preta Marmorizada,REF52838,38,71.99,71.99,Item doesn't fit,RETURN_OR_REFUND_REQUEST_COMPLETE,RETURN_AND_REFUND
4039595058363074398,4039595058363008862,583450886182897502,2026-04-12,Calça Jeans Feminina Wide Leg Jeans Feminina Cintura Alta,REF52742,"Sky Used, 42",79.9,79.9,Item doesn't fit,RETURN_OR_REFUND_REQUEST_COMPLETE,RETURN_AND_REFUND
4039596564094813571,4039596564094748035,583392840188134787,2026-04-12,Calça Jeans Feminina Wide Leg Jeans Feminina Cintura Alta,REF51638,"Marmorizada, 38",69.99,69.99,Item doesn't fit,RETURN_OR_REFUND_REQUEST_COMPLETE,RETURN_AND_REFUND
4039597762600863250,4039597762600797714,583480532864042514,2026-04-12,Calça Jeans Feminina Wide Leg Jeans Feminina Cintura Alta,REF51644,"Marmorizada, 44",63.79,63.79,Item doesn't fit,RETURN_OR_REFUND_REQUEST_CANCEL,RETURN_AND_REFUND
4039598985806251072,4039598985806185536,583420837486429248,2026-04-12,Calça Jeans Feminina Wide Leg Jeans Feminina Cintura Alta,REF52546,"Stone Used, 46",66.56,66.56,Item doesn't fit,RETURN_OR_REFUND_REQUEST_COMPLETE,RETURN_AND_REFUND
4039599580506719612,4039599560039433596,583003055261058428,2026-04-12,Calça Jeans Feminina Wide Leg Cintura Alta Amarelo Manteiga,REF55046,"AMARELO MANTEIGA, 46",84.94,84.94,Item doesn't fit,RETURN_OR_REFUND_REQUEST_COMPLETE,RETURN_AND_REFUND
4039599818046735637,4039599818046670101,583387636518520085,2026-04-12,Calça Jeans Feminina Wide Leg Jeans Feminina Cintura Alta,REF51636,"Marmorizada, 36",79.9,79.9,Item doesn't fit,RETURN_OR_REFUND_REQUEST_COMPLETE,RETURN_AND_REFUND
4039595281512367475,4039595281512301939,583422030003537267,2026-04-12,Calça Jeans Feminina Wide Leg Jeans Feminina Cintura Alta,REF52544,"Stone Used, 44",73.24,73.24,Item doesn't fit,RETURN_OR_REFUND_REQUEST_COMPLETE,RETURN_AND_REFUND
4039599834949715221,4039599834949649685,583387636518520085,2026-04-12,Calça Jeans Feminina Wide Leg Jeans Feminina Cintura Alta,REF52736,"Sky Used, 36",79.9,79.9,Item doesn't fit,RETURN_OR_REFUND_REQUEST_COMPLETE,RETURN_AND_REFUND
4039599997955114233,4039599997955048697,583390657351156985,2026-04-12,Calça Jeans Feminina Wide Leg Jeans Feminina Cintura Alta,REF52544,"Stone Used, 44",69.99,69.99,Item doesn't fit,RETURN_OR_REFUND_REQUEST_COMPLETE,RETURN_AND_REFUND
4039600493537560150,4039600493537494614,583421603168290390,2026-04-12,Calça Jeans Feminina Wide Leg Jeans Feminina Cintura Alta,REF52538,"Stone Used, 38",62.99,62.99,Color or pattern not as expected,RETURN_OR_REFUND_REQUEST_COMPLETE,RETURN_AND_REFUND
4039600551731693492,4039600551731627956,583281799801571252,2026-04-12,Calça Jeans Feminina Wide Leg Jeans Feminina Cintura Alta,REF51638,"Marmorizada, 38",81.9,81.9,"Fabric, material or style not as expected",RETURN_OR_REFUND_REQUEST_COMPLETE,RETURN_AND_REFUND
4039600553513682269,4039600553513616733,583451363429549405,2026-04-12,Calça Jeans Feminina Wide Leg Jeans Feminina Cintura Alta,REF51642,"Marmorizada, 42",67.29,67.29,Item doesn't fit,RETURN_OR_REFUND_REQUEST_COMPLETE,RETURN_AND_REFUND
4039600740988848049,4039600740988782513,583450759507642289,2026-04-12,Calça Jeans Feminina Wide Leg Jeans Feminina Cintura Alta,REF52538,"Stone Used, 38",62.99,62.99,Item doesn't fit,RETURN_OR_REFUND_REQUEST_COMPLETE,RETURN_AND_REFUND
4039599828821050645,4039599828820985109,583387636518520085,2026-04-12,Calça Jeans Feminina Wide Leg Jeans Feminina Cintura Alta,REF52536,"Stone Used, 36",79.9,79.9,Item doesn't fit,RETURN_OR_REFUND_REQUEST_COMPLETE,RETURN_AND_REFUND
4039600791709386438,4039600791709320902,583390803977537222,2026-04-12,Calça Jeans Feminina Wide Leg Jeans Feminina Cintura Alta,REF52538,"Stone Used, 38",70.79,70.79,Item doesn't fit,RETURN_OR_REFUND_REQUEST_COMPLETE,RETURN_AND_REFUND
4039600805117330522,4039600805117264986,583390950545589338,2026-04-12,Calça Jeans Feminina Wide Leg Jeans Feminina Cintura Alta,REF51640,"Marmorizada, 40",69.99,69.99,"Fabric, material or style not as expected",RETURN_OR_REFUND_REQUEST_COMPLETE,RETURN_AND_REFUND
4039620737937606167,4039620737937540631,583450394012124695,2026-04-13,Calça Jeans Feminina Wide Leg Jeans Feminina Cintura Alta,REF52540,"Stone Used, 40",80.7,80.7,Item doesn't match description,RETURN_OR_REFUND_REQUEST_COMPLETE,RETURN_AND_REFUND
4039620554232529955,4039620554232464419,583284892515337251,2026-04-13,Calça Jeans Feminina Wide Leg Jeans Feminina Cintura Alta,REF52542,"Stone Used, 42",89.94,89.94,No longer needed,RETURN_OR_REFUND_REQUEST_CANCEL,RETURN_AND_REFUND
4039620248694982596,4039620248694917060,583421064150288324,2026-04-13,Calça Jeans Feminina Wide Leg Jeans Feminina Cintura Alta,REF51644,"Marmorizada, 44",65.59,65.59,Item doesn't fit,RETURN_OR_REFUND_REQUEST_COMPLETE,RETURN_AND_REFUND
4039620219298284563,4039620219298219027,583482010425656339,2026-04-13,Calça Jeans Feminina Wide Leg Jeans Feminina Cintura Alta,REF51636,"Marmorizada, 36",79.5,79.5,Defective item,RETURN_OR_REFUND_REQUEST_CANCEL,RETURN_AND_REFUND
4039620168729659333,4039620168729593797,583464235567056837,2026-04-13,Calça Jeans Feminina Wide Leg Jeans Feminina Cintura Alta,REF52738,"Sky Used, 38",79.9,79.9,Item doesn't fit,RETURN_OR_REFUND_REQUEST_COMPLETE,RETURN_AND_REFUND
4039620133704402651,4039620133704337115,583450989760775899,2026-04-13,Calça Jeans Feminina Wide Leg Jeans Feminina Cintura Alta,REF51636,"Marmorizada, 36",88.16,88.16,Item doesn't fit,RETURN_OR_REFUND_REQUEST_COMPLETE,RETURN_AND_REFUND
4039620060820964946,4039620060820899410,583389844269008466,2026-04-13,Calça Jeans Feminina Wide Leg Jeans Feminina Cintura Alta,REF52740,"Sky Used, 40",69.99,69.99,Item doesn't fit,RETURN_OR_REFUND_REQUEST_COMPLETE,RETURN_AND_REFUND
4039620058362316608,4039620058362251072,583464460900337472,2026-04-13,Calça Jeans Feminina Wide Leg Jeans Feminina Cintura Alta,REF52740,"Sky Used, 40",81.9,81.9,Item doesn't fit,RETURN_OR_REFUND_REQUEST_COMPLETE,RETURN_AND_REFUND
4039621039234450437,4039621039234384901,583453023827035141,2026-04-13,Calça Jeans Feminina Wide Leg Jeans Feminina Cintura Alta,REF51640,"Marmorizada, 40",54.69,54.69,Item doesn't fit,RETURN_OR_REFUND_REQUEST_COMPLETE,RETURN_AND_REFUND
4039619786982065299,4039619786981999763,583415950171997331,2026-04-13,Calça Jeans Feminina Wide Leg Jeans Feminina Cintura Alta,REF51638,"Marmorizada, 38",85.25,85.25,Item doesn't fit,RETURN_OR_REFUND_REQUEST_COMPLETE,RETURN_AND_REFUND
4039620146169611741,4039620146169546205,583297691022624221,2026-04-13,Calça Jeans Feminina Wide Leg Jeans Feminina Cintura Alta,REF51638,"Marmorizada, 38",79.9,79.9,Item doesn't fit,RETURN_OR_REFUND_REQUEST_COMPLETE,RETURN_AND_REFUND
4039621357783057436,4039621357782991900,583387587933799452,2026-04-13,Calça Jeans Feminina Wide Leg Jeans Feminina Cintura Alta,REF51638,"Marmorizada, 38",75.29,75.29,Item doesn't fit,RETURN_OR_REFUND_REQUEST_COMPLETE,RETURN_AND_REFUND
4039622144766543214,4039622144766477678,583245644396660078,2026-04-13,Calça Jeans Feminina Wide Leg Jeans Feminina Cintura Alta,REF51638,"Marmorizada, 38",83.1,83.1,Item doesn't fit,RETURN_OR_REFUND_REQUEST_COMPLETE,RETURN_AND_REFUND
4039621412060693911,4039621412060628375,583449155726312855,2026-04-13,Calça Jeans Feminina Wide Leg Jeans Feminina Cintura Alta,REF51638,"Marmorizada, 38",77.5,77.5,"Fabric, material or style not as expected",RETURN_OR_REFUND_REQUEST_COMPLETE,RETURN_AND_REFUND
4039623215364343754,4039623215364278218,583480314814695370,2026-04-13,Calça Jeans Feminina Wide Leg Jeans Feminina Cintura Alta,REF51636,"Marmorizada, 36",69.99,69.99,Item doesn't fit,RETURN_OR_REFUND_REQUEST_CANCEL,RETURN_AND_REFUND
4039621480704869636,4039621480704804100,583467873439024388,2026-04-13,Calça Jeans Feminina Wide Leg Jeans Feminina Cintura Alta,REF52544,"Stone Used, 44",87.94,87.94,"Fabric, material or style not as expected",RETURN_OR_REFUND_REQUEST_COMPLETE,RETURN_AND_REFUND
4039621616724117137,4039621616723789457,583452475841349265,2026-04-13,Calça Jeans Feminina Wide Leg Jeans Feminina Cintura Alta,REF52544,"Stone Used, 44",90.7,90.7,Package wasn't received,RETURN_OR_REFUND_REQUEST_COMPLETE,REFUND
4039621676125423247,4039621676125357711,583409409518241423,2026-04-13,Calça Jeans Feminina Wide Leg Jeans Feminina Cintura Alta Stone Used,REF52536,36,71.99,71.99,Item doesn't fit,RETURN_OR_REFUND_REQUEST_COMPLETE,RETURN_AND_REFUND
4039621849937708548,4039621849937643012,583451026448745988,2026-04-13,Calça Feminina Jeans Wide Leg Cintura Alta Azul Médio Marmorizado,REF55140,"Azul Médio Marmorizado , 40",73.03,73.03,Item doesn't fit,RETURN_OR_REFUND_REQUEST_COMPLETE,RETURN_AND_REFUND
4039622109835134083,4039622109835068547,583435818815227011,2026-04-13,Calça Jeans Feminina Wide Leg Jeans Feminina Cintura Alta,REF52544,"Stone Used, 44",79.9,79.9,Item doesn't fit,RETURN_OR_REFUND_REQUEST_CANCEL,RETURN_AND_REFUND
4039622181130568765,4039622181130503229,583423214228374589,2026-04-13,Shorts Jeans Feminino Cintura Alta Casual,REF57738,"Azul Sky , 38",82.9,82.9,"Fabric, material or style not as expected",RETURN_OR_REFUND_REQUEST_COMPLETE,RETURN_AND_REFUND
4039622713674335468,4039622713674269932,583407822699988204,2026-04-13,Calça Feminina Jeans Wide Leg Cintura Alta Azul Médio Marmorizado,REF55140,"Azul Médio Marmorizado , 40",79.99,79.99,Item doesn't fit,RETURN_OR_REFUND_REQUEST_COMPLETE,RETURN_AND_REFUND
4039622859363813284,4039622859363747748,583467306128344996,2026-04-13,Calça Jeans Feminina Wide Leg Jeans Feminina Cintura Alta,REF51646,"Marmorizada, 46",69.99,69.99,Item doesn't fit,RETURN_OR_REFUND_REQUEST_COMPLETE,RETURN_AND_REFUND
4039622969110266928,4039622969110201392,583480518909330480,2026-04-13,Calça Jeans Feminina Wide Leg Jeans Feminina Cintura Alta,REF52536,"Stone Used, 36",67.89,67.89,Item doesn't fit,RETURN_OR_REFUND_REQUEST_COMPLETE,RETURN_AND_REFUND
4039619766696576063,4039619766696510527,583390650894615615,2026-04-13,Calça Jeans Feminina Wide Leg Jeans Feminina Cintura Alta,REF51636,"Marmorizada, 36",69.99,69.99,Item doesn't fit,RETURN_OR_REFUND_REQUEST_COMPLETE,RETURN_AND_REFUND
4039621408105858933,4039621408105793397,583387300834609013,2026-04-13,Calça Jeans Feminina Wide Leg Jeans Feminina Cintura Alta,REF52546,"Stone Used, 46",79.65,79.65,Item doesn't fit,RETURN_OR_REFUND_REQUEST_COMPLETE,RETURN_AND_REFUND
4039619638867756705,4039619638867691169,583473877161051809,2026-04-13,Calça Jeans Feminina Wide Leg Jeans Feminina Cintura Alta,REF52736,"Sky Used, 36",80.09,80.09,No longer needed,RETURN_OR_REFUND_REQUEST_COMPLETE,RETURN_AND_REFUND
4039616291823912056,4039616291823846520,583384192262112376,2026-04-13,Calça Jeans Feminina Wide Leg Jeans Feminina Cintura Alta,REF51636,"Marmorizada, 36",81.75,81.75,Item doesn't fit,RETURN_OR_REFUND_REQUEST_COMPLETE,RETURN_AND_REFUND
4039619118526465858,4039619118526400322,583326847490754370,2026-04-13,Calça Feminina Jeans Wide Leg Cintura Alta Azul Médio Marmorizado,REF55136,"Azul Médio Marmorizado , 36",84.51,84.51,Item doesn't fit,RETURN_OR_REFUND_REQUEST_COMPLETE,RETURN_AND_REFUND
4039604768408635022,4039604768408569486,583391038520460942,2026-04-13,Calça Jeans Feminina Wide Leg Jeans Feminina Cintura Alta,REF52536,"Stone Used, 36",69.89,69.89,Item doesn't fit,RETURN_OR_REFUND_REQUEST_CANCEL,RETURN_AND_REFUND
4039619143550731767,4039619150922810871,583312322689402359,2026-04-13,Calça Jeans Feminina Wide Leg Jeans Feminina Cintura Alta,REF51636,"Marmorizada, 36",62.99,62.99,Item doesn't fit,RETURN_OR_REFUND_REQUEST_COMPLETE,RETURN_AND_REFUND
4039611211384588188,4039611211384391580,583420692682737564,2026-04-13,Calça Jeans Feminina Wide Leg Jeans Feminina Cintura Alta,REF52546,"Stone Used, 46",66.44,66.44,Item doesn't fit,RETURN_OR_REFUND_REQUEST_COMPLETE,RETURN_AND_REFUND
4039611678021224163,4039611678021158627,583311939729262307,2026-04-13,Calça Jeans Feminina Wide Leg Jeans Feminina Cintura Alta,REF52540,"Stone Used, 40",64.99,64.99,Item doesn't fit,RETURN_OR_REFUND_REQUEST_COMPLETE,RETURN_AND_REFUND
4039612096354878968,4039612096354813432,583404326991595000,2026-04-13,Calça Jeans Feminina Wide Leg Jeans Feminina Cintura Alta,REF51640,"Marmorizada, 40",67.8,67.8,Package wasn't received,RETURN_OR_REFUND_REQUEST_CANCEL,REFUND
4039612096355010040,4039612096354944504,583404326991595000,2026-04-13,Calça Jeans Feminina Wide Leg Jeans Cintura Alta Preta Marmorizada,REF52840,40,87.18,87.18,Package wasn't received,RETURN_OR_REFUND_REQUEST_CANCEL,REFUND
4039612212914849045,4039612212914783509,583451105172555029,2026-04-13,Calça Jeans Feminina Wide Leg Jeans Feminina Cintura Alta,REF51638,"Marmorizada, 38",62.99,62.99,Item doesn't fit,RETURN_OR_REFUND_REQUEST_CANCEL,RETURN_AND_REFUND
4039612718327825913,4039612718327760377,583358472542520825,2026-04-13,Calça Jeans Feminina Wide Leg Jeans Feminina Cintura Alta,REF51638,"Marmorizada, 38",73.19,73.19,"Fabric, material or style not as expected",RETURN_OR_REFUND_REQUEST_COMPLETE,RETURN_AND_REFUND
4039612853304264551,4039612853304199015,583318219111565159,2026-04-13,Calça Jeans Feminina Wide Leg Jeans Feminina Cintura Alta,REF51638,"Marmorizada, 38",81.99,81.99,Item doesn't fit,RETURN_OR_REFUND_REQUEST_COMPLETE,RETURN_AND_REFUND
4039614375628342387,4039614375628276851,583388946611668083,2026-04-13,Calça Jeans Feminina Wide Leg Jeans Feminina Cintura Alta,REF51640,"Marmorizada, 40",81.9,81.9,Item doesn't fit,RETURN_OR_REFUND_REQUEST_COMPLETE,RETURN_AND_REFUND
4039616602393183383,4039616602393117847,583390882343257239,2026-04-13,Calça Jeans Feminina Wide Leg Jeans Feminina Cintura Alta,REF51646,"Marmorizada, 46",71.99,71.99,Item doesn't fit,RETURN_OR_REFUND_REQUEST_CANCEL,RETURN_AND_REFUND
4039616606072243351,4039616606072177815,583390882343257239,2026-04-13,Calça Jeans Feminina Wide Leg Jeans Feminina Cintura Alta,REF51646,"Marmorizada, 46",71.99,71.99,Item doesn't fit,RETURN_OR_REFUND_REQUEST_COMPLETE,RETURN_AND_REFUND
4039605807826306590,4039605807826241054,583421480605484574,2026-04-13,Calça Jeans Feminina Wide Leg Jeans Feminina Cintura Alta,REF52544,"Stone Used, 44",63.74,63.74,Item doesn't match description,RETURN_OR_REFUND_REQUEST_CANCEL,RETURN_AND_REFUND
4039617390777893942,4039617390777828406,583480136699642934,2026-04-13,Calça Jeans Feminina Wide Leg Jeans Feminina Cintura Alta,REF51642,"Marmorizada, 42",74.9,74.9,Item doesn't fit,RETURN_OR_REFUND_REQUEST_COMPLETE,RETURN_AND_REFUND
4039617369254167721,4039617369254102185,583327891345278121,2026-04-13,Calça Jeans Feminina Wide Leg Jeans Feminina Cintura Alta,REF51640,"Marmorizada, 40",69.89,69.89,Item doesn't fit,RETURN_OR_REFUND_REQUEST_COMPLETE,RETURN_AND_REFUND
4039619076237199165,4039619076237133629,583466161904781117,2026-04-13,Calça Jeans Feminina Wide Leg Jeans Feminina Cintura Alta,REF51640,"Marmorizada, 40",75.58,75.58,Item doesn't fit,RETURN_OR_REFUND_REQUEST_COMPLETE,RETURN_AND_REFUND
4039618866113709163,4039618866113643627,583219944637236331,2026-04-13,Calça Jeans Feminina Wide Leg Jeans Feminina Cintura Alta,REF51636,"Marmorizada, 36",69.99,69.99,Item doesn't fit,RETURN_OR_REFUND_REQUEST_COMPLETE,RETURN_AND_REFUND
4039618785253033166,4039618785252967630,583480030672946382,2026-04-13,Calça Jeans Feminina Wide Leg Jeans Feminina Cintura Alta,REF51644,"Marmorizada, 44",80.7,80.7,Item doesn't fit,RETURN_OR_REFUND_REQUEST_COMPLETE,RETURN_AND_REFUND
4039618605242025876,4039618605241960340,583390557296035732,2026-04-13,Calça Jeans Feminina Wide Leg Jeans Feminina Cintura Alta,REF52542,"Stone Used, 42",67.89,67.89,Item doesn't fit,RETURN_OR_REFUND_REQUEST_COMPLETE,RETURN_AND_REFUND
4039611873157613466,4039611873157547930,583343902448322458,2026-04-13,Calça Jeans Feminina Wide Leg Jeans Feminina Cintura Alta Stone Used,REF52538,38,64.87,64.87,Item doesn't fit,RETURN_OR_REFUND_REQUEST_COMPLETE,RETURN_AND_REFUND
4039618144103073050,4039618144103007514,583279620887250202,2026-04-13,Calça Jeans Feminina Wide Leg Jeans Feminina Cintura Alta,REF52544,"Stone Used, 44",79.9,79.9,Item doesn't fit,RETURN_OR_REFUND_REQUEST_COMPLETE,RETURN_AND_REFUND
4039618089600649211,4039618089600583675,583451348381698043,2026-04-13,Calça Jeans Feminina Wide Leg Jeans Feminina Cintura Alta,REF51640,"Marmorizada, 40",79.9,79.9,Item doesn't fit,RETURN_OR_REFUND_REQUEST_COMPLETE,RETURN_AND_REFUND
4039618073679333267,4039618073679267731,583466521622120339,2026-04-13,Calça Jeans Feminina Wide Leg Jeans Feminina Cintura Alta,REF51646,"Marmorizada, 46",77.5,77.5,Item doesn't fit,RETURN_OR_REFUND_REQUEST_COMPLETE,RETURN_AND_REFUND
4039617861840045387,4039617861839979851,583455288062346571,2026-04-13,Calça Jeans Feminina Wide Leg Cintura Alta Amarelo Manteiga,REF55042,"AMARELO MANTEIGA, 42",87.2,87.2,"Fabric, material or style not as expected",RETURN_OR_REFUND_REQUEST_COMPLETE,RETURN_AND_REFUND
4039617677322978530,4039617677322912994,583358711039952098,2026-04-13,Calça Jeans Feminina Wide Leg Jeans Feminina Cintura Alta,REF52740,"Sky Used, 40",78.3,78.3,Item doesn't fit,RETURN_OR_REFUND_REQUEST_COMPLETE,RETURN_AND_REFUND
4039618404439918556,4039618404439853020,583422058155116508,2026-04-13,Calça Jeans Feminina Wide Leg Jeans Feminina Cintura Alta,REF52740,"Sky Used, 40",88.3,88.3,Item doesn't fit,RETURN_OR_REFUND_REQUEST_COMPLETE,RETURN_AND_REFUND
4039639630065928004,4039639630065862468,583421117730686788,2026-04-14,Calça Jeans Feminina Wide Leg Jeans Feminina Cintura Alta,REF51644,"Marmorizada, 44",87.49,87.49,"Fabric, material or style not as expected",RETURN_OR_REFUND_REQUEST_CANCEL,RETURN_AND_REFUND
4039639151262598557,4039639151262533021,583153898845341085,2026-04-14,Calça Jeans Feminina Wide Leg Jeans Cintura alta,REF54636,"Branca , 36",75.34,75.34,Item arrived too late,RETURN_OR_REFUND_REQUEST_CANCEL,RETURN_AND_REFUND
4039638265274664278,4039638265274598742,583466113990165846,2026-04-14,Calça Jeans Feminina Wide Leg Jeans Feminina Cintura Alta,REF51636,"Marmorizada, 36",77.5,77.5,Item doesn't fit,RETURN_OR_REFUND_REQUEST_COMPLETE,RETURN_AND_REFUND
4039637702476662513,4039637702476596977,583390685473834737,2026-04-14,Calça Jeans Feminina Wide Leg Jeans Feminina Cintura Alta,REF52540,"Stone Used, 40",82.37,82.37,Item doesn't fit,RETURN_OR_REFUND_REQUEST_COMPLETE,RETURN_AND_REFUND
4039637403974993590,4039637403974928054,583451783850133174,2026-04-14,Calça Jeans Feminina Wide Leg Jeans Feminina Cintura Alta,REF51640,"Marmorizada, 40",79.9,79.9,Item doesn't fit,RETURN_OR_REFUND_REQUEST_COMPLETE,RETURN_AND_REFUND
4039637182872781956,4039637182872716420,583450445470794884,2026-04-14,Calça Jeans Feminina Wide Leg Jeans Feminina Cintura Alta,REF51640,"Marmorizada, 40",79.9,79.9,Item doesn't fit,RETURN_OR_REFUND_REQUEST_COMPLETE,RETURN_AND_REFUND
4039636468248577601,4039636468248512065,583451489080018497,2026-04-14,Calça Jeans Feminina Wide Leg Jeans Feminina Cintura Alta,REF51646,"Marmorizada, 46",84.28,84.28,Item doesn't fit,RETURN_OR_REFUND_REQUEST_COMPLETE,RETURN_AND_REFUND
4039636511236457587,4039636511236392051,583358288883254387,2026-04-14,Calça Jeans Feminina Wide Leg Jeans Feminina Cintura Alta,REF51642,"Marmorizada, 42",73.19,73.19,Item doesn't fit,RETURN_OR_REFUND_REQUEST_COMPLETE,RETURN_AND_REFUND
4039636359999817281,4039636359999751745,583459370141124161,2026-04-14,Calça Jeans Feminina Wide Leg Jeans Feminina Cintura Alta,REF52546,"Stone Used, 46",83.62,83.62,Item doesn't fit,RETURN_OR_REFUND_REQUEST_COMPLETE,RETURN_AND_REFUND
4039635438504281959,4039635438504216423,583082069054424935,2026-04-14,Calça Jeans Feminina Wide Leg Jeans Feminina Cintura Alta,REF51636,"Marmorizada, 36",83.1,83.1,Item doesn't fit,RETURN_OR_REFUND_REQUEST_COMPLETE,RETURN_AND_REFUND
4039636078588363821,4039636078588298285,583459975185073197,2026-04-14,Calça Jeans Feminina Wide Leg Jeans Feminina Cintura Alta,REF51636,"Marmorizada, 36",90.7,90.7,"Fabric, material or style not as expected",RETURN_OR_REFUND_REQUEST_COMPLETE,RETURN_AND_REFUND
4039635028696204355,4039635028696138819,583480555205657667,2026-04-14,Calça Jeans Feminina Wide Leg Jeans Feminina Cintura Alta,REF51644,"Marmorizada, 44",66.79,66.79,Item doesn't fit,RETURN_OR_REFUND_REQUEST_COMPLETE,RETURN_AND_REFUND
4039634796924798310,4039634796924732774,583450841123030374,2026-04-14,Calça Jeans Feminina Wide Leg Jeans Feminina Cintura Alta,REF51636,"Marmorizada, 36",79.9,79.9,Item doesn't fit,RETURN_OR_REFUND_REQUEST_COMPLETE,RETURN_AND_REFUND
4039633748326319820,4039633748326254284,583481242610861772,2026-04-14,Calça Jeans Feminina Wide Leg Jeans Feminina Cintura Alta,REF51642,"Marmorizada, 42",80.7,80.7,Item doesn't fit,RETURN_OR_REFUND_REQUEST_COMPLETE,RETURN_AND_REFUND
4039633225864939000,4039633225864873464,583404326991595000,2026-04-14,Calça Jeans Feminina Wide Leg Jeans Cintura Alta Preta Marmorizada,REF52840,40,87.18,87.18,No longer needed,RETURN_OR_REFUND_REQUEST_CANCEL,RETURN_AND_REFUND
4039633213737108984,4039633213737043448,583404326991595000,2026-04-14,Calça Jeans Feminina Wide Leg Jeans Feminina Cintura Alta,REF51640,"Marmorizada, 40",67.8,67.8,No longer needed,RETURN_OR_REFUND_REQUEST_CANCEL,RETURN_AND_REFUND
4039633085708535414,4039633085708469878,583480320231769718,2026-04-14,Calça Jeans Feminina Wide Leg Jeans Feminina Cintura Alta,REF52540,"Stone Used, 40",73.19,73.19,Item doesn't fit,RETURN_OR_REFUND_REQUEST_COMPLETE,RETURN_AND_REFUND
4039632940672779768,4039632940672714232,583404326991595000,2026-04-14,Calça Jeans Feminina Wide Leg Jeans Cintura Alta Preta Marmorizada,REF52840,40,87.18,87.18,No longer needed,RETURN_OR_REFUND_REQUEST_CANCEL,RETURN_AND_REFUND
4039639781132174912,4039639781132109376,583390635685348928,2026-04-14,Calça Jeans Feminina Wide Leg Jeans Feminina Cintura Alta,REF51636,"Marmorizada, 36",67.89,67.89,Item doesn't fit,RETURN_OR_REFUND_REQUEST_CANCEL,RETURN_AND_REFUND
4039636146248124169,4039636146248058633,583466902353118985,2026-04-14,Calça Jeans Feminina Wide Leg Jeans Feminina Cintura Alta,REF51636,"Marmorizada, 36",79.9,79.9,Item doesn't fit,RETURN_OR_REFUND_REQUEST_COMPLETE,RETURN_AND_REFUND
4039633331675366746,4039633331675301210,583421832349713754,2026-04-14,Calça Jeans Feminina Wide Leg Jeans Feminina Cintura Alta,REF52546,"Stone Used, 46",63.79,63.79,Item doesn't fit,RETURN_OR_REFUND_REQUEST_CANCEL,RETURN_AND_REFUND
4039640568950129667,4039640568950064131,583404914171872259,2026-04-14,Calça Jeans Feminina Wide Leg Jeans Cintura alta,REF54736,"Preto , 36",95.7,95.7,Item doesn't fit,RETURN_OR_REFUND_REQUEST_COMPLETE,RETURN_AND_REFUND
4039641140636779762,4039641140636714226,583313816655463666,2026-04-14,Calça Jeans Feminina Wide Leg Jeans Cintura Alta Preta Marmorizada,REF52836,36,78.03,78.03,Item doesn't fit,RETURN_OR_REFUND_REQUEST_COMPLETE,RETURN_AND_REFUND
4039642704600663543,4039642704600598007,583434902863316471,2026-04-14,Calça Jeans Feminina Wide Leg Jeans Feminina Cintura Alta,REF52740,"Sky Used, 40",69.99,69.99,Item doesn't fit,RETURN_OR_REFUND_REQUEST_COMPLETE,RETURN_AND_REFUND
4039642779715536731,4039642779715471195,583328827937883995,2026-04-14,Calça Jeans Feminina Wide Leg Jeans Feminina Cintura Alta,REF51638,"Marmorizada, 38",69.99,69.99,Item doesn't fit,RETURN_OR_REFUND_REQUEST_COMPLETE,RETURN_AND_REFUND
4039642955033183893,4039642955033118357,583450944361694869,2026-04-14,Calça Jeans Feminina Wide Leg Jeans Feminina Cintura Alta,REF52538,"Stone Used, 38",66.19,66.19,Item doesn't fit,RETURN_OR_REFUND_REQUEST_COMPLETE,RETURN_AND_REFUND
4039642974475551784,4039642974475486248,583474179264709672,2026-04-14,Calça Jeans Feminina Wide Leg Jeans Feminina Cintura Alta,REF51636,"Marmorizada, 36",77.5,77.5,Item doesn't fit,RETURN_OR_REFUND_REQUEST_COMPLETE,RETURN_AND_REFUND
4039643017988966372,4039643017988900836,583448569478875108,2026-04-14,Calça Jeans Feminina Wide Leg Jeans Feminina Cintura Alta,REF51640,"Marmorizada, 40",79.9,79.9,Item doesn't fit,RETURN_OR_REFUND_REQUEST_CANCEL,RETURN_AND_REFUND
4039643088578381386,4039643088578315850,583459104892159562,2026-04-14,Calça Jeans Feminina Wide Leg Jeans Feminina Cintura Alta,REF51640,"Marmorizada, 40",104.33,104.33,Item doesn't fit,RETURN_OR_REFUND_REQUEST_CANCEL,RETURN_AND_REFUND
4039643133159834948,4039643133159769412,583390482218911044,2026-04-14,Calça Jeans Feminina Wide Leg Jeans Feminina Cintura Alta,REF52538,"Stone Used, 38",78.1,78.1,Item doesn't fit,RETURN_OR_REFUND_REQUEST_COMPLETE,RETURN_AND_REFUND
4039643455184078703,4039643455184013167,583313371796047727,2026-04-14,Calça Jeans Feminina Wide Leg Jeans Feminina Cintura Alta,REF51638,"Marmorizada, 38",62.99,62.99,Item doesn't fit,RETURN_OR_REFUND_REQUEST_CANCEL,RETURN_AND_REFUND
4039643696101360995,4039643696101295459,583420651324474723,2026-04-14,Calça Jeans Feminina Wide Leg Jeans Feminina Cintura Alta,REF52736,"Sky Used, 36",79.9,79.9,"Fabric, material or style not as expected",RETURN_OR_REFUND_REQUEST_COMPLETE,RETURN_AND_REFUND
4039643786356884770,4039643786356819234,583465725504750882,2026-04-14,Calça Jeans Feminina Wide Leg Jeans Feminina Cintura Alta,REF51644,"Marmorizada, 44",84.28,84.28,Package wasn't received,RETURN_OR_REFUND_REQUEST_COMPLETE,REFUND
4039643976724940013,4039643976724874477,583480188164801773,2026-04-14,Calça Jeans Feminina Wide Leg Jeans Feminina Cintura Alta,REF52540,"Stone Used, 40",65.8,65.8,Item doesn't fit,RETURN_OR_REFUND_REQUEST_COMPLETE,RETURN_AND_REFUND
4039644129376765687,4039644129051707127,583389935946073847,2026-04-14,Calça Jeans Feminina Wide Leg Jeans Feminina Cintura Alta,REF52542,"Stone Used, 42",73.19,73.19,Item doesn't fit,RETURN_OR_REFUND_REQUEST_COMPLETE,RETURN_AND_REFUND
4039644241326409623,4039644241326344087,583465727309612951,2026-04-14,Calça Jeans Feminina Wide Leg Jeans Cintura Alta Preta Marmorizada,REF52838,38,85.79,85.79,Item doesn't fit,RETURN_OR_REFUND_REQUEST_COMPLETE,RETURN_AND_REFUND
4039644378193299155,4039644378193233619,583475806826366675,2026-04-14,Calça Jeans Feminina Wide Leg Cintura Alta Chocolate,REF56240,"Chocolate, 40",95.6,95.6,Item doesn't fit,RETURN_OR_REFUND_REQUEST_COMPLETE,RETURN_AND_REFUND
4039640955183793907,4039640955183728371,583480421283694323,2026-04-14,Calça Jeans Feminina Wide Leg Jeans Feminina Cintura Alta,REF52536,"Stone Used, 36",69.99,69.99,Item doesn't fit,RETURN_OR_REFUND_REQUEST_CANCEL,RETURN_AND_REFUND
4039642666348218205,4039642666348152669,583466113778943837,2026-04-14,Calça Jeans Feminina Wide Leg Jeans Feminina Cintura Alta,REF51642,"Marmorizada, 42",78.38,78.38,Item doesn't fit,RETURN_OR_REFUND_REQUEST_COMPLETE,RETURN_AND_REFUND
4039642643571115546,4039642643571050010,583480118162720282,2026-04-14,Calça Jeans Feminina Wide Leg Jeans Feminina Cintura Alta,REF52538,"Stone Used, 38",66.19,66.19,Item doesn't fit,RETURN_OR_REFUND_REQUEST_COMPLETE,RETURN_AND_REFUND
4039643595607148082,4039643595607082546,583451362119026226,2026-04-14,Calça Jeans Feminina Wide Leg Jeans Feminina Cintura Alta,REF51644,"Marmorizada, 44",67.48,67.48,Item doesn't fit,RETURN_OR_REFUND_REQUEST_CANCEL,RETURN_AND_REFUND
4039642512207283753,4039642512207218217,583343111293929001,2026-04-14,Calça Jeans Feminina Wide Leg Jeans Feminina Cintura Alta,REF51636,"Marmorizada, 36",73.24,73.24,Item doesn't fit,RETURN_OR_REFUND_REQUEST_CANCEL,RETURN_AND_REFUND
4039642536268891578,4039642536268826042,583493651184649658,2026-04-14,Calça Jeans Feminina Wide Leg Jeans Feminina Cintura Alta,REF51636,"Marmorizada, 36",80.9,80.9,Color or pattern not as expected,RETURN_OR_REFUND_REQUEST_COMPLETE,RETURN_AND_REFUND
4039641170184341129,4039641170184275593,583464782650967689,2026-04-14,Calça Jeans Feminina Wide Leg Jeans Feminina Cintura Alta,REF51638,"Marmorizada, 38",79.9,79.9,Item doesn't fit,RETURN_OR_REFUND_REQUEST_COMPLETE,RETURN_AND_REFUND
4039641178073106363,4039641178073040827,583342974721558459,2026-04-14,Calça Jeans Feminina Wide Leg Jeans Feminina Cintura Alta,REF51642,"Marmorizada, 42",71.05,71.05,Item doesn't fit,RETURN_OR_REFUND_REQUEST_COMPLETE,RETURN_AND_REFUND
4039641250734048523,4039641250733982987,583460918917498123,2026-04-14,Calça Feminina Jeans Wide Leg Cintura Alta Azul Médio Marmorizado,REF55136,"Azul Médio Marmorizado , 36",93.1,93.1,Item doesn't fit,RETURN_OR_REFUND_REQUEST_COMPLETE,RETURN_AND_REFUND
4039641276269168141,4039641276269102605,583505314659206669,2026-04-14,Calça Jeans Feminina Wide Leg Jeans Feminina Cintura Alta,REF51644,"Marmorizada, 44",67.49,67.49,Package received but missing item,RETURN_OR_REFUND_REQUEST_CANCEL,RETURN_AND_REFUND
4039641457754211984,4039641457754146448,583405344303384208,2026-04-14,Calça Jeans Feminina Wide Leg Cintura Alta Terracota,REF54842,"Terracota, 42",79.99,79.99,Item doesn't fit,RETURN_OR_REFUND_REQUEST_COMPLETE,RETURN_AND_REFUND
4039641698587870214,4039641698587804678,583374154839393286,2026-04-14,Calça Jeans Feminina Wide Leg Jeans Feminina Cintura Alta,REF51644,"Marmorizada, 44",69.4,69.4,Item doesn't fit,RETURN_OR_REFUND_REQUEST_CANCEL,RETURN_AND_REFUND
4039641375347869197,4039641375347803661,583505314659206669,2026-04-14,Calça Jeans Feminina Wide Leg Jeans Feminina Cintura Alta,REF51644,"Marmorizada, 44",67.49,67.49,Package wasn't received,RETURN_OR_REFUND_REQUEST_COMPLETE,REFUND
4039641806827914835,4039641806827849299,583484004655728211,2026-04-14,Calça Jeans Feminina Wide Leg Cintura Alta Amarelo Manteiga,REF55040,"AMARELO MANTEIGA, 40",96.41,96.41,Item doesn't fit,RETURN_OR_REFUND_REQUEST_COMPLETE,RETURN_AND_REFUND
4039641870478574840,4039641870478509304,583406173694035192,2026-04-14,Calça Jeans Feminina Wide Leg Jeans Feminina Cintura Alta,REF51644,"Marmorizada, 44",69.99,69.99,"Item arrived damaged. Example: item is dented, scratched or shattered.",RETURN_OR_REFUND_REQUEST_COMPLETE,RETURN_AND_REFUND
4039641950224614785,4039641950224549249,583480533728265601,2026-04-14,Calça Jeans Feminina Wide Leg Jeans Feminina Cintura Alta,REF52544,"Stone Used, 44",62.99,62.99,"Fabric, material or style not as expected",RETURN_OR_REFUND_REQUEST_COMPLETE,RETURN_AND_REFUND
4039641950912218497,4039641950912152961,583480533728265601,2026-04-14,Calça Jeans Feminina Wide Leg Jeans Feminina Cintura Alta,REF52744,"Sky Used, 44",76.19,76.19,"Fabric, material or style not as expected",RETURN_OR_REFUND_REQUEST_COMPLETE,RETURN_AND_REFUND
4039642044852700585,4039642044852635049,583405081119786409,2026-04-14,Calça Feminina Jeans Wide Leg Cintura Alta Azul Médio Marmorizado,REF55142,"Azul Médio Marmorizado , 42",83.89,83.89,Item doesn't fit,RETURN_OR_REFUND_REQUEST_CANCEL,RETURN_AND_REFUND
4039642137351783969,4039642137351718433,583401604003366433,2026-04-14,Calça Feminina Jeans Wide Leg Cintura Alta Azul Médio Marmorizado,REF55142,"Azul Médio Marmorizado , 42",89.82,89.82,"Fabric, material or style not as expected",RETURN_OR_REFUND_REQUEST_COMPLETE,RETURN_AND_REFUND
4039641722261243081,4039641722261177545,583342684671476937,2026-04-14,Calça Jeans Feminina Wide Leg Jeans Feminina Cintura Alta,REF51636,"Marmorizada, 36",84.94,84.94,Package wasn't received,RETURN_OR_REFUND_REQUEST_COMPLETE,REFUND
4039642336682673398,4039642336682607862,583508341698299126,2026-04-14,Calça Jeans Feminina Wide Leg Jeans Feminina Cintura Alta,REF52738,"Sky Used, 38",78.69,78.69,Item doesn't fit,RETURN_OR_REFUND_REQUEST_CANCEL,RETURN_AND_REFUND
4039663877206541904,4039663877206476368,583311676422653520,2026-04-15,Calça Jeans Feminina Wide Leg Jeans Feminina Cintura Alta,REF51636,"Marmorizada, 36",79.9,79.9,Item doesn't fit,RETURN_OR_REFUND_REQUEST_CANCEL,RETURN_AND_REFUND
4039665101593871628,4039665101593806092,583480551862666508,2026-04-15,Calça Jeans Feminina Wide Leg Jeans Feminina Cintura Alta,REF52546,"Stone Used, 46",71.59,71.59,Item doesn't fit,RETURN_OR_REFUND_REQUEST_COMPLETE,RETURN_AND_REFUND
4039665024365069771,4039665024365004235,583521106426561995,2026-04-15,Calça Jeans Feminina Wide Leg Jeans Feminina Cintura Alta,REF52538,"Stone Used, 38",62.99,62.99,Item doesn't fit,RETURN_OR_REFUND_REQUEST_COMPLETE,RETURN_AND_REFUND
4039664632161273658,4039664632161208122,583495303249626938,2026-04-15,Calça Jeans Feminina Wide Leg Jeans Feminina Cintura Alta,REF52540,"Stone Used, 40",85.9,85.9,Item doesn't fit,RETURN_OR_REFUND_REQUEST_COMPLETE,RETURN_AND_REFUND
4039663915665950649,4039663915665885113,583436928388728761,2026-04-15,Calça Jeans Feminina Wide Leg Jeans Feminina Cintura Alta,REF52738,"Sky Used, 38",71.05,71.05,"Fabric, material or style not as expected",RETURN_OR_REFUND_REQUEST_COMPLETE,RETURN_AND_REFUND
4039664051244140518,4039664051244074982,583484004232038374,2026-04-15,Calça Jeans Feminina Wide Leg Jeans Feminina Cintura Alta,REF51636,"Marmorizada, 36",64.94,64.94,Item doesn't fit,RETURN_OR_REFUND_REQUEST_COMPLETE,RETURN_AND_REFUND
4039665144229300073,4039665144229234537,583336912309028713,2026-04-15,Calça Jeans Feminina Wide Leg Jeans Feminina Cintura Alta,REF51636,"Marmorizada, 36",87.89,87.89,Item doesn't fit,RETURN_OR_REFUND_REQUEST_COMPLETE,RETURN_AND_REFUND
4039664137997223668,4039664137997158132,583515579998177012,2026-04-15,Calça Jeans Feminina Wide Leg Jeans Cintura Alta Preta Marmorizada,REF52844,44,84.99,84.99,Item doesn't fit,RETURN_OR_REFUND_REQUEST_COMPLETE,RETURN_AND_REFUND
4039665167761835023,4039665167761638415,583480431096464399,2026-04-15,Calça Feminina Jeans Wide Leg Cintura Alta Azul Médio Marmorizado,REF55140,"Azul Médio Marmorizado , 40",71.99,71.99,Item doesn't fit,RETURN_OR_REFUND_REQUEST_COMPLETE,RETURN_AND_REFUND
4039667761076209269,4039667761076143733,583419802844825205,2026-04-15,Calça Jeans Feminina Wide Leg Jeans Feminina Cintura Alta,REF52740,"Sky Used, 40",79.5,79.5,Item doesn't fit,RETURN_OR_REFUND_REQUEST_CANCEL,RETURN_AND_REFUND
4039665693221226299,4039665693221160763,583508403343034171,2026-04-15,Calça Jeans Feminina Wide Leg Jeans Feminina Cintura Alta,REF51636,"Marmorizada, 36",79.9,79.9,Item doesn't match description,RETURN_OR_REFUND_REQUEST_COMPLETE,RETURN_AND_REFUND
4039665710036060006,4039665710035994470,583390732906760038,2026-04-15,Calça Jeans Feminina Wide Leg Jeans Feminina Cintura Alta,REF52544,"Stone Used, 44",97.99,97.99,Item doesn't fit,RETURN_OR_REFUND_REQUEST_COMPLETE,RETURN_AND_REFUND
4039666032081732662,4039666032081667126,583480176292824118,2026-04-15,Calça Jeans Feminina Wide Leg Jeans Feminina Cintura Alta,REF52538,"Stone Used, 38",65.59,65.59,Item doesn't match description,RETURN_OR_REFUND_REQUEST_CANCEL,RETURN_AND_REFUND
4039666088286652168,4039666088286586632,583510024755775240,2026-04-15,Calça Jeans Feminina Wide Leg Jeans Feminina Cintura Alta,REF51636,"Marmorizada, 36",77.4,77.4,"Fabric, material or style not as expected",RETURN_OR_REFUND_REQUEST_COMPLETE,RETURN_AND_REFUND
4039666104352474888,4039666104352409352,583510024755775240,2026-04-15,Calça Jeans Feminina Wide Leg Jeans Feminina Cintura Alta,REF52536,"Stone Used, 36",80.6,80.6,"Fabric, material or style not as expected",RETURN_OR_REFUND_REQUEST_COMPLETE,RETURN_AND_REFUND
4039666125823116806,4039666125823051270,583153234492884486,2026-04-15,Calça Jeans Feminina Wide Leg Jeans Feminina Cintura Alta,REF51642,"Marmorizada, 42",63.94,63.94,Item doesn't fit,RETURN_OR_REFUND_REQUEST_COMPLETE,RETURN_AND_REFUND
4039666435637216268,4039666435637150732,583505886161765388,2026-04-15,Calça Feminina Jeans Wide Leg Cintura Alta Azul Médio Marmorizado,REF55138,"Azul Médio Marmorizado , 38",83.71,83.71,Item doesn't fit,RETURN_OR_REFUND_REQUEST_CANCEL,RETURN_AND_REFUND
4039668308885538100,4039668308885472564,583451509905065268,2026-04-15,Calça Jeans Feminina Wide Leg Jeans Feminina Cintura Alta,REF52538,"Stone Used, 38",83.62,83.62,Item doesn't fit,RETURN_OR_REFUND_REQUEST_COMPLETE,RETURN_AND_REFUND
4039663844206741008,4039663844206675472,583506735011956240,2026-04-15,Calça Feminina Jeans Wide Leg Cintura Alta Azul Médio Marmorizado,REF55138,"Azul Médio Marmorizado , 38",79.99,79.99,Item doesn't fit,RETURN_OR_REFUND_REQUEST_COMPLETE,RETURN_AND_REFUND
4039665519125169251,4039665519125103715,583431685303403619,2026-04-15,Calça Jeans Feminina Wide Leg Jeans Feminina Cintura Alta,REF51642,"Marmorizada, 42",84.28,84.28,"Fabric, material or style not as expected",RETURN_OR_REFUND_REQUEST_COMPLETE,RETURN_AND_REFUND
4039663740340176049,4039663740340110513,583451760889529521,2026-04-15,Calça Jeans Feminina Wide Leg Jeans Feminina Cintura Alta,REF52740,"Sky Used, 40",77.87,77.87,Item doesn't fit,RETURN_OR_REFUND_REQUEST_COMPLETE,RETURN_AND_REFUND
4039666916390372881,4039666916390307345,583461583400044049,2026-04-15,Calça Jeans Feminina Wide Leg Jeans Feminina Cintura Alta,REF51638,"Marmorizada, 38",67.89,67.89,Item doesn't fit,RETURN_OR_REFUND_REQUEST_COMPLETE,RETURN_AND_REFUND
4039663629116081910,4039663623962593014,583451421156673270,2026-04-15,Calça Jeans Feminina Wide Leg Jeans Feminina Cintura Alta Stone Used,REF52540,40,63.79,63.79,"Fabric, material or style not as expected",RETURN_OR_REFUND_REQUEST_COMPLETE,RETURN_AND_REFUND
4039654382134724037,4039654382134396357,583420670847649221,2026-04-15,Calça Jeans Feminina Wide Leg Jeans Feminina Cintura Alta,REF51638,"Marmorizada, 38",66.19,66.19,"Package arrived damaged. Example: spilled liquid, damaged box.",RETURN_OR_REFUND_REQUEST_CANCEL,REFUND
4039655041643152476,4039655041643086940,583433627380515932,2026-04-15,Calça Jeans Feminina Wide Leg Jeans Feminina Cintura Alta,REF51638,"Marmorizada, 38",90.7,90.7,Item doesn't fit,RETURN_OR_REFUND_REQUEST_COMPLETE,RETURN_AND_REFUND
4039648668078408885,4039648668078343349,583498323794887861,2026-04-15,Calça Jeans Feminina Wide Leg Jeans Feminina Cintura Alta,REF51636,"Marmorizada, 36",85.9,85.9,Color or pattern not as expected,RETURN_OR_REFUND_REQUEST_COMPLETE,RETURN_AND_REFUND
4039655649072612355,4039655649072546819,583477414695044099,2026-04-15,Calça Jeans Feminina Wide Leg Jeans Feminina Cintura Alta,REF51642,"Marmorizada, 42",83.62,83.62,Item doesn't fit,RETURN_OR_REFUND_REQUEST_COMPLETE,RETURN_AND_REFUND
4039656891766572824,4039656891766507288,583480578114160408,2026-04-15,Calça Jeans Feminina Wide Leg Jeans Feminina Cintura Alta,REF51636,"Marmorizada, 36",66.95,66.95,"Fabric, material or style not as expected",RETURN_OR_REFUND_REQUEST_COMPLETE,RETURN_AND_REFUND
4039657431788389956,4039657431788324420,583508062765942340,2026-04-15,Calça Jeans Feminina Wide Leg Jeans Feminina Cintura Alta,REF52738,"Sky Used, 38",64.99,64.99,Defective item,RETURN_OR_REFUND_REQUEST_CANCEL,RETURN_AND_REFUND
4039657870956594917,4039657870956529381,583480382339122917,2026-04-15,Calça Jeans Feminina Wide Leg Jeans Feminina Cintura Alta,REF51636,"Marmorizada, 36",67.49,67.49,Item doesn't fit,RETURN_OR_REFUND_REQUEST_COMPLETE,RETURN_AND_REFUND
4039658357661074486,4039658357661008950,583450177474954294,2026-04-15,Calça Jeans Feminina Wide Leg Jeans Feminina Cintura Alta,REF52540,"Stone Used, 40",78.3,78.3,Item doesn't fit,RETURN_OR_REFUND_REQUEST_COMPLETE,RETURN_AND_REFUND
4039659680326190422,4039659680326124886,583480399017772374,2026-04-15,Calça Jeans Feminina Wide Leg Jeans Feminina Cintura Alta,REF51642,"Marmorizada, 42",79.9,79.9,Item doesn't fit,RETURN_OR_REFUND_REQUEST_COMPLETE,RETURN_AND_REFUND
4039660365834323758,4039660365834258222,583420652901271342,2026-04-15,Calça Jeans Feminina Wide Leg Jeans Feminina Cintura Alta,REF51636,"Marmorizada, 36",79.9,79.9,Item doesn't fit,RETURN_OR_REFUND_REQUEST_COMPLETE,RETURN_AND_REFUND
4039663647690557266,4039663647690491730,583369376579094354,2026-04-15,Calça Feminina Jeans Wide Leg Cintura Alta Azul Médio Marmorizado,REF55140,"Azul Médio Marmorizado , 40",107.5,107.5,Color or pattern not as expected,RETURN_OR_REFUND_REQUEST_COMPLETE,RETURN_AND_REFUND
4039660584193852666,4039660584193787130,583450280297465082,2026-04-15,Calça Jeans Feminina Wide Leg Jeans Feminina Cintura Alta,REF51638,"Marmorizada, 38",78.3,78.3,Item doesn't fit,RETURN_OR_REFUND_REQUEST_COMPLETE,RETURN_AND_REFUND
4039660923394099070,4039660923394033534,583480338453202814,2026-04-15,Calça Jeans Feminina Wide Leg Jeans Feminina Cintura Alta,REF52540,"Stone Used, 40",64.99,64.99,Item doesn't fit,RETURN_OR_REFUND_REQUEST_COMPLETE,RETURN_AND_REFUND
4039660983272769457,4039660983272703921,583448380139866033,2026-04-15,Calça Jeans Feminina Wide Leg Jeans Feminina Cintura Alta,REF52538,"Stone Used, 38",69.99,69.99,Item doesn't fit,RETURN_OR_REFUND_REQUEST_COMPLETE,RETURN_AND_REFUND
4039661384992720766,4039661384992655230,583420604022228862,2026-04-15,Calça Jeans Feminina Wide Leg Jeans Feminina Cintura Alta,REF52544,"Stone Used, 44",71.61,71.61,Item doesn't fit,RETURN_OR_REFUND_REQUEST_COMPLETE,RETURN_AND_REFUND
4039661383903184772,4039661383903119236,583451015591397252,2026-04-15,Calça Jeans Feminina Wide Leg Jeans Feminina Cintura Alta,REF51638,"Marmorizada, 38",65.92,65.92,Defective item,RETURN_OR_REFUND_REQUEST_COMPLETE,REFUND
4039662313626043763,4039662313625978227,583521879318955379,2026-04-15,Calça Feminina Jeans Wide Leg Cintura Alta Azul Médio Marmorizado,REF55138,"Azul Médio Marmorizado , 38",74.18,74.18,Item doesn't fit,RETURN_OR_REFUND_REQUEST_COMPLETE,RETURN_AND_REFUND
4039663084064507092,4039663084064376020,583389970009851092,2026-04-15,Calça Jeans Feminina Wide Leg Jeans Feminina Cintura Alta,REF51642,"Marmorizada, 42",79.9,159.8,Item doesn't fit,RETURN_OR_REFUND_REQUEST_COMPLETE,RETURN_AND_REFUND
4039663084064441556,4039663084064376020,583389970009851092,2026-04-15,Calça Jeans Feminina Wide Leg Jeans Feminina Cintura Alta,REF51642,"Marmorizada, 42",79.9,159.8,Item doesn't fit,RETURN_OR_REFUND_REQUEST_COMPLETE,RETURN_AND_REFUND
4039663597317489966,4039663597317424430,583501582944208174,2026-04-15,Calça Jeans Feminina Wide Leg Jeans Feminina Cintura Alta,REF52540,"Stone Used, 40",80.7,80.7,Item doesn't match description,RETURN_OR_REFUND_REQUEST_COMPLETE,RETURN_AND_REFUND
4039660403788711726,4039660403788646190,583420652901271342,2026-04-15,Calça Feminina Jeans Wide Leg Cintura Alta Azul Médio Marmorizado,REF55136,"Azul Médio Marmorizado , 36",81.99,81.99,Item doesn't fit,RETURN_OR_REFUND_REQUEST_COMPLETE,RETURN_AND_REFUND
4039685746305893622,4039685746305828086,583406493892117750,2026-04-16,Calça Feminina Jeans Wide Leg Cintura Alta Azul Médio Marmorizado,REF55140,"Azul Médio Marmorizado , 40",76.39,76.39,Item doesn't fit,RETURN_OR_REFUND_REQUEST_COMPLETE,RETURN_AND_REFUND
4039685687522330278,4039685687522264742,583494435639953062,2026-04-16,Calça Jeans Feminina Wide Leg Jeans Feminina Cintura Alta,REF51638,"Marmorizada, 38",79.9,79.9,Item doesn't fit,RETURN_OR_REFUND_REQUEST_COMPLETE,RETURN_AND_REFUND
4039685675643798553,4039685675643733017,583265783250256921,2026-04-16,Calça Jeans Feminina Wide Leg Jeans Feminina Cintura Alta,REF52540,"Stone Used, 40",69.99,69.99,Item doesn't fit,RETURN_OR_REFUND_REQUEST_COMPLETE,RETURN_AND_REFUND
4039685297083614718,4039685297083549182,583329321914238462,2026-04-16,Calça Jeans Feminina Wide Leg Jeans Feminina Cintura Alta,REF51638,"Marmorizada, 38",78.6,78.6,Item doesn't match description,RETURN_OR_REFUND_REQUEST_CANCEL,RETURN_AND_REFUND
4039684972634015557,4039684972633950021,583407163644217157,2026-04-16,Calça Jeans Feminina Wide Leg Jeans Feminina Cintura Alta,REF51636,"Marmorizada, 36",69.99,69.99,Color or pattern not as expected,RETURN_OR_REFUND_REQUEST_COMPLETE,RETURN_AND_REFUND
4039685062057297735,4039685062057232199,583232517215192903,2026-04-16,Calça Feminina Jeans Wide Leg Cintura Alta Azul Médio Marmorizado,REF55140,"Azul Médio Marmorizado , 40",71.99,71.99,Defective item,RETURN_OR_REFUND_REQUEST_COMPLETE,REFUND
4039685055962186787,4039685055962121251,583284892515337251,2026-04-16,Calça Jeans Feminina Wide Leg Jeans Feminina Cintura Alta,REF52542,"Stone Used, 42",89.94,89.94,Item doesn't fit,RETURN_OR_REFUND_REQUEST_COMPLETE,RETURN_AND_REFUND
4039686015941773280,4039686015941707744,583536416900679648,2026-04-16,Calça Jeans Feminina Wide Leg Jeans Feminina Cintura Alta,REF51638,"Marmorizada, 38",98.53,98.53,Item doesn't fit,RETURN_OR_REFUND_REQUEST_COMPLETE,RETURN_AND_REFUND
4039684933305927493,4039684933305861957,583407163644217157,2026-04-16,Calça Jeans Feminina Wide Leg Jeans Feminina Cintura Alta,REF52536,"Stone Used, 36",69.99,69.99,Color or pattern not as expected,RETURN_OR_REFUND_REQUEST_COMPLETE,RETURN_AND_REFUND
4039685110085616926,4039685110085551390,583190732098929950,2026-04-16,Calça Feminina Jeans Wide Leg Cintura Alta Azul Médio Marmorizado,REF55140,"Azul Médio Marmorizado , 40",81.99,81.99,Item doesn't fit,RETURN_OR_REFUND_REQUEST_CANCEL,RETURN_AND_REFUND
4039686020717511705,4039686020717446169,583521146390152217,2026-04-16,Calça Jeans Feminina Wide Leg Jeans Feminina Cintura Alta,REF52736,"Sky Used, 36",65.19,65.19,Item doesn't fit,RETURN_OR_REFUND_REQUEST_COMPLETE,RETURN_AND_REFUND
4039686736596206609,4039686736596141073,583508008432141329,2026-04-16,Calça Jeans Feminina Wide Leg Jeans Feminina Cintura Alta,REF51636,"Marmorizada, 36",79.9,79.9,Item doesn't fit,RETURN_OR_REFUND_REQUEST_COMPLETE,RETURN_AND_REFUND
4039686404275079070,4039686404275013534,583420778335537054,2026-04-16,Calça Feminina Jeans Wide Leg Cintura Alta Azul Médio Marmorizado,REF55140,"Azul Médio Marmorizado , 40",78.39,78.39,"Fabric, material or style not as expected",RETURN_OR_REFUND_REQUEST_COMPLETE,RETURN_AND_REFUND
4039686543461942956,4039686543461877420,583390833229989548,2026-04-16,Calça Jeans Feminina Wide Leg Jeans Cintura Alta Preta Marmorizada,REF52842,42,89.99,89.99,Item doesn't fit,RETURN_OR_REFUND_REQUEST_CANCEL,RETURN_AND_REFUND
4039686569217590956,4039686569217525420,583390833229989548,2026-04-16,Calça Feminina Jeans Wide Leg Cintura Alta Azul Médio Marmorizado,REF55142,"Azul Médio Marmorizado , 42",83.19,83.19,Item doesn't fit,RETURN_OR_REFUND_REQUEST_CANCEL,RETURN_AND_REFUND
4039686993134257852,4039686993134192316,583494273486456508,2026-04-16,Calça Jeans Feminina Wide Leg Jeans Feminina Cintura Alta,REF52544,"Stone Used, 44",69.75,69.75,Item doesn't fit,RETURN_OR_REFUND_REQUEST_COMPLETE,RETURN_AND_REFUND
4039687261932914324,4039687261932848788,583479970118469268,2026-04-16,Calça Jeans Feminina Wide Leg Jeans Feminina Cintura Alta,REF52538,"Stone Used, 38",67.29,67.29,Item doesn't fit,RETURN_OR_REFUND_REQUEST_COMPLETE,RETURN_AND_REFUND
4039687329897940159,4039687329897874623,583537321944450239,2026-04-16,Calça Jeans Feminina Wide Leg Jeans Feminina Cintura Alta,REF51638,"Marmorizada, 38",69.99,69.99,Item doesn't fit,RETURN_OR_REFUND_REQUEST_COMPLETE,RETURN_AND_REFUND
4039687870609852128,4039687830665070304,583493417951266528,2026-04-16,Calça Jeans Feminina Wide Leg Jeans Feminina Cintura Alta,REF51646,"Marmorizada, 46",80.79,80.79,Item doesn't fit,RETURN_OR_REFUND_REQUEST_COMPLETE,RETURN_AND_REFUND
4039688098667857623,4039688098667792087,583535794783225559,2026-04-16,Calça Jeans Feminina Wide Leg Jeans Feminina Cintura Alta,REF51640,"Marmorizada, 40",64.99,64.99,"Item arrived damaged. Example: item is dented, scratched or shattered.",RETURN_OR_REFUND_REQUEST_COMPLETE,RETURN_AND_REFUND
4039684735695947009,4039684735695881473,583478437503862017,2026-04-16,Calça Jeans Feminina Wide Leg Cintura Alta- Candy Colors,REF54942,"ROSA BEBÊ, 42",89.75,89.75,Item doesn't fit,RETURN_OR_REFUND_REQUEST_COMPLETE,RETURN_AND_REFUND
4039688343337797386,4039688343337731850,583508509576627978,2026-04-16,Calça Jeans Feminina Wide Leg Jeans Feminina Cintura Alta,REF52740,"Sky Used, 40",74.47,74.47,Item doesn't fit,RETURN_OR_REFUND_REQUEST_CANCEL,RETURN_AND_REFUND
4039686278859032101,4039686278858966565,583450330478577189,2026-04-16,Calça Jeans Feminina Wide Leg Jeans Feminina Cintura Alta,REF52744,"Sky Used, 44",80.44,80.44,Item doesn't fit,RETURN_OR_REFUND_REQUEST_COMPLETE,RETURN_AND_REFUND
4039688210958288716,4039688200611137356,583493835132077900,2026-04-16,Calça Jeans Feminina Wide Leg Jeans Feminina Cintura Alta,REF51644,"Marmorizada, 44",65.79,65.79,Item doesn't fit,RETURN_OR_REFUND_REQUEST_COMPLETE,RETURN_AND_REFUND
4039684436603471722,4039684436603406186,583452265595635562,2026-04-16,Calça Jeans Feminina Wide Leg Jeans Feminina Cintura Alta,REF51640,"Marmorizada, 40",69.99,69.99,"Package arrived damaged. Example: spilled liquid, damaged box.",RETURN_OR_REFUND_REQUEST_CANCEL,REFUND
4039684269560529968,4039684269560464432,583536883166577712,2026-04-16,Calça Jeans Feminina Wide Leg Jeans Feminina Cintura Alta,REF51642,"Marmorizada, 42",70.79,70.79,"Fabric, material or style not as expected",RETURN_OR_REFUND_REQUEST_COMPLETE,RETURN_AND_REFUND
4039669185081280225,4039669185081214689,583265233817536225,2026-04-16,Blusa Feminina Jeans Bata Tomara Que Caia Candy Colors,REF580M,"Amarelo Manteiga , M",97.12,97.12,No longer needed,RETURN_OR_REFUND_REQUEST_COMPLETE,RETURN_AND_REFUND
4039684381755737319,4039684381755671783,583465593641469159,2026-04-16,Calça Jeans Feminina Wide Leg Cintura Alta- Candy Colors,REF54936,"ROSA BEBÊ, 36",93.1,93.1,Package wasn't received,RETURN_OR_REFUND_REQUEST_COMPLETE,REFUND
4039677954675541113,4039677954675475577,583518731502781561,2026-04-16,Calça Jeans Feminina Wide Leg Jeans Feminina Cintura Alta,REF51646,"Marmorizada, 46",77.34,77.34,Color or pattern not as expected,RETURN_OR_REFUND_REQUEST_COMPLETE,RETURN_AND_REFUND
4039678041362892229,4039678041362695621,583420670847649221,2026-04-16,Calça Jeans Feminina Wide Leg Jeans Feminina Cintura Alta,REF51638,"Marmorizada, 38",66.19,66.19,"Package arrived damaged. Example: spilled liquid, damaged box.",RETURN_OR_REFUND_REQUEST_CANCEL,REFUND
4039678880632898827,4039678880632767755,583432517612373259,2026-04-16,Calça Jeans Feminina Wide Leg Jeans Feminina Cintura Alta,REF51638,"Marmorizada, 38",77.5,77.5,Item doesn't fit,RETURN_OR_REFUND_REQUEST_COMPLETE,RETURN_AND_REFUND
4039679542772467615,4039679542772402079,583465130953901983,2026-04-16,Calça Jeans Feminina Wide Leg Jeans Cintura Alta Preta Marmorizada,REF52838,38,92.04,92.04,Item doesn't fit,RETURN_OR_REFUND_REQUEST_COMPLETE,RETURN_AND_REFUND
4039680422762743576,4039680422762678040,583468112821520152,2026-04-16,Calça Jeans Feminina Wide Leg Jeans Feminina Cintura Alta,REF51644,"Marmorizada, 44",79.9,79.9,Item doesn't fit,RETURN_OR_REFUND_REQUEST_CANCEL,RETURN_AND_REFUND
4039681148479178571,4039681148478981963,583450928298493771,2026-04-16,Calça Jeans Feminina Wide Leg Jeans Feminina Cintura Alta,REF52738,"Sky Used, 38",83.1,83.1,Item doesn't fit,RETURN_OR_REFUND_REQUEST_COMPLETE,RETURN_AND_REFUND
4039681334580971205,4039681334580905669,583266246932727493,2026-04-16,Calça Jeans Feminina Wide Leg Jeans Feminina Cintura Alta,REF51638,"Marmorizada, 38",69.99,69.99,Color or pattern not as expected,RETURN_OR_REFUND_REQUEST_COMPLETE,RETURN_AND_REFUND
4039681428340574064,4039681428340508528,583521548366940016,2026-04-16,Calça Feminina Jeans Wide Leg Cintura Alta Azul Médio Marmorizado,REF55140,"Azul Médio Marmorizado , 40",71.99,71.99,Item doesn't fit,RETURN_OR_REFUND_REQUEST_COMPLETE,RETURN_AND_REFUND
4039682142481450573,4039682142481385037,583495047361693261,2026-04-16,Calça Jeans Feminina Wide Leg Jeans Feminina Cintura Alta,REF51644,"Marmorizada, 44",79.9,79.9,Item doesn't fit,RETURN_OR_REFUND_REQUEST_COMPLETE,RETURN_AND_REFUND
4039682343474005496,4039682343473939960,583404326991595000,2026-04-16,Calça Jeans Feminina Wide Leg Jeans Feminina Cintura Alta,REF51640,"Marmorizada, 40",67.8,67.8,"Package arrived damaged. Example: spilled liquid, damaged box.",RETURN_OR_REFUND_REQUEST_COMPLETE,REFUND
4039677534849173125,4039677534849107589,583451331279488645,2026-04-16,Calça Jeans Feminina Wide Leg Jeans Feminina Cintura Alta,REF51642,"Marmorizada, 42",75.24,75.24,Defective item,RETURN_OR_REFUND_REQUEST_COMPLETE,RETURN_AND_REFUND
4039682655569216527,4039682655569150991,583479717445272591,2026-04-16,Calça Jeans Feminina Wide Leg Jeans Feminina Cintura Alta,REF51640,"Marmorizada, 40",79.9,79.9,Item doesn't fit,RETURN_OR_REFUND_REQUEST_COMPLETE,RETURN_AND_REFUND
4039682413536970232,4039682413536904696,583404326991595000,2026-04-16,Calça Jeans Feminina Wide Leg Jeans Cintura Alta Preta Marmorizada,REF52840,40,87.18,87.18,"Package arrived damaged. Example: spilled liquid, damaged box.",RETURN_OR_REFUND_REQUEST_COMPLETE,REFUND
4039684043179788246,4039684043179722710,583378882873231318,2026-04-16,Calça Jeans Feminina Wide Leg Jeans Feminina Cintura Alta,REF51636,"Marmorizada, 36",77.4,77.4,Defective item,RETURN_OR_REFUND_REQUEST_COMPLETE,RETURN_AND_REFUND
4039683988718519919,4039683988718454383,583277639266961007,2026-04-16,Calça Jeans Feminina Wide Leg Jeans Feminina Cintura Alta,REF51642,"Marmorizada, 42",64.99,64.99,Item doesn't fit,RETURN_OR_REFUND_REQUEST_COMPLETE,RETURN_AND_REFUND
4039683803214087905,4039683803214022369,583265233817536225,2026-04-16,Calça Jeans Feminina Wide Leg Jeans Feminina Cintura Alta,REF52742,"Sky Used, 42",78.88,78.88,No longer needed,RETURN_OR_REFUND_REQUEST_COMPLETE,RETURN_AND_REFUND
4039683294707090901,4039683294707025365,583465679604712917,2026-04-16,Calça Jeans Feminina Wide Leg Jeans Feminina Cintura Alta,REF51636,"Marmorizada, 36",79.9,79.9,Item doesn't fit,RETURN_OR_REFUND_REQUEST_CANCEL,RETURN_AND_REFUND
4039684043179919318,4039684043179853782,583378882873231318,2026-04-16,Calça Jeans Feminina Wide Leg Jeans Feminina Cintura Alta,REF52536,"Stone Used, 36",77.4,77.4,Defective item,RETURN_OR_REFUND_REQUEST_COMPLETE,RETURN_AND_REFUND
4039683074585101626,4039683074585036090,583140551359890746,2026-04-16,Calça Jeans Feminina Wide Leg Jeans Cintura alta,REF54838,"Terracota , 38",71.99,71.99,Item doesn't fit,RETURN_OR_REFUND_REQUEST_COMPLETE,RETURN_AND_REFUND
4039683071581979962,4039683071581914426,583140551359890746,2026-04-16,Calça Jeans Feminina Wide Leg Cintura Alta- Candy Colors,REF54938,"ROSA BEBÊ, 38",71.99,71.99,Item doesn't fit,RETURN_OR_REFUND_REQUEST_COMPLETE,RETURN_AND_REFUND
4039683031903601927,4039683031903536391,583126424277255431,2026-04-16,Calça Jeans Feminina Wide Leg Jeans Feminina Cintura Alta,REF51638,"Marmorizada, 38",61.1,61.1,Item doesn't fit,RETURN_OR_REFUND_REQUEST_COMPLETE,RETURN_AND_REFUND
4039682818594538499,4039682818594472963,583466759593559043,2026-04-16,Calça Jeans Feminina Wide Leg Jeans Feminina Cintura Alta,REF52536,"Stone Used, 36",66.14,66.14,Item doesn't fit,RETURN_OR_REFUND_REQUEST_COMPLETE,RETURN_AND_REFUND
4039683115446404359,4039683115446338823,583205632324044039,2026-04-16,Calça Jeans Feminina Wide Leg Jeans Feminina Cintura Alta,REF52738,"Sky Used, 38",61.1,61.1,Item doesn't fit,RETURN_OR_REFUND_REQUEST_COMPLETE,RETURN_AND_REFUND
4039706659303097534,4039706659303031998,583521493015692478,2026-04-17,Calça Jeans Feminina Wide Leg Jeans Feminina Cintura Alta,REF51644,"Marmorizada, 44",62.99,62.99,Item doesn't fit,RETURN_OR_REFUND_REQUEST_COMPLETE,RETURN_AND_REFUND
4039706052721542468,4039706052721476932,583521676720637252,2026-04-17,Calça Jeans Feminina Wide Leg Jeans Feminina Cintura Alta,REF52736,"Sky Used, 36",67.42,67.42,Item doesn't fit,RETURN_OR_REFUND_REQUEST_COMPLETE,RETURN_AND_REFUND
4039706120967914528,4039706120967848992,583535449848644640,2026-04-17,Calça Jeans Feminina Wide Leg Jeans Feminina Cintura Alta,REF52542,"Stone Used, 42",77.5,77.5,Item doesn't fit,RETURN_OR_REFUND_REQUEST_COMPLETE,RETURN_AND_REFUND
4039706142308075181,4039706142308009645,583547134341777069,2026-04-17,Calça Jeans Feminina Wide Leg Jeans Feminina Cintura Alta,REF51638,"Marmorizada, 38",79.85,79.85,Item doesn't fit,RETURN_OR_REFUND_REQUEST_CANCEL,RETURN_AND_REFUND
4039706249003566419,4039706249003500883,583388087051846995,2026-04-17,Calça Jeans Feminina Wide Leg Jeans Feminina Cintura Alta,REF51642,"Marmorizada, 42",87.56,87.56,Defective item,RETURN_OR_REFUND_REQUEST_COMPLETE,REFUND
4039706391856317825,4039706391856252289,583535543072359809,2026-04-17,Calça Jeans Feminina Wide Leg Jeans Feminina Cintura Alta,REF51640,"Marmorizada, 40",84.28,84.28,Item doesn't fit,RETURN_OR_REFUND_REQUEST_CANCEL,RETURN_AND_REFUND
4039706501422745018,4039706501422679482,583536173102433722,2026-04-17,Calça Feminina Jeans Wide Leg Cintura Alta Azul Médio Marmorizado,REF55136,"Azul Médio Marmorizado , 36",83.71,83.71,"Fabric, material or style not as expected",RETURN_OR_REFUND_REQUEST_COMPLETE,RETURN_AND_REFUND
4039706530018526819,4039706530018461283,583543462222726755,2026-04-17,Calça Jeans Feminina Wide Leg Jeans Feminina Cintura Alta,REF51636,"Marmorizada, 36",79.9,79.9,Item doesn't fit,RETURN_OR_REFUND_REQUEST_COMPLETE,RETURN_AND_REFUND
4039706573504611583,4039706573504546047,583494309124080895,2026-04-17,Calça Jeans Feminina Wide Leg Jeans Feminina Cintura Alta,REF52536,"Stone Used, 36",69.99,69.99,Item doesn't fit,RETURN_OR_REFUND_REQUEST_COMPLETE,RETURN_AND_REFUND
4039706909384934910,4039706909384869374,583329321914238462,2026-04-17,Calça Jeans Feminina Wide Leg Jeans Feminina Cintura Alta,REF51638,"Marmorizada, 38",78.6,78.6,Defective item,RETURN_OR_REFUND_REQUEST_COMPLETE,REFUND
4039710150352078662,4039710150352013126,583551001015256902,2026-04-17,Calça Jeans Feminina Wide Leg Jeans Feminina Cintura Alta,REF52542,"Stone Used, 42",70.79,70.79,Item doesn't fit,RETURN_OR_REFUND_REQUEST_CANCEL,RETURN_AND_REFUND
4039707717161878595,4039707717161813059,583549907042927683,2026-04-17,Calça Jeans Feminina Wide Leg Jeans Feminina Cintura Alta,REF51638,"Marmorizada, 38",64.99,64.99,Item doesn't fit,RETURN_OR_REFUND_REQUEST_CANCEL,RETURN_AND_REFUND
4039708610783905088,4039708610783839552,583312508488942912,2026-04-17,Calça Jeans Feminina Wide Leg Jeans Feminina Cintura Alta,REF52540,"Stone Used, 40",65.92,65.92,Item doesn't fit,RETURN_OR_REFUND_REQUEST_COMPLETE,RETURN_AND_REFUND
4039709316436428754,4039709316436363218,583373431727622098,2026-04-17,Calça Jeans Feminina Wide Leg Jeans Feminina Cintura Alta,REF52540,"Stone Used, 40",79.9,79.9,Item doesn't fit,RETURN_OR_REFUND_REQUEST_COMPLETE,RETURN_AND_REFUND
4039709651603588331,4039709651603522795,583537878567257323,2026-04-17,Calça Jeans Feminina Wide Leg Jeans Feminina Cintura Alta,REF51638,"Marmorizada, 38",77.06,77.06,Item doesn't fit,RETURN_OR_REFUND_REQUEST_COMPLETE,RETURN_AND_REFUND
4039710258598610554,4039710258598545018,583387281165682298,2026-04-17,Calça Jeans Feminina Wide Leg Jeans Feminina Cintura Alta,REF51638,"Marmorizada, 38",83.62,83.62,Item doesn't fit,RETURN_OR_REFUND_REQUEST_COMPLETE,RETURN_AND_REFUND
4039710259205670132,4039710259205604596,583541926202017012,2026-04-17,Calça Jeans Feminina Wide Leg Jeans Feminina Cintura Alta,REF51640,"Marmorizada, 40",75.58,75.58,Item doesn't fit,RETURN_OR_REFUND_REQUEST_COMPLETE,RETURN_AND_REFUND
4039710590739777336,4039710590739711800,583543365108729656,2026-04-17,Calça Jeans Feminina Wide Leg Jeans Feminina Cintura Alta,REF52746,"Sky Used, 46",80.7,80.7,Item doesn't fit,RETURN_OR_REFUND_REQUEST_COMPLETE,RETURN_AND_REFUND
4039710685874849568,4039710685874652960,583130254273578784,2026-04-17,Calça Jeans Feminina Wide Leg Jeans Feminina Cintura Alta,REF52540,"Stone Used, 40",74.04,74.04,Item doesn't fit,RETURN_OR_REFUND_REQUEST_COMPLETE,RETURN_AND_REFUND
4039705924692968867,4039705924692903331,583153270138242467,2026-04-17,Calça Jeans Feminina Wide Leg Jeans Feminina Cintura Alta,REF52546,"Stone Used, 46",67.49,67.49,"Fabric, material or style not as expected",RETURN_OR_REFUND_REQUEST_COMPLETE,RETURN_AND_REFUND
4039707539602703465,4039707539602637929,583467849922937961,2026-04-17,Calça Jeans Feminina Wide Leg Jeans Feminina Cintura Alta,REF52540,"Stone Used, 40",84.28,84.28,Item doesn't fit,RETURN_OR_REFUND_REQUEST_CANCEL,RETURN_AND_REFUND
4039705919788189044,4039705919788123508,583535872966821236,2026-04-17,Calça Jeans Feminina Wide Leg Jeans Feminina Cintura Alta,REF51642,"Marmorizada, 42",82.69,82.69,Item doesn't fit,RETURN_OR_REFUND_REQUEST_COMPLETE,RETURN_AND_REFUND
4039698496027264600,4039698496027199064,583536977852008024,2026-04-17,Calça Jeans Feminina Wide Leg Jeans Cintura Alta Preta Marmorizada,REF52836,36,77.5,77.5,Item doesn't fit,RETURN_OR_REFUND_REQUEST_COMPLETE,RETURN_AND_REFUND
4039705711395637005,4039705711395571469,583492777961817869,2026-04-17,Calça Jeans Feminina Wide Leg Jeans Feminina Cintura Alta,REF52546,"Stone Used, 46",77.4,77.4,"Fabric, material or style not as expected",RETURN_OR_REFUND_REQUEST_COMPLETE,RETURN_AND_REFUND
4039705711395768077,4039705711395702541,583492777961817869,2026-04-17,Calça Jeans Feminina Wide Leg Jeans Feminina Cintura Alta,REF52746,"Sky Used, 46",77.4,77.4,"Fabric, material or style not as expected",RETURN_OR_REFUND_REQUEST_COMPLETE,RETURN_AND_REFUND
4039697658728384509,4039697658728318973,583494550617425917,2026-04-17,Calça Jeans Feminina Wide Leg Jeans Feminina Cintura Alta,REF52540,"Stone Used, 40",64.94,64.94,"Fabric, material or style not as expected",RETURN_OR_REFUND_REQUEST_CANCEL,RETURN_AND_REFUND
4039692729478186710,4039692729478121174,583535862664365782,2026-04-17,Calça Jeans Feminina Wide Leg Jeans Feminina Cintura Alta,REF52542,"Stone Used, 42",69.99,69.99,Item doesn't fit,RETURN_OR_REFUND_REQUEST_CANCEL,RETURN_AND_REFUND
4039699174960891680,4039699174960826144,583520345116477216,2026-04-17,Calça Jeans Feminina Wide Leg Jeans Feminina Cintura Alta,REF51636,"Marmorizada, 36",79.9,79.9,Item doesn't fit,RETURN_OR_REFUND_REQUEST_COMPLETE,RETURN_AND_REFUND
4039700129741441010,4039700129740851186,583420771427846130,2026-04-17,Calça Jeans Feminina Wide Leg Jeans Feminina Cintura Alta,REF51636,"Marmorizada, 36",62.99,62.99,Package wasn't received,RETURN_OR_REFUND_REQUEST_CANCEL,REFUND
4039700373189854676,4039700373189789140,583466283587831252,2026-04-17,Calça Jeans Feminina Wide Leg Jeans Feminina Cintura Alta,REF52744,"Sky Used, 44",80.7,80.7,Item doesn't fit,RETURN_OR_REFUND_REQUEST_COMPLETE,RETURN_AND_REFUND
4039700378217579917,4039700378217514381,583509231547876749,2026-04-17,Calça Feminina Jeans Wide Leg Cintura Alta Azul Médio Marmorizado,REF55140,"Azul Médio Marmorizado , 40",79.02,79.02,"Fabric, material or style not as expected",RETURN_OR_REFUND_REQUEST_COMPLETE,RETURN_AND_REFUND
4039700396739429714,4039700396739364178,583522221350159698,2026-04-17,Calça Jeans Feminina Wide Leg Cintura Alta Amarelo Manteiga,REF55038,"AMARELO MANTEIGA, 38",89.9,89.9,Item doesn't fit,RETURN_OR_REFUND_REQUEST_COMPLETE,RETURN_AND_REFUND
4039701420568708291,4039701420568642755,583521218768635075,2026-04-17,Calça Jeans Feminina Wide Leg Jeans Feminina Cintura Alta,REF51644,"Marmorizada, 44",62.99,62.99,Defective item,RETURN_OR_REFUND_REQUEST_COMPLETE,RETURN_AND_REFUND
4039702765233342233,4039702765233276697,583521070681261849,2026-04-17,Calça Jeans Feminina Wide Leg Jeans Feminina Cintura Alta,REF52736,"Sky Used, 36",67.89,67.89,Color or pattern not as expected,RETURN_OR_REFUND_REQUEST_COMPLETE,RETURN_AND_REFUND
4039698474787899005,4039698474787833469,583375476206634621,2026-04-17,Calça Jeans Feminina Wide Leg Jeans Cintura Alta Preta Marmorizada,REF52844,44,100.79,100.79,Item doesn't fit,RETURN_OR_REFUND_REQUEST_COMPLETE,RETURN_AND_REFUND
4039703029931935556,4039703029931870020,583494308746266436,2026-04-17,Calça Jeans Feminina Wide Leg Jeans Feminina Cintura Alta,REF51642,"Marmorizada, 42",73.42,73.42,Item doesn't fit,RETURN_OR_REFUND_REQUEST_COMPLETE,RETURN_AND_REFUND
4039702877415769443,4039702877415703907,583477168338273635,2026-04-17,Calça Jeans Feminina Wide Leg Jeans Feminina Cintura Alta,REF51642,"Marmorizada, 42",79.9,79.9,Item doesn't fit,RETURN_OR_REFUND_REQUEST_CANCEL,RETURN_AND_REFUND
4039704964031546774,4039704964031481238,583551401349580182,2026-04-17,Calça Jeans Feminina Wide Leg Jeans Feminina Cintura Alta,REF51642,"Marmorizada, 42",69.49,69.49,"Fabric, material or style not as expected",RETURN_OR_REFUND_REQUEST_COMPLETE,RETURN_AND_REFUND
4039704882635376422,4039704882635310886,583450697954592550,2026-04-17,Calça Jeans Feminina Wide Leg Jeans Feminina Cintura Alta,REF51644,"Marmorizada, 44",63.1,63.1,Item doesn't fit,RETURN_OR_REFUND_REQUEST_COMPLETE,RETURN_AND_REFUND
4039704867879421334,4039704867879355798,583551401349580182,2026-04-17,Calça Jeans Feminina Wide Leg Jeans Feminina Cintura Alta,REF52742,"Sky Used, 42",64.99,64.99,"Fabric, material or style not as expected",RETURN_OR_REFUND_REQUEST_COMPLETE,RETURN_AND_REFUND
4039704915834865046,4039704915834799510,583551401349580182,2026-04-17,Calça Jeans Feminina Wide Leg Jeans Feminina Cintura Alta,REF52542,"Stone Used, 42",64.99,64.99,"Fabric, material or style not as expected",RETURN_OR_REFUND_REQUEST_COMPLETE,RETURN_AND_REFUND
4039704187545355991,4039704187545290455,583491138939029207,2026-04-17,Calça Jeans Feminina Wide Leg Jeans Feminina Cintura Alta,REF51636,"Marmorizada, 36",77.4,77.4,Item doesn't fit,RETURN_OR_REFUND_REQUEST_COMPLETE,RETURN_AND_REFUND
4039704142437844271,4039704142437778735,583551982131250479,2026-04-17,Calça Jeans Feminina Wide Leg Jeans Feminina Cintura Alta,REF51642,"Marmorizada, 42",65.96,65.96,Item doesn't fit,RETURN_OR_REFUND_REQUEST_COMPLETE,RETURN_AND_REFUND
4039703234973894606,4039703234973829070,583535873110017998,2026-04-17,Calça Jeans Feminina Wide Leg Jeans Feminina Cintura Alta,REF51638,"Marmorizada, 38",79.9,79.9,Package wasn't received,RETURN_OR_REFUND_REQUEST_COMPLETE,REFUND
4039704248459232983,4039704248459167447,583491138939029207,2026-04-17,Calça Jeans Feminina Wide Leg Jeans Feminina Cintura Alta,REF51646,"Marmorizada, 46",79.4,79.4,Item doesn't fit,RETURN_OR_REFUND_REQUEST_COMPLETE,RETURN_AND_REFUND
4039726790606947755,4039726790606882219,583420458253452715,2026-04-18,Calça Feminina Jeans Wide Leg Cintura Alta Azul Médio Marmorizado,REF55140,"Azul Médio Marmorizado , 40",82.59,82.59,Item doesn't fit,RETURN_OR_REFUND_REQUEST_CANCEL,RETURN_AND_REFUND
4039727809504446307,4039727809504380771,583551384806721379,2026-04-18,Calça Jeans Feminina Wide Leg Jeans Feminina Cintura Alta,REF51636,"Marmorizada, 36",69.89,69.89,Item doesn't fit,RETURN_OR_REFUND_REQUEST_CANCEL,RETURN_AND_REFUND
4039727070097147443,4039727070097081907,583535781500978739,2026-04-18,Calça Jeans Feminina Wide Leg Jeans Feminina Cintura Alta,REF52542,"Stone Used, 42",77.2,77.2,Item doesn't fit,RETURN_OR_REFUND_REQUEST_COMPLETE,RETURN_AND_REFUND
4039727107443885384,4039727107443819848,583546986692052296,2026-04-18,Calça Jeans Feminina Wide Leg Jeans Feminina Cintura Alta,REF51638,"Marmorizada, 38",80.71,80.71,Item doesn't fit,RETURN_OR_REFUND_REQUEST_COMPLETE,RETURN_AND_REFUND
4039727119309046828,4039727119308981292,583550928675701804,2026-04-18,Calça Jeans Feminina Wide Leg Jeans Cintura Alta Preta Marmorizada,REF52836,36,84.99,84.99,Item doesn't fit,RETURN_OR_REFUND_REQUEST_COMPLETE,RETURN_AND_REFUND
4039727335056967325,4039727335056901789,583551754145597085,2026-04-18,Calça Jeans Feminina Wide Leg Jeans Feminina Cintura Alta,REF52740,"Sky Used, 40",62.99,62.99,Item doesn't fit,RETURN_OR_REFUND_REQUEST_COMPLETE,RETURN_AND_REFUND
4039728098913256643,4039728098913191107,583390770724242627,2026-04-18,Calça Jeans Feminina Wide Leg Jeans Feminina Cintura Alta,REF52536,"Stone Used, 36",69.99,69.99,"Fabric, material or style not as expected",RETURN_OR_REFUND_REQUEST_COMPLETE,RETURN_AND_REFUND
4039729616224749145,4039729616224683609,583557484421940825,2026-04-18,Calça Jeans Feminina Wide Leg Jeans Feminina Cintura Alta,REF52542,"Stone Used, 42",69.99,69.99,Item doesn't fit,RETURN_OR_REFUND_REQUEST_CANCEL,RETURN_AND_REFUND
4039728919605642915,4039728919605577379,583483495111755427,2026-04-18,Calça Jeans Feminina Wide Leg Jeans Feminina Cintura Alta,REF51642,"Marmorizada, 42",84.28,84.28,Item doesn't fit,RETURN_OR_REFUND_REQUEST_CANCEL,RETURN_AND_REFUND
4039729256663254161,4039729256663188625,583551647486936209,2026-04-18,Calça Jeans Feminina Wide Leg Jeans Feminina Cintura Alta,REF51640,"Marmorizada, 40",66.57,66.57,Item doesn't match description,RETURN_OR_REFUND_REQUEST_CANCEL,RETURN_AND_REFUND
4039729595880605490,4039729595880539954,583494390237857586,2026-04-18,Calça Jeans Feminina Wide Leg Jeans Feminina Cintura Alta,REF52540,"Stone Used, 40",69.99,69.99,Item doesn't fit,RETURN_OR_REFUND_REQUEST_COMPLETE,RETURN_AND_REFUND
4039730080465716782,4039730080465651246,583551369065694766,2026-04-18,Calça Jeans Feminina Wide Leg Jeans Feminina Cintura Alta,REF51642,"Marmorizada, 42",62.99,62.99,"Fabric, material or style not as expected",RETURN_OR_REFUND_REQUEST_COMPLETE,RETURN_AND_REFUND
4039730947722151617,4039730947722086081,583551247451588289,2026-04-18,Calça Jeans Feminina Wide Leg Jeans Feminina Cintura Alta,REF52542,"Stone Used, 42",65.92,65.92,Item doesn't fit,RETURN_OR_REFUND_REQUEST_COMPLETE,RETURN_AND_REFUND
4039731078758565493,4039731078758499957,583557530580256373,2026-04-18,Calça Jeans Feminina Wide Leg Jeans Feminina Cintura Alta,REF52542,"Stone Used, 42",61.1,61.1,"Item arrived damaged. Example: item is dented, scratched or shattered.",RETURN_OR_REFUND_REQUEST_CANCEL,RETURN_AND_REFUND
4039726707370133419,4039726707370067883,583480104041744299,2026-04-18,Calça Feminina Jeans Wide Leg Cintura Alta Azul Médio Marmorizado,REF55138,"Azul Médio Marmorizado , 38",71.99,71.99,Item doesn't fit,RETURN_OR_REFUND_REQUEST_COMPLETE,RETURN_AND_REFUND
4039728100232103107,4039728100232037571,583390770724242627,2026-04-18,Calça Jeans Feminina Wide Leg Jeans Feminina Cintura Alta,REF51636,"Marmorizada, 36",73.19,73.19,Item doesn't fit,RETURN_OR_REFUND_REQUEST_COMPLETE,RETURN_AND_REFUND
4039726630206801562,4039726630206736026,583553433357354650,2026-04-18,Calça Jeans Feminina Wide Leg Jeans Feminina Cintura Alta,REF52742,"Sky Used, 42",81.75,81.75,Item doesn't fit,RETURN_OR_REFUND_REQUEST_COMPLETE,RETURN_AND_REFUND
4039731540014958259,4039731540014892723,583535036879898291,2026-04-18,Calça Jeans Feminina Wide Leg Jeans Feminina Cintura Alta,REF52742,"Sky Used, 42",84.28,84.28,Item doesn't fit,RETURN_OR_REFUND_REQUEST_CANCEL,RETURN_AND_REFUND
4039726598063753203,4039726598063687667,583563629124028403,2026-04-18,Saia Jeans Feminina Cintura Alta Barra A Fio,REF56636,"Chocolate , 36",61.1,61.1,No longer needed,RETURN_OR_REFUND_REQUEST_CANCEL,RETURN_AND_REFUND
4039726608478996467,4039726608478930931,583563629124028403,2026-04-18,Blusa Feminina Jeans Bata Tomara Que Caia Candy Colors,REF585P,"Chocolate, P",78.56,78.56,No longer needed,RETURN_OR_REFUND_REQUEST_CANCEL,RETURN_AND_REFUND
4039718865256547765,4039718865256482229,583420604939470261,2026-04-18,Calça Jeans Feminina Wide Leg Jeans Feminina Cintura Alta,REF51638,"Marmorizada, 38",86.39,86.39,Item doesn't fit,RETURN_OR_REFUND_REQUEST_COMPLETE,RETURN_AND_REFUND
4039719283355846073,4039719283355780537,583536236696667577,2026-04-18,Calça Jeans Feminina Wide Leg Jeans Feminina Cintura Alta,REF51636,"Marmorizada, 36",69.99,69.99,Item doesn't fit,RETURN_OR_REFUND_REQUEST_COMPLETE,RETURN_AND_REFUND
4039722443353785465,4039722443353719929,583535807781897337,2026-04-18,Shorts Mom/Social Feminino Jeans Cintura Alta Barra Dobrada,REF55342,"Marmorizada, 42",83.55,83.55,Item doesn't fit,RETURN_OR_REFUND_REQUEST_COMPLETE,RETURN_AND_REFUND
4039723124869859098,4039723124869793562,583536948973438746,2026-04-18,Calça Jeans Feminina Wide Leg Jeans Feminina Cintura Alta,REF51638,"Marmorizada, 38",76.56,76.56,Wrong item was sent,RETURN_OR_REFUND_REQUEST_COMPLETE,RETURN_AND_REFUND
4039723585456146053,4039723585456080517,583547984230188677,2026-04-18,Calça Jeans Feminina Wide Leg Cintura Alta Chocolate,REF56238,"Chocolate, 38",72.79,72.79,Item doesn't fit,RETURN_OR_REFUND_REQUEST_COMPLETE,RETURN_AND_REFUND
4039723877338744411,4039723877338678875,583561172666648155,2026-04-18,Calça Jeans Feminina Wide Leg Jeans Feminina Cintura Alta,REF51646,"Marmorizada, 46",77.5,77.5,Item doesn't fit,RETURN_OR_REFUND_REQUEST_COMPLETE,RETURN_AND_REFUND
4039724648849180217,4039724648849114681,583536390838519353,2026-04-18,Calça Jeans Feminina Wide Leg Jeans Feminina Cintura Alta,REF52738,"Sky Used, 38",81.55,81.55,Package received but missing item,RETURN_OR_REFUND_REQUEST_CANCEL,RETURN_AND_REFUND
4039720598984820113,4039720598984754577,583401280240387473,2026-04-18,Calça Feminina Jeans Wide Leg Cintura Alta Azul Médio Marmorizado,REF55142,"Azul Médio Marmorizado , 42",83.19,83.19,Item doesn't fit,RETURN_OR_REFUND_REQUEST_COMPLETE,RETURN_AND_REFUND
4039724730473874586,4039724730473809050,583557570675049626,2026-04-18,Calça Jeans Feminina Wide Leg Jeans Feminina Cintura Alta,REF52740,"Sky Used, 40",79.9,79.9,"Fabric, material or style not as expected",RETURN_OR_REFUND_REQUEST_COMPLETE,RETURN_AND_REFUND
4039724833144997433,4039724794348602937,583536390838519353,2026-04-18,Calça Jeans Feminina Wide Leg Jeans Feminina Cintura Alta,REF52738,"Sky Used, 38",81.55,81.55,Package received but missing item,RETURN_OR_REFUND_REQUEST_CANCEL,RETURN_AND_REFUND
4039724838035555774,4039724838035490238,583547583452775870,2026-04-18,Saia Jeans Feminina Cintura Alta Barra A Fio,REF56638,"Chocolate , 38",62.99,62.99,Item doesn't fit,RETURN_OR_REFUND_REQUEST_COMPLETE,RETURN_AND_REFUND
4039724902528419036,4039724902528353500,583551569352754396,2026-04-18,Calça Jeans Feminina Wide Leg Jeans Feminina Cintura Alta,REF51638,"Marmorizada, 38",62.99,62.99,Item doesn't fit,RETURN_OR_REFUND_REQUEST_COMPLETE,RETURN_AND_REFUND
4039725616456501183,4039725616456435647,583536883429050303,2026-04-18,Calça Jeans Feminina Wide Leg Jeans Feminina Cintura Alta,REF51638,"Marmorizada, 38",70.69,70.69,Item doesn't fit,RETURN_OR_REFUND_REQUEST_COMPLETE,RETURN_AND_REFUND
4039725746603459842,4039725746603394306,583067855094252802,2026-04-18,Calça Jeans Feminina Wide Leg Cintura Alta Branca,REF54638,"Branco, 38",69.83,69.83,Defective item,RETURN_OR_REFUND_REQUEST_COMPLETE,REFUND
4039724702906025529,4039724702905959993,583536390838519353,2026-04-18,Calça Jeans Feminina Wide Leg Jeans Feminina Cintura Alta,REF52738,"Sky Used, 38",81.55,81.55,"Item arrived damaged. Example: item is dented, scratched or shattered.",RETURN_OR_REFUND_REQUEST_CANCEL,RETURN_AND_REFUND
4039726102934553802,4039726102934488266,583558616830149834,2026-04-18,Calça Jeans Feminina Wide Leg Jeans Feminina Cintura Alta,REF51636,"Marmorizada, 36",63.79,63.79,Item doesn't fit,RETURN_OR_REFUND_REQUEST_COMPLETE,RETURN_AND_REFUND
4039751546263144206,4039751546263078670,583494961878304526,2026-04-19,Calça Feminina Jeans Wide Leg Cintura Alta Azul Médio Marmorizado,REF55136,"Azul Médio Marmorizado , 36",77.59,77.59,Item doesn't fit,RETURN_OR_REFUND_REQUEST_COMPLETE,RETURN_AND_REFUND
4039751747616606090,4039751754463152010,583549671378028426,2026-04-19,Calça Jeans Feminina Wide Leg Jeans Feminina Cintura Alta,REF51640,"Marmorizada, 40",79.59,79.59,Item doesn't fit,RETURN_OR_REFUND_REQUEST_COMPLETE,RETURN_AND_REFUND
4039751807738087309,4039751807738021773,583313395592562573,2026-04-19,Calça Feminina Jeans Wide Leg Cintura Alta Azul Médio Marmorizado,REF55136,"Azul Médio Marmorizado , 36",75.17,75.17,Item doesn't fit,RETURN_OR_REFUND_REQUEST_COMPLETE,RETURN_AND_REFUND
4039751845937644549,4039751845937579013,583535892414366725,2026-04-19,Calça Jeans Feminina Wide Leg Jeans Feminina Cintura Alta,REF51640,"Marmorizada, 40",77.5,77.5,Item doesn't fit,RETURN_OR_REFUND_REQUEST_COMPLETE,RETURN_AND_REFUND
4039754366640424776,4039754366640359240,583234171864778568,2026-04-19,Calça Jeans Feminina Wide Leg Jeans Feminina Cintura Alta,REF51638,"Marmorizada, 38",73.83,73.83,Item doesn't fit,RETURN_OR_REFUND_REQUEST_CANCEL,RETURN_AND_REFUND
4039753045420705641,4039753045420640105,583464440720885609,2026-04-19,Calça Feminina Jeans Wide Leg Cintura Alta Azul Médio Marmorizado,REF55144,"Azul Médio Marmorizado , 44",91.9,91.9,Item doesn't fit,RETURN_OR_REFUND_REQUEST_CANCEL,RETURN_AND_REFUND
4039753898157573842,4039753898157508306,583564870864766674,2026-04-19,Calça Jeans Feminina Wide Leg Jeans Feminina Cintura Alta,REF52740,"Sky Used, 40",90.07,90.07,Item doesn't fit,RETURN_OR_REFUND_REQUEST_CANCEL,RETURN_AND_REFUND
4039754371889203163,4039754371889137627,583521261086869467,2026-04-19,Calça Jeans Feminina Wide Leg Cintura Alta Chocolate,REF56240,"Chocolate, 40",70.63,70.63,Color or pattern not as expected,RETURN_OR_REFUND_REQUEST_CANCEL,RETURN_AND_REFUND
4039755563946051306,4039755563945985770,583545976244766442,2026-04-19,Calça Jeans Feminina Wide Leg Jeans Feminina Cintura Alta,REF52542,"Stone Used, 42",78.38,78.38,Defective item,RETURN_OR_REFUND_REQUEST_CANCEL,RETURN_AND_REFUND
4039751517529081740,4039751517529016204,583536204585076620,2026-04-19,Calça Jeans Feminina Wide Leg Jeans Feminina Cintura Alta,REF51640,"Marmorizada, 40",90.7,90.7,Item doesn't fit,RETURN_OR_REFUND_REQUEST_COMPLETE,RETURN_AND_REFUND
4039752805409064045,4039752805408998509,583549574740345965,2026-04-19,Calça Jeans Feminina Wide Leg Jeans Feminina Cintura Alta,REF52542,"Stone Used, 42",79.9,79.9,Item doesn't fit,RETURN_OR_REFUND_REQUEST_COMPLETE,RETURN_AND_REFUND
4039751509370897815,4039751509370832279,583433615507490199,2026-04-19,Calça Jeans Feminina Wide Leg Jeans Feminina Cintura Alta,REF51636,"Marmorizada, 36",90.8,90.8,Item doesn't fit,RETURN_OR_REFUND_REQUEST_CANCEL,RETURN_AND_REFUND
4039752117519812521,4039752117519746985,583522649128273833,2026-04-19,Calça Jeans Feminina Wide Leg Cintura Alta Chocolate,REF56240,"Chocolate, 40",85.41,85.41,No longer needed,RETURN_OR_REFUND_REQUEST_COMPLETE,RETURN_AND_REFUND
4039750565390419077,4039750565390353541,583551949636535429,2026-04-19,Calça Jeans Feminina Wide Leg Jeans Feminina Cintura Alta,REF51638,"Marmorizada, 38",61.9,61.9,Item doesn't fit,RETURN_OR_REFUND_REQUEST_COMPLETE,RETURN_AND_REFUND
4039751163772962684,4039751163772897148,583545121775716220,2026-04-19,Calça Jeans Feminina Wide Leg Jeans Feminina Cintura Alta,REF51638,"Marmorizada, 38",79.9,79.9,"Fabric, material or style not as expected",RETURN_OR_REFUND_REQUEST_CANCEL,RETURN_AND_REFUND
4039742798223869136,4039742798223803600,583474136363992272,2026-04-19,Calça Jeans Feminina Wide Leg Jeans Feminina Cintura Alta,REF52740,"Sky Used, 40",59.29,59.29,Item doesn't fit,RETURN_OR_REFUND_REQUEST_COMPLETE,RETURN_AND_REFUND
4039742798223738064,4039742798223672528,583474136363992272,2026-04-19,Calça Jeans Feminina Wide Leg Jeans Feminina Cintura Alta,REF52540,"Stone Used, 40",54.69,54.69,Item doesn't fit,RETURN_OR_REFUND_REQUEST_COMPLETE,RETURN_AND_REFUND
4039744491996612587,4039744491996350443,583295485459990507,2026-04-19,Calça Jeans Feminina Wide Leg Jeans Feminina Cintura Alta,REF51642,"Marmorizada, 42",67.49,67.49,Package wasn't received,RETURN_OR_REFUND_REQUEST_COMPLETE,REFUND
4039744867813328210,4039744867813262674,583550737254942034,2026-04-19,Calça Jeans Feminina Wide Leg Jeans Feminina Cintura Alta,REF51644,"Marmorizada, 44",77.61,77.61,Item doesn't fit,RETURN_OR_REFUND_REQUEST_COMPLETE,RETURN_AND_REFUND
4039744559597193095,4039744559597127559,583551902522967943,2026-04-19,Calça Jeans Feminina Wide Leg Jeans Feminina Cintura Alta,REF51638,"Marmorizada, 38",62.99,62.99,Item doesn't fit,RETURN_OR_REFUND_REQUEST_CANCEL,RETURN_AND_REFUND
4039746341453530462,4039746341453268318,583564885379417438,2026-04-19,Calça Jeans Feminina Wide Leg Jeans Feminina Cintura Alta,REF52542,"Stone Used, 42",68.69,68.69,Item doesn't fit,RETURN_OR_REFUND_REQUEST_COMPLETE,RETURN_AND_REFUND
4039747846936036367,4039747846935970831,583550780959589391,2026-04-19,Calça Jeans Feminina Wide Leg Jeans Feminina Cintura Alta,REF52742,"Sky Used, 42",77.5,77.5,Item doesn't fit,RETURN_OR_REFUND_REQUEST_CANCEL,RETURN_AND_REFUND
4039747883952866780,4039747883952801244,583535911604094428,2026-04-19,Calça Jeans Feminina Wide Leg Jeans Feminina Cintura Alta,REF52740,"Sky Used, 40",74.16,74.16,Item doesn't fit,RETURN_OR_REFUND_REQUEST_CANCEL,RETURN_AND_REFUND
4039747969671529687,4039747969671464151,583557743673640151,2026-04-19,Calça Jeans Feminina Wide Leg Jeans Feminina Cintura Alta,REF52542,"Stone Used, 42",63.79,63.79,Item doesn't fit,RETURN_OR_REFUND_REQUEST_COMPLETE,RETURN_AND_REFUND
4039749779279545432,4039749779279479896,583313403286029400,2026-04-19,Calça Jeans Feminina Wide Leg Jeans Feminina Cintura Alta,REF51642,"Marmorizada, 42",84.28,84.28,Item doesn't fit,RETURN_OR_REFUND_REQUEST_COMPLETE,RETURN_AND_REFUND
4039746094273758572,4039746094273693036,583520837808653676,2026-04-19,Calça Jeans Feminina Wide Leg Jeans Feminina Cintura Alta Stone Used,REF52540,40,63.79,63.79,Item doesn't fit,RETURN_OR_REFUND_REQUEST_COMPLETE,RETURN_AND_REFUND
4039772183488071496,4039772183488005960,583577006404634440,2026-04-20,Calça Jeans Feminina Wide Leg Jeans Cintura alta,REF54744,"Preta , 44",100.45,100.45,Item doesn't fit,RETURN_OR_REFUND_REQUEST_CANCEL,RETURN_AND_REFUND
4039772302632715988,4039772302632650452,583480265127855828,2026-04-20,Calça Jeans Feminina Wide Leg Jeans Feminina Cintura Alta,REF51638,"Marmorizada, 38",74.49,74.49,Item doesn't fit,RETURN_OR_REFUND_REQUEST_COMPLETE,RETURN_AND_REFUND
4039772292271409084,4039772292271343548,583546485605238716,2026-04-20,Calça Jeans Feminina Wide Leg Jeans Feminina Cintura Alta,REF52542,"Stone Used, 42",77.29,77.29,Defective item,RETURN_OR_REFUND_REQUEST_CANCEL,RETURN_AND_REFUND
4039772207507539796,4039772207507474260,583537543455410004,2026-04-20,Calça Jeans Feminina Wide Leg Jeans Feminina Cintura Alta,REF52536,"Stone Used, 36",73.24,73.24,Item doesn't fit,RETURN_OR_REFUND_REQUEST_COMPLETE,RETURN_AND_REFUND
4039772171011458827,4039772171011393291,583479677172287243,2026-04-20,Calça Jeans Feminina Wide Leg Jeans Feminina Cintura Alta,REF51636,"Marmorizada, 36",79.9,79.9,Item doesn't fit,RETURN_OR_REFUND_REQUEST_COMPLETE,RETURN_AND_REFUND
4039771902517544372,4039771902517478836,583563447869998516,2026-04-20,Blusa Feminina Jeans Bata Tomara Que Caia Candy Colors,REF585G,"Chocolate, G",80.99,80.99,Item doesn't match description,RETURN_OR_REFUND_REQUEST_COMPLETE,RETURN_AND_REFUND
4039772114880529918,4039772114880464382,583549855954535934,2026-04-20,Calça Jeans Feminina Wide Leg Jeans Feminina Cintura Alta,REF51636,"Marmorizada, 36",75.39,75.39,"Fabric, material or style not as expected",RETURN_OR_REFUND_REQUEST_COMPLETE,RETURN_AND_REFUND
4039772110007207739,4039772110007142203,583549978408486715,2026-04-20,Calça Jeans Feminina Wide Leg Jeans Feminina Cintura Alta,REF51642,"Marmorizada, 42",79.9,79.9,Item doesn't fit,RETURN_OR_REFUND_REQUEST_CANCEL,RETURN_AND_REFUND
4039772079164524051,4039772076105565715,583570850246133267,2026-04-20,Calça Feminina Jeans Wide Leg Cintura Alta Azul Médio Marmorizado,REF55142,"Azul Médio Marmorizado , 42",100.7,100.7,Item doesn't fit,RETURN_OR_REFUND_REQUEST_CANCEL,RETURN_AND_REFUND
4039772058131072413,4039772058131006877,583551251040142749,2026-04-20,Calça Jeans Feminina Wide Leg Jeans Feminina Cintura Alta,REF52736,"Sky Used, 36",62.99,62.99,Item doesn't fit,RETURN_OR_REFUND_REQUEST_COMPLETE,RETURN_AND_REFUND
4039772298758686266,4039772298758620730,583565343874516538,2026-04-20,Calça Jeans Feminina Wide Leg Jeans Feminina Cintura Alta,REF52536,"Stone Used, 36",73.19,73.19,Item doesn't fit,RETURN_OR_REFUND_REQUEST_COMPLETE,RETURN_AND_REFUND
4039771894600664173,4039771894600598637,583550919210402925,2026-04-20,Calça Jeans Feminina Wide Leg Jeans Feminina Cintura Alta,REF51644,"Marmorizada, 44",79.9,79.9,Item doesn't fit,RETURN_OR_REFUND_REQUEST_COMPLETE,RETURN_AND_REFUND
4039772130670183805,4039772130670118269,583558569779823997,2026-04-20,Calça Jeans Feminina Wide Leg Jeans Feminina Cintura Alta,REF51646,"Marmorizada, 46",65.92,65.92,Item doesn't fit,RETURN_OR_REFUND_REQUEST_CANCEL,RETURN_AND_REFUND
4039772310826878696,4039772310826813160,583312858271090408,2026-04-20,Calça Jeans Feminina Wide Leg Jeans Cintura Alta Preta Marmorizada,REF52838,38,72.05,72.05,Item doesn't fit,RETURN_OR_REFUND_REQUEST_CANCEL,RETURN_AND_REFUND
4039773040222898116,4039773040222832580,583550971308246980,2026-04-20,Calça Jeans Feminina Wide Leg Jeans Feminina Cintura Alta,REF51642,"Marmorizada, 42",69.99,69.99,Item doesn't fit,RETURN_OR_REFUND_REQUEST_COMPLETE,RETURN_AND_REFUND
4039772397921404617,4039772397921339081,583550923321542345,2026-04-20,Calça Jeans Feminina Wide Leg Jeans Feminina Cintura Alta,REF52536,"Stone Used, 36",65.66,65.66,Item doesn't fit,RETURN_OR_REFUND_REQUEST_COMPLETE,RETURN_AND_REFUND
4039772476830156290,4039772476830090754,583581362282333698,2026-04-20,Calça Feminina Jeans Wide Leg Cintura Alta Azul Médio Marmorizado,REF55142,"Azul Médio Marmorizado , 42",83.71,83.71,Item doesn't fit,RETURN_OR_REFUND_REQUEST_COMPLETE,RETURN_AND_REFUND
4039772685079316206,4039772685079250670,583547320664884974,2026-04-20,Calça Jeans Feminina Wide Leg Jeans Feminina Cintura Alta,REF52542,"Stone Used, 42",65.92,65.92,Item doesn't fit,RETURN_OR_REFUND_REQUEST_COMPLETE,RETURN_AND_REFUND
4039772705589331040,4039772705589265504,583451044640818272,2026-04-20,Calça Jeans Feminina Wide Leg Cintura Alta- Candy Colors,REF54944,"ROSA BEBÊ, 44",76.17,76.17,Item doesn't fit,RETURN_OR_REFUND_REQUEST_CANCEL,RETURN_AND_REFUND
4039773241698714873,4039773241698649337,583558059445421305,2026-04-20,Calça Jeans Feminina Wide Leg Jeans Feminina Cintura Alta,REF52542,"Stone Used, 42",67.82,67.82,"Fabric, material or style not as expected",RETURN_OR_REFUND_REQUEST_COMPLETE,RETURN_AND_REFUND
4039773446259377310,4039773446259311774,583548616715306142,2026-04-20,Calça Jeans Feminina Wide Leg Jeans Feminina Cintura Alta,REF51640,"Marmorizada, 40",66.19,66.19,Package wasn't received,RETURN_OR_REFUND_REQUEST_COMPLETE,REFUND
4039773633551173567,4039773633551108031,583574721711671231,2026-04-20,Calça Jeans Feminina Wide Leg Jeans Feminina Cintura Alta,REF52740,"Sky Used, 40",58.93,58.93,Item doesn't fit,RETURN_OR_REFUND_REQUEST_CANCEL,RETURN_AND_REFUND
4039773842641290793,4039773842641225257,583543461449139753,2026-04-20,Calça Jeans Feminina Wide Leg Jeans Feminina Cintura Alta,REF51638,"Marmorizada, 38",79.9,79.9,Item doesn't fit,RETURN_OR_REFUND_REQUEST_COMPLETE,RETURN_AND_REFUND
4039773821897442650,4039773821897377114,583564214511699290,2026-04-20,Calça Feminina Jeans Wide Leg Cintura Alta Azul Médio Marmorizado,REF55144,"Azul Médio Marmorizado , 44",87.2,87.2,Item doesn't fit,RETURN_OR_REFUND_REQUEST_COMPLETE,RETURN_AND_REFUND
4039774369537361685,4039774369537296149,583463191724066581,2026-04-20,Calça Jeans Feminina Wide Leg Jeans Feminina Cintura Alta,REF51646,"Marmorizada, 46",96.8,96.8,Item doesn't fit,RETURN_OR_REFUND_REQUEST_COMPLETE,RETURN_AND_REFUND
4039775068747695609,4039775068747630073,583557460707083769,2026-04-20,Calça Jeans Feminina Wide Leg Jeans Feminina Cintura Alta,REF51640,"Marmorizada, 40",66.19,66.19,Item doesn't fit,RETURN_OR_REFUND_REQUEST_COMPLETE,RETURN_AND_REFUND
4039775352331601137,4039775352331535601,583563185366074609,2026-04-20,Calça Jeans Feminina Wide Leg Jeans Feminina Cintura Alta,REF51636,"Marmorizada, 36",62.94,62.94,Item doesn't fit,RETURN_OR_REFUND_REQUEST_COMPLETE,RETURN_AND_REFUND
4039771897537070516,4039771897537004980,583563447869998516,2026-04-20,Calça Jeans Feminina Wide Leg Jeans Feminina Cintura Alta,REF51644,"Marmorizada, 44",62.99,62.99,Item doesn't fit,RETURN_OR_REFUND_REQUEST_CANCEL,RETURN_AND_REFUND
4039772394866181833,4039772394866116297,583550923321542345,2026-04-20,Calça Jeans Feminina Wide Leg Jeans Feminina Cintura Alta,REF51636,"Marmorizada, 36",52.47,52.47,Item doesn't fit,RETURN_OR_REFUND_REQUEST_COMPLETE,RETURN_AND_REFUND
4039771711405459209,4039771711405393673,583298620193605385,2026-04-20,Calça Jeans Feminina Wide Leg Jeans Feminina Cintura Alta,REF52540,"Stone Used, 40",63.91,63.91,Item doesn't fit,RETURN_OR_REFUND_REQUEST_COMPLETE,RETURN_AND_REFUND
4039771183280719860,4039771183280654324,583565496981358580,2026-04-20,Calça Jeans Feminina Wide Leg Jeans Feminina Cintura Alta,REF51636,"Marmorizada, 36",64.99,64.99,Item doesn't fit,RETURN_OR_REFUND_REQUEST_CANCEL,RETURN_AND_REFUND
4039771570864359022,4039771570864293486,583409411807872622,2026-04-20,Calça Jeans Feminina Wide Leg Jeans Feminina Cintura Alta,REF51636,"Marmorizada, 36",61.1,61.1,No longer needed,RETURN_OR_REFUND_REQUEST_COMPLETE,RETURN_AND_REFUND
4039771575329916183,4039771575329850647,583579336980137239,2026-04-20,Calça Jeans Feminina Wide Leg Jeans Feminina Cintura Alta,REF52740,"Sky Used, 40",61.74,61.74,Item doesn't fit,RETURN_OR_REFUND_REQUEST_COMPLETE,RETURN_AND_REFUND
4039763387257423004,4039763387257357468,583506042557924508,2026-04-20,Calça Feminina Jeans Wide Leg Cintura Alta Azul Médio Marmorizado,REF55140,"Azul Médio Marmorizado , 40",79.99,79.99,Item doesn't fit,RETURN_OR_REFUND_REQUEST_CANCEL,RETURN_AND_REFUND
4039765899058185942,4039765899058120406,583550921997387478,2026-04-20,Calça Jeans Feminina Wide Leg Jeans Feminina Cintura Alta,REF52736,"Sky Used, 36",64.94,64.94,Item doesn't fit,RETURN_OR_REFUND_REQUEST_COMPLETE,RETURN_AND_REFUND
4039765919892342723,4039765919892277187,583547766149842883,2026-04-20,Calça Jeans Feminina Wide Leg Jeans Feminina Cintura Alta,REF52536,"Stone Used, 36",79.9,79.9,Item doesn't fit,RETURN_OR_REFUND_REQUEST_COMPLETE,RETURN_AND_REFUND
4039765903577679378,4039765903577613842,583551583556240914,2026-04-20,Calça Jeans Feminina Wide Leg Jeans Feminina Cintura Alta,REF51642,"Marmorizada, 42",63.79,63.79,Defective item,RETURN_OR_REFUND_REQUEST_COMPLETE,RETURN_AND_REFUND
4039766130026776367,4039766130026710831,583558123648288559,2026-04-20,Calça Jeans Feminina Wide Leg Jeans Feminina Cintura Alta,REF51646,"Marmorizada, 46",74.96,74.96,Item doesn't fit,RETURN_OR_REFUND_REQUEST_COMPLETE,RETURN_AND_REFUND
4039766774080439464,4039766774080373928,583521845722055848,2026-04-20,Calça Jeans Feminina Wide Leg Jeans Feminina Cintura Alta,REF52544,"Stone Used, 44",66.14,66.14,Item doesn't fit,RETURN_OR_REFUND_REQUEST_CANCEL,RETURN_AND_REFUND
4039767038461314614,4039767038461183542,583549494218491446,2026-04-20,Calça Jeans Feminina Wide Leg Jeans Feminina Cintura Alta,REF51642,"Marmorizada, 42",77.27,77.27,Item doesn't fit,RETURN_OR_REFUND_REQUEST_COMPLETE,RETURN_AND_REFUND
4039767084786877694,4039767084786812158,583557317244060926,2026-04-20,Calça Jeans Feminina Wide Leg Jeans Feminina Cintura Alta,REF52738,"Sky Used, 38",65.92,65.92,Item doesn't fit,RETURN_OR_REFUND_REQUEST_COMPLETE,RETURN_AND_REFUND
4039767825571546262,4039767825571480726,583505759914525846,2026-04-20,Calça Jeans Feminina Wide Leg Jeans Feminina Cintura Alta,REF51636,"Marmorizada, 36",83.49,83.49,Item doesn't fit,RETURN_OR_REFUND_REQUEST_COMPLETE,RETURN_AND_REFUND
4039767952380560720,4039767952380495184,583547503261222224,2026-04-20,Shorts Mom/Social Feminino Jeans Cintura Alta Barra Dobrada,REF55542,"Azul Médio Marmorizado, 42",77.56,77.56,Item doesn't fit,RETURN_OR_REFUND_REQUEST_COMPLETE,RETURN_AND_REFUND
4039768144678127072,4039768144678061536,583547115830412768,2026-04-20,Calça Jeans Feminina Wide Leg Jeans Feminina Cintura Alta,REF51636,"Marmorizada, 36",63.94,63.94,Defective item,RETURN_OR_REFUND_REQUEST_CANCEL,RETURN_AND_REFUND
4039768325358781863,4039768325358716327,583552138624206247,2026-04-20,Calça Jeans Feminina Wide Leg Jeans Feminina Cintura Alta,REF51644,"Marmorizada, 44",62.99,62.99,Item doesn't fit,RETURN_OR_REFUND_REQUEST_CANCEL,RETURN_AND_REFUND
4039768556564940611,4039768556564875075,583579784777795395,2026-04-20,Calça Jeans Feminina Wide Leg Jeans Feminina Cintura Alta,REF52746,"Sky Used, 46",68.69,68.69,Item doesn't fit,RETURN_OR_REFUND_REQUEST_COMPLETE,RETURN_AND_REFUND
4039766694840796784,4039766694840731248,583505940608484976,2026-04-20,Calça Jeans Feminina Wide Leg Jeans Feminina Cintura Alta,REF51642,"Marmorizada, 42",70.79,70.79,Item doesn't fit,RETURN_OR_REFUND_REQUEST_CANCEL,RETURN_AND_REFUND
4039769145607161282,4039769145607095746,583479932637513154,2026-04-20,Calça Jeans Feminina Wide Leg Jeans Feminina Cintura Alta,REF51638,"Marmorizada, 38",67.29,67.29,Item doesn't fit,RETURN_OR_REFUND_REQUEST_COMPLETE,RETURN_AND_REFUND
4039768634609337792,4039768634609272256,583535972543137216,2026-04-20,Calça Jeans Feminina Wide Leg Jeans Feminina Cintura Alta,REF51638,"Marmorizada, 38",78.95,78.95,Item doesn't fit,RETURN_OR_REFUND_REQUEST_COMPLETE,RETURN_AND_REFUND
4039771541160887844,4039771541160822308,583505680114877988,2026-04-20,Calça Jeans Feminina Wide Leg Jeans Feminina Cintura Alta,REF51636,"Marmorizada, 36",69.99,69.99,Item doesn't fit,RETURN_OR_REFUND_REQUEST_COMPLETE,RETURN_AND_REFUND
4039771542815147320,4039771542815081784,583579228564915512,2026-04-20,Calça Jeans Feminina Wide Leg Jeans Feminina Cintura Alta,REF52740,"Sky Used, 40",77.22,77.22,Item doesn't fit,RETURN_OR_REFUND_REQUEST_COMPLETE,RETURN_AND_REFUND
4039757592325489679,4039757592325424143,583549565883352079,2026-04-20,Calça Jeans Feminina Wide Leg Jeans Feminina Cintura Alta,REF51638,"Marmorizada, 38",79.9,79.9,Item doesn't fit,RETURN_OR_REFUND_REQUEST_COMPLETE,RETURN_AND_REFUND
4039770776430347724,4039770776430282188,583493539392882124,2026-04-20,Calça Jeans Feminina Wide Leg Jeans Feminina Cintura Alta,REF52738,"Sky Used, 38",69.99,69.99,Item doesn't fit,RETURN_OR_REFUND_REQUEST_COMPLETE,RETURN_AND_REFUND
4039770446114031014,4039770446113965478,583495140002006438,2026-04-20,Calça Feminina Jeans Wide Leg Cintura Alta Azul Médio Marmorizado,REF55136,"Azul Médio Marmorizado , 36",81.99,81.99,Item doesn't match description,RETURN_OR_REFUND_REQUEST_COMPLETE,RETURN_AND_REFUND
4039771172498671595,4039771172498606059,583392465630889963,2026-04-20,Calça Jeans Feminina Wide Leg Jeans Feminina Cintura Alta,REF51642,"Marmorizada, 42",79.9,79.9,"Fabric, material or style not as expected",RETURN_OR_REFUND_REQUEST_COMPLETE,RETURN_AND_REFUND
4039769962596173115,4039769962596042043,583551498727949627,2026-04-20,Calça Jeans Feminina Wide Leg Jeans Feminina Cintura Alta,REF51640,"Marmorizada, 40",64.5,64.5,Item doesn't fit,RETURN_OR_REFUND_REQUEST_COMPLETE,RETURN_AND_REFUND
4039769920904856788,4039769920904791252,583553052546729172,2026-04-20,Calça Jeans Feminina Wide Leg Jeans Feminina Cintura Alta,REF51638,"Marmorizada, 38",67.89,67.89,Defective item,RETURN_OR_REFUND_REQUEST_COMPLETE,RETURN_AND_REFUND
4039769868093654117,4039769868093588581,583537709952566373,2026-04-20,Calça Jeans Feminina Wide Leg Jeans Feminina Cintura Alta,REF52536,"Stone Used, 36",64.63,64.63,Defective item,RETURN_OR_REFUND_REQUEST_COMPLETE,RETURN_AND_REFUND
4039769784738481878,4039769784738416342,583578899326404310,2026-04-20,Calça Jeans Feminina Wide Leg Jeans Feminina Cintura Alta,REF52740,"Sky Used, 40",65.92,65.92,Item doesn't fit,RETURN_OR_REFUND_REQUEST_COMPLETE,RETURN_AND_REFUND
4039769882979632439,4039769882979566903,583436305923278135,2026-04-20,Calça Jeans Feminina Wide Leg Jeans Feminina Cintura Alta,REF52536,"Stone Used, 36",69.99,69.99,Item doesn't fit,RETURN_OR_REFUND_REQUEST_CANCEL,RETURN_AND_REFUND
4039769702840698610,4039769702840633074,583535739532248818,2026-04-20,Calça Jeans Feminina Wide Leg Jeans Feminina Cintura Alta,REF52536,"Stone Used, 36",67.89,67.89,Item doesn't fit,RETURN_OR_REFUND_REQUEST_COMPLETE,RETURN_AND_REFUND
4039769964195448123,4039769964195382587,583551498727949627,2026-04-20,Calça Jeans Feminina Wide Leg Jeans Feminina Cintura Alta,REF52740,"Sky Used, 40",66.51,66.51,Item doesn't fit,RETURN_OR_REFUND_REQUEST_COMPLETE,RETURN_AND_REFUND
4039789273762530498,4039789273762333890,583551339174134978,2026-04-21,Calça Jeans Feminina Wide Leg Jeans Feminina Cintura Alta,REF51642,"Marmorizada, 42",69.27,69.27,Item doesn't fit,RETURN_OR_REFUND_REQUEST_COMPLETE,RETURN_AND_REFUND
4039789753180718961,4039789743626749809,583544057120458609,2026-04-21,Calça Jeans Feminina Wide Leg Jeans Feminina Cintura Alta,REF51638,"Marmorizada, 38",79.9,79.9,Defective item,RETURN_OR_REFUND_REQUEST_COMPLETE,RETURN_AND_REFUND
4039789304507565827,4039789304507500291,583437240448550659,2026-04-21,Calça Jeans Feminina Wide Leg Jeans Feminina Cintura Alta,REF52740,"Sky Used, 40",94.4,94.4,"Fabric, material or style not as expected",RETURN_OR_REFUND_REQUEST_COMPLETE,RETURN_AND_REFUND
4039789351424460140,4039789351424394604,583420847819883884,2026-04-21,Calça Jeans Feminina Wide Leg Jeans Feminina Cintura Alta,REF51638,"Marmorizada, 38",61.9,61.9,Item doesn't fit,RETURN_OR_REFUND_REQUEST_COMPLETE,RETURN_AND_REFUND
4039789632588515294,4039789632588449758,583545895089440734,2026-04-21,Calça Jeans Feminina Wide Leg Cintura Alta Chocolate,REF56238,"Chocolate, 38",92.9,92.9,Color or pattern not as expected,RETURN_OR_REFUND_REQUEST_CANCEL,RETURN_AND_REFUND
4039789659860207118,4039789659860141582,583564424385431054,2026-04-21,Calça Feminina Jeans Wide Leg Cintura Alta Azul Médio Marmorizado,REF55140,"Azul Médio Marmorizado , 40",87.2,87.2,Item doesn't fit,RETURN_OR_REFUND_REQUEST_CANCEL,RETURN_AND_REFUND
4039789716324517225,4039789716324451689,583564197241587049,2026-04-21,Calça Feminina Jeans Wide Leg Cintura Alta Azul Médio Marmorizado,REF55138,"Azul Médio Marmorizado , 38",96.31,96.31,Item doesn't fit,RETURN_OR_REFUND_REQUEST_COMPLETE,RETURN_AND_REFUND
4039789882659604357,4039789882659538821,583558565381506949,2026-04-21,Calça Jeans Feminina Wide Leg Jeans Feminina Cintura Alta,REF51642,"Marmorizada, 42",63.79,63.79,Item doesn't fit,RETURN_OR_REFUND_REQUEST_COMPLETE,RETURN_AND_REFUND
4039792293203444840,4039792293203379304,583579810750956648,2026-04-21,Calça Jeans Feminina Wide Leg Jeans Feminina Cintura Alta,REF51644,"Marmorizada, 44",71.05,71.05,Item doesn't fit,RETURN_OR_REFUND_REQUEST_COMPLETE,RETURN_AND_REFUND
4039790331265517470,4039790331265451934,583560208524806046,2026-04-21,Blusa Feminina Jeans Bata Tomara Que Caia Candy Colors,REF579M,"Rosa Bebê , M",94.9,94.9,Item doesn't match description,RETURN_OR_REFUND_REQUEST_COMPLETE,RETURN_AND_REFUND
4039790361540200350,4039790361540134814,583560208524806046,2026-04-21,Blusa Feminina Jeans Bata Tomara Que Caia Candy Colors,REF580M,"Amarelo Manteiga , M",100.6,100.6,Item doesn't match description,RETURN_OR_REFUND_REQUEST_COMPLETE,RETURN_AND_REFUND
4039790429112665952,4039790429112600416,583535867190347616,2026-04-21,Calça Jeans Feminina Wide Leg Cintura Alta Amarelo Manteiga,REF55042,"AMARELO MANTEIGA, 42",89.9,89.9,Item doesn't fit,RETURN_OR_REFUND_REQUEST_COMPLETE,RETURN_AND_REFUND
4039790670465434854,4039790670465369318,583551853733709030,2026-04-21,Calça Feminina Jeans Wide Leg Cintura Alta Azul Médio Marmorizado,REF55140,"Azul Médio Marmorizado , 40",90.88,90.88,Item doesn't fit,RETURN_OR_REFUND_REQUEST_COMPLETE,RETURN_AND_REFUND
4039791413037663827,4039791413037598291,583551519571936851,2026-04-21,Calça Jeans Feminina Wide Leg Jeans Cintura alta,REF54740,"Preto , 40",93.1,93.1,Item doesn't fit,RETURN_OR_REFUND_REQUEST_COMPLETE,RETURN_AND_REFUND
4039791987796641774,4039791987796576238,583506672694953966,2026-04-21,Calça Feminina Jeans Wide Leg Cintura Alta Azul Médio Marmorizado,REF55138,"Azul Médio Marmorizado , 38",78.63,78.63,Item doesn't fit,RETURN_OR_REFUND_REQUEST_COMPLETE,RETURN_AND_REFUND
4039792566884009669,4039792566883944133,583551821313836741,2026-04-21,Calça Jeans Feminina Wide Leg Jeans Feminina Cintura Alta,REF52742,"Sky Used, 42",64.99,64.99,Item doesn't fit,RETURN_OR_REFUND_REQUEST_CANCEL,RETURN_AND_REFUND
4039789064611464358,4039789064611398822,583483958124512422,2026-04-21,Calça Jeans Feminina Wide Leg Jeans Feminina Cintura Alta,REF52740,"Sky Used, 40",79.9,79.9,Item doesn't fit,RETURN_OR_REFUND_REQUEST_COMPLETE,RETURN_AND_REFUND
4039790336818317152,4039790336818251616,583535873679591264,2026-04-21,Calça Jeans Feminina Wide Leg Cintura Alta Amarelo Manteiga,REF55042,"AMARELO MANTEIGA, 42",94.08,94.08,Item doesn't fit,RETURN_OR_REFUND_REQUEST_COMPLETE,RETURN_AND_REFUND
4039788961598178567,4039788961598113031,583205632324044039,2026-04-21,Blusa Feminina Jeans Bata Tomara Que Caia Candy Colors,REF579P,"Rosa Bebê , P",80.56,80.56,Defective item,RETURN_OR_REFUND_REQUEST_COMPLETE,RETURN_AND_REFUND
4039789791985370495,4039789791985304959,583522497335231871,2026-04-21,Body Manga Longa Modelador Poliamida Premium Cores Neutras,REF537M,"BRANCO, M",62.4,62.4,No longer needed,RETURN_OR_REFUND_REQUEST_COMPLETE,RETURN_AND_REFUND
4039788826513737719,4039788826513672183,583546027745118199,2026-04-21,Calça Jeans Feminina Wide Leg Jeans Feminina Cintura Alta,REF51638,"Marmorizada, 38",76.62,76.62,Color or pattern not as expected,RETURN_OR_REFUND_REQUEST_COMPLETE,RETURN_AND_REFUND
4039775950467794448,4039775950467728912,583538773550990864,2026-04-21,Calça Jeans Feminina Wide Leg Cintura Alta Chocolate,REF56240,"Chocolate, 40",90.66,90.66,Item doesn't fit,RETURN_OR_REFUND_REQUEST_COMPLETE,RETURN_AND_REFUND
4039788958398973215,4039788958398907679,583245866066281759,2026-04-21,Calça Jeans Feminina Wide Leg Jeans Feminina Cintura Alta,REF52546,"Stone Used, 46",83.1,83.1,Item doesn't fit,RETURN_OR_REFUND_REQUEST_COMPLETE,RETURN_AND_REFUND
4039776726651733300,4039776726651667764,583263342453884212,2026-04-21,Calça Jeans Feminina Wide Leg Jeans Feminina Cintura Alta,REF51638,"Marmorizada, 38",66.19,66.19,Item doesn't fit,RETURN_OR_REFUND_REQUEST_CANCEL,RETURN_AND_REFUND
4039777796198728826,4039777796198663290,583561453463569530,2026-04-21,Calça Jeans Feminina Wide Leg Jeans Feminina Cintura Alta,REF51644,"Marmorizada, 44",68.18,68.18,Item doesn't fit,RETURN_OR_REFUND_REQUEST_COMPLETE,RETURN_AND_REFUND
4039783152962144019,4039783152962078483,583558062576535315,2026-04-21,Calça Jeans Feminina Wide Leg Jeans Feminina Cintura Alta,REF52746,"Sky Used, 46",73.79,73.79,Item doesn't fit,RETURN_OR_REFUND_REQUEST_COMPLETE,RETURN_AND_REFUND
4039783364571727301,4039783364571530693,583420670847649221,2026-04-21,Calça Jeans Feminina Wide Leg Jeans Feminina Cintura Alta,REF51638,"Marmorizada, 38",66.19,66.19,"Package arrived damaged. Example: spilled liquid, damaged box.",RETURN_OR_REFUND_REQUEST_CANCEL,REFUND
4039784039270876626,4039784039270745554,583451325530736082,2026-04-21,Calça Jeans Feminina Wide Leg Jeans Feminina Cintura Alta,REF51642,"Marmorizada, 42",80.7,80.7,Item doesn't fit,RETURN_OR_REFUND_REQUEST_COMPLETE,RETURN_AND_REFUND
4039785505804158889,4039785505804093353,583557709366527913,2026-04-21,Calça Jeans Feminina Wide Leg Jeans Feminina Cintura Alta,REF51642,"Marmorizada, 42",62.99,62.99,Item doesn't fit,RETURN_OR_REFUND_REQUEST_COMPLETE,RETURN_AND_REFUND
4039785519646017137,4039785519645951601,583557504950044273,2026-04-21,Calça Jeans Feminina Wide Leg Jeans Feminina Cintura Alta,REF52744,"Sky Used, 44",66.19,66.19,Item doesn't fit,RETURN_OR_REFUND_REQUEST_COMPLETE,RETURN_AND_REFUND
4039783855183594809,4039783855183004985,583565968885581113,2026-04-21,Shorts Mom/Social Feminino Jeans Cintura Alta Barra Dobrada Candy Colors,REF55938,"Rosa Bebê , 38",93.17,93.17,Package wasn't received,RETURN_OR_REFUND_REQUEST_CANCEL,REFUND
4039787377055007794,4039787377054942258,583558315610047538,2026-04-21,Calça Jeans Feminina Wide Leg Jeans Feminina Cintura Alta,REF52746,"Sky Used, 46",63.79,63.79,Item doesn't fit,RETURN_OR_REFUND_REQUEST_COMPLETE,RETURN_AND_REFUND
4039787430407275675,4039787430407210139,583544041501263003,2026-04-21,Calça Jeans Feminina Wide Leg Jeans Feminina Cintura Alta,REF51636,"Marmorizada, 36",77.5,77.5,Item doesn't fit,RETURN_OR_REFUND_REQUEST_COMPLETE,RETURN_AND_REFUND
4039788606227907663,4039788606227842127,583518348459344975,2026-04-21,Calça Jeans Feminina Wide Leg Jeans Feminina Cintura Alta,REF51636,"Marmorizada, 36",80.93,80.93,Item doesn't fit,RETURN_OR_REFUND_REQUEST_COMPLETE,RETURN_AND_REFUND
4039787447353574555,4039787447353509019,583544041501263003,2026-04-21,Calça Jeans Feminina Wide Leg Jeans Feminina Cintura Alta Stone Used,REF52536,36,80.18,80.18,Item doesn't fit,RETURN_OR_REFUND_REQUEST_COMPLETE,RETURN_AND_REFUND
4039788043262526674,4039788043262461138,583568696975328466,2026-04-21,Calça Feminina Jeans Wide Leg Cintura Alta Azul Médio Marmorizado,REF55136,"Azul Médio Marmorizado , 36",91.64,91.64,Item doesn't match description,RETURN_OR_REFUND_REQUEST_COMPLETE,RETURN_AND_REFUND
4039788293807638330,4039788293807572794,583535349624964922,2026-04-21,Calça Jeans Feminina Wide Leg Jeans Feminina Cintura Alta,REF51640,"Marmorizada, 40",80.7,80.7,Item doesn't fit,RETURN_OR_REFUND_REQUEST_COMPLETE,RETURN_AND_REFUND
4039788312167810818,4039788312167745282,583593595846100738,2026-04-21,Calça Jeans Feminina Wide Leg Jeans Feminina Cintura Alta,REF51642,"Marmorizada, 42",88.3,88.3,Item doesn't fit,RETURN_OR_REFUND_REQUEST_COMPLETE,RETURN_AND_REFUND
4039787381484979482,4039787381484913946,583550278380651802,2026-04-21,Calça Jeans Feminina Wide Leg Jeans Feminina Cintura Alta,REF52542,"Stone Used, 42",82.5,82.5,Item doesn't fit,RETURN_OR_REFUND_REQUEST_COMPLETE,RETURN_AND_REFUND
4039788573619881331,4039788573619815795,583558762249422195,2026-04-21,Calça Jeans Feminina Wide Leg Jeans Feminina Cintura Alta,REF52744,"Sky Used, 44",66.19,66.19,Item doesn't fit,RETURN_OR_REFUND_REQUEST_COMPLETE,RETURN_AND_REFUND
4039806336061900737,4039806336061835201,583594217062631361,2026-04-22,Calça Jeans Feminina Wide Leg Jeans Feminina Cintura Alta,REF51636,"Marmorizada, 36",73.24,73.24,Item doesn't fit,RETURN_OR_REFUND_REQUEST_COMPLETE,RETURN_AND_REFUND
4039806355084838679,4039806355084773143,583580942194345751,2026-04-22,Calça Jeans Feminina Wide Leg Jeans Feminina Cintura Alta,REF52536,"Stone Used, 36",64.08,64.08,Item doesn't fit,RETURN_OR_REFUND_REQUEST_CANCEL,RETURN_AND_REFUND
4039806383182481228,4039806383182415692,583557176263673676,2026-04-22,Calça Jeans Feminina Wide Leg Jeans Feminina Cintura Alta,REF51640,"Marmorizada, 40",69.84,69.84,Item doesn't fit,RETURN_OR_REFUND_REQUEST_COMPLETE,RETURN_AND_REFUND
4039806519253304923,4039806519253239387,583608831072831067,2026-04-22,Calça Jeans Feminina Wide Leg Jeans Feminina Cintura Alta,REF51644,"Marmorizada, 44",67.66,67.66,"Fabric, material or style not as expected",RETURN_OR_REFUND_REQUEST_COMPLETE,RETURN_AND_REFUND
4039806434051065675,4039806434051000139,583587748785391435,2026-04-22,Calça Jeans Feminina Wide Leg Jeans Feminina Cintura Alta,REF52740,"Sky Used, 40",62.54,62.54,Item doesn't fit,RETURN_OR_REFUND_REQUEST_COMPLETE,RETURN_AND_REFUND
4039806620945777981,4039806620945712445,583563573852341565,2026-04-22,Blusa Feminina Jeans Bata Tomara Que Caia Candy Colors,REF585M,"Chocolate, M",86.83,86.83,No longer needed,RETURN_OR_REFUND_REQUEST_COMPLETE,RETURN_AND_REFUND
4039806300297266668,4039806300297201132,583608893999384044,2026-04-22,Calça Feminina Jeans Wide Leg Cintura Alta Azul Médio Marmorizado,REF55142,"Azul Médio Marmorizado , 42",78.39,78.39,Item doesn't fit,RETURN_OR_REFUND_REQUEST_COMPLETE,RETURN_AND_REFUND
4039806663813793503,4039806663813727967,583608931471296223,2026-04-22,Calça Jeans Feminina Wide Leg Jeans Feminina Cintura Alta,REF51640,"Marmorizada, 40",70.79,70.79,Item doesn't fit,RETURN_OR_REFUND_REQUEST_COMPLETE,RETURN_AND_REFUND
4039806410530064350,4039806410529998814,583593681563125726,2026-04-22,Calça Jeans Feminina Wide Leg Jeans Feminina Cintura Alta,REF51646,"Marmorizada, 46",62.99,62.99,Item doesn't match description,RETURN_OR_REFUND_REQUEST_COMPLETE,RETURN_AND_REFUND
4039806296142546517,4039806296142480981,583579165085107797,2026-04-22,Calça Jeans Feminina Wide Leg Jeans Feminina Cintura Alta,REF52536,"Stone Used, 36",62.99,62.99,Item doesn't fit,RETURN_OR_REFUND_REQUEST_CANCEL,RETURN_AND_REFUND
4039806026930947339,4039806026930881803,583550784095880459,2026-04-22,Calça Jeans Feminina Wide Leg Jeans Feminina Cintura Alta,REF52538,"Stone Used, 38",72.42,72.42,Color or pattern not as expected,RETURN_OR_REFUND_REQUEST_COMPLETE,RETURN_AND_REFUND
4039806283727341312,4039806283727275776,583556909176162048,2026-04-22,Calça Jeans Feminina Wide Leg Jeans Feminina Cintura Alta,REF51640,"Marmorizada, 40",79.9,79.9,No longer needed,RETURN_OR_REFUND_REQUEST_COMPLETE,RETURN_AND_REFUND
4039806261417969514,4039806261417903978,583578780517566314,2026-04-22,Calça Jeans Feminina Wide Leg Jeans Feminina Cintura Alta,REF51638,"Marmorizada, 38",71.39,71.39,Package wasn't received,RETURN_OR_REFUND_REQUEST_COMPLETE,REFUND
4039806187673585415,4039806187673519879,583594900149995271,2026-04-22,Calça Jeans Feminina Wide Leg Jeans Feminina Cintura Alta,REF51640,"Marmorizada, 40",69.99,69.99,Item doesn't fit,RETURN_OR_REFUND_REQUEST_COMPLETE,RETURN_AND_REFUND
4039806165960590482,4039806165960524946,583593117161850002,2026-04-22,Calça Jeans Feminina Wide Leg Jeans Feminina Cintura Alta,REF51638,"Marmorizada, 38",79.5,79.5,Wrong item was sent,RETURN_OR_REFUND_REQUEST_CANCEL,RETURN_AND_REFUND
4039806100543997477,4039806100543931941,583550749997368869,2026-04-22,Calça Jeans Feminina Wide Leg Cintura Alta Chocolate,REF56238,"Chocolate, 38",90.35,90.35,Item doesn't fit,RETURN_OR_REFUND_REQUEST_COMPLETE,RETURN_AND_REFUND
4039806093031409189,4039806093031343653,583550749997368869,2026-04-22,Calça Jeans Feminina Wide Leg Jeans Feminina Cintura Alta,REF52538,"Stone Used, 38",67.59,67.59,Item doesn't fit,RETURN_OR_REFUND_REQUEST_CANCEL,RETURN_AND_REFUND
4039806748284585858,4039806748284520322,583551109890606978,2026-04-22,Calça Jeans Feminina Wide Leg Jeans Feminina Cintura Alta,REF52746,"Sky Used, 46",75.57,75.57,Item doesn't fit,RETURN_OR_REFUND_REQUEST_COMPLETE,RETURN_AND_REFUND
4039806018027422779,4039806022000280635,583551422771201083,2026-04-22,Calça Jeans Feminina Wide Leg Jeans Feminina Cintura Alta,REF51644,"Marmorizada, 44",62.99,62.99,Item doesn't fit,RETURN_OR_REFUND_REQUEST_COMPLETE,RETURN_AND_REFUND
4039805931051190020,4039805931051124484,583594431975098116,2026-04-22,Calça Jeans Feminina Wide Leg Jeans Feminina Cintura Alta,REF51640,"Marmorizada, 40",67.89,67.89,Item doesn't fit,RETURN_OR_REFUND_REQUEST_COMPLETE,RETURN_AND_REFUND
4039805891093366371,4039805891093300835,583593571663382115,2026-04-22,Calça Jeans Feminina Wide Leg Jeans Feminina Cintura Alta,REF51644,"Marmorizada, 44",67.49,67.49,Item doesn't fit,RETURN_OR_REFUND_REQUEST_CANCEL,RETURN_AND_REFUND
4039806298023626325,4039806298023560789,583579165085107797,2026-04-22,Calça Jeans Feminina Wide Leg Jeans Feminina Cintura Alta,REF51636,"Marmorizada, 36",62.99,62.99,Item doesn't fit,RETURN_OR_REFUND_REQUEST_CANCEL,RETURN_AND_REFUND
4039806776901665860,4039806776901469252,583175266753479748,2026-04-22,Calça Jeans Feminina Wide Leg Jeans Feminina Cintura Alta,REF51638,"Marmorizada, 38",63.74,63.74,Item doesn't fit,RETURN_OR_REFUND_REQUEST_CANCEL,RETURN_AND_REFUND
4039807316402800354,4039807316402734818,583573317607589602,2026-04-22,Calça Jeans Feminina Wide Leg Jeans Feminina Cintura Alta,REF51636,"Marmorizada, 36",74.45,74.45,Item doesn't fit,RETURN_OR_REFUND_REQUEST_COMPLETE,RETURN_AND_REFUND
4039806817179174859,4039806817179109323,583558385096427467,2026-04-22,Calça Jeans Feminina Wide Leg Jeans Feminina Cintura Alta,REF51642,"Marmorizada, 42",62.99,62.99,Item doesn't fit,RETURN_OR_REFUND_REQUEST_COMPLETE,RETURN_AND_REFUND
4039805803020518833,4039805803020453297,583480176711075249,2026-04-22,Calça Jeans Feminina Wide Leg Jeans Feminina Cintura Alta,REF51642,"Marmorizada, 42",102.5,102.5,Item doesn't fit,RETURN_OR_REFUND_REQUEST_COMPLETE,RETURN_AND_REFUND
4039808834198144114,4039808834198078578,583483566316946546,2026-04-22,Calça Jeans Feminina Wide Leg Jeans Feminina Cintura Alta,REF51642,"Marmorizada, 42",79.9,79.9,"Fabric, material or style not as expected",RETURN_OR_REFUND_REQUEST_COMPLETE,RETURN_AND_REFUND
4039808812141807150,4039808812141741614,583580535906928174,2026-04-22,Calça Jeans Feminina Wide Leg Jeans Feminina Cintura Alta,REF51640,"Marmorizada, 40",79.24,79.24,Item doesn't fit,RETURN_OR_REFUND_REQUEST_COMPLETE,RETURN_AND_REFUND
4039808664675976273,4039808664675910737,583549850482803793,2026-04-22,Calça Jeans Feminina Wide Leg Jeans Feminina Cintura Alta,REF52740,"Sky Used, 40",80.32,80.32,Item doesn't fit,RETURN_OR_REFUND_REQUEST_CANCEL,RETURN_AND_REFUND
4039808616207451789,4039808616207386253,583595274379298445,2026-04-22,Calça Feminina Jeans Wide Leg Cintura Alta Azul Médio Marmorizado,REF55140,"Azul Médio Marmorizado , 40",89.9,89.9,Item doesn't fit,RETURN_OR_REFUND_REQUEST_COMPLETE,RETURN_AND_REFUND
4039808363372577978,4039808363372512442,583594376191771834,2026-04-22,Calça Jeans Feminina Wide Leg Jeans Feminina Cintura Alta,REF51640,"Marmorizada, 40",70.79,70.79,Item doesn't fit,RETURN_OR_REFUND_REQUEST_COMPLETE,RETURN_AND_REFUND
4039808176338470252,4039808176338404716,583607889365402988,2026-04-22,Calça Jeans Feminina Wide Leg Jeans Feminina Cintura Alta,REF52540,"Stone Used, 40",73.24,73.24,Defective item,RETURN_OR_REFUND_REQUEST_COMPLETE,RETURN_AND_REFUND
4039807952900229053,4039807952900163517,583494638798604221,2026-04-22,Calça Jeans Feminina Wide Leg Jeans Feminina Cintura Alta,REF51642,"Marmorizada, 42",74.61,74.61,Item doesn't fit,RETURN_OR_REFUND_REQUEST_COMPLETE,RETURN_AND_REFUND
4039807921369613547,4039807921369548011,583429507345450219,2026-04-22,Calça Jeans Feminina Wide Leg Jeans Feminina Cintura Alta,REF51636,"Marmorizada, 36",88.3,88.3,Item doesn't fit,RETURN_OR_REFUND_REQUEST_COMPLETE,RETURN_AND_REFUND
4039807938452489292,4039807938452423756,583294020864083020,2026-04-22,Calça Jeans Feminina Wide Leg Jeans Feminina Cintura Alta,REF52538,"Stone Used, 38",80.79,80.79,Item doesn't fit,RETURN_OR_REFUND_REQUEST_COMPLETE,RETURN_AND_REFUND
4039806798053738173,4039806798053672637,583593441071761085,2026-04-22,Calça Jeans Feminina Wide Leg Jeans Feminina Cintura Alta,REF52744,"Sky Used, 44",80.79,80.79,Item doesn't fit,RETURN_OR_REFUND_REQUEST_COMPLETE,RETURN_AND_REFUND
4039807648296699785,4039807648296634249,583552393592670089,2026-04-22,Calça Jeans Feminina Wide Leg Jeans Feminina Cintura Alta,REF52542,"Stone Used, 42",62.99,62.99,Item doesn't fit,RETURN_OR_REFUND_REQUEST_COMPLETE,RETURN_AND_REFUND
4039807549425746986,4039807549425681450,583374069742339114,2026-04-22,Calça Jeans Feminina Wide Leg Jeans Feminina Cintura Alta,REF51642,"Marmorizada, 42",77.5,77.5,Item doesn't fit,RETURN_OR_REFUND_REQUEST_CANCEL,RETURN_AND_REFUND
4039807465849717998,4039807465849652462,583593780143359214,2026-04-22,Calça Jeans Feminina Wide Leg Jeans Feminina Cintura Alta,REF51642,"Marmorizada, 42",63.79,63.79,Item doesn't fit,RETURN_OR_REFUND_REQUEST_COMPLETE,RETURN_AND_REFUND
4039807420083701615,4039807420083636079,583563357170599791,2026-04-22,Calça Jeans Feminina Wide Leg Cintura Alta Amarelo Manteiga,REF55038,"AMARELO MANTEIGA, 38",71.39,71.39,Wrong item was sent,RETURN_OR_REFUND_REQUEST_COMPLETE,RETURN_AND_REFUND
4039807348178191817,4039807348178126281,583566206594287049,2026-04-22,Calça Jeans Feminina Wide Leg Jeans Cintura Alta Preta Marmorizada,REF52838,38,84.99,84.99,Item doesn't fit,RETURN_OR_REFUND_REQUEST_COMPLETE,RETURN_AND_REFUND
4039807056509503413,4039807056509437877,583594208260949941,2026-04-22,Calça Jeans Feminina Wide Leg Jeans Feminina Cintura Alta,REF51644,"Marmorizada, 44",69.99,69.99,Item doesn't fit,RETURN_OR_REFUND_REQUEST_COMPLETE,RETURN_AND_REFUND
4039807050457384813,4039807050457319277,583250418005542765,2026-04-22,Calça Jeans Feminina Wide Leg Jeans Feminina Cintura Alta,REF51644,"Marmorizada, 44",69.99,69.99,Item doesn't fit,RETURN_OR_REFUND_REQUEST_COMPLETE,RETURN_AND_REFUND
4039806933642806882,4039806933642741346,583608961609008738,2026-04-22,Calça Jeans Feminina Wide Leg Jeans Feminina Cintura Alta,REF51644,"Marmorizada, 44",63.04,63.04,Item doesn't fit,RETURN_OR_REFUND_REQUEST_COMPLETE,RETURN_AND_REFUND
4039806871628907810,4039806871628842274,583520838337660194,2026-04-22,Calça Jeans Feminina Wide Leg Jeans Feminina Cintura Alta,REF51646,"Marmorizada, 46",78.69,78.69,Item doesn't fit,RETURN_OR_REFUND_REQUEST_COMPLETE,RETURN_AND_REFUND
4039806818703410455,4039806818703344919,583590813018260759,2026-04-22,Calça Feminina Jeans Wide Leg Cintura Alta Azul Médio Marmorizado,REF55140,"Azul Médio Marmorizado , 40",89.9,89.9,Item doesn't fit,RETURN_OR_REFUND_REQUEST_COMPLETE,RETURN_AND_REFUND
4039806811609466191,4039806811609400655,583593450494068047,2026-04-22,Calça Jeans Feminina Wide Leg Jeans Feminina Cintura Alta,REF51644,"Marmorizada, 44",67.89,67.89,Item doesn't fit,RETURN_OR_REFUND_REQUEST_COMPLETE,RETURN_AND_REFUND
4039807582404969616,4039807582404904080,583593951080580240,2026-04-22,Calça Jeans Feminina Wide Leg Jeans Feminina Cintura Alta,REF51646,"Marmorizada, 46",68.85,68.85,"Fabric, material or style not as expected",RETURN_OR_REFUND_REQUEST_COMPLETE,RETURN_AND_REFUND
4039805803745412912,4039805803745347376,583494308426188592,2026-04-22,Calça Feminina Jeans Wide Leg Cintura Alta Azul Médio Marmorizado,REF55138,"Azul Médio Marmorizado , 38",95.6,95.6,"Fabric, material or style not as expected",RETURN_OR_REFUND_REQUEST_COMPLETE,RETURN_AND_REFUND
4039806236156462982,4039806236156397446,583607721808988038,2026-04-22,Calça Jeans Feminina Wide Leg Jeans Feminina Cintura Alta,REF51646,"Marmorizada, 46",83.1,83.1,Item doesn't fit,RETURN_OR_REFUND_REQUEST_COMPLETE,RETURN_AND_REFUND
4039805661003482756,4039805661003417220,583559179655218820,2026-04-22,Calça Jeans Feminina Wide Leg Jeans Feminina Cintura Alta,REF51640,"Marmorizada, 40",79.9,79.9,Item doesn't fit,RETURN_OR_REFUND_REQUEST_CANCEL,RETURN_AND_REFUND
4039802891874109208,4039802891873978136,583295183917188888,2026-04-22,Calça Jeans Feminina Wide Leg Jeans Feminina Cintura Alta,REF51638,"Marmorizada, 38",65.19,130.38,Defective item,RETURN_OR_REFUND_REQUEST_COMPLETE,REFUND
4039802786981578545,4039802786981513009,583551411866863409,2026-04-22,Calça Jeans Feminina Wide Leg Jeans Feminina Cintura Alta,REF51638,"Marmorizada, 38",81.3,81.3,Item doesn't fit,RETURN_OR_REFUND_REQUEST_COMPLETE,RETURN_AND_REFUND
4039802317471974534,4039802317471908998,583549322424386694,2026-04-22,Calça Jeans Feminina Wide Leg Jeans Feminina Cintura Alta,REF51644,"Marmorizada, 44",83.1,83.1,Item doesn't fit,RETURN_OR_REFUND_REQUEST_COMPLETE,RETURN_AND_REFUND
4039802127293187563,4039802127293122027,583563383435724267,2026-04-22,Calça Feminina Jeans Wide Leg Cintura Alta Azul Médio Marmorizado,REF55136,"Azul Médio Marmorizado , 36",76.2,76.2,Defective item,RETURN_OR_REFUND_REQUEST_CANCEL,RETURN_AND_REFUND
4039802064621438695,4039802064621307623,583552092396488423,2026-04-22,Calça Jeans Feminina Wide Leg Jeans Feminina Cintura Alta,REF51642,"Marmorizada, 42",63.79,63.79,Item doesn't fit,RETURN_OR_REFUND_REQUEST_COMPLETE,RETURN_AND_REFUND
4039802005818934635,4039802005818869099,583551818310387051,2026-04-22,Calça Jeans Feminina Wide Leg Jeans Feminina Cintura Alta,REF52742,"Sky Used, 42",74.98,74.98,Item doesn't fit,RETURN_OR_REFUND_REQUEST_COMPLETE,RETURN_AND_REFUND
4039801954209203791,4039801954209138255,583558064178169423,2026-04-22,Calça Jeans Feminina Wide Leg Jeans Feminina Cintura Alta,REF52746,"Sky Used, 46",63.79,63.79,Item doesn't fit,RETURN_OR_REFUND_REQUEST_COMPLETE,RETURN_AND_REFUND
4039801537653868539,4039801537653803003,583551213482575867,2026-04-22,Calça Jeans Feminina Wide Leg Jeans Feminina Cintura Alta,REF51638,"Marmorizada, 38",65.92,65.92,Item doesn't fit,RETURN_OR_REFUND_REQUEST_COMPLETE,RETURN_AND_REFUND
4039801556746930046,4039801556746864510,583563349977761662,2026-04-22,Calça Feminina Jeans Wide Leg Cintura Alta Azul Médio Marmorizado,REF55142,"Azul Médio Marmorizado , 42",69.83,69.83,Item doesn't fit,RETURN_OR_REFUND_REQUEST_COMPLETE,RETURN_AND_REFUND
4039801529053775742,4039801529053710206,583563349977761662,2026-04-22,Calça Feminina Jeans Wide Leg Cintura Alta Azul Médio Marmorizado,REF55142,"Azul Médio Marmorizado , 42",69.83,69.83,Item doesn't fit,RETURN_OR_REFUND_REQUEST_CANCEL,RETURN_AND_REFUND
4039802891874043672,4039802891873978136,583295183917188888,2026-04-22,Calça Jeans Feminina Wide Leg Jeans Feminina Cintura Alta,REF51638,"Marmorizada, 38",65.19,130.38,Defective item,RETURN_OR_REFUND_REQUEST_COMPLETE,REFUND
4039801420434736133,4039801420434670597,583535616243958789,2026-04-22,Calça Jeans Feminina Wide Leg Jeans Feminina Cintura Alta,REF51642,"Marmorizada, 42",73.19,73.19,Item doesn't fit,RETURN_OR_REFUND_REQUEST_CANCEL,RETURN_AND_REFUND
4039801234415846901,4039801234415781365,583557460336346613,2026-04-22,Calça Jeans Feminina Wide Leg Jeans Feminina Cintura Alta,REF52740,"Sky Used, 40",75.59,75.59,Item doesn't fit,RETURN_OR_REFUND_REQUEST_COMPLETE,RETURN_AND_REFUND
4039801214049158924,4039801214049093388,583558074665699084,2026-04-22,Calça Jeans Feminina Wide Leg Jeans Feminina Cintura Alta,REF52744,"Sky Used, 44",62.99,62.99,Item doesn't fit,RETURN_OR_REFUND_REQUEST_CANCEL,RETURN_AND_REFUND
4039800515758163537,4039800515758098001,583543995463534161,2026-04-22,Calça Jeans Feminina Wide Leg Jeans Feminina Cintura Alta,REF52740,"Sky Used, 40",83.02,83.02,"Fabric, material or style not as expected",RETURN_OR_REFUND_REQUEST_COMPLETE,RETURN_AND_REFUND
4039800446498538885,4039800446498473349,583558016902399365,2026-04-22,Calça Jeans Feminina Wide Leg Jeans Feminina Cintura Alta,REF51644,"Marmorizada, 44",66.56,66.56,Item doesn't fit,RETURN_OR_REFUND_REQUEST_COMPLETE,RETURN_AND_REFUND
4039800236214158892,4039800236214093356,583294732439946796,2026-04-22,Calça Jeans Feminina Wide Leg Jeans Feminina Cintura Alta,REF52740,"Sky Used, 40",83.1,83.1,Item doesn't fit,RETURN_OR_REFUND_REQUEST_CANCEL,RETURN_AND_REFUND
4039800156435219589,4039800156435154053,583557845033518213,2026-04-22,Calça Jeans Feminina Wide Leg Jeans Feminina Cintura Alta,REF51646,"Marmorizada, 46",70.74,70.74,Item doesn't fit,RETURN_OR_REFUND_REQUEST_CANCEL,RETURN_AND_REFUND
4039799601312466366,4039799601312400830,583562332014478782,2026-04-22,Calça Jeans Feminina Wide Leg Jeans Feminina Cintura Alta,REF51646,"Marmorizada, 46",62.99,62.99,Item doesn't fit,RETURN_OR_REFUND_REQUEST_CANCEL,RETURN_AND_REFUND
4039798448029271052,4039798448029205516,583453868260819980,2026-04-22,Calça Jeans Feminina Wide Leg Jeans Feminina Cintura Alta,REF52738,"Sky Used, 38",77.5,77.5,Item doesn't fit,RETURN_OR_REFUND_REQUEST_COMPLETE,RETURN_AND_REFUND
4039798250532406611,4039798250532341075,583564663039165779,2026-04-22,Calça Feminina Jeans Wide Leg Cintura Alta Azul Médio Marmorizado,REF55138,"Azul Médio Marmorizado , 38",87.2,87.2,"Fabric, material or style not as expected",RETURN_OR_REFUND_REQUEST_COMPLETE,RETURN_AND_REFUND
4039805792504809264,4039805792504743728,583494308426188592,2026-04-22,Calça Jeans Feminina Wide Leg Jeans Feminina Cintura Alta Stone Used,REF52536,36,79.99,79.99,"Fabric, material or style not as expected",RETURN_OR_REFUND_REQUEST_CANCEL,RETURN_AND_REFUND
4039801355806409749,4039801355806344213,583550757214716949,2026-04-22,Calça Jeans Feminina Wide Leg Jeans Feminina Cintura Alta,REF51638,"Marmorizada, 38",64.99,64.99,Item doesn't fit,RETURN_OR_REFUND_REQUEST_COMPLETE,RETURN_AND_REFUND
4039803439852324310,4039803439852258774,583578424358241750,2026-04-22,Calça Jeans Feminina Wide Leg Jeans Feminina Cintura Alta,REF51640,"Marmorizada, 40",79.9,79.9,Item doesn't fit,RETURN_OR_REFUND_REQUEST_COMPLETE,RETURN_AND_REFUND
4039800873445197534,4039800873445131998,583507645165438686,2026-04-22,Calça Feminina Jeans Wide Leg Cintura Alta Azul Médio Marmorizado,REF55140,"Azul Médio Marmorizado , 40",86.71,86.71,Item doesn't fit,RETURN_OR_REFUND_REQUEST_COMPLETE,RETURN_AND_REFUND
4039803578196789145,4039803578196723609,583593516692637593,2026-04-22,Calça Jeans Feminina Wide Leg Jeans Feminina Cintura Alta,REF51640,"Marmorizada, 40",69.99,69.99,Item doesn't fit,RETURN_OR_REFUND_REQUEST_CANCEL,RETURN_AND_REFUND
4039805640526432135,4039805640526366599,583579979808540551,2026-04-22,Calça Jeans Feminina Wide Leg Jeans Feminina Cintura Alta,REF51638,"Marmorizada, 38",69.99,69.99,Item doesn't fit,RETURN_OR_REFUND_REQUEST_CANCEL,RETURN_AND_REFUND
4039803465840231818,4039803465840166282,583535717730321802,2026-04-22,Calça Jeans Feminina Wide Leg Jeans Feminina Cintura Alta,REF51642,"Marmorizada, 42",69.99,69.99,Item doesn't fit,RETURN_OR_REFUND_REQUEST_COMPLETE,RETURN_AND_REFUND
4039805608647624494,4039805608647558958,583561635533522734,2026-04-22,Calça Jeans Feminina Wide Leg Jeans Feminina Cintura Alta,REF51636,"Marmorizada, 36",84.5,84.5,Item doesn't fit,RETURN_OR_REFUND_REQUEST_COMPLETE,RETURN_AND_REFUND
4039805518529922836,4039805518529857300,583564260881172244,2026-04-22,Calça Feminina Jeans Wide Leg Cintura Alta Azul Médio Marmorizado,REF55142,"Azul Médio Marmorizado , 42",73.4,73.4,Item doesn't fit,RETURN_OR_REFUND_REQUEST_COMPLETE,RETURN_AND_REFUND
4039805477231495164,4039805477231429628,583435297475037180,2026-04-22,Calça Jeans Feminina Wide Leg Jeans Feminina Cintura Alta,REF51638,"Marmorizada, 38",79.9,79.9,Item doesn't fit,RETURN_OR_REFUND_REQUEST_COMPLETE,RETURN_AND_REFUND
4039805436954838557,4039805436954773021,583550646755558941,2026-04-22,Calça Feminina Jeans Wide Leg Cintura Alta Azul Médio Marmorizado,REF55138,"Azul Médio Marmorizado , 38",77.59,77.59,"Fabric, material or style not as expected",RETURN_OR_REFUND_REQUEST_COMPLETE,RETURN_AND_REFUND
4039805425320232602,4039805425320167066,583579372900812442,2026-04-22,Calça Jeans Feminina Wide Leg Jeans Feminina Cintura Alta,REF51636,"Marmorizada, 36",62.99,62.99,Item doesn't fit,RETURN_OR_REFUND_REQUEST_CANCEL,RETURN_AND_REFUND
4039805329339024527,4039805329338958991,583504736828687503,2026-04-22,Calça Jeans Feminina Wide Leg Jeans Feminina Cintura Alta,REF52736,"Sky Used, 36",77.2,77.2,Defective item,RETURN_OR_REFUND_REQUEST_COMPLETE,REFUND
4039805235089278333,4039805235089212797,583551482073220477,2026-04-22,Calça Jeans Feminina Wide Leg Jeans Feminina Cintura Alta,REF52736,"Sky Used, 36",96.94,96.94,Item doesn't fit,RETURN_OR_REFUND_REQUEST_COMPLETE,RETURN_AND_REFUND
4039805242408076927,4039805242408011391,583564262371133055,2026-04-22,Calça Jeans Feminina Wide Leg Jeans Feminina Cintura Alta,REF51646,"Marmorizada, 46",67.16,134.33,Item doesn't fit,RETURN_OR_REFUND_REQUEST_CANCEL,RETURN_AND_REFUND
4039805242408142463,4039805242408011391,583564262371133055,2026-04-22,Calça Jeans Feminina Wide Leg Jeans Feminina Cintura Alta,REF51646,"Marmorizada, 46",67.17,134.33,Item doesn't fit,RETURN_OR_REFUND_REQUEST_CANCEL,RETURN_AND_REFUND
4039805467360921364,4039805467360855828,583405138139252500,2026-04-22,Calça Jeans Feminina Wide Leg Jeans Feminina Cintura Alta,REF52738,"Sky Used, 38",83.1,83.1,Wrong item was sent,RETURN_OR_REFUND_REQUEST_COMPLETE,RETURN_AND_REFUND
4039805186569176984,4039805186569111448,583594998067595160,2026-04-22,Calça Feminina Jeans Wide Leg Cintura Alta Azul Médio Marmorizado,REF55142,"Azul Médio Marmorizado , 42",77.59,77.59,Package wasn't received,RETURN_OR_REFUND_REQUEST_COMPLETE,REFUND
4039805210213582722,4039805210213517186,583550301695805314,2026-04-22,Calça Jeans Feminina Wide Leg Jeans Feminina Cintura Alta,REF52536,"Stone Used, 36",74.9,74.9,Item doesn't fit,RETURN_OR_REFUND_REQUEST_COMPLETE,RETURN_AND_REFUND
4039804007335953722,4039804007335888186,583140551359890746,2026-04-22,Calça Jeans Feminina Wide Leg Cintura Alta Chocolate,REF56238,"Chocolate, 38",79.32,79.32,Item doesn't fit,RETURN_OR_REFUND_REQUEST_COMPLETE,RETURN_AND_REFUND
4039804267247076667,4039804259644704059,583404774522914107,2026-04-22,Calça Jeans Feminina Wide Leg Jeans Cintura alta,REF54736,"Preto , 36",94.9,94.9,"Fabric, material or style not as expected",RETURN_OR_REFUND_REQUEST_COMPLETE,RETURN_AND_REFUND
4039804098811954456,4039804098811888920,583579457274348824,2026-04-22,Calça Jeans Feminina Wide Leg Jeans Feminina Cintura Alta,REF51642,"Marmorizada, 42",72.59,72.59,Item doesn't fit,RETURN_OR_REFUND_REQUEST_COMPLETE,RETURN_AND_REFUND
4039804709462312178,4039804709462246642,583608794040796402,2026-04-22,Calça Jeans Feminina Wide Leg Jeans Feminina Cintura Alta,REF51636,"Marmorizada, 36",64.99,64.99,Item doesn't fit,RETURN_OR_REFUND_REQUEST_COMPLETE,RETURN_AND_REFUND
4039804647168247156,4039804647168181620,583588778400777588,2026-04-22,Calça Jeans Feminina Wide Leg Jeans Feminina Cintura Alta,REF52736,"Sky Used, 36",77.57,77.57,Item doesn't fit,RETURN_OR_REFUND_REQUEST_COMPLETE,RETURN_AND_REFUND
4039804722192024971,4039804722191959435,583535103194858891,2026-04-22,Calça Jeans Feminina Wide Leg Jeans Feminina Cintura Alta,REF51642,"Marmorizada, 42",80.7,80.7,Item doesn't fit,RETURN_OR_REFUND_REQUEST_COMPLETE,RETURN_AND_REFUND
4039804771596403788,4039804771596338252,583521596112536652,2026-04-22,Calça Jeans Feminina Wide Leg Jeans Feminina Cintura Alta,REF51644,"Marmorizada, 44",65.92,65.92,Defective item,RETURN_OR_REFUND_REQUEST_COMPLETE,RETURN_AND_REFUND
4039805054310581576,4039805054310516040,583547011692266824,2026-04-22,Calça Jeans Feminina Wide Leg Jeans Feminina Cintura Alta,REF52542,"Stone Used, 42",83.62,83.62,Item doesn't fit,RETURN_OR_REFUND_REQUEST_CANCEL,RETURN_AND_REFUND
4039805202647123781,4039805184218924869,583552431658469189,2026-04-22,Calça Jeans Feminina Wide Leg Jeans Feminina Cintura Alta,REF51646,"Marmorizada, 46",77.5,77.5,Item doesn't fit,RETURN_OR_REFUND_REQUEST_COMPLETE,RETURN_AND_REFUND
4039822985844655869,4039822985844590333,583563377411720957,2026-04-23,Calça Feminina Jeans Wide Leg Cintura Alta Azul Médio Marmorizado,REF55138,"Azul Médio Marmorizado , 38",78.23,78.23,"Fabric, material or style not as expected",RETURN_OR_REFUND_REQUEST_COMPLETE,RETURN_AND_REFUND
4039822880921716086,4039822880921650550,583609070601012598,2026-04-23,Calça Jeans Feminina Wide Leg Jeans Feminina Cintura Alta,REF52740,"Sky Used, 40",69.99,69.99,Item doesn't fit,RETURN_OR_REFUND_REQUEST_COMPLETE,RETURN_AND_REFUND
4039822845992732194,4039822845992666658,583634164090635810,2026-04-23,Calça Jeans Feminina Wide Leg Jeans Feminina Cintura Alta,REF52536,"Stone Used, 36",79.9,79.9,Item doesn't fit,RETURN_OR_REFUND_REQUEST_COMPLETE,RETURN_AND_REFUND
4039822833353918359,4039822833353852823,583622566485067671,2026-04-23,Calça Jeans Feminina Wide Leg Jeans Feminina Cintura Alta,REF52740,"Sky Used, 40",73.72,73.72,Item doesn't fit,RETURN_OR_REFUND_REQUEST_CANCEL,RETURN_AND_REFUND
4039822960538846246,4039822960538780710,583618769965646886,2026-04-23,Calça Jeans Feminina Wide Leg Jeans Feminina Cintura Alta,REF51646,"Marmorizada, 46",62.99,62.99,Item doesn't fit,RETURN_OR_REFUND_REQUEST_COMPLETE,RETURN_AND_REFUND
4039822810898335040,4039822810898269504,583560133474747712,2026-04-23,Calça Jeans Feminina Wide Leg Jeans Cintura Alta Preta Marmorizada,REF52846,46,86.96,86.96,Item doesn't fit,RETURN_OR_REFUND_REQUEST_COMPLETE,RETURN_AND_REFUND
4039822494255580345,4039822494255514809,583608305335698617,2026-04-23,Calça Jeans Feminina Wide Leg Jeans Feminina Cintura Alta,REF51642,"Marmorizada, 42",67.89,67.89,Item doesn't fit,RETURN_OR_REFUND_REQUEST_COMPLETE,RETURN_AND_REFUND
4039822686393894356,4039822686393828820,583593298481153492,2026-04-23,Calça Jeans Feminina Wide Leg Jeans Feminina Cintura Alta,REF51644,"Marmorizada, 44",79.9,79.9,"Fabric, material or style not as expected",RETURN_OR_REFUND_REQUEST_CANCEL,RETURN_AND_REFUND
4039822502686721612,4039822502686656076,583549983488247372,2026-04-23,Calça Jeans Feminina Wide Leg Jeans Feminina Cintura Alta,REF51644,"Marmorizada, 44",79.9,79.9,Item doesn't fit,RETURN_OR_REFUND_REQUEST_COMPLETE,RETURN_AND_REFUND
4039822414994179246,4039822414994113710,583591554599453870,2026-04-23,Calça Jeans Feminina Wide Leg Jeans Feminina Cintura Alta,REF51642,"Marmorizada, 42",75.62,75.62,"Fabric, material or style not as expected",RETURN_OR_REFUND_REQUEST_COMPLETE,RETURN_AND_REFUND
4039822248276755722,4039822248276690186,583609358114260234,2026-04-23,Calça Feminina Jeans Wide Leg Cintura Alta Azul Médio Marmorizado,REF55138,"Azul Médio Marmorizado , 38",79.59,79.59,Item doesn't fit,RETURN_OR_REFUND_REQUEST_CANCEL,RETURN_AND_REFUND
4039823023582185012,4039823023582119476,583608209799743028,2026-04-23,Calça Jeans Feminina Wide Leg Jeans Feminina Cintura Alta,REF51642,"Marmorizada, 42",73.83,73.83,Item doesn't fit,RETURN_OR_REFUND_REQUEST_CANCEL,RETURN_AND_REFUND
4039822235394278996,4039822235394213460,583313231088420436,2026-04-23,Calça Jeans Feminina Wide Leg Jeans Feminina Cintura Alta,REF52540,"Stone Used, 40",63.29,63.29,Item doesn't fit,RETURN_OR_REFUND_REQUEST_COMPLETE,RETURN_AND_REFUND
4039822795543119384,4039822795543053848,583587747398452760,2026-04-23,Calça Jeans Feminina Wide Leg Jeans Feminina Cintura Alta,REF51642,"Marmorizada, 42",75.65,75.65,Color or pattern not as expected,RETURN_OR_REFUND_REQUEST_COMPLETE,RETURN_AND_REFUND
4039823063418046176,4039823063417980640,583550794962994912,2026-04-23,Calça Jeans Feminina Wide Leg Jeans Feminina Cintura Alta,REF51644,"Marmorizada, 44",67.89,67.89,Item doesn't fit,RETURN_OR_REFUND_REQUEST_COMPLETE,RETURN_AND_REFUND
4039824588445484381,4039824588445418845,583551602579375453,2026-04-23,Calça Jeans Feminina Wide Leg Jeans Feminina Cintura Alta,REF51638,"Marmorizada, 38",62.99,62.99,Item doesn't fit,RETURN_OR_REFUND_REQUEST_COMPLETE,RETURN_AND_REFUND
4039823418033931380,4039823418033865844,583551228267299956,2026-04-23,Calça Jeans Feminina Wide Leg Jeans Feminina Cintura Alta,REF52740,"Sky Used, 40",62.99,62.99,Item doesn't fit,RETURN_OR_REFUND_REQUEST_COMPLETE,RETURN_AND_REFUND
4039822151640582096,4039822151640516560,583521206036826064,2026-04-23,Calça Feminina Jeans Wide Leg Cintura Alta Azul Médio Marmorizado,REF55136,"Azul Médio Marmorizado , 36",71.99,71.99,Item doesn't fit,RETURN_OR_REFUND_REQUEST_COMPLETE,RETURN_AND_REFUND
4039826086831162395,4039826086831096859,583553283857548315,2026-04-23,Calça Jeans Feminina Wide Leg Jeans Feminina Cintura Alta,REF52742,"Sky Used, 42",80.7,80.7,"Fabric, material or style not as expected",RETURN_OR_REFUND_REQUEST_COMPLETE,RETURN_AND_REFUND
4039825393544365873,4039825393544300337,583550504227997489,2026-04-23,Calça Jeans Feminina Wide Leg Jeans Feminina Cintura Alta,REF51638,"Marmorizada, 38",64.99,64.99,"Fabric, material or style not as expected",RETURN_OR_REFUND_REQUEST_COMPLETE,RETURN_AND_REFUND
4039825103327692456,4039825103327626920,583578908298086056,2026-04-23,Calça Jeans Feminina Wide Leg Jeans Feminina Cintura Alta,REF52744,"Sky Used, 44",85.56,85.56,Item doesn't fit,RETURN_OR_REFUND_REQUEST_COMPLETE,RETURN_AND_REFUND
4039824873722972040,4039824873722906504,583573945549948808,2026-04-23,Calça Jeans Feminina Wide Leg Jeans Feminina Cintura Alta,REF51642,"Marmorizada, 42",81.1,81.1,Item doesn't fit,RETURN_OR_REFUND_REQUEST_CANCEL,RETURN_AND_REFUND
4039824643990455798,4039824643990390262,583608032646432246,2026-04-23,Calça Jeans Feminina Wide Leg Jeans Feminina Cintura Alta,REF51636,"Marmorizada, 36",72.13,72.13,Item doesn't fit,RETURN_OR_REFUND_REQUEST_COMPLETE,RETURN_AND_REFUND
4039823181372884070,4039823181372818534,583536692578255974,2026-04-23,Calça Jeans Feminina Wide Leg Jeans Feminina Cintura Alta,REF51638,"Marmorizada, 38",69.99,69.99,Package wasn't received,RETURN_OR_REFUND_REQUEST_COMPLETE,REFUND
4039824470329623730,4039824470329558194,583578861966165170,2026-04-23,Calça Feminina Jeans Wide Leg Cintura Alta Azul Médio Marmorizado,REF55138,"Azul Médio Marmorizado , 38",96.75,96.75,Item doesn't fit,RETURN_OR_REFUND_REQUEST_CANCEL,RETURN_AND_REFUND
4039824123612202372,4039824123612136836,583564671144002948,2026-04-23,Calça Jeans Feminina Wide Leg Jeans Cintura Alta Preta Marmorizada,REF52844,44,89.14,89.14,Item doesn't fit,RETURN_OR_REFUND_REQUEST_COMPLETE,RETURN_AND_REFUND
4039823652133110795,4039823652133045259,583579101681189899,2026-04-23,Calça Jeans Feminina Wide Leg Jeans Feminina Cintura Alta,REF51640,"Marmorizada, 40",66.19,66.19,No longer needed,RETURN_OR_REFUND_REQUEST_COMPLETE,RETURN_AND_REFUND
4039823589389927581,4039823589389796509,583435770163594397,2026-04-23,Calça Jeans Feminina Wide Leg Jeans Feminina Cintura Alta,REF52540,"Stone Used, 40",78.57,78.57,Defective item,RETURN_OR_REFUND_REQUEST_COMPLETE,RETURN_AND_REFUND
4039823445745370308,4039823445745304772,583592140461278404,2026-04-23,Calça Jeans Feminina Wide Leg Jeans Feminina Cintura Alta,REF51636,"Marmorizada, 36",85.63,85.63,Item doesn't fit,RETURN_OR_REFUND_REQUEST_COMPLETE,RETURN_AND_REFUND
4039823429096473752,4039823429096408216,583591463035831448,2026-04-23,Calça Jeans Feminina Wide Leg Jeans Feminina Cintura Alta,REF51640,"Marmorizada, 40",63.44,63.44,Item doesn't fit,RETURN_OR_REFUND_REQUEST_COMPLETE,RETURN_AND_REFUND
4039823403588945883,4039823403588880347,583521261086869467,2026-04-23,Calça Jeans Feminina Wide Leg Cintura Alta Chocolate,REF56240,"Chocolate, 40",70.63,70.63,Defective item,RETURN_OR_REFUND_REQUEST_COMPLETE,REFUND
4039824219644462678,4039824219644397142,583551996816426582,2026-04-23,Calça Jeans Feminina Wide Leg Jeans Feminina Cintura Alta,REF52542,"Stone Used, 42",62.99,62.99,Item doesn't fit,RETURN_OR_REFUND_REQUEST_COMPLETE,RETURN_AND_REFUND
4039822080879920650,4039822080879855114,583574912363496970,2026-04-23,Calça Jeans Feminina Wide Leg Jeans Feminina Cintura Alta,REF52542,"Stone Used, 42",79.9,79.9,"Fabric, material or style not as expected",RETURN_OR_REFUND_REQUEST_COMPLETE,RETURN_AND_REFUND
4039819874111555089,4039819874111489553,583450199548593681,2026-04-23,Calça Jeans Feminina Wide Leg Jeans Feminina Cintura Alta,REF51642,"Marmorizada, 42",84.28,84.28,Item doesn't fit,RETURN_OR_REFUND_REQUEST_CANCEL,RETURN_AND_REFUND
4039821807081522274,4039821807081456738,583559642243499106,2026-04-23,Calça Feminina Jeans Wide Leg Cintura Alta Azul Médio Marmorizado,REF55144,"Azul Médio Marmorizado , 44",89.9,89.9,Item doesn't fit,RETURN_OR_REFUND_REQUEST_COMPLETE,RETURN_AND_REFUND
4039810246695420980,4039810246695355444,583535761329062964,2026-04-23,Calça Jeans Feminina Wide Leg Jeans Feminina Cintura Alta,REF51640,"Marmorizada, 40",69.99,69.99,Item doesn't fit,RETURN_OR_REFUND_REQUEST_CANCEL,RETURN_AND_REFUND
4039815096304895692,4039815096304830156,583552426681075404,2026-04-23,Calça Jeans Feminina Wide Leg Jeans Feminina Cintura Alta,REF51636,"Marmorizada, 36",62.54,62.54,"Fabric, material or style not as expected",RETURN_OR_REFUND_REQUEST_COMPLETE,RETURN_AND_REFUND
4039815253512193992,4039815253512128456,583579836694366152,2026-04-23,Calça Jeans Feminina Wide Leg Jeans Feminina Cintura Alta,REF51644,"Marmorizada, 44",70.79,70.79,Item doesn't fit,RETURN_OR_REFUND_REQUEST_COMPLETE,RETURN_AND_REFUND
4039815819051959702,4039815819051894166,583594363716601238,2026-04-23,Calça Jeans Feminina Wide Leg Jeans Feminina Cintura Alta,REF51640,"Marmorizada, 40",65.79,65.79,Item doesn't fit,RETURN_OR_REFUND_REQUEST_COMPLETE,RETURN_AND_REFUND
4039821973565703333,4039821973565637797,583572340736492709,2026-04-23,Calça Jeans Feminina Wide Leg Jeans Feminina Cintura Alta,REF51642,"Marmorizada, 42",80.7,80.7,Defective item,RETURN_OR_REFUND_REQUEST_COMPLETE,RETURN_AND_REFUND
4039816108656985291,4039816108656919755,583608905876866251,2026-04-23,Calça Jeans Feminina Wide Leg Jeans Feminina Cintura Alta,REF51636,"Marmorizada, 36",74.08,74.08,"Fabric, material or style not as expected",RETURN_OR_REFUND_REQUEST_COMPLETE,RETURN_AND_REFUND
4039816429504333100,4039816429504267564,583550110035838252,2026-04-23,Calça Jeans Feminina Wide Leg Jeans Feminina Cintura Alta,REF51636,"Marmorizada, 36",71.99,71.99,Item doesn't fit,RETURN_OR_REFUND_REQUEST_COMPLETE,RETURN_AND_REFUND
4039816798353130625,4039816798353065089,583579163057620097,2026-04-23,Calça Jeans Feminina Wide Leg Jeans Feminina Cintura Alta,REF51636,"Marmorizada, 36",62.99,62.99,Item doesn't fit,RETURN_OR_REFUND_REQUEST_COMPLETE,RETURN_AND_REFUND
4039816863881790593,4039816863881725057,583579163057620097,2026-04-23,Calça Jeans Feminina Wide Leg Jeans Feminina Cintura Alta,REF52536,"Stone Used, 36",62.99,62.99,Item doesn't fit,RETURN_OR_REFUND_REQUEST_COMPLETE,RETURN_AND_REFUND
4039817477890278442,4039817477890212906,583594025779823658,2026-04-23,Calça Jeans Feminina Wide Leg Jeans Feminina Cintura Alta,REF51636,"Marmorizada, 36",63.29,63.29,Item doesn't fit,RETURN_OR_REFUND_REQUEST_COMPLETE,RETURN_AND_REFUND
4039817487034124178,4039817487034058642,583608545477756818,2026-04-23,Calça Jeans Feminina Wide Leg Jeans Feminina Cintura Alta,REF51640,"Marmorizada, 40",64.99,64.99,Item doesn't fit,RETURN_OR_REFUND_REQUEST_COMPLETE,RETURN_AND_REFUND
4039817991148176479,4039817991148110943,583580779296425055,2026-04-23,Calça Jeans Feminina Wide Leg Jeans Feminina Cintura Alta,REF51640,"Marmorizada, 40",67.89,67.89,Item doesn't fit,RETURN_OR_REFUND_REQUEST_COMPLETE,RETURN_AND_REFUND
4039818080409388293,4039818080409322757,583593925930484997,2026-04-23,Calça Jeans Feminina Wide Leg Jeans Feminina Cintura Alta,REF51636,"Marmorizada, 36",69.99,69.99,Item doesn't fit,RETURN_OR_REFUND_REQUEST_COMPLETE,RETURN_AND_REFUND
4039818083828532664,4039818083828467128,583590356784088504,2026-04-23,Calça Jeans Feminina Wide Leg Jeans Feminina Cintura Alta,REF52536,"Stone Used, 36",80.7,80.7,Item doesn't fit,RETURN_OR_REFUND_REQUEST_COMPLETE,RETURN_AND_REFUND
4039818182454641860,4039818182454445252,583282006761702596,2026-04-23,Calça Jeans Feminina Wide Leg Jeans Feminina Cintura Alta,REF52742,"Sky Used, 42",67.89,67.89,Defective item,RETURN_OR_REFUND_REQUEST_COMPLETE,RETURN_AND_REFUND
4039816046839301323,4039816046839235787,583608881447470283,2026-04-23,Calça Jeans Feminina Wide Leg Jeans Feminina Cintura Alta,REF52536,"Stone Used, 36",74.08,74.08,"Fabric, material or style not as expected",RETURN_OR_REFUND_REQUEST_COMPLETE,RETURN_AND_REFUND
4039818697085846636,4039818697085781100,583608308391576684,2026-04-23,Calça Jeans Feminina Wide Leg Jeans Feminina Cintura Alta,REF51644,"Marmorizada, 44",68.04,68.04,Defective item,RETURN_OR_REFUND_REQUEST_COMPLETE,RETURN_AND_REFUND
4039818569084602284,4039818569084536748,583594211940861868,2026-04-23,Calça Jeans Feminina Wide Leg Jeans Feminina Cintura Alta,REF51638,"Marmorizada, 38",90.9,90.9,Item doesn't fit,RETURN_OR_REFUND_REQUEST_COMPLETE,RETURN_AND_REFUND
4039821717622327181,4039821717622261645,583593623375021965,2026-04-23,Calça Jeans Feminina Wide Leg Jeans Feminina Cintura Alta,REF52736,"Sky Used, 36",67.49,67.49,Item doesn't fit,RETURN_OR_REFUND_REQUEST_COMPLETE,RETURN_AND_REFUND
4039821727221647245,4039821727221581709,583593623375021965,2026-04-23,Calça Jeans Feminina Wide Leg Jeans Feminina Cintura Alta,REF52536,"Stone Used, 36",67.49,67.49,Item doesn't fit,RETURN_OR_REFUND_REQUEST_COMPLETE,RETURN_AND_REFUND
4039821559276341162,4039821559276275626,583579476951271338,2026-04-23,Calça Jeans Feminina Wide Leg Jeans Feminina Cintura Alta,REF52744,"Sky Used, 44",88.44,88.44,Package wasn't received,RETURN_OR_REFUND_REQUEST_COMPLETE,REFUND
4039821577496659882,4039821577496594346,583579476951271338,2026-04-23,Calça Jeans Feminina Wide Leg Jeans Feminina Cintura Alta,REF52744,"Sky Used, 44",88.44,88.44,Package wasn't received,RETURN_OR_REFUND_REQUEST_CANCEL,REFUND
4039821166776125139,4039821166776059603,583420755687474899,2026-04-23,Calça Feminina Jeans Wide Leg Cintura Alta Azul Médio Marmorizado,REF55138,"Azul Médio Marmorizado , 38",79.99,79.99,Item doesn't fit,RETURN_OR_REFUND_REQUEST_COMPLETE,RETURN_AND_REFUND
4039821159754860083,4039821159754794547,583580424856700467,2026-04-23,Calça Jeans Feminina Wide Leg Jeans Feminina Cintura Alta,REF51642,"Marmorizada, 42",73.83,73.83,No longer needed,RETURN_OR_REFUND_REQUEST_COMPLETE,RETURN_AND_REFUND
4039821618858461098,4039821618858198954,583579446370207658,2026-04-23,Calça Jeans Feminina Wide Leg Jeans Feminina Cintura Alta,REF51644,"Marmorizada, 44",88.44,88.44,Package wasn't received,RETURN_OR_REFUND_REQUEST_COMPLETE,REFUND
4039820962890548683,4039820962890483147,583620506784138699,2026-04-23,Calça Feminina Jeans Wide Leg Cintura Alta Azul Médio Marmorizado,REF55140,"Azul Médio Marmorizado , 40",69.83,69.83,Item doesn't fit,RETURN_OR_REFUND_REQUEST_COMPLETE,RETURN_AND_REFUND
4039819940764157505,4039819940764091969,583593647533229633,2026-04-23,Calça Jeans Feminina Wide Leg Jeans Feminina Cintura Alta,REF51636,"Marmorizada, 36",73.14,73.14,Item doesn't fit,RETURN_OR_REFUND_REQUEST_CANCEL,RETURN_AND_REFUND
4039819953233167767,4039819953233102231,583508199393822103,2026-04-23,Calça Feminina Jeans Wide Leg Cintura Alta Azul Médio Marmorizado,REF55140,"Azul Médio Marmorizado , 40",79.59,79.59,Item doesn't fit,RETURN_OR_REFUND_REQUEST_CANCEL,RETURN_AND_REFUND
4039819923707561526,4039819923707495990,583608975720154678,2026-04-23,Calça Jeans Feminina Wide Leg Jeans Feminina Cintura Alta,REF52744,"Sky Used, 44",73.19,73.19,Item doesn't fit,RETURN_OR_REFUND_REQUEST_COMPLETE,RETURN_AND_REFUND
4039819813324228432,4039819813324162896,583579231555913552,2026-04-23,Calça Jeans Feminina Wide Leg Jeans Feminina Cintura Alta,REF51644,"Marmorizada, 44",81.9,81.9,Item doesn't fit,RETURN_OR_REFUND_REQUEST_CANCEL,RETURN_AND_REFUND
4039821140549207850,4039821140549142314,583552545255032618,2026-04-23,Calça Jeans Feminina Wide Leg Jeans Feminina Cintura Alta,REF52744,"Sky Used, 44",70.59,70.59,"Fabric, material or style not as expected",RETURN_OR_REFUND_REQUEST_COMPLETE,RETURN_AND_REFUND
4039819779332540259,4039819779332474723,583594465392232291,2026-04-23,Calça Jeans Feminina Wide Leg Jeans Feminina Cintura Alta,REF51638,"Marmorizada, 38",73.14,73.14,Item doesn't fit,RETURN_OR_REFUND_REQUEST_COMPLETE,RETURN_AND_REFUND
4039840452279043967,4039840452278978431,583578083517892479,2026-04-24,Calça Jeans Feminina Wide Leg Cintura Alta Chocolate,REF56240,"Chocolate, 40",91.9,91.9,No longer needed,RETURN_OR_REFUND_REQUEST_COMPLETE,RETURN_AND_REFUND
4039840389642356366,4039840389642290830,583623661004424846,2026-04-24,Calça Jeans Wide Leg Cintura Alta com Brilho Strass,REF52936,36,116.99,116.99,Item doesn't fit,RETURN_OR_REFUND_REQUEST_COMPLETE,RETURN_AND_REFUND
4039840315157677516,4039840315157611980,583594877807396300,2026-04-24,Calça Jeans Feminina Wide Leg Jeans Feminina Cintura Alta,REF52536,"Stone Used, 36",69.99,69.99,Item doesn't fit,RETURN_OR_REFUND_REQUEST_COMPLETE,RETURN_AND_REFUND
4039840283425146827,4039840283425081291,583579213977192395,2026-04-24,Calça Jeans Feminina Wide Leg Jeans Feminina Cintura Alta,REF51646,"Marmorizada, 46",74.95,74.95,Item doesn't fit,RETURN_OR_REFUND_REQUEST_COMPLETE,RETURN_AND_REFUND
4039840055332209791,4039840055332144255,583593326176994431,2026-04-24,Calça Feminina Jeans Wide Leg Cintura Alta Azul Médio Marmorizado,REF55136,"Azul Médio Marmorizado , 36",83.19,83.19,Item doesn't fit,RETURN_OR_REFUND_REQUEST_COMPLETE,RETURN_AND_REFUND
4039839985376396463,4039839985376330927,583578837614298287,2026-04-24,Calça Jeans Feminina Wide Leg Jeans Feminina Cintura Alta,REF51638,"Marmorizada, 38",63.94,63.94,Item doesn't fit,RETURN_OR_REFUND_REQUEST_CANCEL,RETURN_AND_REFUND
4039839916381734824,4039839916381669288,583637443773171624,2026-04-24,Calça Jeans Feminina Wide Leg Jeans Feminina Cintura Alta,REF51640,"Marmorizada, 40",75.11,75.11,Package wasn't received,RETURN_OR_REFUND_REQUEST_CANCEL,REFUND
4039840508426617860,4039840508426552324,583633518858372100,2026-04-24,Calça Jeans Feminina Wide Leg Jeans Feminina Cintura Alta,REF52540,"Stone Used, 40",80.7,80.7,Item doesn't fit,RETURN_OR_REFUND_REQUEST_CANCEL,RETURN_AND_REFUND
4039840171278959842,4039840171278894306,583564383049188578,2026-04-24,Calça Feminina Jeans Wide Leg Cintura Alta Azul Médio Marmorizado,REF55142,"Azul Médio Marmorizado , 42",89.9,89.9,Item doesn't fit,RETURN_OR_REFUND_REQUEST_CANCEL,RETURN_AND_REFUND
4039840805935351773,4039840805935286237,583623350262663133,2026-04-24,Calça Jeans Feminina Wide Leg Jeans Feminina Cintura Alta,REF51638,"Marmorizada, 38",62.99,62.99,"Item arrived damaged. Example: item is dented, scratched or shattered.",RETURN_OR_REFUND_REQUEST_CANCEL,RETURN_AND_REFUND
4039841538428798822,4039841538428733286,583593777586931558,2026-04-24,Calça Feminina Jeans Wide Leg Cintura Alta Azul Médio Marmorizado,REF55140,"Azul Médio Marmorizado , 40",85.03,85.03,"Fabric, material or style not as expected",RETURN_OR_REFUND_REQUEST_COMPLETE,RETURN_AND_REFUND
4039840866649867592,4039840866649802056,583621816461329736,2026-04-24,Calça Jeans Feminina Wide Leg Jeans Feminina Cintura Alta,REF51640,"Marmorizada, 40",79.9,79.9,Item doesn't fit,RETURN_OR_REFUND_REQUEST_COMPLETE,RETURN_AND_REFUND
4039840887581280233,4039840887581214697,583654325211334633,2026-04-24,Calça Jeans Feminina Wide Leg Jeans Feminina Cintura Alta,REF51642,"Marmorizada, 42",64.99,64.99,Item doesn't fit,RETURN_OR_REFUND_REQUEST_COMPLETE,RETURN_AND_REFUND
4039840927448663466,4039840927448597930,583635472733406634,2026-04-24,Calça Jeans Feminina Wide Leg Jeans Feminina Cintura Alta,REF51642,"Marmorizada, 42",79.9,79.9,Item doesn't fit,RETURN_OR_REFUND_REQUEST_COMPLETE,RETURN_AND_REFUND
4039841139350603196,4039841139350537660,583580699719796156,2026-04-24,Calça Jeans Feminina Wide Leg Jeans Feminina Cintura Alta,REF51644,"Marmorizada, 44",69.99,69.99,Item doesn't fit,RETURN_OR_REFUND_REQUEST_COMPLETE,RETURN_AND_REFUND
4039841463859447289,4039841463859381753,583580744785364473,2026-04-24,Calça Feminina Jeans Wide Leg Cintura Alta Azul Médio Marmorizado,REF55136,"Azul Médio Marmorizado , 36",77.32,77.32,Item doesn't fit,RETURN_OR_REFUND_REQUEST_CANCEL,RETURN_AND_REFUND
4039841447776519673,4039841447776454137,583580744785364473,2026-04-24,Calça Jeans Feminina Wide Leg Jeans Feminina Cintura Alta,REF51636,"Marmorizada, 36",67.66,67.66,Item doesn't fit,RETURN_OR_REFUND_REQUEST_COMPLETE,RETURN_AND_REFUND
4039841789825615752,4039841789825550216,583637674164127624,2026-04-24,Calça Jeans Feminina Wide Leg Jeans Feminina Cintura Alta,REF51640,"Marmorizada, 40",63.04,63.04,Item doesn't fit,RETURN_OR_REFUND_REQUEST_COMPLETE,RETURN_AND_REFUND
4039842254357432173,4039842254357366637,583637882144458605,2026-04-24,Calça Jeans Feminina Wide Leg Jeans Feminina Cintura Alta,REF51640,"Marmorizada, 40",74.67,74.67,"Fabric, material or style not as expected",RETURN_OR_REFUND_REQUEST_CANCEL,RETURN_AND_REFUND
4039842355964053459,4039842355963987923,583649039750301651,2026-04-24,Calça Jeans Feminina Wide Leg Jeans Feminina Cintura Alta,REF52544,"Stone Used, 44",79.9,79.9,Item doesn't fit,RETURN_OR_REFUND_REQUEST_COMPLETE,RETURN_AND_REFUND
4039839543312549531,4039839544712070811,583509310720673435,2026-04-24,Calça Jeans Feminina Wide Leg Jeans Feminina Cintura Alta,REF52738,"Sky Used, 38",77.91,77.91,Package wasn't received,RETURN_OR_REFUND_REQUEST_CANCEL,REFUND
4039840842951394328,4039840842951328792,583622550306522136,2026-04-24,Calça Jeans Feminina Wide Leg Cintura Alta Amarelo Manteiga,REF55036,"AMARELO MANTEIGA, 36",107.46,107.46,No longer needed,RETURN_OR_REFUND_REQUEST_COMPLETE,RETURN_AND_REFUND
4039839461181327244,4039839461181261708,583622325051885452,2026-04-24,Calça Jeans Feminina Wide Leg Jeans Feminina Cintura Alta,REF51638,"Marmorizada, 38",79.9,79.9,"Item arrived damaged. Example: item is dented, scratched or shattered.",RETURN_OR_REFUND_REQUEST_CANCEL,RETURN_AND_REFUND
4039837252969268226,4039837252969202690,583576287460361218,2026-04-24,Calça Jeans Feminina Wide Leg Jeans Feminina Cintura Alta,REF51636,"Marmorizada, 36",79.9,79.9,Item doesn't match description,RETURN_OR_REFUND_REQUEST_COMPLETE,RETURN_AND_REFUND
4039839430172575387,4039839430172509851,583509310720673435,2026-04-24,Calça Jeans Feminina Wide Leg Jeans Feminina Cintura Alta,REF52738,"Sky Used, 38",77.91,77.91,Package wasn't received,RETURN_OR_REFUND_REQUEST_CANCEL,REFUND
4039839443705300635,4039839443705235099,583509310720673435,2026-04-24,Calça Jeans Feminina Wide Leg Jeans Feminina Cintura Alta,REF52738,"Sky Used, 38",77.91,77.91,Package wasn't received,RETURN_OR_REFUND_REQUEST_CANCEL,REFUND
4039826433653311337,4039826433653245801,583578853908580201,2026-04-24,Calça Jeans Feminina Wide Leg Jeans Feminina Cintura Alta,REF51638,"Marmorizada, 38",77.97,77.97,No longer needed,RETURN_OR_REFUND_REQUEST_CANCEL,RETURN_AND_REFUND
4039831519670798174,4039831519670601566,583608911970797406,2026-04-24,Calça Jeans Feminina Wide Leg Jeans Feminina Cintura Alta,REF51644,"Marmorizada, 44",69.99,69.99,Item doesn't fit,RETURN_OR_REFUND_REQUEST_COMPLETE,RETURN_AND_REFUND
4039833190176883979,4039833190176818443,583549631512937739,2026-04-24,Calça Jeans Feminina Wide Leg Jeans Feminina Cintura Alta,REF52744,"Sky Used, 44",80.7,80.7,Color or pattern not as expected,RETURN_OR_REFUND_REQUEST_CANCEL,RETURN_AND_REFUND
4039834758234997877,4039834758234932341,583620010704864373,2026-04-24,Calça Jeans Feminina Wide Leg Jeans Feminina Cintura Alta,REF52736,"Sky Used, 36",64.99,64.99,Item doesn't fit,RETURN_OR_REFUND_REQUEST_COMPLETE,RETURN_AND_REFUND
4039835132410692757,4039835132410627221,583609686398043285,2026-04-24,Calça Feminina Jeans Wide Leg Cintura Alta Azul Médio Marmorizado,REF55138,"Azul Médio Marmorizado , 38",78.39,78.39,Item doesn't fit,RETURN_OR_REFUND_REQUEST_COMPLETE,RETURN_AND_REFUND
4039835821907281053,4039835821907215517,583579165874685085,2026-04-24,Calça Jeans Feminina Wide Leg Jeans Feminina Cintura Alta,REF51642,"Marmorizada, 42",64.99,64.99,Item doesn't fit,RETURN_OR_REFUND_REQUEST_COMPLETE,RETURN_AND_REFUND
4039836460366333311,4039836460366267775,583543034040452479,2026-04-24,Calça Jeans Feminina Wide Leg Jeans Feminina Cintura Alta,REF52542,"Stone Used, 42",79.9,79.9,Item doesn't fit,RETURN_OR_REFUND_REQUEST_COMPLETE,RETURN_AND_REFUND
4039836351469421600,4039836351469356064,583549135509881888,2026-04-24,Calça Jeans Feminina Wide Leg Jeans Feminina Cintura Alta,REF51644,"Marmorizada, 44",64.84,64.84,Color or pattern not as expected,RETURN_OR_REFUND_REQUEST_COMPLETE,RETURN_AND_REFUND
4039836489424143516,4039836489424077980,583654368872006812,2026-04-24,Calça Jeans Feminina Wide Leg Jeans Feminina Cintura Alta,REF51642,"Marmorizada, 42",66.63,66.63,Item doesn't fit,RETURN_OR_REFUND_REQUEST_COMPLETE,RETURN_AND_REFUND
4039836630316517165,4039836630316451629,583207519161780013,2026-04-24,Calça Jeans Feminina Wide Leg Jeans Feminina Cintura Alta,REF51636,"Marmorizada, 36",69.99,69.99,Item doesn't fit,RETURN_OR_REFUND_REQUEST_CANCEL,RETURN_AND_REFUND
4039835107492202288,4039835107492136752,583558260830209840,2026-04-24,Calça Jeans Feminina Wide Leg Jeans Feminina Cintura Alta,REF51640,"Marmorizada, 40",62.99,62.99,Item doesn't fit,RETURN_OR_REFUND_REQUEST_COMPLETE,RETURN_AND_REFUND
4039826318645233019,4039826318645167483,583617858317944187,2026-04-24,Calça Jeans Feminina Wide Leg Jeans Feminina Cintura Alta,REF51646,"Marmorizada, 46",83.62,83.62,Item doesn't fit,RETURN_OR_REFUND_REQUEST_COMPLETE,RETURN_AND_REFUND
4039837091845866614,4039837091845801078,583353657773884534,2026-04-24,Calça Jeans Feminina Wide Leg Jeans Feminina Cintura Alta,REF51642,"Marmorizada, 42",79.9,79.9,Item doesn't fit,RETURN_OR_REFUND_REQUEST_COMPLETE,RETURN_AND_REFUND
4039839222465594997,4039839222465529461,583623616028378741,2026-04-24,Calça Jeans Feminina Wide Leg Jeans Feminina Cintura Alta,REF51646,"Marmorizada, 46",63.29,63.29,Item doesn't fit,RETURN_OR_REFUND_REQUEST_COMPLETE,RETURN_AND_REFUND
4039839179478500370,4039839179478434834,583521668991124498,2026-04-24,Calça Jeans Feminina Wide Leg Jeans Feminina Cintura Alta,REF51644,"Marmorizada, 44",80.4,80.4,Item doesn't fit,RETURN_OR_REFUND_REQUEST_CANCEL,RETURN_AND_REFUND
4039838931368248437,4039838931368182901,583587511790830709,2026-04-24,Calça Jeans Feminina Wide Leg Jeans Feminina Cintura Alta,REF51644,"Marmorizada, 44",79.62,79.62,Item doesn't fit,RETURN_OR_REFUND_REQUEST_COMPLETE,RETURN_AND_REFUND
4039838868510115390,4039838868510049854,583328738719925822,2026-04-24,Calça Jeans Feminina Wide Leg Jeans Feminina Cintura Alta,REF51638,"Marmorizada, 38",71.89,71.89,Item doesn't fit,RETURN_OR_REFUND_REQUEST_COMPLETE,RETURN_AND_REFUND
4039839358282860347,4039839358282794811,583594750446765883,2026-04-24,Calça Jeans Feminina Wide Leg Jeans Cintura Alta Preta Marmorizada,REF52838,38,82.44,82.44,Item doesn't fit,RETURN_OR_REFUND_REQUEST_COMPLETE,RETURN_AND_REFUND
4039838096258139882,4039838096258074346,583593580707022570,2026-04-24,Calça Feminina Jeans Wide Leg Cintura Alta Azul Médio Marmorizado,REF55142,"Azul Médio Marmorizado , 42",84.54,84.54,Item doesn't fit,RETURN_OR_REFUND_REQUEST_COMPLETE,RETURN_AND_REFUND
4039837846042478314,4039837846042412778,583593580707022570,2026-04-24,Calça Jeans Feminina Wide Leg Jeans Feminina Cintura Alta,REF51642,"Marmorizada, 42",73.28,73.28,Item doesn't fit,RETURN_OR_REFUND_REQUEST_COMPLETE,RETURN_AND_REFUND
4039837268807157748,4039837268807092212,583623298643560436,2026-04-24,Calça Jeans Feminina Wide Leg Jeans Feminina Cintura Alta,REF51638,"Marmorizada, 38",68.07,68.07,Item doesn't fit,RETURN_OR_REFUND_REQUEST_COMPLETE,RETURN_AND_REFUND
4039838713450431690,4039838713450366154,583624527769928906,2026-04-24,Calça Jeans Feminina Wide Leg Jeans Feminina Cintura Alta,REF52536,"Stone Used, 36",69.77,69.77,Item doesn't fit,RETURN_OR_REFUND_REQUEST_COMPLETE,RETURN_AND_REFUND
4039857559010968900,4039857559010903364,583608287475828036,2026-04-25,Calça Jeans Feminina Wide Leg Jeans Feminina Cintura Alta,REF52744,"Sky Used, 44",71.99,71.99,Wrong item was sent,RETURN_OR_REFUND_REQUEST_COMPLETE,RETURN_AND_REFUND
4039856768172328617,4039856768172263081,583624426001237673,2026-04-25,Calça Jeans Feminina Wide Leg Jeans Feminina Cintura Alta,REF52542,"Stone Used, 42",63.94,63.94,Item doesn't fit,RETURN_OR_REFUND_REQUEST_COMPLETE,RETURN_AND_REFUND
4039856774760662697,4039856774760597161,583618302260643497,2026-04-25,Calça Jeans Feminina Wide Leg Jeans Feminina Cintura Alta,REF51642,"Marmorizada, 42",67.89,67.89,Item doesn't fit,RETURN_OR_REFUND_REQUEST_COMPLETE,RETURN_AND_REFUND
4039856793499305524,4039856793499239988,583636515231073844,2026-04-25,Calça Jeans Feminina Wide Leg Jeans Feminina Cintura Alta,REF52540,"Stone Used, 40",78.3,78.3,Item doesn't fit,RETURN_OR_REFUND_REQUEST_COMPLETE,RETURN_AND_REFUND
4039856965994121035,4039856965994055499,583577089734182731,2026-04-25,Calça Jeans Feminina Wide Leg Jeans Feminina Cintura Alta,REF52736,"Sky Used, 36",67.17,67.17,Item doesn't fit,RETURN_OR_REFUND_REQUEST_COMPLETE,RETURN_AND_REFUND
4039857135998305417,4039857133480871049,583579115292689545,2026-04-25,Calça Jeans Feminina Wide Leg Jeans Feminina Cintura Alta,REF51646,"Marmorizada, 46",64.3,64.3,Item doesn't fit,RETURN_OR_REFUND_REQUEST_COMPLETE,RETURN_AND_REFUND
4039857154587854062,4039857154587788526,583579297861895406,2026-04-25,Calça Jeans Feminina Wide Leg Jeans Feminina Cintura Alta,REF52536,"Stone Used, 36",70.49,70.49,Item doesn't fit,RETURN_OR_REFUND_REQUEST_COMPLETE,RETURN_AND_REFUND
4039857315399960410,4039857312182994778,583638185843656538,2026-04-25,Calça Jeans Feminina Wide Leg Jeans Feminina Cintura Alta,REF51646,"Marmorizada, 46",69.99,69.99,No longer needed,RETURN_OR_REFUND_REQUEST_COMPLETE,RETURN_AND_REFUND
4039857396914947739,4039857396914882203,583624095476975259,2026-04-25,Calça Jeans Feminina Wide Leg Jeans Feminina Cintura Alta,REF51642,"Marmorizada, 42",89.34,89.34,Item doesn't fit,RETURN_OR_REFUND_REQUEST_COMPLETE,RETURN_AND_REFUND
4039857567371659093,4039857567371593557,583510442440034133,2026-04-25,Calça Feminina Jeans Wide Leg Cintura Alta Azul Médio Marmorizado,REF55140,"Azul Médio Marmorizado , 40",76.13,76.13,"Fabric, material or style not as expected",RETURN_OR_REFUND_REQUEST_COMPLETE,RETURN_AND_REFUND
4039857636483565087,4039857636483499551,583653703759922719,2026-04-25,Calça Jeans Feminina Wide Leg Jeans Feminina Cintura Alta,REF52736,"Sky Used, 36",83.62,83.62,Item doesn't fit,RETURN_OR_REFUND_REQUEST_COMPLETE,RETURN_AND_REFUND
4039860288818677620,4039860288818612084,583670676638500724,2026-04-25,Calça Feminina Jeans Wide Leg Cintura Alta Azul Médio Marmorizado,REF55142,"Azul Médio Marmorizado , 42",98.3,98.3,Item doesn't fit,RETURN_OR_REFUND_REQUEST_COMPLETE,RETURN_AND_REFUND
4039857871394408169,4039857871394342633,583531179446273769,2026-04-25,Calça Jeans Feminina Wide Leg Jeans Feminina Cintura Alta,REF52736,"Sky Used, 36",79.9,79.9,Item doesn't fit,RETURN_OR_REFUND_REQUEST_COMPLETE,RETURN_AND_REFUND
4039858046551885671,4039858046551820135,583639826170087271,2026-04-25,Calça Jeans Feminina Wide Leg Jeans Feminina Cintura Alta,REF51642,"Marmorizada, 42",68.02,68.02,Item doesn't fit,RETURN_OR_REFUND_REQUEST_COMPLETE,RETURN_AND_REFUND
4039858039515350887,4039858039515285351,583639826170087271,2026-04-25,Calça Jeans Feminina Wide Leg Jeans Cintura Alta Preta Marmorizada,REF52842,42,77.66,77.66,Item doesn't fit,RETURN_OR_REFUND_REQUEST_COMPLETE,RETURN_AND_REFUND
4039858130216256549,4039858130216191013,583624029336208421,2026-04-25,Calça Jeans Feminina Wide Leg Jeans Feminina Cintura Alta,REF51638,"Marmorizada, 38",79.9,79.9,Item doesn't fit,RETURN_OR_REFUND_REQUEST_COMPLETE,RETURN_AND_REFUND
4039858223477851465,4039858223477785929,583638709420393801,2026-04-25,Calça Jeans Feminina Wide Leg Jeans Feminina Cintura Alta,REF51642,"Marmorizada, 42",69.99,69.99,Item doesn't fit,RETURN_OR_REFUND_REQUEST_COMPLETE,RETURN_AND_REFUND
4039858658070857371,4039858658070791835,583509310720673435,2026-04-25,Calça Jeans Feminina Wide Leg Jeans Feminina Cintura Alta,REF52738,"Sky Used, 38",77.91,77.91,Package wasn't received,RETURN_OR_REFUND_REQUEST_CANCEL,REFUND
4039859183284946922,4039859183284881386,583640592494004202,2026-04-25,Calça Jeans Feminina Wide Leg Jeans Feminina Cintura Alta,REF52536,"Stone Used, 36",64.9,64.9,Item doesn't fit,RETURN_OR_REFUND_REQUEST_COMPLETE,RETURN_AND_REFUND
4039859226822542975,4039859226822477439,583564262371133055,2026-04-25,Calça Jeans Feminina Wide Leg Jeans Feminina Cintura Alta,REF51646,"Marmorizada, 46",64.91,64.91,No longer needed,RETURN_OR_REFUND_REQUEST_CANCEL,RETURN_AND_REFUND
4039859383613228518,4039859383613162982,583618748108146150,2026-04-25,Calça Jeans Feminina Wide Leg Jeans Feminina Cintura Alta,REF52544,"Stone Used, 44",73.68,73.68,Package wasn't received,RETURN_OR_REFUND_REQUEST_COMPLETE,REFUND
4039859574980577135,4039859574980511599,583593218333050735,2026-04-25,Calça Feminina Jeans Wide Leg Cintura Alta Azul Médio Marmorizado,REF55140,"Azul Médio Marmorizado , 40",88.43,88.43,Item doesn't fit,RETURN_OR_REFUND_REQUEST_COMPLETE,RETURN_AND_REFUND
4039856730590446966,4039856730590381430,583267068965651830,2026-04-25,Calça Jeans Feminina Wide Leg Jeans Feminina Cintura Alta,REF51644,"Marmorizada, 44",79.85,79.85,Item doesn't fit,RETURN_OR_REFUND_REQUEST_COMPLETE,RETURN_AND_REFUND
4039857869032686805,4039857869032621269,583655105490093269,2026-04-25,Calça Feminina Jeans Wide Leg Cintura Alta Azul Médio Marmorizado,REF55142,"Azul Médio Marmorizado , 42",77.63,77.63,Item doesn't fit,RETURN_OR_REFUND_REQUEST_CANCEL,RETURN_AND_REFUND
4039856615821575987,4039856615821510451,583608221798795059,2026-04-25,Calça Feminina Jeans Wide Leg Cintura Alta Azul Médio Marmorizado,REF55140,"Azul Médio Marmorizado , 40",88.39,88.39,Color or pattern not as expected,RETURN_OR_REFUND_REQUEST_COMPLETE,RETURN_AND_REFUND
4039856456975287519,4039856456975221983,583667704529519839,2026-04-25,Calça Feminina Jeans Wide Leg Cintura Alta Azul Médio Marmorizado,REF55136,"Azul Médio Marmorizado , 36",82.84,82.84,Item doesn't fit,RETURN_OR_REFUND_REQUEST_COMPLETE,RETURN_AND_REFUND
4039850248957560564,4039850248957495028,583631815081363188,2026-04-25,Calça Jeans Feminina Wide Leg Jeans Feminina Cintura Alta,REF52540,"Stone Used, 40",79.9,79.9,Item doesn't fit,RETURN_OR_REFUND_REQUEST_COMPLETE,RETURN_AND_REFUND
4039843770648921474,4039843770648855938,583564169260008834,2026-04-25,Calça Jeans Feminina Wide Leg Jeans Feminina Cintura Alta,REF51642,"Marmorizada, 42",68.55,68.55,Item doesn't fit,RETURN_OR_REFUND_REQUEST_COMPLETE,RETURN_AND_REFUND
4039848483181790646,4039848483181528502,583451537157686710,2026-04-25,Calça Jeans Feminina Wide Leg Jeans Feminina Cintura Alta,REF51638,"Marmorizada, 38",70.79,70.79,"Package arrived damaged. Example: spilled liquid, damaged box.",RETURN_OR_REFUND_REQUEST_CANCEL,REFUND
4039856500342752900,4039856500342687364,583627058459543172,2026-04-25,Saia Jeans Feminina Cintura Alta Barra A Fio,REF56838,"Marmorizada, 38",87.6,87.6,Wrong item was sent,RETURN_OR_REFUND_REQUEST_CANCEL,RETURN_AND_REFUND
4039850733643401127,4039850733643335591,583580595328944039,2026-04-25,Calça Jeans Feminina Wide Leg Jeans Feminina Cintura Alta,REF51636,"Marmorizada, 36",69.99,69.99,Item doesn't fit,RETURN_OR_REFUND_REQUEST_CANCEL,RETURN_AND_REFUND
4039851355696366782,4039851355696301246,583435567820735678,2026-04-25,Calça Jeans Feminina Wide Leg Jeans Feminina Cintura Alta,REF51636,"Marmorizada, 36",79.5,79.5,No longer needed,RETURN_OR_REFUND_REQUEST_CANCEL,RETURN_AND_REFUND
4039851527471138616,4039851527471073080,583536209356621624,2026-04-25,Calça Jeans Feminina Wide Leg Jeans Feminina Cintura Alta,REF51642,"Marmorizada, 42",76.87,76.87,Item doesn't fit,RETURN_OR_REFUND_REQUEST_COMPLETE,RETURN_AND_REFUND
4039851511097296284,4039851511097230748,583609322476766620,2026-04-25,Calça Jeans Feminina Wide Leg Jeans Feminina Cintura Alta,REF51642,"Marmorizada, 42",69.99,69.99,Item doesn't fit,RETURN_OR_REFUND_REQUEST_COMPLETE,RETURN_AND_REFUND
4039852729135040456,4039852729134974920,583608186145310664,2026-04-25,Calça Jeans Feminina Wide Leg Jeans Feminina Cintura Alta,REF51636,"Marmorizada, 36",69.99,69.99,Product wouldn't arrive on time,RETURN_OR_REFUND_REQUEST_CANCEL,REFUND
4039854589906289902,4039854589906224366,583635998482269422,2026-04-25,Calça Jeans Feminina Wide Leg Jeans Feminina Cintura Alta Stone Used,REF52536,36,80.79,80.79,Defective item,RETURN_OR_REFUND_REQUEST_COMPLETE,RETURN_AND_REFUND
4039854706737252330,4039854706737186794,583637098843637738,2026-04-25,Calça Jeans Feminina Wide Leg Jeans Feminina Cintura Alta,REF51638,"Marmorizada, 38",71.93,71.93,Item doesn't fit,RETURN_OR_REFUND_REQUEST_COMPLETE,RETURN_AND_REFUND
4039854798805895062,4039854798805829526,583606817094076310,2026-04-25,Calça Jeans Feminina Wide Leg Jeans Feminina Cintura Alta,REF51640,"Marmorizada, 40",75.82,75.82,"Fabric, material or style not as expected",RETURN_OR_REFUND_REQUEST_COMPLETE,RETURN_AND_REFUND
4039854070767125694,4039854070767060158,583536301117965502,2026-04-25,Calça Jeans Feminina Wide Leg Jeans Feminina Cintura Alta,REF51640,"Marmorizada, 40",67.07,67.07,Item doesn't fit,RETURN_OR_REFUND_REQUEST_COMPLETE,RETURN_AND_REFUND
4039855313395025907,4039855313394960371,583637301778745331,2026-04-25,Saia Jeans Feminina Cintura Alta Rosa Bebê,REF56338,"Rosa Bebê, 38",82.39,82.39,Item doesn't fit,RETURN_OR_REFUND_REQUEST_COMPLETE,RETURN_AND_REFUND
4039856365925532832,4039856365925467296,583232914826298528,2026-04-25,Calça Jeans Feminina Wide Leg Cintura Alta Amarelo Manteiga,REF55044,"AMARELO MANTEIGA, 44",71.99,71.99,Package wasn't received,RETURN_OR_REFUND_REQUEST_CANCEL,REFUND
4039855056020604168,4039855056020538632,583631882105160968,2026-04-25,Calça Jeans Feminina Wide Leg Jeans Feminina Cintura Alta,REF51640,"Marmorizada, 40",73.57,73.57,Item doesn't fit,RETURN_OR_REFUND_REQUEST_COMPLETE,RETURN_AND_REFUND
4039856194747860794,4039856194747795258,583527759672936250,2026-04-25,Calça Jeans Feminina Wide Leg Jeans Feminina Cintura Alta,REF51642,"Marmorizada, 42",68.69,68.69,Item doesn't fit,RETURN_OR_REFUND_REQUEST_CANCEL,RETURN_AND_REFUND
4039856181911652154,4039856174743455546,583527759672936250,2026-04-25,Calça Jeans Feminina Wide Leg Jeans Feminina Cintura Alta,REF51642,"Marmorizada, 42",68.69,68.69,Item doesn't fit,RETURN_OR_REFUND_REQUEST_CANCEL,RETURN_AND_REFUND
4039856130179827523,4039856130179761987,583631063856875331,2026-04-25,Calça Jeans Feminina Wide Leg Jeans Feminina Cintura Alta,REF52744,"Sky Used, 44",81.1,81.1,Item doesn't match description,RETURN_OR_REFUND_REQUEST_COMPLETE,RETURN_AND_REFUND
4039856361032746613,4039856361032681077,583608449428850293,2026-04-25,Calça Jeans Feminina Wide Leg Jeans Feminina Cintura Alta,REF51640,"Marmorizada, 40",88.57,88.57,Item doesn't fit,RETURN_OR_REFUND_REQUEST_COMPLETE,RETURN_AND_REFUND
4039856073700639864,4039856073700574328,583623046732678264,2026-04-25,Calça Jeans Feminina Wide Leg Jeans Feminina Cintura Alta,REF52542,"Stone Used, 42",77.5,77.5,Item doesn't fit,RETURN_OR_REFUND_REQUEST_COMPLETE,RETURN_AND_REFUND
4039855796859995951,4039855796859930415,583550246736201519,2026-04-25,Calça Jeans Feminina Wide Leg Jeans Feminina Cintura Alta,REF51638,"Marmorizada, 38",69.89,69.89,Item doesn't match description,RETURN_OR_REFUND_REQUEST_COMPLETE,RETURN_AND_REFUND
4039855528001701365,4039855528001635829,583634167808296437,2026-04-25,Calça Jeans Feminina Wide Leg Cintura Alta Amarelo Manteiga,REF55044,"AMARELO MANTEIGA, 44",89.9,89.9,Item doesn't fit,RETURN_OR_REFUND_REQUEST_COMPLETE,RETURN_AND_REFUND
4039855384325031591,4039855384324966055,583467306610820775,2026-04-25,Calça Jeans Feminina Wide Leg Jeans Feminina Cintura Alta,REF51636,"Marmorizada, 36",69.99,69.99,"Fabric, material or style not as expected",RETURN_OR_REFUND_REQUEST_COMPLETE,RETURN_AND_REFUND
4039856069833229867,4039856069833164331,583534770064492075,2026-04-25,Calça Jeans Feminina Wide Leg Jeans Feminina Cintura Alta,REF51638,"Marmorizada, 38",79.9,79.9,Item doesn't fit,RETURN_OR_REFUND_REQUEST_COMPLETE,RETURN_AND_REFUND
4039877438694000155,4039877438693934619,583655052407375387,2026-04-26,Calça Jeans Feminina Wide Leg Jeans Feminina Cintura Alta,REF51636,"Marmorizada, 36",69.99,69.99,Item doesn't fit,RETURN_OR_REFUND_REQUEST_COMPLETE,RETURN_AND_REFUND
4039876517635721059,4039876517635655523,583608980228114275,2026-04-26,Calça Jeans Feminina Wide Leg Jeans Feminina Cintura Alta,REF51642,"Marmorizada, 42",67.89,67.89,Item doesn't fit,RETURN_OR_REFUND_REQUEST_COMPLETE,RETURN_AND_REFUND
4039876787251808005,4039876787251742469,583638020824729349,2026-04-26,Calça Jeans Feminina Wide Leg Jeans Feminina Cintura Alta,REF51642,"Marmorizada, 42",81.67,81.67,Item doesn't fit,RETURN_OR_REFUND_REQUEST_COMPLETE,RETURN_AND_REFUND
4039876974281983152,4039876974281917616,583495091514148016,2026-04-26,Calça Jeans Feminina Wide Leg Jeans Feminina Cintura Alta,REF51642,"Marmorizada, 42",81.9,81.9,Item doesn't fit,RETURN_OR_REFUND_REQUEST_COMPLETE,RETURN_AND_REFUND
4039877053704472449,4039877053704406913,583638729601746817,2026-04-26,Calça Jeans Feminina Wide Leg Jeans Feminina Cintura Alta,REF51642,"Marmorizada, 42",64.99,64.99,Item doesn't fit,RETURN_OR_REFUND_REQUEST_COMPLETE,RETURN_AND_REFUND
4039877042186389046,4039877042186323510,583623648653837878,2026-04-26,Calça Jeans Feminina Wide Leg Jeans Feminina Cintura Alta,REF51644,"Marmorizada, 44",69.82,69.82,Item doesn't fit,RETURN_OR_REFUND_REQUEST_COMPLETE,RETURN_AND_REFUND
4039877046374990866,4039877046374925330,583521668991124498,2026-04-26,Calça Jeans Feminina Wide Leg Jeans Feminina Cintura Alta,REF51644,"Marmorizada, 44",80.4,80.4,Item doesn't fit,RETURN_OR_REFUND_REQUEST_COMPLETE,RETURN_AND_REFUND
4039877144075798015,4039877144075732479,583552138948347391,2026-04-26,Calça Jeans Feminina Wide Leg Jeans Feminina Cintura Alta,REF52740,"Sky Used, 40",62.99,62.99,Item doesn't fit,RETURN_OR_REFUND_REQUEST_COMPLETE,RETURN_AND_REFUND
4039877444635625313,4039877444635559777,583578888155858785,2026-04-26,Calça Jeans Feminina Wide Leg Jeans Feminina Cintura Alta,REF51646,"Marmorizada, 46",67.49,67.49,Item doesn't fit,RETURN_OR_REFUND_REQUEST_COMPLETE,RETURN_AND_REFUND
4039876394297362019,4039876394297296483,583653062162876003,2026-04-26,Calça Jeans Feminina Wide Leg Jeans Feminina Cintura Alta,REF51646,"Marmorizada, 46",69.99,69.99,Item doesn't fit,RETURN_OR_REFUND_REQUEST_COMPLETE,RETURN_AND_REFUND
4039877537339639337,4039877537339573801,583521533442950697,2026-04-26,Calça Jeans Wide Leg Cintura Alta com Brilho Strass,REF52940,40,145.69,145.69,Item doesn't fit,RETURN_OR_REFUND_REQUEST_COMPLETE,RETURN_AND_REFUND
4039878241161676505,4039878241161610969,583619037984294617,2026-04-26,Calça Jeans Feminina Wide Leg Jeans Feminina Cintura Alta,REF51640,"Marmorizada, 40",63.1,63.1,Defective item,RETURN_OR_REFUND_REQUEST_COMPLETE,RETURN_AND_REFUND
4039878224047473790,4039878224047408254,583623392220578942,2026-04-26,Calça Jeans Feminina Wide Leg Jeans Feminina Cintura Alta,REF52746,"Sky Used, 46",61.1,61.1,Item doesn't fit,RETURN_OR_REFUND_REQUEST_COMPLETE,RETURN_AND_REFUND
4039878323952780989,4039878323952715453,583638093668189885,2026-04-26,Calça Jeans Feminina Wide Leg Jeans Feminina Cintura Alta,REF52544,"Stone Used, 44",80.7,80.7,Item doesn't fit,RETURN_OR_REFUND_REQUEST_COMPLETE,RETURN_AND_REFUND
4039878411091936282,4039878411091870746,583638209899103258,2026-04-26,Calça Jeans Feminina Wide Leg Jeans Feminina Cintura Alta,REF51642,"Marmorizada, 42",67.89,67.89,Item doesn't fit,RETURN_OR_REFUND_REQUEST_CANCEL,RETURN_AND_REFUND
4039878794866296571,4039878794866231035,583480130879588091,2026-04-26,Calça Jeans Feminina Wide Leg Jeans Feminina Cintura Alta,REF52538,"Stone Used, 38",69.99,69.99,Item doesn't fit,RETURN_OR_REFUND_REQUEST_COMPLETE,RETURN_AND_REFUND
4039879390244341512,4039879390244275976,583623161359861512,2026-04-26,Calça Jeans Feminina Wide Leg Jeans Feminina Cintura Alta,REF51642,"Marmorizada, 42",81.02,81.02,"Fabric, material or style not as expected",RETURN_OR_REFUND_REQUEST_CANCEL,RETURN_AND_REFUND
4039879563908122166,4039879563908056630,583593788481177142,2026-04-26,Calça Jeans Feminina Wide Leg Jeans Feminina Cintura Alta,REF52536,"Stone Used, 36",73.24,73.24,Item doesn't fit,RETURN_OR_REFUND_REQUEST_COMPLETE,RETURN_AND_REFUND
4039877512799552923,4039877512799487387,583638269661906331,2026-04-26,Calça Jeans Feminina Wide Leg Jeans Feminina Cintura Alta,REF51636,"Marmorizada, 36",68.84,68.84,Item doesn't fit,RETURN_OR_REFUND_REQUEST_CANCEL,RETURN_AND_REFUND
4039876319989106243,4039876319989040707,583650698020816451,2026-04-26,Calça Feminina Jeans Wide Leg Cintura Alta Azul Médio Marmorizado,REF55140,"Azul Médio Marmorizado , 40",74.59,74.59,Item doesn't match description,RETURN_OR_REFUND_REQUEST_COMPLETE,RETURN_AND_REFUND
4039878343562463145,4039878343562397609,583418449118857129,2026-04-26,Calça Jeans Feminina Wide Leg Jeans Feminina Cintura Alta,REF52740,"Sky Used, 40",83.1,83.1,Item doesn't fit,RETURN_OR_REFUND_REQUEST_COMPLETE,RETURN_AND_REFUND
4039876221814802004,4039876221814736468,583623355950794324,2026-04-26,Calça Jeans Feminina Wide Leg Jeans Feminina Cintura Alta,REF51642,"Marmorizada, 42",79.9,79.9,Item doesn't fit,RETURN_OR_REFUND_REQUEST_CANCEL,RETURN_AND_REFUND
4039876235829740961,4039876235829675425,583640705273398689,2026-04-26,Calça Jeans Feminina Wide Leg Jeans Feminina Cintura Alta,REF51642,"Marmorizada, 42",73.24,73.24,Item doesn't fit,RETURN_OR_REFUND_REQUEST_COMPLETE,RETURN_AND_REFUND
4039868984291722819,4039868984291657283,583578482855151171,2026-04-26,Calça Jeans Feminina Wide Leg Jeans Feminina Cintura Alta,REF52538,"Stone Used, 38",78.04,78.04,Item doesn't fit,RETURN_OR_REFUND_REQUEST_COMPLETE,RETURN_AND_REFUND
4039871340757353683,4039871340757288147,583654691941352659,2026-04-26,Calça Jeans Feminina Wide Leg Jeans Feminina Cintura Alta,REF51636,"Marmorizada, 36",60.79,60.79,Item doesn't fit,RETURN_OR_REFUND_REQUEST_COMPLETE,RETURN_AND_REFUND
4039873183121901007,4039873183121835471,583638075971765711,2026-04-26,Calça Jeans Feminina Wide Leg Jeans Feminina Cintura Alta,REF51638,"Marmorizada, 38",64.99,64.99,Item doesn't fit,RETURN_OR_REFUND_REQUEST_COMPLETE,RETURN_AND_REFUND
4039867246462535198,4039867246462469662,583421480605484574,2026-04-26,Calça Jeans Feminina Wide Leg Jeans Feminina Cintura Alta,REF52544,"Stone Used, 44",63.74,63.74,Item doesn't match description,RETURN_OR_REFUND_REQUEST_CANCEL,RETURN_AND_REFUND
4039873253909497281,4039873253909431745,583567556450616769,2026-04-26,Calça Jeans Feminina Wide Leg Jeans Feminina Cintura Alta,REF52536,"Stone Used, 36",92.1,92.1,Item doesn't fit,RETURN_OR_REFUND_REQUEST_COMPLETE,RETURN_AND_REFUND
4039873617406756263,4039873617406690727,583637964239701415,2026-04-26,Calça Jeans Feminina Wide Leg Jeans Feminina Cintura Alta,REF51638,"Marmorizada, 38",65.79,65.79,Item doesn't fit,RETURN_OR_REFUND_REQUEST_CANCEL,RETURN_AND_REFUND
4039874177103726534,4039874177103660998,583619167449155526,2026-04-26,Calça Jeans Feminina Wide Leg Cintura Alta Branca,REF54640,"Branco, 40",90.14,90.14,Item doesn't fit,RETURN_OR_REFUND_REQUEST_COMPLETE,RETURN_AND_REFUND
4039874127524365917,4039874127258355293,583558402933360221,2026-04-26,Calça Jeans Feminina Wide Leg Jeans Feminina Cintura Alta,REF52740,"Sky Used, 40",63.14,63.14,Item doesn't fit,RETURN_OR_REFUND_REQUEST_CANCEL,RETURN_AND_REFUND
4039872922793903944,4039872922793838408,583651739541931848,2026-04-26,Calça Jeans Feminina Wide Leg Jeans Feminina Cintura Alta,REF52746,"Sky Used, 46",77.5,77.5,Package wasn't received,RETURN_OR_REFUND_REQUEST_COMPLETE,REFUND
4039874888884651253,4039874888884585717,583251112163968245,2026-04-26,Calça Jeans Feminina Wide Leg Jeans Feminina Cintura Alta,REF51638,"Marmorizada, 38",81.87,81.87,No longer needed,RETURN_OR_REFUND_REQUEST_CANCEL,RETURN_AND_REFUND
4039875381326087979,4039875381326022443,583665424840034091,2026-04-26,Calça Jeans Feminina Wide Leg Jeans Feminina Cintura Alta,REF51642,"Marmorizada, 42",62.0,62.0,Item doesn't fit,RETURN_OR_REFUND_REQUEST_COMPLETE,RETURN_AND_REFUND
4039875436773606480,4039875436773540944,583574465719993424,2026-04-26,Calça Jeans Feminina Wide Leg Jeans Feminina Cintura Alta,REF51640,"Marmorizada, 40",76.25,76.25,Item doesn't fit,RETURN_OR_REFUND_REQUEST_COMPLETE,RETURN_AND_REFUND
4039875489920484734,4039875489920419198,583653876805305726,2026-04-26,Calça Jeans Feminina Wide Leg Jeans Feminina Cintura Alta,REF51642,"Marmorizada, 42",69.99,69.99,Item doesn't fit,RETURN_OR_REFUND_REQUEST_COMPLETE,RETURN_AND_REFUND
4039875580326283016,4039875580326217480,583651019206330120,2026-04-26,Calça Jeans Feminina Wide Leg Cintura Alta Chocolate,REF56242,"Chocolate, 42",91.26,91.26,"Fabric, material or style not as expected",RETURN_OR_REFUND_REQUEST_COMPLETE,RETURN_AND_REFUND
4039875751838778972,4039875751838713436,583578948640409180,2026-04-26,Calça Jeans Feminina Wide Leg Jeans Feminina Cintura Alta,REF51638,"Marmorizada, 38",79.0,79.0,Item doesn't fit,RETURN_OR_REFUND_REQUEST_COMPLETE,RETURN_AND_REFUND
4039875789926204986,4039875789926139450,583649311962662458,2026-04-26,Calça Jeans Feminina Wide Leg Jeans Feminina Cintura Alta,REF52538,"Stone Used, 38",79.9,79.9,Package wasn't received,RETURN_OR_REFUND_REQUEST_COMPLETE,REFUND
4039875899442431949,4039875899442366413,583250542052214733,2026-04-26,Calça Feminina Jeans Wide Leg Cintura Alta Azul Médio Marmorizado,REF55140,"Azul Médio Marmorizado , 40",71.99,71.99,"Fabric, material or style not as expected",RETURN_OR_REFUND_REQUEST_CANCEL,RETURN_AND_REFUND
4039874622895719484,4039874622895653948,583652998120965180,2026-04-26,Calça Jeans Feminina Wide Leg Jeans Feminina Cintura Alta,REF52538,"Stone Used, 38",67.49,67.49,Item doesn't fit,RETURN_OR_REFUND_REQUEST_COMPLETE,RETURN_AND_REFUND
4039875998625268894,4039875998625203358,583626295958996126,2026-04-26,Calça Jeans Feminina Wide Leg Jeans Feminina Cintura Alta,REF52542,"Stone Used, 42",84.28,84.28,"Fabric, material or style not as expected",RETURN_OR_REFUND_REQUEST_COMPLETE,RETURN_AND_REFUND
4039895600656516963,4039895600656451427,583624063729633123,2026-04-27,Calça Jeans Feminina Wide Leg Jeans Feminina Cintura Alta,REF51638,"Marmorizada, 38",61.1,61.1,Item doesn't fit,RETURN_OR_REFUND_REQUEST_COMPLETE,RETURN_AND_REFUND
4039895463706330129,4039895463706264593,583638503418922001,2026-04-27,Calça Jeans Feminina Wide Leg Jeans Feminina Cintura Alta,REF52744,"Sky Used, 44",76.89,76.89,Wrong item was sent,RETURN_OR_REFUND_REQUEST_COMPLETE,RETURN_AND_REFUND
4039895435247257562,4039895435247192026,583669566714382298,2026-04-27,Calça Feminina Jeans Wide Leg Cintura Alta Azul Médio Marmorizado,REF55140,"Azul Médio Marmorizado , 40",83.71,83.71,"Fabric, material or style not as expected",RETURN_OR_REFUND_REQUEST_COMPLETE,RETURN_AND_REFUND
4039895340220318930,4039895340220253394,583640742628918482,2026-04-27,Calça Jeans Feminina Wide Leg Jeans Feminina Cintura Alta,REF51636,"Marmorizada, 36",71.99,71.99,"Fabric, material or style not as expected",RETURN_OR_REFUND_REQUEST_CANCEL,RETURN_AND_REFUND
4039895324398028129,4039895324397962593,583638916517954913,2026-04-27,Calça Jeans Feminina Wide Leg Jeans Feminina Cintura Alta,REF52544,"Stone Used, 44",74.67,74.67,"Fabric, material or style not as expected",RETURN_OR_REFUND_REQUEST_COMPLETE,RETURN_AND_REFUND
4039895299094316725,4039895299094251189,583650973455124149,2026-04-27,Calça Jeans Feminina Wide Leg Jeans Feminina Cintura Alta,REF51636,"Marmorizada, 36",76.85,76.85,Item doesn't fit,RETURN_OR_REFUND_REQUEST_COMPLETE,RETURN_AND_REFUND
4039895127010084180,4039895127010018644,583557919847515476,2026-04-27,Calça Jeans Feminina Wide Leg Jeans Feminina Cintura Alta,REF52740,"Sky Used, 40",58.39,58.39,Item doesn't fit,RETURN_OR_REFUND_REQUEST_COMPLETE,RETURN_AND_REFUND
4039895182119634552,4039895182119569016,583619237513168504,2026-04-27,Calça Jeans Feminina Wide Leg Jeans Feminina Cintura Alta,REF52538,"Stone Used, 38",62.99,62.99,Item doesn't fit,RETURN_OR_REFUND_REQUEST_COMPLETE,RETURN_AND_REFUND
4039895126653502569,4039895127951180905,583294604753470569,2026-04-27,Calça Jeans Feminina Wide Leg Jeans Feminina Cintura Alta,REF51642,"Marmorizada, 42",69.99,69.99,Item arrived too late,RETURN_OR_REFUND_REQUEST_CANCEL,RETURN_AND_REFUND
4039895107679913629,4039895107679848093,583669124142106269,2026-04-27,Calça Jeans Feminina Wide Leg Cintura Alta Chocolate,REF56240,"Chocolate, 40",79.9,79.9,Item doesn't fit,RETURN_OR_REFUND_REQUEST_COMPLETE,RETURN_AND_REFUND
4039895021387810179,4039895021387744643,583557146207094147,2026-04-27,Calça Jeans Feminina Wide Leg Jeans Feminina Cintura Alta,REF52742,"Sky Used, 42",78.39,78.39,Color or pattern not as expected,RETURN_OR_REFUND_REQUEST_CANCEL,RETURN_AND_REFUND
4039894832456434977,4039894832456369441,583637957742527777,2026-04-27,Calça Feminina Jeans Wide Leg Cintura Alta Azul Médio Marmorizado,REF55138,"Azul Médio Marmorizado , 38",79.32,79.32,Item doesn't fit,RETURN_OR_REFUND_REQUEST_CANCEL,RETURN_AND_REFUND
4039895594162685795,4039895594162620259,583624063729633123,2026-04-27,Calça Jeans Wide Leg Cintura Alta com Brilho Strass,REF52938,38,113.48,113.48,Item doesn't fit,RETURN_OR_REFUND_REQUEST_COMPLETE,RETURN_AND_REFUND
4039895281740318528,4039895281740252992,583653158158305088,2026-04-27,Blusa Feminina Jeans Bata Tomara Que Caia Candy Colors,REF579P,"Rosa Bebê , P",95.56,95.56,Item doesn't match description,RETURN_OR_REFUND_REQUEST_COMPLETE,RETURN_AND_REFUND
4039895673081857679,4039895673081792143,583309105703978639,2026-04-27,Shorts Mom/Social Feminino Jeans Cintura Alta Barra Dobrada Candy Colors,REF55944,"Rosa Bebê , 44",67.8,67.8,Color or pattern not as expected,RETURN_OR_REFUND_REQUEST_CANCEL,RETURN_AND_REFUND
4039896637946103600,4039896637945906992,583417369270781744,2026-04-27,Calça Jeans Feminina Wide Leg Jeans Feminina Cintura Alta,REF51638,"Marmorizada, 38",77.5,77.5,Item doesn't fit,RETURN_OR_REFUND_REQUEST_CANCEL,RETURN_AND_REFUND
4039895952590341551,4039895952590276015,583638052165682607,2026-04-27,Calça Jeans Feminina Wide Leg Jeans Feminina Cintura Alta,REF51638,"Marmorizada, 38",70.79,70.79,Defective item,RETURN_OR_REFUND_REQUEST_COMPLETE,RETURN_AND_REFUND
4039898544086025535,4039898544085959999,583405114462209343,2026-04-27,Calça Feminina Jeans Wide Leg Cintura Alta Azul Médio Marmorizado,REF55136,"Azul Médio Marmorizado , 36",79.99,79.99,Item doesn't match description,RETURN_OR_REFUND_REQUEST_CANCEL,RETURN_AND_REFUND
4039898543369127517,4039898543369061981,583637964118459997,2026-04-27,Calça Feminina Jeans Wide Leg Cintura Alta Azul Médio Marmorizado,REF55142,"Azul Médio Marmorizado , 42",89.2,89.2,Item doesn't fit,RETURN_OR_REFUND_REQUEST_COMPLETE,RETURN_AND_REFUND
4039898430343513115,4039898430343447579,583638223250490395,2026-04-27,Calça Feminina Jeans Wide Leg Cintura Alta Azul Médio Marmorizado,REF55142,"Azul Médio Marmorizado , 42",75.79,75.79,Item doesn't fit,RETURN_OR_REFUND_REQUEST_COMPLETE,RETURN_AND_REFUND
4039898367134107247,4039898367134041711,583632349700589167,2026-04-27,Calça Jeans Feminina Wide Leg Jeans Feminina Cintura Alta,REF51640,"Marmorizada, 40",76.64,76.64,"Fabric, material or style not as expected",RETURN_OR_REFUND_REQUEST_COMPLETE,RETURN_AND_REFUND
4039898227258721721,4039898227258656185,583329415643563449,2026-04-27,Calça Jeans Feminina Wide Leg Jeans Feminina Cintura Alta,REF52538,"Stone Used, 38",71.18,71.18,Wrong item was sent,RETURN_OR_REFUND_REQUEST_COMPLETE,RETURN_AND_REFUND
4039897582762493438,4039897582762427902,583327384572495358,2026-04-27,Calça Feminina Jeans Wide Leg Cintura Alta Azul Médio Marmorizado,REF55142,"Azul Médio Marmorizado , 42",74.99,74.99,"Fabric, material or style not as expected",RETURN_OR_REFUND_REQUEST_COMPLETE,RETURN_AND_REFUND
4039896784258237799,4039896784258172263,583608264287290727,2026-04-27,Calça Jeans Feminina Wide Leg Cintura Alta Amarelo Manteiga,REF55040,"AMARELO MANTEIGA, 40",76.13,76.13,Wrong item was sent,RETURN_OR_REFUND_REQUEST_COMPLETE,RETURN_AND_REFUND
4039894821724587297,4039894821724521761,583637957742527777,2026-04-27,Calça Jeans Feminina Wide Leg Jeans Feminina Cintura Alta,REF51638,"Marmorizada, 38",67.66,67.66,Item doesn't fit,RETURN_OR_REFUND_REQUEST_COMPLETE,RETURN_AND_REFUND
4039896630843769962,4039896630843704426,583623425458734186,2026-04-27,Calça Jeans Feminina Wide Leg Jeans Feminina Cintura Alta,REF51640,"Marmorizada, 40",61.9,61.9,Item doesn't fit,RETURN_OR_REFUND_REQUEST_COMPLETE,RETURN_AND_REFUND
4039896527398208908,4039896527398143372,583637946028950924,2026-04-27,Calça Jeans Feminina Wide Leg Jeans Feminina Cintura Alta,REF51638,"Marmorizada, 38",63.79,63.79,Item doesn't fit,RETURN_OR_REFUND_REQUEST_COMPLETE,RETURN_AND_REFUND
4039896434658543030,4039896434658477494,583451537157686710,2026-04-27,Calça Jeans Feminina Wide Leg Jeans Feminina Cintura Alta,REF51638,"Marmorizada, 38",70.79,70.79,"Package arrived damaged. Example: spilled liquid, damaged box.",RETURN_OR_REFUND_REQUEST_COMPLETE,REFUND
4039896306126390551,4039896306126325015,583593381340153111,2026-04-27,Calça Feminina Jeans Wide Leg Cintura Alta Azul Médio Marmorizado,REF55142,"Azul Médio Marmorizado , 42",79.99,79.99,Item doesn't fit,RETURN_OR_REFUND_REQUEST_COMPLETE,RETURN_AND_REFUND
4039896264467383446,4039896264467317910,583638034316559510,2026-04-27,Calça Jeans Feminina Wide Leg Jeans Feminina Cintura Alta,REF52746,"Sky Used, 46",68.66,68.66,Item doesn't fit,RETURN_OR_REFUND_REQUEST_CANCEL,RETURN_AND_REFUND
4039896210458183488,4039896210458117952,583661689494603584,2026-04-27,Calça Jeans Feminina Wide Leg Jeans Feminina Cintura Alta,REF51642,"Marmorizada, 42",79.5,79.5,Item doesn't fit,RETURN_OR_REFUND_REQUEST_COMPLETE,RETURN_AND_REFUND
4039895987326912253,4039895987326846717,583622780934653693,2026-04-27,Calça Jeans Feminina Wide Leg Jeans Feminina Cintura Alta,REF52540,"Stone Used, 40",72.89,72.89,Item doesn't fit,RETURN_OR_REFUND_REQUEST_COMPLETE,RETURN_AND_REFUND
4039895917393970622,4039895917393905086,583651500072207806,2026-04-27,Saia Jeans Feminina Cintura Alta Barra A Fio,REF56640,"Chocolate , 40",53.99,53.99,Package wasn't received,RETURN_OR_REFUND_REQUEST_COMPLETE,REFUND
4039894820455679806,4039894820455614270,583608866134460222,2026-04-27,Calça Jeans Feminina Wide Leg Jeans Feminina Cintura Alta,REF52744,"Sky Used, 44",75.79,75.79,Package wasn't received,RETURN_OR_REFUND_REQUEST_COMPLETE,REFUND
4039895140189243113,4039895140189177577,583620530897651433,2026-04-27,Calça Jeans Feminina Wide Leg Jeans Feminina Cintura Alta,REF51642,"Marmorizada, 42",62.99,62.99,Item doesn't fit,RETURN_OR_REFUND_REQUEST_COMPLETE,RETURN_AND_REFUND
4039894630847055731,4039894630846990195,583576253318924147,2026-04-27,Calça Feminina Jeans Wide Leg Cintura Alta Azul Médio Marmorizado,REF55138,"Azul Médio Marmorizado , 38",89.73,89.73,Item doesn't fit,RETURN_OR_REFUND_REQUEST_CANCEL,RETURN_AND_REFUND
4039891046008260258,4039891046008194722,583552361556117154,2026-04-27,Calça Jeans Feminina Wide Leg Jeans Feminina Cintura Alta,REF51646,"Marmorizada, 46",81.94,81.94,Item doesn't fit,RETURN_OR_REFUND_REQUEST_COMPLETE,RETURN_AND_REFUND
4039890704936961066,4039890704936895530,583624489006171178,2026-04-27,Calça Jeans Feminina Wide Leg Jeans Feminina Cintura Alta,REF51636,"Marmorizada, 36",62.99,62.99,Item doesn't fit,RETURN_OR_REFUND_REQUEST_COMPLETE,RETURN_AND_REFUND
4039890596722542114,4039890596722476578,583623538688362018,2026-04-27,Calça Jeans Feminina Wide Leg Jeans Feminina Cintura Alta,REF51646,"Marmorizada, 46",62.99,62.99,Item doesn't fit,RETURN_OR_REFUND_REQUEST_COMPLETE,RETURN_AND_REFUND
4039890485417444959,4039890485417379423,583623454749197919,2026-04-27,Calça Jeans Feminina Wide Leg Jeans Feminina Cintura Alta,REF51642,"Marmorizada, 42",64.31,64.31,Item doesn't fit,RETURN_OR_REFUND_REQUEST_COMPLETE,RETURN_AND_REFUND
4039890476034065808,4039890476034000272,583623809454015888,2026-04-27,Calça Jeans Feminina Wide Leg Jeans Feminina Cintura Alta,REF51646,"Marmorizada, 46",62.99,62.99,Item doesn't fit,RETURN_OR_REFUND_REQUEST_COMPLETE,RETURN_AND_REFUND
4039890311148111412,4039890311148045876,583637201327195700,2026-04-27,Calça Jeans Feminina Wide Leg Jeans Feminina Cintura Alta,REF51638,"Marmorizada, 38",66.3,66.3,Item doesn't fit,RETURN_OR_REFUND_REQUEST_COMPLETE,RETURN_AND_REFUND
4039889680798286877,4039889680798221341,583435674845938717,2026-04-27,Calça Jeans Feminina Wide Leg Jeans Feminina Cintura Alta,REF52544,"Stone Used, 44",79.9,79.9,Item doesn't fit,RETURN_OR_REFUND_REQUEST_COMPLETE,RETURN_AND_REFUND
4039889748276905648,4039889748276840112,583619349538637488,2026-04-27,Calça Jeans Feminina Wide Leg Jeans Feminina Cintura Alta,REF51638,"Marmorizada, 38",64.78,64.78,Item doesn't fit,RETURN_OR_REFUND_REQUEST_COMPLETE,RETURN_AND_REFUND
4039889480223458329,4039889480223392793,583625031418872857,2026-04-27,Calça Feminina Jeans Wide Leg Cintura Alta Azul Médio Marmorizado,REF55140,"Azul Médio Marmorizado , 40",83.19,83.19,Item doesn't fit,RETURN_OR_REFUND_REQUEST_CANCEL,RETURN_AND_REFUND
4039889272575395276,4039889272575329740,583622868583941580,2026-04-27,Calça Jeans Feminina Wide Leg Jeans Feminina Cintura Alta,REF52740,"Sky Used, 40",81.9,81.9,Item doesn't fit,RETURN_OR_REFUND_REQUEST_COMPLETE,RETURN_AND_REFUND
4039889138393646244,4039889138393580708,583638238686774436,2026-04-27,Calça Jeans Feminina Wide Leg Jeans Feminina Cintura Alta,REF51640,"Marmorizada, 40",77.49,77.49,"Fabric, material or style not as expected",RETURN_OR_REFUND_REQUEST_COMPLETE,RETURN_AND_REFUND
4039889019233535601,4039889019233470065,583494353846175345,2026-04-27,Calça Jeans Feminina Wide Leg Jeans Feminina Cintura Alta,REF52738,"Sky Used, 38",84.42,84.42,Item doesn't fit,RETURN_OR_REFUND_REQUEST_COMPLETE,RETURN_AND_REFUND
4039888576264177508,4039888576264111972,583546064005269348,2026-04-27,Calça Jeans Feminina Wide Leg Jeans Feminina Cintura Alta,REF51644,"Marmorizada, 44",69.89,69.89,Item doesn't fit,RETURN_OR_REFUND_REQUEST_CANCEL,RETURN_AND_REFUND
4039886766477247879,4039886766477182343,583608153934562695,2026-04-27,Calça Jeans Feminina Wide Leg Jeans Feminina Cintura Alta,REF51642,"Marmorizada, 42",69.99,69.99,Item doesn't fit,RETURN_OR_REFUND_REQUEST_COMPLETE,RETURN_AND_REFUND
4039894634444916009,4039894634444850473,583591495854556457,2026-04-27,Calça Jeans Feminina Wide Leg Jeans Feminina Cintura Alta,REF52744,"Sky Used, 44",67.58,67.58,Item doesn't fit,RETURN_OR_REFUND_REQUEST_COMPLETE,RETURN_AND_REFUND
4039891288578885203,4039891288578819667,583551538741020243,2026-04-27,Calça Jeans Feminina Wide Leg Jeans Cintura alta,REF54738,"Preto , 38",93.1,93.1,No longer needed,RETURN_OR_REFUND_REQUEST_COMPLETE,RETURN_AND_REFUND
4039891199200822472,4039891199200756936,583624212996129992,2026-04-27,Calça Jeans Feminina Wide Leg Jeans Feminina Cintura Alta,REF51640,"Marmorizada, 40",62.99,62.99,Item doesn't fit,RETURN_OR_REFUND_REQUEST_COMPLETE,RETURN_AND_REFUND
4039890352463185031,4039890352463119495,583592752472884359,2026-04-27,Calça Jeans Feminina Wide Leg Jeans Feminina Cintura Alta,REF51636,"Marmorizada, 36",77.5,77.5,Item doesn't fit,RETURN_OR_REFUND_REQUEST_COMPLETE,RETURN_AND_REFUND
4039891483323434506,4039891483323368970,583608283101824522,2026-04-27,Calça Feminina Jeans Wide Leg Cintura Alta Azul Médio Marmorizado,REF55136,"Azul Médio Marmorizado , 36",88.38,88.38,Defective item,RETURN_OR_REFUND_REQUEST_COMPLETE,RETURN_AND_REFUND
4039891276166694282,4039891276166628746,583295040434374026,2026-04-27,Calça Jeans Feminina Wide Leg Jeans Feminina Cintura Alta,REF51644,"Marmorizada, 44",64.99,64.99,Package wasn't received,RETURN_OR_REFUND_REQUEST_COMPLETE,REFUND
4039894541835273602,4039894541835208066,583400717668091266,2026-04-27,Calça Feminina Jeans Wide Leg Cintura Alta Azul Médio Marmorizado,REF55140,"Azul Médio Marmorizado , 40",77.59,77.59,Item doesn't fit,RETURN_OR_REFUND_REQUEST_COMPLETE,RETURN_AND_REFUND
4039894406603638139,4039894406603572603,583344177119004027,2026-04-27,Calça Jeans Feminina Wide Leg Jeans Feminina Cintura Alta,REF52736,"Sky Used, 36",93.1,93.1,Item doesn't fit,RETURN_OR_REFUND_REQUEST_COMPLETE,RETURN_AND_REFUND
4039894328735008184,4039894328734942648,583624585042691512,2026-04-27,Calça Jeans Feminina Wide Leg Jeans Feminina Cintura Alta,REF51636,"Marmorizada, 36",69.99,69.99,Item doesn't fit,RETURN_OR_REFUND_REQUEST_CANCEL,RETURN_AND_REFUND
4039894243091515294,4039894243091449758,583624463446869918,2026-04-27,Calça Jeans Feminina Wide Leg Jeans Feminina Cintura Alta,REF52538,"Stone Used, 38",71.9,71.9,Item doesn't fit,RETURN_OR_REFUND_REQUEST_COMPLETE,RETURN_AND_REFUND
4039894067955402602,4039894067955337066,583638000821110634,2026-04-27,Calça Jeans Feminina Wide Leg Jeans Feminina Cintura Alta,REF51636,"Marmorizada, 36",69.99,69.99,Item doesn't fit,RETURN_OR_REFUND_REQUEST_CANCEL,RETURN_AND_REFUND
4039894030514948071,4039894030514882535,583625651567953895,2026-04-27,Calça Jeans Feminina Wide Leg Jeans Feminina Cintura Alta,REF52744,"Sky Used, 44",74.44,74.44,Wrong item was sent,RETURN_OR_REFUND_REQUEST_CANCEL,RETURN_AND_REFUND
4039893531726022542,4039893531725957006,583620535127672718,2026-04-27,Calça Jeans Feminina Wide Leg Jeans Feminina Cintura Alta,REF52538,"Stone Used, 38",79.9,79.9,Item doesn't match description,RETURN_OR_REFUND_REQUEST_CANCEL,RETURN_AND_REFUND
4039894601106752647,4039894601106687111,583620340473627783,2026-04-27,Calça Jeans Feminina Wide Leg Jeans Feminina Cintura Alta,REF52544,"Stone Used, 44",63.19,63.19,Item doesn't fit,RETURN_OR_REFUND_REQUEST_COMPLETE,RETURN_AND_REFUND
4039893498566247928,4039893498566182392,583640793499862520,2026-04-27,Calça Jeans Feminina Wide Leg Jeans Feminina Cintura Alta,REF51646,"Marmorizada, 46",83.3,83.3,Item doesn't fit,RETURN_OR_REFUND_REQUEST_COMPLETE,RETURN_AND_REFUND
4039893377566082869,4039893377566017333,583623533471565621,2026-04-27,Calça Jeans Feminina Wide Leg Jeans Feminina Cintura Alta,REF51642,"Marmorizada, 42",74.67,74.67,Item doesn't fit,RETURN_OR_REFUND_REQUEST_COMPLETE,RETURN_AND_REFUND
4039893179458488297,4039893179458422761,583622729689696233,2026-04-27,Calça Jeans Feminina Wide Leg Jeans Feminina Cintura Alta,REF52542,"Stone Used, 42",69.99,69.99,Item doesn't fit,RETURN_OR_REFUND_REQUEST_COMPLETE,RETURN_AND_REFUND
4039893148912813471,4039893148912747935,583580768546489759,2026-04-27,Calça Feminina Jeans Wide Leg Cintura Alta Azul Médio Marmorizado,REF55142,"Azul Médio Marmorizado , 42",89.9,89.9,"Fabric, material or style not as expected",RETURN_OR_REFUND_REQUEST_COMPLETE,RETURN_AND_REFUND
4039893102294763424,4039893102294697888,583623965701408672,2026-04-27,Calça Jeans Feminina Wide Leg Jeans Feminina Cintura Alta,REF51640,"Marmorizada, 40",62.99,62.99,Item doesn't fit,RETURN_OR_REFUND_REQUEST_CANCEL,RETURN_AND_REFUND
4039891906209482213,4039891906209416677,583623076711859685,2026-04-27,Calça Jeans Feminina Wide Leg Cintura Alta Amarelo Manteiga,REF55038,"AMARELO MANTEIGA, 38",101.65,101.65,Item doesn't fit,RETURN_OR_REFUND_REQUEST_COMPLETE,RETURN_AND_REFUND
4039893496168285503,4039893496168219967,583622797540689215,2026-04-27,Calça Jeans Feminina Wide Leg Jeans Feminina Cintura Alta,REF51640,"Marmorizada, 40",74.08,74.08,Item doesn't fit,RETURN_OR_REFUND_REQUEST_COMPLETE,RETURN_AND_REFUND
4039913949091890183,4039913949091824647,583653065895740423,2026-04-28,Calça Jeans Feminina Wide Leg Jeans Feminina Cintura Alta,REF51638,"Marmorizada, 38",67.89,67.89,Item doesn't fit,RETURN_OR_REFUND_REQUEST_COMPLETE,RETURN_AND_REFUND
4039913783824188955,4039913783824123419,583711229332325915,2026-04-28,Calça Jeans Feminina Wide Leg Jeans Feminina Cintura Alta,REF51636,"Marmorizada, 36",71.05,71.05,Item doesn't fit,RETURN_OR_REFUND_REQUEST_COMPLETE,RETURN_AND_REFUND
4039913380053026013,4039913380052894941,583646228191675613,2026-04-28,Calça Jeans Feminina Wide Leg Jeans Feminina Cintura Alta,REF52544,"Stone Used, 44",79.9,79.9,Item doesn't fit,RETURN_OR_REFUND_REQUEST_COMPLETE,RETURN_AND_REFUND
4039913371248526923,4039913371248461387,583700679416972875,2026-04-28,Calça Jeans Feminina Wide Leg Jeans Feminina Cintura Alta,REF52736,"Sky Used, 36",67.49,67.49,Defective item,RETURN_OR_REFUND_REQUEST_COMPLETE,RETURN_AND_REFUND
4039913358383219930,4039913358383154394,583640670322197722,2026-04-28,Calça Jeans Feminina Wide Leg Jeans Feminina Cintura Alta,REF51640,"Marmorizada, 40",73.24,73.24,"Fabric, material or style not as expected",RETURN_OR_REFUND_REQUEST_COMPLETE,RETURN_AND_REFUND
4039913312346014993,4039913312345949457,583700727739221265,2026-04-28,Calça Jeans Feminina Wide Leg Cintura Alta Chocolate,REF56242,"Chocolate, 42",74.59,74.59,Item doesn't fit,RETURN_OR_REFUND_REQUEST_COMPLETE,RETURN_AND_REFUND
4039913216953910675,4039913216953845139,583579719503283603,2026-04-28,Calça Jeans Feminina Wide Leg Jeans Feminina Cintura Alta,REF51636,"Marmorizada, 36",74.89,74.89,Item doesn't fit,RETURN_OR_REFUND_REQUEST_COMPLETE,RETURN_AND_REFUND
4039913137147447202,4039913137147381666,583636315859355554,2026-04-28,Calça Jeans Feminina Wide Leg Jeans Feminina Cintura Alta,REF52538,"Stone Used, 38",76.34,76.34,Item doesn't fit,RETURN_OR_REFUND_REQUEST_COMPLETE,RETURN_AND_REFUND
4039913143725818944,4039913143725753408,583623539058050112,2026-04-28,Calça Jeans Feminina Wide Leg Jeans Feminina Cintura Alta,REF52544,"Stone Used, 44",63.1,63.1,Item doesn't fit,RETURN_OR_REFUND_REQUEST_COMPLETE,RETURN_AND_REFUND
4039913069939885474,4039913069939754402,583713716559316386,2026-04-28,Blusa Feminina Jeans Bata Tomara Que Caia Candy Colors,REF579M,"Rosa Bebê , M",87.2,87.2,No longer needed,RETURN_OR_REFUND_REQUEST_COMPLETE,RETURN_AND_REFUND
4039913031426606128,4039913031426540592,583683690556654640,2026-04-28,Calça Feminina Jeans Wide Leg Cintura Alta Azul Médio Marmorizado,REF55136,"Azul Médio Marmorizado , 36",62.07,62.07,"Item arrived damaged. Example: item is dented, scratched or shattered.",RETURN_OR_REFUND_REQUEST_CANCEL,RETURN_AND_REFUND
4039913018763805711,4039913018763740175,583579860474364943,2026-04-28,Calça Jeans Feminina Wide Leg Jeans Cintura Alta Preta Marmorizada,REF52842,42,82.0,82.0,Item doesn't fit,RETURN_OR_REFUND_REQUEST_CANCEL,RETURN_AND_REFUND
4039912865413694623,4039912855374627999,583663120550167711,2026-04-28,Calça Jeans Feminina Wide Leg Jeans Feminina Cintura Alta,REF51638,"Marmorizada, 38",78.81,78.81,Item doesn't fit,RETURN_OR_REFUND_REQUEST_CANCEL,RETURN_AND_REFUND
4039914040994530805,4039914040994465269,583635522285700597,2026-04-28,Calça Jeans Feminina Wide Leg Jeans Feminina Cintura Alta,REF52746,"Sky Used, 46",78.3,78.3,Item doesn't fit,RETURN_OR_REFUND_REQUEST_COMPLETE,RETURN_AND_REFUND
4039913156890231872,4039913156890166336,583608902091310144,2026-04-28,Calça Jeans Feminina Wide Leg Jeans Feminina Cintura Alta,REF51644,"Marmorizada, 44",75.45,75.45,Item doesn't fit,RETURN_OR_REFUND_REQUEST_COMPLETE,RETURN_AND_REFUND
4039914161536206706,4039914161536141170,583636355165226866,2026-04-28,Calça Jeans Feminina Wide Leg Cintura Alta Terracota,REF54840,"Terracota, 40",94.9,94.9,Item doesn't fit,RETURN_OR_REFUND_REQUEST_COMPLETE,RETURN_AND_REFUND
4039916240527525800,4039916240527460264,583655281542662056,2026-04-28,Calça Jeans Feminina Wide Leg Cintura Alta Chocolate,REF56246,"Chocolate, 46",105.14,105.14,No longer needed,RETURN_OR_REFUND_REQUEST_COMPLETE,RETURN_AND_REFUND
4039914315208034046,4039914315207968510,583669378967570174,2026-04-28,Calça Jeans Feminina Wide Leg Cintura Alta Chocolate,REF56246,"Chocolate, 46",79.9,79.9,"Item arrived damaged. Example: item is dented, scratched or shattered.",RETURN_OR_REFUND_REQUEST_CANCEL,RETURN_AND_REFUND
4039916066189116698,4039916066189051162,583638073073173786,2026-04-28,Calça Jeans Feminina Wide Leg Jeans Feminina Cintura Alta,REF52542,"Stone Used, 42",69.99,69.99,Package wasn't received,RETURN_OR_REFUND_REQUEST_CANCEL,REFUND
4039916088978212577,4039916088978147041,583524175546058465,2026-04-28,Calça Jeans Feminina Wide Leg Jeans Feminina Cintura Alta,REF52738,"Sky Used, 38",80.7,80.7,Item doesn't fit,RETURN_OR_REFUND_REQUEST_CANCEL,RETURN_AND_REFUND
4039915882136044694,4039915882135979158,583537484179080342,2026-04-28,Calça Jeans Feminina Wide Leg Jeans Feminina Cintura Alta,REF52538,"Stone Used, 38",71.61,71.61,Item doesn't fit,RETURN_OR_REFUND_REQUEST_COMPLETE,RETURN_AND_REFUND
4039915715929277588,4039915715929212052,583623669560738964,2026-04-28,Calça Jeans Feminina Wide Leg Jeans Feminina Cintura Alta,REF51636,"Marmorizada, 36",77.54,77.54,"Item arrived damaged. Example: item is dented, scratched or shattered.",RETURN_OR_REFUND_REQUEST_COMPLETE,RETURN_AND_REFUND
4039912849634657489,4039912849634591953,583684100383671505,2026-04-28,Saia Jeans Feminina Cintura Alta Barra A Fio,REF57142,"Azul Médio , 42",59.99,59.99,Item doesn't match description,RETURN_OR_REFUND_REQUEST_COMPLETE,RETURN_AND_REFUND
4039915639114597653,4039915639114532117,583451105172555029,2026-04-28,Calça Jeans Feminina Wide Leg Jeans Feminina Cintura Alta,REF51638,"Marmorizada, 38",62.99,62.99,Item doesn't fit,RETURN_OR_REFUND_REQUEST_COMPLETE,RETURN_AND_REFUND
4039915575251862687,4039915575251797151,583619751620281503,2026-04-28,Calça Jeans Feminina Wide Leg Jeans Feminina Cintura Alta,REF51638,"Marmorizada, 38",62.99,62.99,Item doesn't fit,RETURN_OR_REFUND_REQUEST_COMPLETE,RETURN_AND_REFUND
4039915549030385075,4039915549030319539,583638858385950131,2026-04-28,Calça Jeans Feminina Wide Leg Jeans Feminina Cintura Alta,REF51636,"Marmorizada, 36",79.9,79.9,Item doesn't fit,RETURN_OR_REFUND_REQUEST_COMPLETE,RETURN_AND_REFUND
4039915375329182872,4039915375329051800,583651057288643736,2026-04-28,Shorts Mom/Social Feminino Jeans Cintura Alta Barra Dobrada,REF55538,"Azul Médio Marmorizado, 38",49.49,98.98,Item doesn't fit,RETURN_OR_REFUND_REQUEST_CANCEL,RETURN_AND_REFUND
4039915375329117336,4039915375329051800,583651057288643736,2026-04-28,Shorts Mom/Social Feminino Jeans Cintura Alta Barra Dobrada,REF55538,"Azul Médio Marmorizado, 38",49.49,98.98,Item doesn't fit,RETURN_OR_REFUND_REQUEST_CANCEL,RETURN_AND_REFUND
4039915355659338904,4039915355659207832,583651057288643736,2026-04-28,Shorts Mom/Social Feminino Jeans Cintura Alta Barra Dobrada,REF55538,"Azul Médio Marmorizado, 38",49.49,98.98,Item doesn't fit,RETURN_OR_REFUND_REQUEST_CANCEL,RETURN_AND_REFUND
4039915355659273368,4039915355659207832,583651057288643736,2026-04-28,Shorts Mom/Social Feminino Jeans Cintura Alta Barra Dobrada,REF55538,"Azul Médio Marmorizado, 38",49.49,98.98,Item doesn't fit,RETURN_OR_REFUND_REQUEST_CANCEL,RETURN_AND_REFUND
4039915309820707992,4039915309379126424,583651057288643736,2026-04-28,Shorts Mom/Social Feminino Jeans Cintura Alta Barra Dobrada,REF55338,"Marmorizada, 38",49.49,49.49,Item doesn't fit,RETURN_OR_REFUND_REQUEST_COMPLETE,RETURN_AND_REFUND
4039915315392644121,4039915315392578585,583593280086508569,2026-04-28,Calça Feminina Jeans Wide Leg Cintura Alta Azul Médio Marmorizado,REF55136,"Azul Médio Marmorizado , 36",79.99,79.99,Item doesn't fit,RETURN_OR_REFUND_REQUEST_CANCEL,RETURN_AND_REFUND
4039914801766827903,4039914801766762367,583681021341370239,2026-04-28,Calça Jeans Feminina Wide Leg Cintura Alta Chocolate,REF56236,"Chocolate, 36",79.9,79.9,Item doesn't fit,RETURN_OR_REFUND_REQUEST_COMPLETE,RETURN_AND_REFUND
4039914161536337778,4039914161536272242,583636355165226866,2026-04-28,Calça Jeans Feminina Wide Leg Cintura Alta- Candy Colors,REF55040,"AMARELO MANTEIGA, 40",89.9,89.9,Item doesn't fit,RETURN_OR_REFUND_REQUEST_COMPLETE,RETURN_AND_REFUND
4039912757364033256,4039912757363967720,583312858271090408,2026-04-28,Calça Jeans Feminina Wide Leg Jeans Cintura Alta Preta Marmorizada,REF52838,38,72.05,72.05,Item doesn't fit,RETURN_OR_REFUND_REQUEST_CANCEL,RETURN_AND_REFUND
4039915631934605249,4039915631934539713,583639669489829825,2026-04-28,Calça Feminina Jeans Wide Leg Cintura Alta Azul Médio Marmorizado,REF55136,"Azul Médio Marmorizado , 36",83.71,83.71,Item doesn't fit,RETURN_OR_REFUND_REQUEST_COMPLETE,RETURN_AND_REFUND
4039912641998849653,4039912641998784117,583640318968366709,2026-04-28,Calça Jeans Feminina Wide Leg Jeans Feminina Cintura Alta,REF51646,"Marmorizada, 46",62.09,62.09,Item doesn't fit,RETURN_OR_REFUND_REQUEST_COMPLETE,RETURN_AND_REFUND
4039907453034071044,4039907453034005508,583620205654541316,2026-04-28,Calça Jeans Feminina Wide Leg Jeans Feminina Cintura Alta,REF51638,"Marmorizada, 38",61.9,61.9,"Fabric, material or style not as expected",RETURN_OR_REFUND_REQUEST_COMPLETE,RETURN_AND_REFUND
4039907369559361276,4039907355089274620,583637952282789628,2026-04-28,Calça Jeans Feminina Wide Leg Jeans Feminina Cintura Alta,REF51638,"Marmorizada, 38",69.99,69.99,Package wasn't received,RETURN_OR_REFUND_REQUEST_COMPLETE,REFUND
4039906618849396650,4039906618849331114,583652139908433834,2026-04-28,Shorts Mom/Social Feminino Jeans Cintura Alta Barra Dobrada,REF56138,"Grafite, 38",49.49,49.49,Item doesn't fit,RETURN_OR_REFUND_REQUEST_CANCEL,RETURN_AND_REFUND
4039906618849265578,4039906618849200042,583652139908433834,2026-04-28,Calça Jeans Feminina Wide Leg Jeans Feminina Cintura Alta,REF51638,"Marmorizada, 38",62.99,62.99,Item doesn't fit,RETURN_OR_REFUND_REQUEST_CANCEL,RETURN_AND_REFUND
4039906407603865592,4039906407603800056,583623716473571320,2026-04-28,Calça Jeans Feminina Wide Leg Jeans Feminina Cintura Alta,REF52540,"Stone Used, 40",84.28,84.28,"Fabric, material or style not as expected",RETURN_OR_REFUND_REQUEST_COMPLETE,RETURN_AND_REFUND
4039906254431552557,4039906254431421485,583634614011855917,2026-04-28,Calça Jeans Feminina Wide Leg Jeans Feminina Cintura Alta,REF51636,"Marmorizada, 36",79.85,79.85,Item doesn't fit,RETURN_OR_REFUND_REQUEST_COMPLETE,RETURN_AND_REFUND
4039905996136744229,4039905996136678693,583669174532212005,2026-04-28,Calça Feminina Jeans Wide Leg Cintura Alta Azul Médio Marmorizado,REF55142,"Azul Médio Marmorizado , 42",84.37,84.37,Item doesn't fit,RETURN_OR_REFUND_REQUEST_COMPLETE,RETURN_AND_REFUND
4039906049227916978,4039906049227851442,583654994927519410,2026-04-28,Calça Jeans Feminina Wide Leg Cintura Alta Chocolate,REF56246,"Chocolate, 46",95.6,95.6,"Fabric, material or style not as expected",RETURN_OR_REFUND_REQUEST_COMPLETE,RETURN_AND_REFUND
4039905776578233474,4039905776578167938,583652055291757698,2026-04-28,Calça Jeans Feminina Wide Leg Jeans Feminina Cintura Alta,REF52536,"Stone Used, 36",90.7,90.7,"Fabric, material or style not as expected",RETURN_OR_REFUND_REQUEST_COMPLETE,RETURN_AND_REFUND
4039905069813237492,4039905069813171956,583623116135237364,2026-04-28,Calça Jeans Feminina Wide Leg Jeans Feminina Cintura Alta,REF51636,"Marmorizada, 36",67.34,67.34,Defective item,RETURN_OR_REFUND_REQUEST_COMPLETE,RETURN_AND_REFUND
4039903792516203955,4039903792516138419,583579642635650483,2026-04-28,Calça Jeans Feminina Wide Leg Jeans Feminina Cintura Alta,REF51636,"Marmorizada, 36",62.79,62.79,Item doesn't fit,RETURN_OR_REFUND_REQUEST_COMPLETE,RETURN_AND_REFUND
4039899780142302929,4039899780142237393,583521655290758865,2026-04-28,Calça Jeans Feminina Wide Leg Jeans Cintura alta,REF54644,"Branca , 44",82.89,82.89,Package wasn't received,RETURN_OR_REFUND_REQUEST_COMPLETE,REFUND
4039899735462348497,4039899735462282961,583521655290758865,2026-04-28,Calça Jeans Feminina Wide Leg Cintura Alta Amarelo Manteiga,REF55044,"AMARELO MANTEIGA, 44",71.99,71.99,Package wasn't received,RETURN_OR_REFUND_REQUEST_COMPLETE,REFUND
4039899721974384337,4039899721974056657,583521655290758865,2026-04-28,Calça Jeans Feminina Wide Leg Cintura Alta- Candy Colors,REF54944,"ROSA BEBÊ, 44",71.99,71.99,Package wasn't received,RETURN_OR_REFUND_REQUEST_COMPLETE,REFUND
4039912698371081329,4039912698371015793,583638204141503601,2026-04-28,Calça Jeans Feminina Wide Leg Jeans Feminina Cintura Alta,REF51636,"Marmorizada, 36",77.45,77.45,Item doesn't fit,RETURN_OR_REFUND_REQUEST_COMPLETE,RETURN_AND_REFUND
4039907740919695276,4039907740919629740,583637818486982572,2026-04-28,Calça Jeans Feminina Wide Leg Jeans Feminina Cintura Alta,REF51640,"Marmorizada, 40",67.49,67.49,Item doesn't fit,RETURN_OR_REFUND_REQUEST_COMPLETE,RETURN_AND_REFUND
4039907799363585964,4039907799363520428,583637818486982572,2026-04-28,Calça Jeans Feminina Wide Leg Jeans Feminina Cintura Alta,REF52540,"Stone Used, 40",76.99,76.99,Item doesn't fit,RETURN_OR_REFUND_REQUEST_COMPLETE,RETURN_AND_REFUND
4039899699865618129,4039899699865224913,583521655290758865,2026-04-28,Calça Jeans Feminina Wide Leg Jeans Feminina Cintura Alta,REF51644,"Marmorizada, 44",62.99,62.99,Package wasn't received,RETURN_OR_REFUND_REQUEST_COMPLETE,REFUND
4039908244415547196,4039908244415481660,583612210475271996,2026-04-28,Calça Feminina Jeans Wide Leg Cintura Alta Azul Médio Marmorizado,REF55138,"Azul Médio Marmorizado , 38",87.2,87.2,Wrong item was sent,RETURN_OR_REFUND_REQUEST_COMPLETE,RETURN_AND_REFUND
4039908052185548507,4039908052185482971,583654210422343387,2026-04-28,Calça Jeans Feminina Wide Leg Jeans Feminina Cintura Alta,REF51640,"Marmorizada, 40",69.99,69.99,Item doesn't fit,RETURN_OR_REFUND_REQUEST_COMPLETE,RETURN_AND_REFUND
4039912441862195084,4039912441862129548,583635694889043852,2026-04-28,Calça Jeans Feminina Wide Leg Jeans Feminina Cintura Alta,REF51638,"Marmorizada, 38",79.9,79.9,Item doesn't fit,RETURN_OR_REFUND_REQUEST_CANCEL,RETURN_AND_REFUND
4039912400724133448,4039912400724067912,583623567502378568,2026-04-28,Calça Jeans Feminina Wide Leg Jeans Feminina Cintura Alta,REF52544,"Stone Used, 44",62.99,62.99,Item doesn't fit,RETURN_OR_REFUND_REQUEST_COMPLETE,RETURN_AND_REFUND
4039912261314381264,4039912261314315728,583619471749383632,2026-04-28,Calça Jeans Feminina Wide Leg Jeans Feminina Cintura Alta,REF51642,"Marmorizada, 42",64.79,64.79,Item doesn't fit,RETURN_OR_REFUND_REQUEST_COMPLETE,RETURN_AND_REFUND
4039912235326211857,4039912235326146321,583652077346588433,2026-04-28,Saia Jeans Feminina Cintura Alta Barra A Fio,REF56742,"Preta Marmorizada , 42",58.19,58.19,Item doesn't fit,RETURN_OR_REFUND_REQUEST_COMPLETE,RETURN_AND_REFUND
4039912145147299455,4039912145147233919,583695736555865727,2026-04-28,Calça Jeans Feminina Wide Leg Jeans Feminina Cintura Alta,REF51636,"Marmorizada, 36",63.04,63.04,Item doesn't fit,RETURN_OR_REFUND_REQUEST_COMPLETE,RETURN_AND_REFUND
4039912129846609886,4039912129846544350,583594218776135646,2026-04-28,Calça Jeans Feminina Wide Leg Jeans Feminina Cintura Alta,REF52740,"Sky Used, 40",69.99,69.99,"Fabric, material or style not as expected",RETURN_OR_REFUND_REQUEST_COMPLETE,RETURN_AND_REFUND
4039912645135206312,4039912645135140776,583579971189311400,2026-04-28,Calça Jeans Feminina Wide Leg Jeans Feminina Cintura Alta,REF52744,"Sky Used, 44",67.49,67.49,Item doesn't fit,RETURN_OR_REFUND_REQUEST_COMPLETE,RETURN_AND_REFUND
4039911707084948626,4039911707084883090,583622923106288786,2026-04-28,Calça Jeans Feminina Wide Leg Jeans Feminina Cintura Alta,REF51638,"Marmorizada, 38",84.28,84.28,Item doesn't fit,RETURN_OR_REFUND_REQUEST_CANCEL,RETURN_AND_REFUND
4039911269607769716,4039911269607704180,583624590540244596,2026-04-28,Calça Jeans Feminina Wide Leg Jeans Feminina Cintura Alta,REF52538,"Stone Used, 38",70.97,70.97,Item doesn't fit,RETURN_OR_REFUND_REQUEST_CANCEL,RETURN_AND_REFUND
4039911086778188903,4039911086778123367,583562981247386727,2026-04-28,Calça Feminina Jeans Wide Leg Cintura Alta Azul Médio Marmorizado,REF55144,"Azul Médio Marmorizado , 44",94.83,94.83,Item doesn't fit,RETURN_OR_REFUND_REQUEST_COMPLETE,RETURN_AND_REFUND
4039910725294785543,4039910725294720007,583638071926621191,2026-04-28,Calça Jeans Feminina Wide Leg Jeans Feminina Cintura Alta,REF51638,"Marmorizada, 38",64.99,64.99,Item doesn't fit,RETURN_OR_REFUND_REQUEST_COMPLETE,RETURN_AND_REFUND
4039910266245121733,4039910266245056197,583638181083317957,2026-04-28,Calça Jeans Feminina Wide Leg Jeans Feminina Cintura Alta,REF52746,"Sky Used, 46",73.19,73.19,Package wasn't received,RETURN_OR_REFUND_REQUEST_COMPLETE,REFUND
4039910264244111045,4039910264243979973,583638181083317957,2026-04-28,Calça Jeans Feminina Wide Leg Jeans Feminina Cintura Alta,REF52746,"Sky Used, 46",73.19,73.19,Package wasn't received,RETURN_OR_REFUND_REQUEST_CANCEL,REFUND
4039911901638263995,4039911901638198459,583694285098222779,2026-04-28,Calça Jeans Feminina Wide Leg Jeans Feminina Cintura Alta,REF51646,"Marmorizada, 46",75.29,75.29,Item doesn't fit,RETURN_OR_REFUND_REQUEST_COMPLETE,RETURN_AND_REFUND
4039909223753418240,4039909223753352704,583652750014842368,2026-04-28,Calça Jeans Feminina Wide Leg Jeans Feminina Cintura Alta,REF51640,"Marmorizada, 40",79.9,79.9,"Fabric, material or style not as expected",RETURN_OR_REFUND_REQUEST_CANCEL,RETURN_AND_REFUND
4039931205959649189,4039931205959583653,583730197390985125,2026-04-29,Calça Jeans Feminina Wide Leg Jeans Feminina Cintura Alta,REF52746,"Sky Used, 46",62.91,62.91,Item doesn't fit,RETURN_OR_REFUND_REQUEST_COMPLETE,RETURN_AND_REFUND
4039931191060498430,4039931191060432894,583696041130887166,2026-04-29,Calça Jeans Feminina Wide Leg Jeans Feminina Cintura Alta,REF56238,"Chocolate, 38",61.38,61.38,Item doesn't fit,RETURN_OR_REFUND_REQUEST_COMPLETE,RETURN_AND_REFUND
4039931176235010046,4039931176234944510,583696041130887166,2026-04-29,Calça Jeans Feminina Wide Leg Jeans Feminina Cintura Alta,REF54938,"Rosa Bebê , 38",61.39,61.39,Item doesn't fit,RETURN_OR_REFUND_REQUEST_COMPLETE,RETURN_AND_REFUND
4039930961291346964,4039930961291281428,583623543428514836,2026-04-29,Calça Jeans Feminina Wide Leg Jeans Feminina Cintura Alta,REF51642,"Marmorizada, 42",63.79,63.79,Item doesn't fit,RETURN_OR_REFUND_REQUEST_CANCEL,RETURN_AND_REFUND
4039930868032373832,4039930868032308296,583640037978768456,2026-04-29,Calça Jeans Feminina Wide Leg Jeans Feminina Cintura Alta,REF52538,"Stone Used, 38",73.14,73.14,Item doesn't fit,RETURN_OR_REFUND_REQUEST_COMPLETE,RETURN_AND_REFUND
4039930852320773190,4039930852320707654,583639373093635142,2026-04-29,Calça Jeans Feminina Wide Leg Jeans Feminina Cintura Alta,REF51640,"Marmorizada, 40",95.67,95.67,No longer needed,RETURN_OR_REFUND_REQUEST_COMPLETE,RETURN_AND_REFUND
4039930500887250721,4039930500887185185,583653193701689121,2026-04-29,Calça Jeans Feminina Wide Leg Jeans Feminina Cintura Alta,REF51638,"Marmorizada, 38",64.99,64.99,"Fabric, material or style not as expected",RETURN_OR_REFUND_REQUEST_CANCEL,RETURN_AND_REFUND
4039930546169480220,4039930546169414684,583725893404754972,2026-04-29,Calça Jeans Feminina Wide Leg Jeans Feminina Cintura Alta,REF54946,"Rosa Bebê , 46",64.32,64.32,Item doesn't fit,RETURN_OR_REFUND_REQUEST_COMPLETE,RETURN_AND_REFUND
4039930514737104637,4039930514737039101,583622420328122109,2026-04-29,Calça Jeans Feminina Wide Leg Jeans Feminina Cintura Alta,REF52736,"Sky Used, 36",79.9,79.9,Item doesn't fit,RETURN_OR_REFUND_REQUEST_CANCEL,RETURN_AND_REFUND
4039930361506727434,4039930361506661898,583638025658336778,2026-04-29,Calça Jeans Feminina Wide Leg Jeans Feminina Cintura Alta,REF51640,"Marmorizada, 40",65.47,65.47,Item doesn't match description,RETURN_OR_REFUND_REQUEST_CANCEL,RETURN_AND_REFUND
4039930361506858506,4039930361506792970,583638025658336778,2026-04-29,Calça Jeans Feminina Wide Leg Jeans Feminina Cintura Alta,REF52540,"Stone Used, 40",65.46,65.46,Item doesn't match description,RETURN_OR_REFUND_REQUEST_CANCEL,RETURN_AND_REFUND
4039930292114851582,4039930292114786046,583713422284326654,2026-04-29,Calça Jeans Feminina Wide Leg Jeans Feminina Cintura Alta,REF52536,"Stone Used, 36",77.4,77.4,Wrong item was sent,RETURN_OR_REFUND_REQUEST_COMPLETE,RETURN_AND_REFUND
4039931212859278922,4039931212859213386,583459104892159562,2026-04-29,Calça Jeans Feminina Wide Leg Jeans Feminina Cintura Alta,REF51640,"Marmorizada, 40",104.33,104.33,Item doesn't fit,RETURN_OR_REFUND_REQUEST_CANCEL,RETURN_AND_REFUND
4039930270516020990,4039930270515955454,583713422284326654,2026-04-29,Calça Jeans Feminina Wide Leg Jeans Feminina Cintura Alta,REF51636,"Marmorizada, 36",77.4,77.4,Wrong item was sent,RETURN_OR_REFUND_REQUEST_COMPLETE,RETURN_AND_REFUND
4039930587764131327,4039930587764065791,583712846579336703,2026-04-29,Calça Jeans Feminina Wide Leg Cintura Alta Chocolate,REF56242,"Chocolate, 42",95.6,95.6,Item doesn't fit,RETURN_OR_REFUND_REQUEST_COMPLETE,RETURN_AND_REFUND
4039931232339330106,4039931232339264570,583651297097188410,2026-04-29,Calça Jeans Feminina Wide Leg Jeans Feminina Cintura Alta,REF51638,"Marmorizada, 38",63.79,63.79,Item doesn't fit,RETURN_OR_REFUND_REQUEST_COMPLETE,RETURN_AND_REFUND
4039931593552463386,4039931593552397850,583683806974805530,2026-04-29,Shorts Mom/Social Feminino Jeans Cintura Alta Barra Dobrada,REF55438,"Azul Sky, 38",43.97,43.97,Item doesn't fit,RETURN_OR_REFUND_REQUEST_COMPLETE,RETURN_AND_REFUND
4039931431290635325,4039931431290569789,583653892766794813,2026-04-29,Calça Jeans Feminina Wide Leg Jeans Feminina Cintura Alta,REF52536,"Stone Used, 36",79.9,79.9,Item doesn't fit,RETURN_OR_REFUND_REQUEST_COMPLETE,RETURN_AND_REFUND
4039930268972910064,4039930268972844528,583653174126085616,2026-04-29,Calça Jeans Feminina Wide Leg Jeans Feminina Cintura Alta,REF51642,"Marmorizada, 42",74.91,74.91,Item doesn't fit,RETURN_OR_REFUND_REQUEST_COMPLETE,RETURN_AND_REFUND
4039933636473620324,4039933636473554788,583546064005269348,2026-04-29,Calça Jeans Feminina Wide Leg Jeans Feminina Cintura Alta,REF51644,"Marmorizada, 44",69.89,69.89,Item doesn't fit,RETURN_OR_REFUND_REQUEST_COMPLETE,RETURN_AND_REFUND
4039932715717724013,4039932715717658477,583685437684156269,2026-04-29,Calça Jeans Feminina Wide Leg Jeans Feminina Cintura Alta,REF51636,"Marmorizada, 36",76.22,76.22,Item doesn't fit,RETURN_OR_REFUND_REQUEST_COMPLETE,RETURN_AND_REFUND
4039932418902885893,4039932418902820357,583623635374999045,2026-04-29,Calça Jeans Feminina Wide Leg Jeans Feminina Cintura Alta,REF52746,"Sky Used, 46",64.99,64.99,Item doesn't fit,RETURN_OR_REFUND_REQUEST_COMPLETE,RETURN_AND_REFUND
4039932275827901484,4039932275827835948,583637704620737580,2026-04-29,Calça Jeans Feminina Wide Leg Jeans Feminina Cintura Alta,REF51642,"Marmorizada, 42",70.79,70.79,Item doesn't fit,RETURN_OR_REFUND_REQUEST_CANCEL,RETURN_AND_REFUND
4039932039676528288,4039932039676462752,583535856023078560,2026-04-29,Calça Jeans Feminina Wide Leg Jeans Feminina Cintura Alta,REF51642,"Marmorizada, 42",69.99,69.99,Item doesn't fit,RETURN_OR_REFUND_REQUEST_CANCEL,RETURN_AND_REFUND
4039931410765939924,4039931410765874388,583730486875751636,2026-04-29,Calça Jeans Feminina Wide Leg Jeans Feminina Cintura Alta,REF51636,"Marmorizada, 36",61.02,61.02,Item doesn't fit,RETURN_OR_REFUND_REQUEST_CANCEL,RETURN_AND_REFUND
4039931977637725570,4039931977637660034,583713890582103426,2026-04-29,Calça Feminina Jeans Wide Leg Cintura Alta Azul Médio Marmorizado,REF55140,"Azul Médio Marmorizado , 40",89.9,89.9,Item doesn't fit,RETURN_OR_REFUND_REQUEST_COMPLETE,RETURN_AND_REFUND
4039931801082496372,4039931801082430836,583638185077015924,2026-04-29,Calça Jeans Feminina Wide Leg Jeans Feminina Cintura Alta,REF51638,"Marmorizada, 38",81.84,81.84,Item doesn't fit,RETURN_OR_REFUND_REQUEST_COMPLETE,RETURN_AND_REFUND
4039931593552332314,4039931593552266778,583683806974805530,2026-04-29,Calça Feminina Jeans Wide Leg Cintura Alta Azul Médio Marmorizado,REF55138,"Azul Médio Marmorizado , 38",63.96,63.96,Item doesn't fit,RETURN_OR_REFUND_REQUEST_COMPLETE,RETURN_AND_REFUND
4039931564248106682,4039931564248041146,583374220589827770,2026-04-29,Calça Jeans Feminina Wide Leg Jeans Feminina Cintura Alta,REF51638,"Marmorizada, 38",83.46,83.46,Color or pattern not as expected,RETURN_OR_REFUND_REQUEST_COMPLETE,RETURN_AND_REFUND
4039931523426780195,4039931523426714659,583588884857717795,2026-04-29,Calça Jeans Feminina Wide Leg Jeans Feminina Cintura Alta,REF52744,"Sky Used, 44",84.28,84.28,Item doesn't fit,RETURN_OR_REFUND_REQUEST_COMPLETE,RETURN_AND_REFUND
4039931473742104184,4039931473742038648,583619237513168504,2026-04-29,Calça Jeans Feminina Wide Leg Jeans Feminina Cintura Alta,REF51638,"Marmorizada, 38",62.99,62.99,Item doesn't fit,RETURN_OR_REFUND_REQUEST_COMPLETE,RETURN_AND_REFUND
4039931449335579860,4039931449335514324,583730486875751636,2026-04-29,Calça Jeans Feminina Wide Leg Jeans Feminina Cintura Alta,REF51636,"Marmorizada, 36",61.02,61.02,Item doesn't fit,RETURN_OR_REFUND_REQUEST_COMPLETE,RETURN_AND_REFUND
4039931948918211869,4039931948918146333,583701173750891805,2026-04-29,Calça Jeans Feminina Wide Leg Jeans Feminina Cintura Alta,REF51636,"Marmorizada, 36",69.99,69.99,Item doesn't fit,RETURN_OR_REFUND_REQUEST_COMPLETE,RETURN_AND_REFUND
4039930149615338668,4039930149615273132,583420779779163308,2026-04-29,Calça Jeans Feminina Wide Leg Jeans Feminina Cintura Alta,REF52746,"Sky Used, 46",65.55,65.55,Item doesn't fit,RETURN_OR_REFUND_REQUEST_CANCEL,RETURN_AND_REFUND
4039929780075202366,4039929780075136830,583594152655619902,2026-04-29,Calça Jeans Feminina Wide Leg Cintura Alta- Candy Colors,REF54936,"ROSA BEBÊ, 36",81.99,81.99,Item doesn't fit,RETURN_OR_REFUND_REQUEST_CANCEL,RETURN_AND_REFUND
4039930067883033752,4039930067882968216,583651057288643736,2026-04-29,Shorts Mom/Social Feminino Jeans Cintura Alta Barra Dobrada,REF55338,"Marmorizada, 38",49.49,49.49,Item doesn't fit,RETURN_OR_REFUND_REQUEST_COMPLETE,RETURN_AND_REFUND
4039927620028958530,4039927620028892994,583668305724671810,2026-04-29,Calça Jeans Feminina Wide Leg Jeans Feminina Cintura Alta,REF52542,"Stone Used, 42",91.59,91.59,Item doesn't fit,RETURN_OR_REFUND_REQUEST_CANCEL,RETURN_AND_REFUND
4039926899854378556,4039926899854313020,583572574527129148,2026-04-29,Calça Jeans Feminina Wide Leg Jeans Feminina Cintura Alta,REF52536,"Stone Used, 36",90.7,90.7,Item doesn't fit,RETURN_OR_REFUND_REQUEST_COMPLETE,RETURN_AND_REFUND
4039926767300413216,4039926767300347680,583654137891030816,2026-04-29,Calça Jeans Feminina Wide Leg Jeans Feminina Cintura Alta,REF51640,"Marmorizada, 40",67.89,67.89,Item doesn't fit,RETURN_OR_REFUND_REQUEST_COMPLETE,RETURN_AND_REFUND
4039926526450042140,4039926526449976604,583280855441966364,2026-04-29,Calça Jeans Feminina Wide Leg Jeans Feminina Cintura Alta,REF51638,"Marmorizada, 38",87.1,87.1,"Fabric, material or style not as expected",RETURN_OR_REFUND_REQUEST_CANCEL,RETURN_AND_REFUND
4039926053883381132,4039926053883315596,583593453101024652,2026-04-29,Calça Jeans Feminina Wide Leg Jeans Feminina Cintura Alta,REF51636,"Marmorizada, 36",79.89,79.89,Item doesn't fit,RETURN_OR_REFUND_REQUEST_COMPLETE,RETURN_AND_REFUND
4039925891574368158,4039925891574302622,583649176809015198,2026-04-29,Calça Feminina Jeans Wide Leg Cintura Alta Azul Médio Marmorizado,REF55142,"Azul Médio Marmorizado , 42",75.34,75.34,Item doesn't fit,RETURN_OR_REFUND_REQUEST_COMPLETE,RETURN_AND_REFUND
4039925373972154271,4039925373972088735,583567421291202463,2026-04-29,Calça Jeans Feminina Wide Leg Jeans Feminina Cintura Alta,REF52744,"Sky Used, 44",77.59,77.59,Item doesn't fit,RETURN_OR_REFUND_REQUEST_CANCEL,RETURN_AND_REFUND
4039925373972023199,4039925373971957663,583567421291202463,2026-04-29,Calça Jeans Feminina Wide Leg Jeans Feminina Cintura Alta,REF51644,"Marmorizada, 44",52.49,52.49,Item doesn't fit,RETURN_OR_REFUND_REQUEST_CANCEL,RETURN_AND_REFUND
4039930111631590653,4039930111631525117,583620297722332413,2026-04-29,Calça Jeans Feminina Wide Leg Jeans Feminina Cintura Alta,REF51638,"Marmorizada, 38",81.9,81.9,"Fabric, material or style not as expected",RETURN_OR_REFUND_REQUEST_COMPLETE,RETURN_AND_REFUND
4039924223032722813,4039924223032657277,583638892225398141,2026-04-29,Calça Jeans Feminina Wide Leg Jeans Feminina Cintura Alta,REF52536,"Stone Used, 36",81.99,81.99,Item doesn't fit,RETURN_OR_REFUND_REQUEST_COMPLETE,RETURN_AND_REFUND
4039923789696894334,4039923789696828798,583235975167837566,2026-04-29,Calça Jeans Feminina Wide Leg Jeans Feminina Cintura Alta,REF51644,"Marmorizada, 44",66.89,66.89,Item doesn't fit,RETURN_OR_REFUND_REQUEST_COMPLETE,RETURN_AND_REFUND
4039923360055527271,4039923360055134055,583234108234958695,2026-04-29,Calça Jeans Feminina Wide Leg Jeans Feminina Cintura Alta,REF51644,"Marmorizada, 44",78.09,78.09,Package wasn't received,RETURN_OR_REFUND_REQUEST_CANCEL,REFUND
4039923243392926861,4039923243392861325,583637817240618125,2026-04-29,Calça Jeans Feminina Wide Leg Jeans Feminina Cintura Alta,REF51646,"Marmorizada, 46",73.19,73.19,Item doesn't fit,RETURN_OR_REFUND_REQUEST_COMPLETE,RETURN_AND_REFUND
4039923243392795789,4039923243392730253,583637817240618125,2026-04-29,Calça Jeans Feminina Wide Leg Jeans Feminina Cintura Alta,REF52744,"Sky Used, 44",69.99,69.99,Item doesn't fit,RETURN_OR_REFUND_REQUEST_COMPLETE,RETURN_AND_REFUND
4039917356054316712,4039917356054251176,583701664024004264,2026-04-29,Calça Mom Jeans Feminina Cintura Alta Marmorizada,REF58838,"Marmorizada , 38",96.42,96.42,Item doesn't fit,RETURN_OR_REFUND_REQUEST_COMPLETE,RETURN_AND_REFUND
4039928006967264738,4039928006967199202,583265444880418274,2026-04-29,Calça Jeans Feminina Wide Leg Jeans Feminina Cintura Alta,REF52542,"Stone Used, 42",69.99,69.99,Item doesn't fit,RETURN_OR_REFUND_REQUEST_CANCEL,RETURN_AND_REFUND
4039928117857519318,4039928110430062294,583618483512706774,2026-04-29,Calça Jeans Feminina Wide Leg Jeans Feminina Cintura Alta,REF52536,"Stone Used, 36",83.89,83.89,"Fabric, material or style not as expected",RETURN_OR_REFUND_REQUEST_COMPLETE,RETURN_AND_REFUND
4039924291715631015,4039924291715565479,583623580729378727,2026-04-29,Calça Jeans Feminina Wide Leg Jeans Feminina Cintura Alta,REF51638,"Marmorizada, 38",62.99,62.99,Item doesn't fit,RETURN_OR_REFUND_REQUEST_COMPLETE,RETURN_AND_REFUND
4039928259161195729,4039928259161130193,583625231756985553,2026-04-29,Calça Jeans Feminina Wide Leg Jeans Cintura alta,REF54842,"Terracota , 42",90.7,90.7,Item doesn't fit,RETURN_OR_REFUND_REQUEST_COMPLETE,RETURN_AND_REFUND
4039928183718184661,4039928183718119125,583713878897559253,2026-04-29,Calça Jeans Feminina Wide Leg Cintura Alta- Candy Colors,REF54936,"ROSA BEBÊ, 36",105.7,105.7,Item doesn't fit,RETURN_OR_REFUND_REQUEST_COMPLETE,RETURN_AND_REFUND
4039930031682454680,4039930031682323608,583651057288643736,2026-04-29,Shorts Mom/Social Feminino Jeans Cintura Alta Barra Dobrada,REF55538,"Azul Médio Marmorizado, 38",49.49,98.98,Item doesn't fit,RETURN_OR_REFUND_REQUEST_COMPLETE,RETURN_AND_REFUND
4039929903430469166,4039929903430403630,583699965952558638,2026-04-29,Calça Jeans Feminina Wide Leg Jeans Feminina Cintura Alta,REF51636,"Marmorizada, 36",67.89,67.89,Item doesn't fit,RETURN_OR_REFUND_REQUEST_COMPLETE,RETURN_AND_REFUND
4039930031682389144,4039930031682323608,583651057288643736,2026-04-29,Shorts Mom/Social Feminino Jeans Cintura Alta Barra Dobrada,REF55538,"Azul Médio Marmorizado, 38",49.49,98.98,Item doesn't fit,RETURN_OR_REFUND_REQUEST_COMPLETE,RETURN_AND_REFUND
4039929837303859090,4039929837303793554,583563619720202130,2026-04-29,Calça Feminina Jeans Wide Leg Cintura Alta Azul Médio Marmorizado,REF55142,"Azul Médio Marmorizado , 42",75.19,75.19,Item doesn't fit,RETURN_OR_REFUND_REQUEST_COMPLETE,RETURN_AND_REFUND
4039929760529614654,4039929760529549118,583653995168433982,2026-04-29,Calça Jeans Feminina Wide Leg Cintura Alta Chocolate,REF56238,"Chocolate, 38",93.1,93.1,Item doesn't fit,RETURN_OR_REFUND_REQUEST_COMPLETE,RETURN_AND_REFUND
4039929689336809139,4039929689336743603,583682430457579187,2026-04-29,Calça Jeans Feminina Wide Leg Jeans Feminina Cintura Alta,REF51636,"Marmorizada, 36",88.3,88.3,Item doesn't fit,RETURN_OR_REFUND_REQUEST_COMPLETE,RETURN_AND_REFUND
4039929879592600887,4039929879592535351,583637858023015735,2026-04-29,Calça Jeans Feminina Wide Leg Jeans Feminina Cintura Alta,REF52542,"Stone Used, 42",66.19,66.19,Item doesn't fit,RETURN_OR_REFUND_REQUEST_COMPLETE,RETURN_AND_REFUND
4039929549637387669,4039929549637322133,583637650161698197,2026-04-29,Calça Jeans Feminina Wide Leg Jeans Feminina Cintura Alta,REF52536,"Stone Used, 36",67.49,67.49,Item doesn't fit,RETURN_OR_REFUND_REQUEST_CANCEL,RETURN_AND_REFUND
4039929546325984661,4039929546325919125,583637650161698197,2026-04-29,Calça Jeans Feminina Wide Leg Jeans Feminina Cintura Alta,REF51636,"Marmorizada, 36",67.49,67.49,Item doesn't fit,RETURN_OR_REFUND_REQUEST_CANCEL,RETURN_AND_REFUND
4039929098557031651,4039929098556966115,583650653797516515,2026-04-29,Calça Jeans Feminina Wide Leg Jeans Feminina Cintura Alta,REF51642,"Marmorizada, 42",73.83,73.83,No longer needed,RETURN_OR_REFUND_REQUEST_COMPLETE,RETURN_AND_REFUND
4039928810679862368,4039928810679796832,583579160111907936,2026-04-29,Calça Jeans Feminina Wide Leg Jeans Feminina Cintura Alta,REF51646,"Marmorizada, 46",91.79,91.79,Item doesn't fit,RETURN_OR_REFUND_REQUEST_COMPLETE,RETURN_AND_REFUND
4039928710345229609,4039928710345164073,583695309842318633,2026-04-29,Calça Jeans Feminina Wide Leg Jeans Feminina Cintura Alta,REF51636,"Marmorizada, 36",69.99,69.99,Defective item,RETURN_OR_REFUND_REQUEST_COMPLETE,RETURN_AND_REFUND
4039929631330436380,4039929631330370844,583637824812975388,2026-04-29,Calça Jeans Feminina Wide Leg Jeans Feminina Cintura Alta,REF51642,"Marmorizada, 42",67.49,67.49,"Fabric, material or style not as expected",RETURN_OR_REFUND_REQUEST_COMPLETE,RETURN_AND_REFUND
4039928325388666098,4039928325388600562,583700090312885490,2026-04-29,Calça Jeans Feminina Wide Leg Jeans Feminina Cintura Alta,REF52746,"Sky Used, 46",77.5,77.5,Item doesn't fit,RETURN_OR_REFUND_REQUEST_CANCEL,RETURN_AND_REFUND
4039948862433757026,4039948862433691490,583360694537324386,2026-04-30,Calça Jeans Feminina Wide Leg Jeans Feminina Cintura Alta,REF52538,"Stone Used, 38",69.99,69.99,Defective item,RETURN_OR_REFUND_REQUEST_COMPLETE,RETURN_AND_REFUND
4039948829725918985,4039948829725853449,583668525586089737,2026-04-30,Calça Jeans Feminina Wide Leg Jeans Feminina Cintura Alta,REF52736,"Sky Used, 36",104.08,104.08,Item doesn't fit,RETURN_OR_REFUND_REQUEST_COMPLETE,RETURN_AND_REFUND
4039948628946814729,4039948628946749193,583668525586089737,2026-04-30,Calça Jeans Feminina Wide Leg Jeans Feminina Cintura Alta,REF52536,"Stone Used, 36",78.98,78.98,Item doesn't fit,RETURN_OR_REFUND_REQUEST_COMPLETE,RETURN_AND_REFUND
4039948601501190067,4039948601501124531,583699757177931699,2026-04-30,Calça Jeans Feminina Wide Leg Jeans Feminina Cintura Alta,REF55042,"Amarelo Manteiga, 42",67.89,67.89,Item doesn't fit,RETURN_OR_REFUND_REQUEST_CANCEL,RETURN_AND_REFUND
4039948393826256657,4039948393826191121,583279505030285073,2026-04-30,Calça Jeans Feminina Wide Leg Jeans Feminina Cintura Alta,REF51636,"Marmorizada, 36",74.9,74.9,Item doesn't fit,RETURN_OR_REFUND_REQUEST_COMPLETE,RETURN_AND_REFUND
4039948311457072234,4039948311457006698,583636330253550698,2026-04-30,Calça Jeans Feminina Wide Leg Jeans Feminina Cintura Alta,REF51642,"Marmorizada, 42",92.74,92.74,Item doesn't fit,RETURN_OR_REFUND_REQUEST_COMPLETE,RETURN_AND_REFUND
4039948255022187981,4039948252725609933,583637937635952077,2026-04-30,Calça Jeans Feminina Wide Leg Jeans Feminina Cintura Alta,REF51638,"Marmorizada, 38",69.99,69.99,Package wasn't received,RETURN_OR_REFUND_REQUEST_COMPLETE,REFUND
4039948208074556877,4039948205382993357,583637937635952077,2026-04-30,Calça Jeans Feminina Wide Leg Jeans Feminina Cintura Alta,REF51638,"Marmorizada, 38",69.99,69.99,Package wasn't received,RETURN_OR_REFUND_REQUEST_CANCEL,REFUND
4039948418840692466,4039948418840626930,583724831499126514,2026-04-30,Calça Jeans Feminina Wide Leg Jeans Feminina Cintura Alta,REF54938,"Rosa Bebê , 38",69.94,69.94,Item doesn't fit,RETURN_OR_REFUND_REQUEST_COMPLETE,RETURN_AND_REFUND
4039948872229095264,4039948872229029728,583747111641974624,2026-04-30,Calça Jeans Feminina Wide Leg Jeans Feminina Cintura Alta,REF51642,"Marmorizada, 42",79.9,79.9,Item doesn't fit,RETURN_OR_REFUND_REQUEST_COMPLETE,RETURN_AND_REFUND
4039950400679085848,4039950400679020312,583699090185750296,2026-04-30,Calça Jeans Feminina Wide Leg Jeans Feminina Cintura Alta,REF54936,"Rosa Bebê , 36",63.04,63.04,Item doesn't fit,RETURN_OR_REFUND_REQUEST_CANCEL,RETURN_AND_REFUND
4039949301500708686,4039949301500643150,583750290479351630,2026-04-30,Calça Jeans Feminina Wide Leg Jeans Feminina Cintura Alta,REF51638,"Marmorizada, 38",81.75,81.75,Wrong item was sent,RETURN_OR_REFUND_REQUEST_COMPLETE,RETURN_AND_REFUND
4039949775995045277,4039949762488599965,583701218595669405,2026-04-30,Calça Jeans Feminina Wide Leg Jeans Feminina Cintura Alta,REF56240,"Chocolate, 40",71.62,71.62,"Item arrived damaged. Example: item is dented, scratched or shattered.",RETURN_OR_REFUND_REQUEST_CANCEL,RETURN_AND_REFUND
4039949794645083993,4039949794645018457,583618594403223385,2026-04-30,Calça Jeans Feminina Wide Leg Jeans Feminina Cintura Alta,REF51640,"Marmorizada, 40",77.54,77.54,Item doesn't fit,RETURN_OR_REFUND_REQUEST_COMPLETE,RETURN_AND_REFUND
4039950400100992792,4039950400100927256,583699090185750296,2026-04-30,Calça Jeans Feminina Wide Leg Jeans Feminina Cintura Alta,REF52536,"Stone Used, 36",63.04,63.04,Item doesn't fit,RETURN_OR_REFUND_REQUEST_CANCEL,RETURN_AND_REFUND
4039950413060736792,4039950413060671256,583699090185750296,2026-04-30,Calça Jeans Feminina Wide Leg Jeans Feminina Cintura Alta,REF51636,"Marmorizada, 36",63.04,63.04,Item doesn't fit,RETURN_OR_REFUND_REQUEST_CANCEL,RETURN_AND_REFUND
4039950885478893023,4039950885478827487,583746913765524959,2026-04-30,Calça Jeans Feminina Wide Leg Jeans Feminina Cintura Alta,REF51642,"Marmorizada, 42",77.5,77.5,Item doesn't fit,RETURN_OR_REFUND_REQUEST_COMPLETE,RETURN_AND_REFUND
4039950899087181047,4039950899087115511,583746446324696311,2026-04-30,Calça Jeans Feminina Wide Leg Jeans Feminina Cintura Alta,REF51640,"Marmorizada, 40",74.5,74.5,Item doesn't fit,RETURN_OR_REFUND_REQUEST_COMPLETE,RETURN_AND_REFUND
4039951302117131310,4039951302117065774,583699712819364910,2026-04-30,Calça Jeans Feminina Wide Leg Jeans Feminina Cintura Alta,REF56246,"Chocolate, 46",71.05,71.05,Item doesn't fit,RETURN_OR_REFUND_REQUEST_COMPLETE,RETURN_AND_REFUND
4039948159893538201,4039948159893472665,583590480678913433,2026-04-30,Calça Jeans Feminina Wide Leg Jeans Feminina Cintura Alta,REF52536,"Stone Used, 36",79.9,79.9,Item doesn't fit,RETURN_OR_REFUND_REQUEST_COMPLETE,RETURN_AND_REFUND
4039948898664285707,4039948898664220171,583683737659606539,2026-04-30,Calça Baggy Jeans Feminina Cintura Média Marmorizada,REF58738,"Marmorizada , 38",71.99,71.99,Item doesn't fit,RETURN_OR_REFUND_REQUEST_CANCEL,RETURN_AND_REFUND
4039948026130958298,4039948026130892762,583685282777368538,2026-04-30,Calça Jeans Feminina Wide Leg Jeans Feminina Cintura Alta,REF51636,"Marmorizada, 36",64.94,64.94,Item doesn't fit,RETURN_OR_REFUND_REQUEST_COMPLETE,RETURN_AND_REFUND
4039949213126264588,4039949213126199052,583633153745520396,2026-04-30,Calça Jeans Feminina Wide Leg Jeans Feminina Cintura Alta,REF51636,"Marmorizada, 36",79.9,79.9,Color or pattern not as expected,RETURN_OR_REFUND_REQUEST_CANCEL,RETURN_AND_REFUND
4039947827554584388,4039947827554518852,583695881009858372,2026-04-30,Calça Jeans Feminina Wide Leg Jeans Feminina Cintura Alta,REF54944,"Rosa Bebê , 44",63.98,63.98,"Fabric, material or style not as expected",RETURN_OR_REFUND_REQUEST_COMPLETE,RETURN_AND_REFUND
4039947913867068553,4039947913867003017,583714661445371017,2026-04-30,Calça Jeans Feminina Wide Leg Jeans Feminina Cintura Alta,REF51642,"Marmorizada, 42",77.5,77.5,Item doesn't fit,RETURN_OR_REFUND_REQUEST_COMPLETE,RETURN_AND_REFUND
4039939428060660757,4039939428060595221,583579768435278869,2026-04-30,Calça Jeans Feminina Wide Leg Jeans Feminina Cintura Alta,REF52740,"Sky Used, 40",74.9,74.9,Item doesn't fit,RETURN_OR_REFUND_REQUEST_COMPLETE,RETURN_AND_REFUND
4039940814761330269,4039940814761264733,583684709154195037,2026-04-30,Calça Jeans Feminina Wide Leg Jeans Feminina Cintura Alta,REF51640,"Marmorizada, 40",79.9,79.9,Item doesn't fit,RETURN_OR_REFUND_REQUEST_COMPLETE,RETURN_AND_REFUND
4039941077396653180,4039941077396587644,583624086919808124,2026-04-30,Calça Jeans Feminina Wide Leg Jeans Feminina Cintura Alta,REF51636,"Marmorizada, 36",67.49,67.49,Item doesn't fit,RETURN_OR_REFUND_REQUEST_COMPLETE,RETURN_AND_REFUND
4039941077396784252,4039941077396718716,583624086919808124,2026-04-30,Calça Jeans Feminina Wide Leg Jeans Feminina Cintura Alta,REF52536,"Stone Used, 36",67.49,67.49,Item doesn't fit,RETURN_OR_REFUND_REQUEST_COMPLETE,RETURN_AND_REFUND
4039941300472219034,4039941300472153498,583557726265705882,2026-04-30,Calça Jeans Feminina Wide Leg Jeans Feminina Cintura Alta,REF52542,"Stone Used, 42",73.1,73.1,Item doesn't fit,RETURN_OR_REFUND_REQUEST_COMPLETE,RETURN_AND_REFUND
4039941397768734243,4039941397768668707,583637590631417379,2026-04-30,Calça Jeans Feminina Wide Leg Jeans Feminina Cintura Alta,REF51640,"Marmorizada, 40",65.63,65.63,Item doesn't fit,RETURN_OR_REFUND_REQUEST_COMPLETE,RETURN_AND_REFUND
4039941822852466434,4039941822852400898,583680284316960514,2026-04-30,Calça Feminina Jeans Wide Leg Cintura Alta Azul Médio Marmorizado,REF55140,"Azul Médio Marmorizado , 40",86.01,86.01,Item doesn't fit,RETURN_OR_REFUND_REQUEST_COMPLETE,RETURN_AND_REFUND
4039943099886503550,4039943099886438014,583558141185787518,2026-04-30,Calça Jeans Feminina Wide Leg Jeans Feminina Cintura Alta,REF52738,"Sky Used, 38",63.92,63.92,Item doesn't fit,RETURN_OR_REFUND_REQUEST_COMPLETE,RETURN_AND_REFUND
4039943666259429092,4039943666259363556,583521402646464228,2026-04-30,Calça Jeans Feminina Wide Leg Jeans Cintura Alta Preta Marmorizada,REF52844,44,69.83,69.83,Package wasn't received,RETURN_OR_REFUND_REQUEST_CANCEL,REFUND
4039941300472087962,4039941300472022426,583557726265705882,2026-04-30,Calça Jeans Feminina Wide Leg Jeans Feminina Cintura Alta,REF51642,"Marmorizada, 42",61.1,61.1,Item doesn't fit,RETURN_OR_REFUND_REQUEST_COMPLETE,RETURN_AND_REFUND
4039944009441772646,4039944009441707110,583581847127622758,2026-04-30,Calça Jeans Feminina Wide Leg Cintura Alta Chocolate,REF56238,"Chocolate, 38",87.2,87.2,Item doesn't fit,RETURN_OR_REFUND_REQUEST_COMPLETE,RETURN_AND_REFUND
4039943667941607140,4039943667941541604,583521402646464228,2026-04-30,Calça Jeans Feminina Wide Leg Jeans Cintura Alta Preta Marmorizada,REF52844,44,69.83,69.83,Package wasn't received,RETURN_OR_REFUND_REQUEST_COMPLETE,REFUND
4039947813103044133,4039947813102978597,583694961923294757,2026-04-30,Calça Jeans Feminina Wide Leg Jeans Feminina Cintura Alta,REF56240,"Chocolate, 40",58.19,58.19,Item doesn't fit,RETURN_OR_REFUND_REQUEST_COMPLETE,RETURN_AND_REFUND
4039947682492810581,4039947682492745045,583638990363854165,2026-04-30,Calça Jeans Feminina Wide Leg Jeans Feminina Cintura Alta,REF51636,"Marmorizada, 36",71.99,71.99,Item doesn't fit,RETURN_OR_REFUND_REQUEST_CANCEL,RETURN_AND_REFUND
4039947098088376215,4039947098088310679,583622566485067671,2026-04-30,Calça Jeans Feminina Wide Leg Jeans Feminina Cintura Alta,REF52740,"Sky Used, 40",73.72,73.72,"Package arrived damaged. Example: spilled liquid, damaged box.",RETURN_OR_REFUND_REQUEST_CANCEL,REFUND
4039946888635189163,4039946888635123627,583685659968243627,2026-04-30,Calça Jeans Feminina Wide Leg Jeans Feminina Cintura Alta,REF51636,"Marmorizada, 36",79.9,79.9,Package wasn't received,RETURN_OR_REFUND_REQUEST_CANCEL,REFUND
4039947818074080705,4039947818074015169,583535501971916225,2026-04-30,Calça Jeans Feminina Wide Leg Jeans Feminina Cintura Alta,REF51636,"Marmorizada, 36",79.9,79.9,Item doesn't fit,RETURN_OR_REFUND_REQUEST_COMPLETE,RETURN_AND_REFUND
4039945464165139700,4039945464165074164,583654622693852404,2026-04-30,Calça Jeans Feminina Wide Leg Jeans Feminina Cintura Alta,REF51636,"Marmorizada, 36",75.82,75.82,Item doesn't fit,RETURN_OR_REFUND_REQUEST_COMPLETE,RETURN_AND_REFUND
4039945265453893397,4039945265453827861,583660414421862165,2026-04-30,Calça Jeans Feminina Wide Leg Cintura Alta Chocolate,REF56242,"Chocolate, 42",89.9,89.9,Item doesn't fit,RETURN_OR_REFUND_REQUEST_COMPLETE,RETURN_AND_REFUND
4039944261362878284,4039944261362812748,583342503009224524,2026-04-30,Calça Jeans Feminina Wide Leg Jeans Feminina Cintura Alta,REF51642,"Marmorizada, 42",62.99,62.99,Item doesn't fit,RETURN_OR_REFUND_REQUEST_COMPLETE,RETURN_AND_REFUND
4039946179299673320,4039946179299607784,583637970199151848,2026-04-30,Calça Jeans Feminina Wide Leg Jeans Feminina Cintura Alta,REF52542,"Stone Used, 42",80.7,80.7,Item doesn't fit,RETURN_OR_REFUND_REQUEST_COMPLETE,RETURN_AND_REFUND
4039968875741152301,4039968875741086765,583695877605590061,2026-05-01,Calça Jeans Feminina Wide Leg Jeans Feminina Cintura Alta,REF56244,"Chocolate, 44",58.1,58.1,Item doesn't fit,RETURN_OR_REFUND_REQUEST_COMPLETE,RETURN_AND_REFUND
4039967800452613752,4039967800452548216,583700117035517560,2026-05-01,Calça Jeans Feminina Wide Leg Jeans Feminina Cintura Alta,REF51640,"Marmorizada, 40",67.89,67.89,Item doesn't fit,RETURN_OR_REFUND_REQUEST_COMPLETE,RETURN_AND_REFUND
4039968186453952237,4039968186453886701,583731282365351661,2026-05-01,Calça Feminina Jeans Wide Leg Cintura Alta Azul Médio Marmorizado,REF55140,"Azul Médio Marmorizado , 40",79.97,79.97,Item doesn't fit,RETURN_OR_REFUND_REQUEST_COMPLETE,RETURN_AND_REFUND
4039968491266016762,4039968491265951226,583696157426550266,2026-05-01,Calça Jeans Feminina Wide Leg Jeans Feminina Cintura Alta,REF54936,"Rosa Bebê , 36",61.1,61.1,Color or pattern not as expected,RETURN_OR_REFUND_REQUEST_COMPLETE,RETURN_AND_REFUND
4039968500736361817,4039968500736296281,583730124168529241,2026-05-01,Calça Jeans Feminina Wide Leg Jeans Feminina Cintura Alta,REF56238,"Chocolate, 38",69.34,69.34,Item doesn't fit,RETURN_OR_REFUND_REQUEST_CANCEL,RETURN_AND_REFUND
4039968533894497770,4039968533894432234,583700436916340202,2026-05-01,Calça Jeans Feminina Wide Leg Jeans Feminina Cintura Alta,REF51640,"Marmorizada, 40",66.99,66.99,Item doesn't fit,RETURN_OR_REFUND_REQUEST_COMPLETE,RETURN_AND_REFUND
4039968627040355799,4039968627040290263,583729817057199575,2026-05-01,Calça Jeans Feminina Wide Leg Jeans Feminina Cintura Alta,REF51644,"Marmorizada, 44",72.65,72.65,Item doesn't fit,RETURN_OR_REFUND_REQUEST_COMPLETE,RETURN_AND_REFUND
4039968694570616818,4039968694570551282,583623030476736498,2026-05-01,Calça Jeans Feminina Wide Leg Cintura Alta Amarelo Manteiga,REF55044,"AMARELO MANTEIGA, 44",89.8,89.8,Defective item,RETURN_OR_REFUND_REQUEST_CANCEL,RETURN_AND_REFUND
4039968710162024173,4039968710161958637,583730257899980525,2026-05-01,Calça Jeans Feminina Wide Leg Jeans Feminina Cintura Alta,REF56240,"Chocolate, 40",67.8,67.8,Item doesn't fit,RETURN_OR_REFUND_REQUEST_COMPLETE,RETURN_AND_REFUND
4039968749343442446,4039968749343376910,583624088212178446,2026-05-01,Calça Jeans Feminina Wide Leg Jeans Feminina Cintura Alta,REF52540,"Stone Used, 40",66.9,66.9,Item doesn't fit,RETURN_OR_REFUND_REQUEST_CANCEL,RETURN_AND_REFUND
4039969388440487264,4039969388440421728,583712436370900320,2026-05-01,Calça Jeans Feminina Wide Leg Jeans Feminina Cintura Alta,REF51636,"Marmorizada, 36",69.99,69.99,Item doesn't fit,RETURN_OR_REFUND_REQUEST_COMPLETE,RETURN_AND_REFUND
4039972536134633369,4039972536134567833,583639880804108185,2026-05-01,Calça Jeans Feminina Wide Leg Jeans Feminina Cintura Alta,REF51636,"Marmorizada, 36",74.74,74.74,"Fabric, material or style not as expected",RETURN_OR_REFUND_REQUEST_CANCEL,RETURN_AND_REFUND
4039969613048416210,4039969613048350674,583638836841842642,2026-05-01,Calça Jeans Feminina Wide Leg Jeans Feminina Cintura Alta,REF51640,"Marmorizada, 40",64.94,64.94,Item doesn't fit,RETURN_OR_REFUND_REQUEST_COMPLETE,RETURN_AND_REFUND
4039969969713022322,4039969969712956786,583750452768900466,2026-05-01,Calça Jeans Feminina Wide Leg Cintura Alta Chocolate,REF56238,"Chocolate, 38",89.9,89.9,"Fabric, material or style not as expected",RETURN_OR_REFUND_REQUEST_COMPLETE,RETURN_AND_REFUND
4039970943317673302,4039970943317607766,583766738023253334,2026-05-01,Calça Jeans Feminina Wide Leg Jeans Feminina Cintura Alta,REF56240,"Chocolate, 40",69.99,69.99,Item doesn't fit,RETURN_OR_REFUND_REQUEST_CANCEL,RETURN_AND_REFUND
4039971149882491937,4039971149882426401,583764911537030177,2026-05-01,Calça Jeans Feminina Wide Leg Jeans Feminina Cintura Alta,REF51646,"Marmorizada, 46",65.52,65.52,Item doesn't fit,RETURN_OR_REFUND_REQUEST_COMPLETE,RETURN_AND_REFUND
4039971212118164593,4039971212117967985,583576223982519409,2026-05-01,Calça Jeans Feminina Wide Leg Jeans Feminina Cintura Alta,REF51636,"Marmorizada, 36",80.7,80.7,Package wasn't received,RETURN_OR_REFUND_REQUEST_COMPLETE,REFUND
4039971536375547349,4039971536375481813,583465679604712917,2026-05-01,Calça Jeans Feminina Wide Leg Jeans Feminina Cintura Alta,REF51636,"Marmorizada, 36",79.9,79.9,Item doesn't fit,RETURN_OR_REFUND_REQUEST_COMPLETE,RETURN_AND_REFUND
4039971999679677466,4039971999679480858,583667828056884250,2026-05-01,Calça Jeans Feminina Wide Leg Jeans Feminina Cintura Alta,REF51638,"Marmorizada, 38",68.07,68.07,Item doesn't fit,RETURN_OR_REFUND_REQUEST_COMPLETE,RETURN_AND_REFUND
4039972015173174298,4039972015173108762,583667828056884250,2026-05-01,Calça Jeans Feminina Wide Leg Jeans Feminina Cintura Alta Stone Used,REF52538,38,79.99,79.99,Item doesn't fit,RETURN_OR_REFUND_REQUEST_COMPLETE,RETURN_AND_REFUND
4039972058409894938,4039972058409829402,583667828056884250,2026-05-01,Calça Feminina Jeans Wide Leg Cintura Alta Azul Médio Marmorizado,REF55138,"Azul Médio Marmorizado , 38",92.3,92.3,Item doesn't fit,RETURN_OR_REFUND_REQUEST_COMPLETE,RETURN_AND_REFUND
4039972180942750746,4039972180942685210,583667828056884250,2026-05-01,Calça Jeans Feminina Wide Leg Jeans Feminina Cintura Alta,REF52538,"Stone Used, 38",96.77,96.77,Item doesn't fit,RETURN_OR_REFUND_REQUEST_COMPLETE,RETURN_AND_REFUND
4039967786483025835,4039967786482960299,583685659968243627,2026-05-01,Calça Jeans Feminina Wide Leg Jeans Feminina Cintura Alta,REF51636,"Marmorizada, 36",79.9,79.9,Package wasn't received,RETURN_OR_REFUND_REQUEST_COMPLETE,REFUND
4039969384529036640,4039969384528971104,583712436370900320,2026-05-01,Calça Jeans Feminina Wide Leg Jeans Feminina Cintura Alta,REF56236,"Chocolate, 36",69.99,69.99,Item doesn't fit,RETURN_OR_REFUND_REQUEST_COMPLETE,RETURN_AND_REFUND
4039967658523526824,4039967658523461288,583694616650417832,2026-05-01,Calça Jeans Feminina Wide Leg Jeans Feminina Cintura Alta,REF56242,"Chocolate, 42",56.01,56.01,Item doesn't fit,RETURN_OR_REFUND_REQUEST_CANCEL,RETURN_AND_REFUND
4039968165632313324,4039968165632247788,583695092213319660,2026-05-01,Calça Jeans Feminina Wide Leg Jeans Feminina Cintura Alta,REF54942,"Rosa Bebê , 42",59.22,59.22,Item doesn't fit,RETURN_OR_REFUND_REQUEST_COMPLETE,RETURN_AND_REFUND
4039966831831909535,4039966831831843999,583749248499549343,2026-05-01,Calça Jeans Feminina Wide Leg Cintura Alta Amarelo Manteiga,REF55044,"AMARELO MANTEIGA, 44",89.9,89.9,Item doesn't fit,RETURN_OR_REFUND_REQUEST_COMPLETE,RETURN_AND_REFUND
4039957625143133745,4039957625143068209,583592392191084081,2026-05-01,Calça Jeans Feminina Wide Leg Jeans Feminina Cintura Alta,REF51640,"Marmorizada, 40",81.41,81.41,Item doesn't fit,RETURN_OR_REFUND_REQUEST_COMPLETE,RETURN_AND_REFUND
4039966868027311263,4039966868027245727,583749248499549343,2026-05-01,Calça Jeans Feminina Wide Leg Jeans Cintura alta,REF54744,"Preta , 44",104.4,104.4,Item doesn't fit,RETURN_OR_REFUND_REQUEST_COMPLETE,RETURN_AND_REFUND
4039959606680257674,4039959606680192138,583622845666526346,2026-05-01,Calça Jeans Feminina Wide Leg Jeans Feminina Cintura Alta,REF51642,"Marmorizada, 42",52.49,52.49,Item doesn't fit,RETURN_OR_REFUND_REQUEST_CANCEL,RETURN_AND_REFUND
4039959609432704138,4039959609432638602,583622845666526346,2026-05-01,Calça Jeans Feminina Wide Leg Jeans Feminina Cintura Alta,REF52542,"Stone Used, 42",65.69,65.69,Item doesn't fit,RETURN_OR_REFUND_REQUEST_CANCEL,RETURN_AND_REFUND
4039960159264933675,4039960159264868139,583593278492935979,2026-05-01,Calça Jeans Feminina Wide Leg Jeans Feminina Cintura Alta,REF52740,"Sky Used, 40",89.5,89.5,Item doesn't fit,RETURN_OR_REFUND_REQUEST_COMPLETE,RETURN_AND_REFUND
4039960821748172280,4039960821748106744,583731350404498936,2026-05-01,Calça Jeans Feminina Wide Leg Jeans Feminina Cintura Alta,REF51642,"Marmorizada, 42",75.72,75.72,Item doesn't fit,RETURN_OR_REFUND_REQUEST_COMPLETE,RETURN_AND_REFUND
4039961256477427076,4039961224479344004,583405460689880452,2026-05-01,Calça Feminina Jeans Wide Leg Cintura Alta Azul Médio Marmorizado,REF55140,"Azul Médio Marmorizado , 40",80.79,80.79,No longer needed,RETURN_OR_REFUND_REQUEST_COMPLETE,RETURN_AND_REFUND
4039962120381433490,4039962120381367954,583642036289570450,2026-05-01,Calça Jeans Feminina Wide Leg Jeans Cintura alta,REF54742,"Preto , 42",107.46,107.46,Item doesn't fit,RETURN_OR_REFUND_REQUEST_COMPLETE,RETURN_AND_REFUND
4039962068122240945,4039962068122175409,583638099731908529,2026-05-01,Calça Jeans Feminina Wide Leg Jeans Feminina Cintura Alta,REF51642,"Marmorizada, 42",65.95,65.95,Package wasn't received,RETURN_OR_REFUND_REQUEST_COMPLETE,REFUND
4039962760849491816,4039962760849426280,583623024053028712,2026-05-01,Calça Jeans Feminina Wide Leg Jeans Feminina Cintura Alta,REF51638,"Marmorizada, 38",77.5,77.5,No longer needed,RETURN_OR_REFUND_REQUEST_COMPLETE,RETURN_AND_REFUND
4039962754623767901,4039962754623702365,583684146451875165,2026-05-01,Calça Jeans Feminina Wide Leg Cintura Alta- Candy Colors,REF54936,"ROSA BEBÊ, 36",75.94,75.94,Item doesn't fit,RETURN_OR_REFUND_REQUEST_COMPLETE,RETURN_AND_REFUND
4039963774973151165,4039963774973085629,583520884692584381,2026-05-01,Calça Feminina Jeans Wide Leg Cintura Alta Azul Médio Marmorizado,REF55142,"Azul Médio Marmorizado , 42",72.09,72.09,Item doesn't fit,RETURN_OR_REFUND_REQUEST_COMPLETE,RETURN_AND_REFUND
4039961581721061160,4039961581720864552,583695502250772264,2026-05-01,Calça Jeans Feminina Wide Leg Jeans Feminina Cintura Alta,REF52746,"Sky Used, 46",69.99,69.99,Item doesn't fit,RETURN_OR_REFUND_REQUEST_CANCEL,RETURN_AND_REFUND
4039963796733986359,4039963796733920823,583698842860357175,2026-05-01,Calça Jeans Feminina Wide Leg Jeans Feminina Cintura Alta,REF54936,"Rosa Bebê , 36",82.02,82.02,Item doesn't fit,RETURN_OR_REFUND_REQUEST_COMPLETE,RETURN_AND_REFUND
4039966777489327263,4039966777489261727,583749248499549343,2026-05-01,Calça Jeans Feminina Wide Leg Cintura Alta- Candy Colors,REF54944,"ROSA BEBÊ, 44",89.9,89.9,Item doesn't fit,RETURN_OR_REFUND_REQUEST_COMPLETE,RETURN_AND_REFUND
4039963888367732498,4039963888367666962,583638015609243410,2026-05-01,Calça Jeans Feminina Wide Leg Jeans Feminina Cintura Alta,REF51638,"Marmorizada, 38",83.1,83.1,Item doesn't fit,RETURN_OR_REFUND_REQUEST_CANCEL,RETURN_AND_REFUND
4039966784425526370,4039966784425460834,583699002587776098,2026-05-01,Calça Jeans Feminina Wide Leg Cintura Alta Chocolate,REF56242,"Chocolate, 42",77.5,77.5,Color or pattern not as expected,RETURN_OR_REFUND_REQUEST_CANCEL,RETURN_AND_REFUND
4039966534483609171,4039966534483543635,583699004150679123,2026-05-01,Calça Jeans Feminina Wide Leg Jeans Feminina Cintura Alta,REF51642,"Marmorizada, 42",79.9,79.9,Item doesn't fit,RETURN_OR_REFUND_REQUEST_CANCEL,RETURN_AND_REFUND
4039965515233657971,4039965515233330291,583696026174653555,2026-05-01,Calça Jeans Feminina Wide Leg Jeans Feminina Cintura Alta,REF54938,"Rosa Bebê , 38",66.44,66.44,Item doesn't fit,RETURN_OR_REFUND_REQUEST_COMPLETE,RETURN_AND_REFUND
4039965655896262470,4039965655896196934,583715420781905734,2026-05-01,Calça Jeans Feminina Wide Leg Jeans Feminina Cintura Alta,REF51642,"Marmorizada, 42",69.99,69.99,Item doesn't fit,RETURN_OR_REFUND_REQUEST_COMPLETE,RETURN_AND_REFUND
4039965446223136288,4039965446223070752,583685805413008928,2026-05-01,Calça Jeans Feminina Wide Leg Jeans Feminina Cintura Alta,REF51642,"Marmorizada, 42",79.9,79.9,Item doesn't fit,RETURN_OR_REFUND_REQUEST_CANCEL,RETURN_AND_REFUND
4039965233780917586,4039965233780720978,583683228075001170,2026-05-01,Calça Jeans Feminina Wide Leg Cintura Alta- Candy Colors,REF54940,"ROSA BEBÊ, 40",87.93,87.93,Item doesn't fit,RETURN_OR_REFUND_REQUEST_COMPLETE,RETURN_AND_REFUND
4039965118492280337,4039965118492214801,583699821894665745,2026-05-01,Calça Jeans Feminina Wide Leg Jeans Feminina Cintura Alta,REF56246,"Chocolate, 46",64.99,64.99,Item doesn't fit,RETURN_OR_REFUND_REQUEST_COMPLETE,RETURN_AND_REFUND
4039964848610313696,4039964848610248160,583683731620005344,2026-05-01,Calça Jeans Feminina Wide Leg Jeans Feminina Cintura Alta,REF51636,"Marmorizada, 36",83.62,83.62,Item doesn't fit,RETURN_OR_REFUND_REQUEST_COMPLETE,RETURN_AND_REFUND
4039965541906023845,4039965541905958309,583684178169398693,2026-05-01,Calça Jeans Feminina Wide Leg Cintura Alta- Candy Colors,REF55044,"AMARELO MANTEIGA, 44",81.2,81.2,Item doesn't fit,RETURN_OR_REFUND_REQUEST_COMPLETE,RETURN_AND_REFUND
4039986061513819281,4039986061513753745,583700566219719825,2026-05-02,Calça Jeans Feminina Wide Leg Jeans Feminina Cintura Alta,REF54946,"Rosa Bebê , 46",65.46,65.46,Defective item,RETURN_OR_REFUND_REQUEST_COMPLETE,RETURN_AND_REFUND
4039985876905067802,4039985876905002266,583771654268683546,2026-05-02,Saia Jeans Feminina Cintura Alta Barra A Fio,REF56344,"Rosa Bebê , 44",62.96,62.96,Item doesn't match description,RETURN_OR_REFUND_REQUEST_COMPLETE,RETURN_AND_REFUND
4039985898849076506,4039985898849010970,583771654268683546,2026-05-02,Calça Jeans Feminina Wide Leg Jeans Feminina Cintura Alta,REF54944,"Rosa Bebê , 44",67.89,67.89,Defective item,RETURN_OR_REFUND_REQUEST_COMPLETE,RETURN_AND_REFUND
4039985878475113754,4039985878475048218,583771654268683546,2026-05-02,Blusa Feminina Jeans Bata Tomara Que Caia Candy Colors,REF579G,"Rosa Bebê , G",82.85,82.85,No longer needed,RETURN_OR_REFUND_REQUEST_COMPLETE,RETURN_AND_REFUND
4039985872107766991,4039985872107701455,583699095354508495,2026-05-02,Calça Jeans Feminina Wide Leg Jeans Feminina Cintura Alta,REF51638,"Marmorizada, 38",69.99,69.99,Item doesn't fit,RETURN_OR_REFUND_REQUEST_CANCEL,RETURN_AND_REFUND
4039985761724433465,4039985761724367929,583712361802662969,2026-05-02,Calça Jeans Feminina Wide Leg Jeans Feminina Cintura Alta,REF51636,"Marmorizada, 36",75.97,75.97,Item doesn't fit,RETURN_OR_REFUND_REQUEST_COMPLETE,RETURN_AND_REFUND
4039985856561055002,4039985856560989466,583771654268683546,2026-05-02,Saia Jeans Feminina Cintura Alta Barra A Fio,REF56744,"Preta Marmorizada , 44",62.95,62.95,Item doesn't fit,RETURN_OR_REFUND_REQUEST_COMPLETE,RETURN_AND_REFUND
4039985836056413728,4039985836056348192,583686066665391648,2026-05-02,Calça Jeans Feminina Wide Leg Jeans Feminina Cintura Alta,REF51640,"Marmorizada, 40",84.28,84.28,No longer needed,RETURN_OR_REFUND_REQUEST_COMPLETE,RETURN_AND_REFUND
4039985795202581924,4039985795202516388,583699800495588772,2026-05-02,Calça Jeans Feminina Wide Leg Jeans Feminina Cintura Alta,REF51642,"Marmorizada, 42",69.99,69.99,"Fabric, material or style not as expected",RETURN_OR_REFUND_REQUEST_COMPLETE,RETURN_AND_REFUND
4039985770773317123,4039985770773251587,583700364257035779,2026-05-02,Calça Jeans Feminina Wide Leg Cintura Alta Chocolate,REF56236,"Chocolate, 36",79.9,79.9,Item doesn't fit,RETURN_OR_REFUND_REQUEST_COMPLETE,RETURN_AND_REFUND
4039986078816241563,4039986081297500059,583767255858186139,2026-05-02,Calça Jeans Feminina Wide Leg Cintura Alta Amarelo Manteiga,REF55046,"AMARELO MANTEIGA, 46",96.59,96.59,No longer needed,RETURN_OR_REFUND_REQUEST_COMPLETE,RETURN_AND_REFUND
4039985857311966490,4039985857311900954,583771654268683546,2026-05-02,Saia Jeans Feminina Cintura Alta Barra A Fio,REF56444,"Amarelo Manteiga , 44",62.95,62.95,Item doesn't fit,RETURN_OR_REFUND_REQUEST_COMPLETE,RETURN_AND_REFUND
4039986129086088440,4039986129086022904,583700757010351352,2026-05-02,Calça Jeans Feminina Wide Leg Jeans Feminina Cintura Alta,REF51642,"Marmorizada, 42",69.99,69.99,Item doesn't fit,RETURN_OR_REFUND_REQUEST_COMPLETE,RETURN_AND_REFUND
4039989748548863712,4039989748548798176,583701601717094112,2026-05-02,Calça Jeans Feminina Wide Leg Jeans Feminina Cintura Alta,REF51644,"Marmorizada, 44",67.89,67.89,Item doesn't fit,RETURN_OR_REFUND_REQUEST_COMPLETE,RETURN_AND_REFUND
4039986618263635829,4039986618263570293,583684915038029685,2026-05-02,Calça Jeans Feminina Wide Leg Jeans Feminina Cintura Alta,REF51644,"Marmorizada, 44",77.5,77.5,Item doesn't fit,RETURN_OR_REFUND_REQUEST_COMPLETE,RETURN_AND_REFUND
4039986772332283002,4039986772332217466,583689279179687034,2026-05-02,Calça Jeans Feminina Wide Leg Jeans Feminina Cintura Alta,REF51646,"Marmorizada, 46",86.48,86.48,Item doesn't fit,RETURN_OR_REFUND_REQUEST_COMPLETE,RETURN_AND_REFUND
4039986917506057520,4039986917505991984,583699042013381936,2026-05-02,Calça Jeans Feminina Wide Leg Jeans Feminina Cintura Alta,REF54936,"Rosa Bebê , 36",67.49,67.49,Item doesn't fit,RETURN_OR_REFUND_REQUEST_COMPLETE,RETURN_AND_REFUND
4039987143952074370,4039987143952008834,583624420485072514,2026-05-02,Calça Jeans Feminina Wide Leg Jeans Feminina Cintura Alta,REF52540,"Stone Used, 40",63.1,63.1,Item doesn't fit,RETURN_OR_REFUND_REQUEST_CANCEL,RETURN_AND_REFUND
4039987355124533170,4039987355124467634,583624233681258418,2026-05-02,Calça Jeans Feminina Wide Leg Cintura Alta- Candy Colors,REF55042,"AMARELO MANTEIGA, 42",75.34,75.34,Item doesn't fit,RETURN_OR_REFUND_REQUEST_CANCEL,RETURN_AND_REFUND
4039987482591070172,4039987482591004636,583712590179108828,2026-05-02,Calça Jeans Feminina Wide Leg Jeans Feminina Cintura Alta,REF55038,"Amarelo Manteiga, 38",67.89,67.89,Item doesn't fit,RETURN_OR_REFUND_REQUEST_COMPLETE,RETURN_AND_REFUND
4039987479379478492,4039987479379412956,583714759206930396,2026-05-02,Calça Jeans Feminina Wide Leg Jeans Feminina Cintura Alta,REF54938,"Rosa Bebê , 38",67.89,67.89,Item doesn't fit,RETURN_OR_REFUND_REQUEST_COMPLETE,RETURN_AND_REFUND
4039987739764295602,4039987739764098994,583655545167513522,2026-05-02,Calça Feminina Jeans Wide Leg Cintura Alta Azul Médio Marmorizado,REF55140,"Azul Médio Marmorizado , 40",82.59,82.59,Item doesn't fit,RETURN_OR_REFUND_REQUEST_COMPLETE,RETURN_AND_REFUND
4039988683830756539,4039988683830691003,583622899420398779,2026-05-02,Calça Jeans Feminina Wide Leg Jeans Feminina Cintura Alta,REF51636,"Marmorizada, 36",69.99,69.99,Item doesn't fit,RETURN_OR_REFUND_REQUEST_COMPLETE,RETURN_AND_REFUND
4039989213487662460,4039989213487596924,583714799707522428,2026-05-02,Calça Jeans Feminina Wide Leg Jeans Feminina Cintura Alta,REF51640,"Marmorizada, 40",67.9,67.9,Item doesn't fit,RETURN_OR_REFUND_REQUEST_COMPLETE,RETURN_AND_REFUND
4039990270299374878,4039990270299309342,583686021511021854,2026-05-02,Calça Jeans Feminina Wide Leg Jeans Feminina Cintura Alta,REF51636,"Marmorizada, 36",77.5,77.5,Item doesn't fit,RETURN_OR_REFUND_REQUEST_COMPLETE,RETURN_AND_REFUND
4039985527634560670,4039985527634495134,583700497777723038,2026-05-02,Calça Jeans Feminina Wide Leg Jeans Feminina Cintura Alta,REF56238,"Chocolate, 38",73.14,73.14,Item doesn't fit,RETURN_OR_REFUND_REQUEST_COMPLETE,RETURN_AND_REFUND
4039986403777808098,4039986403777677026,583698910100686562,2026-05-02,Calça Jeans Feminina Wide Leg Jeans Feminina Cintura Alta,REF51644,"Marmorizada, 44",64.99,64.99,Item doesn't fit,RETURN_OR_REFUND_REQUEST_COMPLETE,RETURN_AND_REFUND
4039985459836978722,4039985459836913186,583701274024773154,2026-05-02,Calça Jeans Feminina Wide Leg Jeans Feminina Cintura Alta,REF56240,"Chocolate, 40",63.01,63.01,Item doesn't fit,RETURN_OR_REFUND_REQUEST_COMPLETE,RETURN_AND_REFUND
4039980148685309909,4039980148685244373,583683682483013589,2026-05-02,Calça Feminina Jeans Wide Leg Cintura Alta Azul Médio Marmorizado,REF55140,"Azul Médio Marmorizado , 40",62.07,62.07,Item doesn't fit,RETURN_OR_REFUND_REQUEST_COMPLETE,RETURN_AND_REFUND
4039985327085815371,4039985327085749835,583695771854014027,2026-05-02,Calça Jeans Feminina Wide Leg Jeans Feminina Cintura Alta,REF51640,"Marmorizada, 40",61.1,61.1,Item doesn't fit,RETURN_OR_REFUND_REQUEST_COMPLETE,RETURN_AND_REFUND
4039979976803321175,4039979976803255639,583700429907133783,2026-05-02,Calça Jeans Feminina Wide Leg Jeans Feminina Cintura Alta,REF51636,"Marmorizada, 36",69.99,69.99,Item doesn't fit,RETURN_OR_REFUND_REQUEST_COMPLETE,RETURN_AND_REFUND
4039985455227307554,4039985455227242018,583701274024773154,2026-05-02,Calça Jeans Feminina Wide Leg Jeans Feminina Cintura Alta,REF51640,"Marmorizada, 40",63.02,63.02,Item doesn't fit,RETURN_OR_REFUND_REQUEST_COMPLETE,RETURN_AND_REFUND
4039980148182058728,4039980148181993192,583701373178709736,2026-05-02,Calça Jeans Feminina Wide Leg Jeans Feminina Cintura Alta,REF54938,"Rosa Bebê , 38",65.46,65.46,Defective item,RETURN_OR_REFUND_REQUEST_CANCEL,RETURN_AND_REFUND
4039980536045078521,4039980536045012985,583700893358131193,2026-05-02,Calça Jeans Feminina Wide Leg Jeans Feminina Cintura Alta,REF51638,"Marmorizada, 38",67.89,67.89,"Fabric, material or style not as expected",RETURN_OR_REFUND_REQUEST_COMPLETE,RETURN_AND_REFUND
4039980537700845561,4039980537700780025,583700893358131193,2026-05-02,Calça Jeans Feminina Wide Leg Jeans Feminina Cintura Alta,REF56238,"Chocolate, 38",67.89,67.89,"Fabric, material or style not as expected",RETURN_OR_REFUND_REQUEST_COMPLETE,RETURN_AND_REFUND
4039980642546517568,4039980642546452032,583702335433836096,2026-05-02,Calça Jeans Feminina Wide Leg Cintura Alta Chocolate,REF56244,"Chocolate, 44",85.41,85.41,Item doesn't fit,RETURN_OR_REFUND_REQUEST_COMPLETE,RETURN_AND_REFUND
4039981306740049708,4039981306739984172,583724559185315628,2026-05-02,Calça Jeans Feminina Wide Leg Cintura Alta Chocolate,REF56238,"Chocolate, 38",89.9,89.9,Item doesn't fit,RETURN_OR_REFUND_REQUEST_COMPLETE,RETURN_AND_REFUND
4039982333787145775,4039982333787080239,583699039611094575,2026-05-02,Calça Jeans Feminina Wide Leg Jeans Feminina Cintura Alta,REF51644,"Marmorizada, 44",69.99,69.99,Item doesn't fit,RETURN_OR_REFUND_REQUEST_COMPLETE,RETURN_AND_REFUND
4039982551552525600,4039982551552460064,583714238266770720,2026-05-02,Calça Jeans Feminina Wide Leg Jeans Feminina Cintura Alta,REF51640,"Marmorizada, 40",76.26,76.26,Item doesn't fit,RETURN_OR_REFUND_REQUEST_COMPLETE,RETURN_AND_REFUND
4039982495744165152,4039982495744099616,583714238266770720,2026-05-02,Calça Feminina Jeans Wide Leg Cintura Alta Azul Médio Marmorizado,REF55140,"Azul Médio Marmorizado , 40",90.57,90.57,Item doesn't fit,RETURN_OR_REFUND_REQUEST_COMPLETE,RETURN_AND_REFUND
4039983111245301497,4039983111245235961,583772741435295481,2026-05-02,Calça Jeans Feminina Wide Leg Jeans Feminina Cintura Alta,REF52536,"Stone Used, 36",64.98,64.98,Defective item,RETURN_OR_REFUND_REQUEST_COMPLETE,RETURN_AND_REFUND
4039983289052989369,4039983289052923833,583726872582916025,2026-05-02,Calça Jeans Feminina Wide Leg Jeans Feminina Cintura Alta,REF51636,"Marmorizada, 36",68.02,68.02,Item doesn't fit,RETURN_OR_REFUND_REQUEST_COMPLETE,RETURN_AND_REFUND
4039983517589210554,4039983517589145018,583699985972430266,2026-05-02,Calça Jeans Feminina Wide Leg Jeans Feminina Cintura Alta,REF51644,"Marmorizada, 44",67.89,67.89,Item doesn't fit,RETURN_OR_REFUND_REQUEST_COMPLETE,RETURN_AND_REFUND
4039980128928958184,4039980128928892648,583701373178709736,2026-05-02,Calça Jeans Feminina Wide Leg Jeans Feminina Cintura Alta,REF51638,"Marmorizada, 38",65.47,65.47,Item doesn't fit,RETURN_OR_REFUND_REQUEST_COMPLETE,RETURN_AND_REFUND
4039984166566725332,4039984166566659796,583493769474639572,2026-05-02,Saia Jeans Feminina Cintura Alta Barra A Fio,REF56836,"Marmorizada, 36",78.33,78.33,Item doesn't fit,RETURN_OR_REFUND_REQUEST_COMPLETE,RETURN_AND_REFUND
4039983788853069264,4039983788853003728,583768645552932304,2026-05-02,Shorts Jeans Feminino Cintura Alta Casual,REF57440,"Marmorizado Escuro , 40",50.29,50.29,Item doesn't fit,RETURN_OR_REFUND_REQUEST_COMPLETE,RETURN_AND_REFUND
4039985069154862659,4039985069154797123,583712517975803459,2026-05-02,Calça Jeans Feminina Wide Leg Jeans Feminina Cintura Alta,REF56238,"Chocolate, 38",64.99,64.99,Item doesn't fit,RETURN_OR_REFUND_REQUEST_COMPLETE,RETURN_AND_REFUND
4039985058374125123,4039985057775519299,583712517975803459,2026-05-02,Calça Jeans Feminina Wide Leg Jeans Feminina Cintura Alta,REF54938,"Rosa Bebê , 38",64.99,64.99,Item doesn't fit,RETURN_OR_REFUND_REQUEST_COMPLETE,RETURN_AND_REFUND
4039985036643108419,4039985036643042883,583712517975803459,2026-05-02,Calça Jeans Feminina Wide Leg Jeans Feminina Cintura Alta,REF51638,"Marmorizada, 38",64.99,64.99,Item doesn't fit,RETURN_OR_REFUND_REQUEST_COMPLETE,RETURN_AND_REFUND
4039984966706169093,4039984966706103557,583714370786788613,2026-05-02,Calça Jeans Feminina Wide Leg Jeans Feminina Cintura Alta,REF51640,"Marmorizada, 40",79.9,79.9,Item doesn't fit,RETURN_OR_REFUND_REQUEST_COMPLETE,RETURN_AND_REFUND
4039985287561381851,4039985287561316315,583700537875007451,2026-05-02,Calça Jeans Feminina Wide Leg Jeans Feminina Cintura Alta,REF51642,"Marmorizada, 42",69.99,69.99,Item doesn't fit,RETURN_OR_REFUND_REQUEST_CANCEL,RETURN_AND_REFUND
4039984794157942767,4039984794157811695,583700546350254063,2026-05-02,Calça Jeans Feminina Wide Leg Jeans Feminina Cintura Alta,REF54938,"Rosa Bebê , 38",70.74,141.48,Item doesn't fit,RETURN_OR_REFUND_REQUEST_CANCEL,RETURN_AND_REFUND
4039984793230215151,4039984793230149615,583700546350254063,2026-05-02,Calça Jeans Feminina Wide Leg Jeans Feminina Cintura Alta,REF54944,"Rosa Bebê , 44",67.89,135.78,Item doesn't fit,RETURN_OR_REFUND_REQUEST_COMPLETE,RETURN_AND_REFUND
4039984793230280687,4039984793230149615,583700546350254063,2026-05-02,Calça Jeans Feminina Wide Leg Jeans Feminina Cintura Alta,REF54944,"Rosa Bebê , 44",67.89,135.78,Item doesn't fit,RETURN_OR_REFUND_REQUEST_COMPLETE,RETURN_AND_REFUND
4039984712436253763,4039984712436188227,583715503675311171,2026-05-02,Calça Jeans Feminina Wide Leg Jeans Feminina Cintura Alta,REF51642,"Marmorizada, 42",69.99,69.99,Item doesn't fit,RETURN_OR_REFUND_REQUEST_COMPLETE,RETURN_AND_REFUND
4039984572228404766,4039984572228339230,583700364214109726,2026-05-02,Calça Jeans Feminina Wide Leg Jeans Feminina Cintura Alta,REF51640,"Marmorizada, 40",73.3,73.3,Item doesn't fit,RETURN_OR_REFUND_REQUEST_COMPLETE,RETURN_AND_REFUND
4039984794157877231,4039984794157811695,583700546350254063,2026-05-02,Calça Jeans Feminina Wide Leg Jeans Feminina Cintura Alta,REF54938,"Rosa Bebê , 38",70.74,141.48,Item doesn't fit,RETURN_OR_REFUND_REQUEST_CANCEL,RETURN_AND_REFUND
4040008025763972286,4040008025763906750,583733259452515518,2026-05-03,Calça Jeans Feminina Wide Leg Jeans Feminina Cintura Alta,REF52536,"Stone Used, 36",74.18,74.18,Item doesn't fit,RETURN_OR_REFUND_REQUEST_COMPLETE,RETURN_AND_REFUND
4040007367238452526,4040007367238386990,583767906537276718,2026-05-03,Shorts Mom/Social Feminino Jeans Cintura Alta Barra Dobrada,REF55336,"Marmorizada, 36",46.55,46.55,Item doesn't fit,RETURN_OR_REFUND_REQUEST_CANCEL,RETURN_AND_REFUND
4040007367362184494,4040007367362118958,583767906537276718,2026-05-03,Shorts Mom/Social Feminino Jeans Cintura Alta Barra Dobrada,REF55536,"Azul Médio Marmorizado, 36",46.55,46.55,Item doesn't fit,RETURN_OR_REFUND_REQUEST_CANCEL,RETURN_AND_REFUND
4040007259305510394,4040007259305444858,583696038072780282,2026-05-03,Calça Jeans Feminina Wide Leg Jeans Feminina Cintura Alta,REF54936,"Rosa Bebê , 36",62.99,188.97,Color or pattern not as expected,RETURN_OR_REFUND_REQUEST_COMPLETE,RETURN_AND_REFUND
4040007511379641648,4040007511379576112,583696014543455536,2026-05-03,Calça Jeans Feminina Wide Leg Jeans Feminina Cintura Alta,REF51644,"Marmorizada, 44",59.99,59.99,Item doesn't fit,RETURN_OR_REFUND_REQUEST_COMPLETE,RETURN_AND_REFUND
4040007512731321648,4040007512731256112,583696014543455536,2026-05-03,Calça Jeans Feminina Wide Leg Jeans Feminina Cintura Alta,REF51642,"Marmorizada, 42",59.99,59.99,No longer needed,RETURN_OR_REFUND_REQUEST_COMPLETE,RETURN_AND_REFUND
4040007839765727230,4040007839765530622,583712450351630334,2026-05-03,Calça Jeans Feminina Wide Leg Jeans Feminina Cintura Alta,REF51640,"Marmorizada, 40",64.99,64.99,Item doesn't fit,RETURN_OR_REFUND_REQUEST_COMPLETE,RETURN_AND_REFUND
4040007870599628329,4040007870599562793,583690008138188329,2026-05-03,Calça Jeans Feminina Wide Leg Jeans Feminina Cintura Alta,REF51644,"Marmorizada, 44",77.5,77.5,Item arrived too late,RETURN_OR_REFUND_REQUEST_COMPLETE,RETURN_AND_REFUND
4040008027304265572,4040008027304200036,583683407791753060,2026-05-03,Calça Jeans Feminina Wide Leg Cintura Alta Chocolate,REF56244,"Chocolate, 44",68.38,68.38,Item doesn't fit,RETURN_OR_REFUND_REQUEST_COMPLETE,RETURN_AND_REFUND
4040008124330641059,4040008124330575523,583683716015490723,2026-05-03,Calça Jeans Feminina Wide Leg Cintura Alta- Candy Colors,REF54940,"ROSA BEBÊ, 40",63.99,63.99,Item doesn't fit,RETURN_OR_REFUND_REQUEST_CANCEL,RETURN_AND_REFUND
4040010249567373228,4040010249567307692,583355128333961132,2026-05-03,Calça Jeans Feminina Wide Leg Cintura Alta- Candy Colors,REF54936,"ROSA BEBÊ, 36",70.63,70.63,"Package arrived damaged. Example: spilled liquid, damaged box.",RETURN_OR_REFUND_REQUEST_CANCEL,REFUND
4040009160987477892,4040009160987412356,583724284398110596,2026-05-03,Calça Jeans Feminina Wide Leg Jeans Feminina Cintura Alta,REF56238,"Chocolate, 38",90.7,90.7,Item doesn't fit,RETURN_OR_REFUND_REQUEST_COMPLETE,RETURN_AND_REFUND
4040009206851536172,4040009206851470636,583699988740736300,2026-05-03,Calça Jeans Feminina Wide Leg Jeans Feminina Cintura Alta,REF51640,"Marmorizada, 40",79.9,79.9,Item doesn't fit,RETURN_OR_REFUND_REQUEST_COMPLETE,RETURN_AND_REFUND
4040009212536129284,4040009212536063748,583638173837133572,2026-05-03,Calça Jeans Feminina Wide Leg Jeans Feminina Cintura Alta,REF51640,"Marmorizada, 40",69.99,69.99,"Fabric, material or style not as expected",RETURN_OR_REFUND_REQUEST_COMPLETE,RETURN_AND_REFUND
4040009358942504676,4040009358942439140,583407570733205220,2026-05-03,Calça Jeans Feminina Wide Leg Jeans Feminina Cintura Alta,REF52540,"Stone Used, 40",71.61,71.61,Item doesn't fit,RETURN_OR_REFUND_REQUEST_CANCEL,RETURN_AND_REFUND
4040010085428200515,4040010085428134979,583549907042927683,2026-05-03,Calça Jeans Feminina Wide Leg Jeans Feminina Cintura Alta,REF51638,"Marmorizada, 38",64.99,64.99,Item doesn't fit,RETURN_OR_REFUND_REQUEST_CANCEL,RETURN_AND_REFUND
4040010402906211406,4040010402906145870,583593500075918414,2026-05-03,Calça Jeans Feminina Wide Leg Jeans Feminina Cintura Alta,REF51640,"Marmorizada, 40",75.34,75.34,"Fabric, material or style not as expected",RETURN_OR_REFUND_REQUEST_COMPLETE,RETURN_AND_REFUND
4040010570899752523,4040010570899686987,583771487797282379,2026-05-03,Calça Jeans Feminina Wide Leg Jeans Feminina Cintura Alta,REF51638,"Marmorizada, 38",71.36,71.36,Item doesn't fit,RETURN_OR_REFUND_REQUEST_COMPLETE,RETURN_AND_REFUND
4040011348390348638,4040011348390283102,583699061951661918,2026-05-03,Calça Jeans Feminina Wide Leg Jeans Feminina Cintura Alta,REF56240,"Chocolate, 40",66.99,66.99,Item doesn't fit,RETURN_OR_REFUND_REQUEST_COMPLETE,RETURN_AND_REFUND
4040011642233521398,4040011642233455862,583251417332155638,2026-05-03,Calça Jeans Feminina Wide Leg Jeans Feminina Cintura Alta,REF51638,"Marmorizada, 38",69.99,69.99,Item doesn't fit,RETURN_OR_REFUND_REQUEST_CANCEL,RETURN_AND_REFUND
4040011832637949807,4040011832637884271,583771958768600943,2026-05-03,Calça Jeans Feminina Wide Leg Jeans Feminina Cintura Alta,REF51638,"Marmorizada, 38",58.39,58.39,Item doesn't fit,RETURN_OR_REFUND_REQUEST_COMPLETE,RETURN_AND_REFUND
4040008474657326319,4040008474657260783,583700547569157359,2026-05-03,Calça Jeans Feminina Wide Leg Jeans Feminina Cintura Alta,REF56236,"Chocolate, 36",69.99,69.99,No longer needed,RETURN_OR_REFUND_REQUEST_COMPLETE,RETURN_AND_REFUND
4040007259305575930,4040007259305444858,583696038072780282,2026-05-03,Calça Jeans Feminina Wide Leg Jeans Feminina Cintura Alta,REF54936,"Rosa Bebê , 36",62.99,188.97,Color or pattern not as expected,RETURN_OR_REFUND_REQUEST_COMPLETE,RETURN_AND_REFUND
4040007498554443142,4040007498554377606,583700058338198918,2026-05-03,Calça Jeans Feminina Wide Leg Jeans Feminina Cintura Alta,REF52746,"Sky Used, 46",81.99,81.99,Item doesn't fit,RETURN_OR_REFUND_REQUEST_CANCEL,RETURN_AND_REFUND
4040007070763156634,4040007070763091098,583730246459819162,2026-05-03,Calça Feminina Jeans Wide Leg Cintura Alta Azul Médio Marmorizado,REF55142,"Azul Médio Marmorizado , 42",71.84,71.84,Item doesn't fit,RETURN_OR_REFUND_REQUEST_CANCEL,RETURN_AND_REFUND
4040007259305641466,4040007259305444858,583696038072780282,2026-05-03,Calça Jeans Feminina Wide Leg Jeans Feminina Cintura Alta,REF54936,"Rosa Bebê , 36",62.99,188.97,Color or pattern not as expected,RETURN_OR_REFUND_REQUEST_COMPLETE,RETURN_AND_REFUND
4039991238610355737,4039991238610290201,583459255105914393,2026-05-03,Calça Jeans Feminina Wide Leg Jeans Feminina Cintura Alta,REF51640,"Marmorizada, 40",77.61,77.61,Item doesn't fit,RETURN_OR_REFUND_REQUEST_COMPLETE,RETURN_AND_REFUND
4039991362603091481,4039991362603025945,583459255105914393,2026-05-03,Calça Jeans Feminina Wide Leg Cintura Alta Chocolate,REF56240,"Chocolate, 40",92.19,92.19,Item doesn't fit,RETURN_OR_REFUND_REQUEST_COMPLETE,RETURN_AND_REFUND
4039999654286951812,4039999654286886276,583311742747051396,2026-05-03,Calça Jeans Feminina Wide Leg Jeans Feminina Cintura Alta,REF51640,"Marmorizada, 40",69.49,69.49,Item doesn't fit,RETURN_OR_REFUND_REQUEST_COMPLETE,RETURN_AND_REFUND
4040000570736870519,4040000570736804983,583535783993181303,2026-05-03,Calça Jeans Feminina Wide Leg Jeans Feminina Cintura Alta,REF51646,"Marmorizada, 46",73.83,73.83,Item doesn't match description,RETURN_OR_REFUND_REQUEST_COMPLETE,RETURN_AND_REFUND
4040000719762720535,4040000719762654999,583608311370188567,2026-05-03,Calça Jeans Feminina Wide Leg Jeans Feminina Cintura Alta,REF51642,"Marmorizada, 42",65.56,65.56,Item doesn't fit,RETURN_OR_REFUND_REQUEST_CANCEL,RETURN_AND_REFUND
4040002149397071094,4040002054572377334,583508341698299126,2026-05-03,Calça Jeans Feminina Wide Leg Jeans Feminina Cintura Alta,REF52738,"Sky Used, 38",78.69,78.69,Item doesn't fit,RETURN_OR_REFUND_REQUEST_COMPLETE,RETURN_AND_REFUND
4040002730220029549,4040002730219964013,583712498981242477,2026-05-03,Calça Jeans Feminina Wide Leg Jeans Feminina Cintura Alta,REF56236,"Chocolate, 36",67.89,67.89,Item doesn't fit,RETURN_OR_REFUND_REQUEST_CANCEL,RETURN_AND_REFUND
4040003915352999704,4040003915352934168,583649759904302872,2026-05-03,Shorts Mom/Social Feminino Jeans Cintura Alta Barra Dobrada,REF56140,"Grafite, 40",48.01,48.01,Item doesn't fit,RETURN_OR_REFUND_REQUEST_COMPLETE,RETURN_AND_REFUND
4040004020761429784,4040004020761364248,583649759904302872,2026-05-03,Shorts Jeans Feminino Cintura Alta Casual,REF57540,"Azul Escuro , 40",48.0,48.0,Item doesn't fit,RETURN_OR_REFUND_REQUEST_COMPLETE,RETURN_AND_REFUND
4040003969505200032,4040003969504872352,583638054498437024,2026-05-03,Calça Jeans Feminina Wide Leg Jeans Feminina Cintura Alta,REF51640,"Marmorizada, 40",73.24,73.24,Package wasn't received,RETURN_OR_REFUND_REQUEST_COMPLETE,REFUND
4039999648507331972,4039999648507266436,583311742747051396,2026-05-03,Calça Jeans Feminina Wide Leg Jeans Feminina Cintura Alta,REF51636,"Marmorizada, 36",67.49,67.49,Item doesn't fit,RETURN_OR_REFUND_REQUEST_COMPLETE,RETURN_AND_REFUND
4040004832039372146,4040004832039306610,583701421571933554,2026-05-03,Calça Jeans Feminina Wide Leg Jeans Feminina Cintura Alta,REF51638,"Marmorizada, 38",76.37,76.37,Item doesn't fit,RETURN_OR_REFUND_REQUEST_COMPLETE,RETURN_AND_REFUND
4040004561858823550,4040004561858758014,583638036821542270,2026-05-03,Calça Jeans Feminina Wide Leg Jeans Feminina Cintura Alta,REF51638,"Marmorizada, 38",72.45,72.45,Item doesn't fit,RETURN_OR_REFUND_REQUEST_CANCEL,RETURN_AND_REFUND
4040007014909970306,4040007014909904770,583640387584690050,2026-05-03,Calça Jeans Feminina Wide Leg Jeans Feminina Cintura Alta,REF51640,"Marmorizada, 40",69.99,69.99,Item doesn't fit,RETURN_OR_REFUND_REQUEST_COMPLETE,RETURN_AND_REFUND
4040006818484946531,4040006818484880995,583768340939769443,2026-05-03,Shorts Jeans Feminino Social Cintura Alta Grafite Com Strass,REF58242,"Grafite, 42",54.31,54.31,Item doesn't fit,RETURN_OR_REFUND_REQUEST_COMPLETE,RETURN_AND_REFUND
4040006318718486320,4040006318718420784,583623571836733232,2026-05-03,Calça Jeans Feminina Wide Leg Jeans Feminina Cintura Alta,REF51636,"Marmorizada, 36",72.59,72.59,Item doesn't fit,RETURN_OR_REFUND_REQUEST_CANCEL,RETURN_AND_REFUND
4040006774707685207,4040006774707619671,583693676548032343,2026-05-03,Calça Jeans Feminina Wide Leg Jeans Feminina Cintura Alta,REF51644,"Marmorizada, 44",76.36,76.36,Item doesn't fit,RETURN_OR_REFUND_REQUEST_CANCEL,RETURN_AND_REFUND
4040005970607048702,4040005970606983166,583769458651203582,2026-05-03,Calça Jeans Feminina Wide Leg Jeans Feminina Cintura Alta,REF56240,"Chocolate, 40",67.89,67.89,Item doesn't fit,RETURN_OR_REFUND_REQUEST_COMPLETE,RETURN_AND_REFUND
4040005889484031998,4040005889483900926,583769458651203582,2026-05-03,Calça Jeans Feminina Wide Leg Jeans Feminina Cintura Alta,REF55040,"Amarelo Manteiga, 40",67.89,67.89,Defective item,RETURN_OR_REFUND_REQUEST_COMPLETE,RETURN_AND_REFUND
4040005509366711829,4040005509366646293,583631356029601301,2026-05-03,Calça Jeans Feminina Wide Leg Jeans Feminina Cintura Alta,REF52746,"Sky Used, 46",77.4,77.4,Item doesn't fit,RETURN_OR_REFUND_REQUEST_CANCEL,RETURN_AND_REFUND
4040005361005201366,4040005361005135830,583700177788307414,2026-05-03,Calça Jeans Feminina Wide Leg Jeans Feminina Cintura Alta,REF51636,"Marmorizada, 36",69.99,69.99,Item doesn't fit,RETURN_OR_REFUND_REQUEST_CANCEL,RETURN_AND_REFUND
4040006140105098914,4040006140105033378,583712434230036130,2026-05-03,Calça Jeans Feminina Wide Leg Jeans Feminina Cintura Alta,REF56244,"Chocolate, 44",85.22,85.22,Item doesn't fit,RETURN_OR_REFUND_REQUEST_COMPLETE,RETURN_AND_REFUND
4040029054802429022,4040029054802363486,583771621384750174,2026-05-04,Calça Jeans Feminina Wide Leg Jeans Feminina Cintura Alta,REF51642,"Marmorizada, 42",78.39,78.39,Item doesn't fit,RETURN_OR_REFUND_REQUEST_COMPLETE,RETURN_AND_REFUND
4040028739875341406,4040028739875275870,583771623657866334,2026-05-04,Calça Jeans Feminina Wide Leg Jeans Feminina Cintura Alta,REF51642,"Marmorizada, 42",78.34,78.34,Item doesn't fit,RETURN_OR_REFUND_REQUEST_COMPLETE,RETURN_AND_REFUND
4040028922689520922,4040028922689455386,583716639472387354,2026-05-04,Calça Jeans Feminina Wide Leg Jeans Feminina Cintura Alta,REF56240,"Chocolate, 40",67.42,67.42,Item doesn't fit,RETURN_OR_REFUND_REQUEST_COMPLETE,RETURN_AND_REFUND
4040028857282430773,4040028857282365237,583770972537390901,2026-05-04,Calça Jeans Feminina Wide Leg Jeans Feminina Cintura Alta,REF56240,"Chocolate, 40",66.54,66.54,Item doesn't fit,RETURN_OR_REFUND_REQUEST_COMPLETE,RETURN_AND_REFUND
4040028752012084253,4040028752012018717,583715465551447069,2026-05-04,Calça Jeans Feminina Wide Leg Jeans Feminina Cintura Alta,REF51642,"Marmorizada, 42",79.9,79.9,Item doesn't fit,RETURN_OR_REFUND_REQUEST_COMPLETE,RETURN_AND_REFUND
4040028733968910211,4040028733968844675,583766407977666435,2026-05-04,Calça Jeans Feminina Wide Leg Jeans Feminina Cintura Alta,REF52542,"Stone Used, 42",71.05,71.05,Package received but missing item,RETURN_OR_REFUND_REQUEST_CANCEL,RETURN_AND_REFUND
4040028671668028562,4040028671667963026,583694620107768978,2026-05-04,Calça Jeans Feminina Wide Leg Jeans Feminina Cintura Alta,REF51636,"Marmorizada, 36",77.5,77.5,Item doesn't fit,RETURN_OR_REFUND_REQUEST_CANCEL,RETURN_AND_REFUND
4040028164794975367,4040028164794909831,583699023607923847,2026-05-04,Calça Jeans Feminina Wide Leg Jeans Feminina Cintura Alta,REF54938,"Rosa Bebê , 38",65.47,65.47,Item doesn't fit,RETURN_OR_REFUND_REQUEST_CANCEL,RETURN_AND_REFUND
4040028384542491835,4040028384542426299,583770518967256251,2026-05-04,Calça Jeans Feminina Wide Leg Jeans Feminina Cintura Alta,REF51644,"Marmorizada, 44",77.66,77.66,Item doesn't fit,RETURN_OR_REFUND_REQUEST_COMPLETE,RETURN_AND_REFUND
4040028278638609546,4040028278638544010,583771800235705482,2026-05-04,Calça Jeans Feminina Wide Leg Jeans Feminina Cintura Alta,REF51644,"Marmorizada, 44",67.89,67.89,Item doesn't fit,RETURN_OR_REFUND_REQUEST_COMPLETE,RETURN_AND_REFUND
4040028221973628315,4040028221973562779,583701761580172699,2026-05-04,Blusa Feminina Jeans Bata Tomara Que Caia Candy Colors,REF585M,"Chocolate, M",84.48,84.48,No longer needed,RETURN_OR_REFUND_REQUEST_COMPLETE,RETURN_AND_REFUND
4040028165135500423,4040028165135434887,583699023607923847,2026-05-04,Calça Jeans Feminina Wide Leg Jeans Feminina Cintura Alta,REF55038,"Amarelo Manteiga, 38",65.46,65.46,Item doesn't fit,RETURN_OR_REFUND_REQUEST_CANCEL,RETURN_AND_REFUND
4040028104794211471,4040028104794145935,583753256801043599,2026-05-04,Calça Jeans Feminina Wide Leg Jeans Cintura Alta Preta Marmorizada,REF52842,42,77.22,77.22,Item doesn't fit,RETURN_OR_REFUND_REQUEST_COMPLETE,RETURN_AND_REFUND
4040027977105573760,4040027977105508224,583727056932931456,2026-05-04,Calça Jeans Feminina Wide Leg Jeans Feminina Cintura Alta,REF51638,"Marmorizada, 38",82.38,82.38,"Fabric, material or style not as expected",RETURN_OR_REFUND_REQUEST_COMPLETE,RETURN_AND_REFUND
4040029199414428756,4040029199414363220,583714854092047444,2026-05-04,Calça Jeans Feminina Wide Leg Jeans Feminina Cintura Alta,REF51642,"Marmorizada, 42",67.04,67.04,Item doesn't fit,RETURN_OR_REFUND_REQUEST_CANCEL,RETURN_AND_REFUND
4040028404847642020,4040028404847576484,583624873958016420,2026-05-04,Calça Jeans Feminina Wide Leg Jeans Feminina Cintura Alta,REF51642,"Marmorizada, 42",69.99,69.99,Item doesn't fit,RETURN_OR_REFUND_REQUEST_COMPLETE,RETURN_AND_REFUND
4040029234327356420,4040029234327290884,583696268232983556,2026-05-04,Calça Feminina Jeans Wide Leg Cintura Alta Azul Médio Marmorizado,REF55136,"Azul Médio Marmorizado , 36",69.24,69.24,Item doesn't fit,RETURN_OR_REFUND_REQUEST_CANCEL,RETURN_AND_REFUND
4040030684802877322,4040030713796790154,583638675564627850,2026-05-04,Calça Jeans Feminina Wide Leg Jeans Feminina Cintura Alta,REF51640,"Marmorizada, 40",93.1,93.1,Item doesn't fit,RETURN_OR_REFUND_REQUEST_COMPLETE,RETURN_AND_REFUND
4040029438903878821,4040029438903813285,583712171481662629,2026-05-04,Calça Jeans Feminina Wide Leg Jeans Feminina Cintura Alta,REF56238,"Chocolate, 38",65.8,65.8,Item doesn't fit,RETURN_OR_REFUND_REQUEST_COMPLETE,RETURN_AND_REFUND
4040032405497153308,4040032405497087772,583683411548342044,2026-05-04,Calça Feminina Jeans Wide Leg Cintura Alta Azul Médio Marmorizado,REF55138,"Azul Médio Marmorizado , 38",62.07,62.07,Defective item,RETURN_OR_REFUND_REQUEST_COMPLETE,RETURN_AND_REFUND
4040032300242404432,4040032300242338896,583558752195216464,2026-05-04,Calça Jeans Feminina Wide Leg Jeans Feminina Cintura Alta,REF51642,"Marmorizada, 42",79.9,79.9,Item doesn't fit,RETURN_OR_REFUND_REQUEST_COMPLETE,RETURN_AND_REFUND
4040031528219150301,4040031528218953693,583623350262663133,2026-05-04,Calça Jeans Feminina Wide Leg Jeans Feminina Cintura Alta,REF51638,"Marmorizada, 38",62.99,62.99,"Package arrived damaged. Example: spilled liquid, damaged box.",RETURN_OR_REFUND_REQUEST_CANCEL,REFUND
4040031022244594765,4040031022244529229,583638198022276173,2026-05-04,Calça Jeans Feminina Wide Leg Jeans Feminina Cintura Alta,REF51646,"Marmorizada, 46",73.24,73.24,Item doesn't fit,RETURN_OR_REFUND_REQUEST_COMPLETE,RETURN_AND_REFUND
4040030981033919678,4040030981033854142,583715317779891390,2026-05-04,Calça Jeans Feminina Wide Leg Jeans Feminina Cintura Alta,REF52736,"Sky Used, 36",79.9,79.9,Item doesn't fit,RETURN_OR_REFUND_REQUEST_COMPLETE,RETURN_AND_REFUND
4040027900793161308,4040027900793095772,583697386136307292,2026-05-04,Calça Jeans Feminina Wide Leg Jeans Feminina Cintura Alta,REF52542,"Stone Used, 42",84.28,84.28,Item doesn't fit,RETURN_OR_REFUND_REQUEST_COMPLETE,RETURN_AND_REFUND
4040030521782666446,4040030521782600910,583765527851664590,2026-05-04,Calça Jeans Feminina Wide Leg Jeans Feminina Cintura Alta,REF51644,"Marmorizada, 44",79.9,79.9,Item arrived too late,RETURN_OR_REFUND_REQUEST_COMPLETE,RETURN_AND_REFUND
4040030441737127693,4040030441736931085,583698966577383181,2026-05-04,Calça Jeans Feminina Wide Leg Jeans Feminina Cintura Alta,REF51640,"Marmorizada, 40",81.99,81.99,Item doesn't fit,RETURN_OR_REFUND_REQUEST_CANCEL,RETURN_AND_REFUND
4040030285413255133,4040030285413189597,583623350262663133,2026-05-04,Calça Jeans Feminina Wide Leg Jeans Feminina Cintura Alta,REF51638,"Marmorizada, 38",62.99,62.99,"Package arrived damaged. Example: spilled liquid, damaged box.",RETURN_OR_REFUND_REQUEST_CANCEL,REFUND
4040030223274575447,4040030223274509911,583771054373176919,2026-05-04,Calça Jeans Feminina Wide Leg Jeans Feminina Cintura Alta,REF54940,"Rosa Bebê , 40",67.89,67.89,Wrong item was sent,RETURN_OR_REFUND_REQUEST_COMPLETE,RETURN_AND_REFUND
4040029963752867819,4040029963752802283,583509122706147307,2026-05-04,Calça Feminina Jeans Wide Leg Cintura Alta Azul Médio Marmorizado,REF55140,"Azul Médio Marmorizado , 40",80.79,80.79,Package wasn't received,RETURN_OR_REFUND_REQUEST_COMPLETE,REFUND
4040029808775038941,4040029808774973405,583623350262663133,2026-05-04,Calça Jeans Feminina Wide Leg Jeans Feminina Cintura Alta,REF51638,"Marmorizada, 38",62.99,62.99,Package wasn't received,RETURN_OR_REFUND_REQUEST_CANCEL,REFUND
4040029756718876637,4040029756718811101,583623350262663133,2026-05-04,Calça Jeans Feminina Wide Leg Jeans Feminina Cintura Alta,REF51638,"Marmorizada, 38",62.99,62.99,Item doesn't match description,RETURN_OR_REFUND_REQUEST_CANCEL,RETURN_AND_REFUND
4040029711194228701,4040029711194163165,583623350262663133,2026-05-04,Calça Jeans Feminina Wide Leg Jeans Feminina Cintura Alta,REF51638,"Marmorizada, 38",62.99,62.99,Package received but missing item,RETURN_OR_REFUND_REQUEST_CANCEL,RETURN_AND_REFUND
4040029421196379787,4040029421196314251,583766588094908043,2026-05-04,Calça Jeans Feminina Wide Leg Jeans Feminina Cintura Alta,REF56242,"Chocolate, 42",69.99,69.99,Defective item,RETURN_OR_REFUND_REQUEST_COMPLETE,RETURN_AND_REFUND
4040029280055624708,4040029280055559172,583696268232983556,2026-05-04,Calça Jeans Feminina Wide Leg Jeans Feminina Cintura Alta,REF56236,"Chocolate, 36",60.59,60.59,Item doesn't fit,RETURN_OR_REFUND_REQUEST_COMPLETE,RETURN_AND_REFUND
4040027895564043280,4040027895563977744,583683601182327824,2026-05-04,Calça Jeans Feminina Wide Leg Jeans Feminina Cintura Alta,REF51638,"Marmorizada, 38",56.79,56.79,Item doesn't fit,RETURN_OR_REFUND_REQUEST_COMPLETE,RETURN_AND_REFUND
4040027583768004524,4040027591239370668,583762157294618540,2026-05-04,Calça Jeans Feminina Wide Leg Jeans Feminina Cintura Alta,REF52546,"Stone Used, 46",79.9,79.9,Item doesn't fit,RETURN_OR_REFUND_REQUEST_COMPLETE,RETURN_AND_REFUND
4040027754701948484,4040027754701882948,583508062765942340,2026-05-04,Calça Jeans Feminina Wide Leg Jeans Feminina Cintura Alta,REF52738,"Sky Used, 38",64.99,64.99,"Item arrived damaged. Example: item is dented, scratched or shattered.",RETURN_OR_REFUND_REQUEST_CANCEL,RETURN_AND_REFUND
4040022881692517795,4040022881692452259,583712455213942179,2026-05-04,Calça Jeans Feminina Wide Leg Jeans Feminina Cintura Alta,REF56236,"Chocolate, 36",69.99,69.99,Item doesn't fit,RETURN_OR_REFUND_REQUEST_COMPLETE,RETURN_AND_REFUND
4040022811009254717,4040022811009189181,583653189831394621,2026-05-04,Calça Jeans Feminina Wide Leg Jeans Feminina Cintura Alta,REF51638,"Marmorizada, 38",69.99,69.99,Item doesn't fit,RETURN_OR_REFUND_REQUEST_COMPLETE,RETURN_AND_REFUND
4040022836280853824,4040022836280788288,583581863701349696,2026-05-04,Calça Feminina Jeans Wide Leg Cintura Alta Azul Médio Marmorizado,REF55138,"Azul Médio Marmorizado , 38",85.03,85.03,Defective item,RETURN_OR_REFUND_REQUEST_COMPLETE,RETURN_AND_REFUND
4040022639184020491,4040022639183954955,583767563771085835,2026-05-04,Calça Jeans Feminina Wide Leg Jeans Feminina Cintura Alta,REF56242,"Chocolate, 42",87.2,87.2,Item doesn't fit,RETURN_OR_REFUND_REQUEST_COMPLETE,RETURN_AND_REFUND
4040022619516535837,4040022619516470301,583768488030995485,2026-05-04,Shorts Mom/Social Feminino Jeans Cintura Alta Barra Dobrada,REF55538,"Azul Médio Marmorizado, 38",55.94,55.94,Defective item,RETURN_OR_REFUND_REQUEST_COMPLETE,RETURN_AND_REFUND
4040022566572623445,4040022566572557909,583637326902429269,2026-05-04,Calça Jeans Feminina Wide Leg Jeans Feminina Cintura Alta,REF51640,"Marmorizada, 40",74.9,74.9,Item doesn't fit,RETURN_OR_REFUND_REQUEST_COMPLETE,RETURN_AND_REFUND
4040027779285026297,4040027779284960761,583580744785364473,2026-05-04,Calça Feminina Jeans Wide Leg Cintura Alta Azul Médio Marmorizado,REF55136,"Azul Médio Marmorizado , 36",77.32,77.32,Defective item,RETURN_OR_REFUND_REQUEST_COMPLETE,REFUND
4040023385814566406,4040023385814500870,583695436139759110,2026-05-04,Calça Jeans Feminina Wide Leg Jeans Feminina Cintura Alta,REF51644,"Marmorizada, 44",75.18,75.18,Item doesn't fit,RETURN_OR_REFUND_REQUEST_COMPLETE,RETURN_AND_REFUND
4040022123631707690,4040022123631642154,583714609456383530,2026-05-04,Calça Jeans Feminina Wide Leg Jeans Feminina Cintura Alta,REF51640,"Marmorizada, 40",79.9,79.9,"Fabric, material or style not as expected",RETURN_OR_REFUND_REQUEST_COMPLETE,RETURN_AND_REFUND
4040021345909572681,4040021345909507145,583772366272234569,2026-05-04,Calça Jeans Feminina Wide Leg Cintura Alta- Candy Colors,REF54938,"ROSA BEBÊ, 38",87.09,87.09,Item doesn't fit,RETURN_OR_REFUND_REQUEST_COMPLETE,RETURN_AND_REFUND
4040021234207327295,4040021234207130687,583767056168485951,2026-05-04,Calça Jeans Feminina Wide Leg Jeans Feminina Cintura Alta,REF56240,"Chocolate, 40",69.99,69.99,Item doesn't fit,RETURN_OR_REFUND_REQUEST_COMPLETE,RETURN_AND_REFUND
4040020385981891984,4040020385981826448,583695140339746192,2026-05-04,Calça Jeans Feminina Wide Leg Jeans Feminina Cintura Alta,REF51644,"Marmorizada, 44",69.99,69.99,Item doesn't fit,RETURN_OR_REFUND_REQUEST_COMPLETE,RETURN_AND_REFUND
4040019496196474278,4040019496196408742,583698654634739110,2026-05-04,Calça Jeans Feminina Wide Leg Jeans Feminina Cintura Alta,REF51636,"Marmorizada, 36",80.1,80.1,Item doesn't fit,RETURN_OR_REFUND_REQUEST_COMPLETE,RETURN_AND_REFUND
4040014514260313603,4040014514260248067,583653170702812675,2026-05-04,Calça Jeans Feminina Wide Leg Jeans Feminina Cintura Alta,REF51638,"Marmorizada, 38",81.1,81.1,Item doesn't fit,RETURN_OR_REFUND_REQUEST_COMPLETE,RETURN_AND_REFUND
4040013650774820327,4040013650774754791,583358050324678119,2026-05-04,Calça Jeans Feminina Wide Leg Jeans Feminina Cintura Alta,REF51640,"Marmorizada, 40",64.99,64.99,Item doesn't fit,RETURN_OR_REFUND_REQUEST_COMPLETE,RETURN_AND_REFUND
4040013550924891168,4040013550924825632,583548729268864032,2026-05-04,Calça Jeans Feminina Wide Leg Jeans Feminina Cintura Alta,REF51636,"Marmorizada, 36",64.97,64.97,Item doesn't fit,RETURN_OR_REFUND_REQUEST_COMPLETE,RETURN_AND_REFUND
4040021456013788367,4040021456013722831,583771952184657103,2026-05-04,Calça Jeans Feminina Wide Leg Jeans Feminina Cintura Alta,REF51638,"Marmorizada, 38",69.99,69.99,Item doesn't fit,RETURN_OR_REFUND_REQUEST_COMPLETE,RETURN_AND_REFUND
4040023480585848430,4040023480585782894,583714715530593902,2026-05-04,Calça Jeans Feminina Wide Leg Jeans Feminina Cintura Alta,REF51642,"Marmorizada, 42",67.89,67.89,Item doesn't fit,RETURN_OR_REFUND_REQUEST_COMPLETE,RETURN_AND_REFUND
4040022272798984107,4040022272798918571,583771404335286187,2026-05-04,Calça Jeans Feminina Wide Leg Jeans Feminina Cintura Alta,REF52746,"Sky Used, 46",71.05,71.05,Item doesn't fit,RETURN_OR_REFUND_REQUEST_CANCEL,RETURN_AND_REFUND
4040024799444371272,4040024799444305736,583714965156300616,2026-05-04,Calça Jeans Feminina Wide Leg Jeans Feminina Cintura Alta,REF51644,"Marmorizada, 44",66.14,66.14,Item doesn't fit,RETURN_OR_REFUND_REQUEST_COMPLETE,RETURN_AND_REFUND
4040024470201795690,4040024470201730154,583770915716760682,2026-05-04,Calça Jeans Feminina Wide Leg Jeans Feminina Cintura Alta,REF56240,"Chocolate, 40",64.11,64.11,"Fabric, material or style not as expected",RETURN_OR_REFUND_REQUEST_COMPLETE,RETURN_AND_REFUND
4040027567805989913,4040027567805924377,583625031418872857,2026-05-04,Calça Feminina Jeans Wide Leg Cintura Alta Azul Médio Marmorizado,REF55140,"Azul Médio Marmorizado , 40",83.19,83.19,Item doesn't fit,RETURN_OR_REFUND_REQUEST_COMPLETE,RETURN_AND_REFUND
4040027379999605785,4040027379999540249,583625031418872857,2026-05-04,Calça Feminina Jeans Wide Leg Cintura Alta Azul Médio Marmorizado,REF55140,"Azul Médio Marmorizado , 40",83.19,83.19,Defective item,RETURN_OR_REFUND_REQUEST_CANCEL,REFUND
4040027182704199193,4040027182704133657,583623182865303065,2026-05-04,Calça Jeans Feminina Wide Leg Jeans Feminina Cintura Alta,REF52538,"Stone Used, 38",80.7,80.7,Item doesn't fit,RETURN_OR_REFUND_REQUEST_COMPLETE,RETURN_AND_REFUND
4040026855144064036,4040026855143998500,583700346241778724,2026-05-04,Calça Jeans Feminina Wide Leg Jeans Feminina Cintura Alta,REF51636,"Marmorizada, 36",72.59,72.59,Item doesn't fit,RETURN_OR_REFUND_REQUEST_COMPLETE,RETURN_AND_REFUND
4040026790724273169,4040026790724207633,583638864688546833,2026-05-04,Calça Jeans Feminina Wide Leg Jeans Cintura Alta Preta Marmorizada,REF52842,42,83.62,83.62,Item doesn't fit,RETURN_OR_REFUND_REQUEST_COMPLETE,RETURN_AND_REFUND
4040026720201574262,4040026720201508726,583770781523609462,2026-05-04,Calça Jeans Feminina Wide Leg Jeans Feminina Cintura Alta,REF51646,"Marmorizada, 46",67.72,67.72,Item doesn't fit,RETURN_OR_REFUND_REQUEST_COMPLETE,RETURN_AND_REFUND
4040027115412882993,4040027115412817457,583698753868432945,2026-05-04,Calça Jeans Feminina Wide Leg Jeans Feminina Cintura Alta,REF51642,"Marmorizada, 42",69.99,69.99,Item doesn't fit,RETURN_OR_REFUND_REQUEST_COMPLETE,RETURN_AND_REFUND
4040026709496136897,4040026709496071361,583624669248259265,2026-05-04,Calça Jeans Feminina Wide Leg Jeans Feminina Cintura Alta,REF52540,"Stone Used, 40",72.71,72.71,Item doesn't fit,RETURN_OR_REFUND_REQUEST_COMPLETE,RETURN_AND_REFUND
4040026615094413166,4040026615094347630,583653300964198254,2026-05-04,Calça Jeans Feminina Wide Leg Jeans Feminina Cintura Alta,REF51646,"Marmorizada, 46",82.5,82.5,Item doesn't fit,RETURN_OR_REFUND_REQUEST_COMPLETE,RETURN_AND_REFUND
4040026577888184300,4040026577888118764,583652187774093292,2026-05-04,Calça Jeans Feminina Wide Leg Jeans Feminina Cintura Alta,REF51640,"Marmorizada, 40",83.62,83.62,"Fabric, material or style not as expected",RETURN_OR_REFUND_REQUEST_COMPLETE,RETURN_AND_REFUND
4040026451669452102,4040026441973531974,583581482826237254,2026-05-04,Calça Jeans Feminina Wide Leg Jeans Feminina Cintura Alta,REF51636,"Marmorizada, 36",73.21,73.21,Item doesn't fit,RETURN_OR_REFUND_REQUEST_CANCEL,RETURN_AND_REFUND
4040026243762193620,4040026243762128084,583686484313998548,2026-05-04,Calça Jeans Feminina Wide Leg Jeans Feminina Cintura Alta,REF51640,"Marmorizada, 40",84.28,84.28,Color or pattern not as expected,RETURN_OR_REFUND_REQUEST_COMPLETE,RETURN_AND_REFUND
4040025568153798329,4040025568153732793,583699707935360697,2026-05-04,Calça Jeans Feminina Wide Leg Jeans Feminina Cintura Alta,REF51640,"Marmorizada, 40",67.89,67.89,Item doesn't fit,RETURN_OR_REFUND_REQUEST_COMPLETE,RETURN_AND_REFUND
4040025143310976194,4040025143310910658,583650910880171202,2026-05-04,Calça Jeans Feminina Wide Leg Jeans Feminina Cintura Alta,REF52544,"Stone Used, 44",61.1,61.1,Item doesn't match description,RETURN_OR_REFUND_REQUEST_CANCEL,RETURN_AND_REFUND
4040026712058398665,4040026712058333129,583685048657676233,2026-05-04,Calça Jeans Feminina Wide Leg Cintura Alta- Candy Colors,REF54938,"ROSA BEBÊ, 38",87.2,87.2,Item doesn't fit,RETURN_OR_REFUND_REQUEST_COMPLETE,RETURN_AND_REFUND
4040049565390832675,4040049565390767139,583683406983169059,2026-05-05,Calça Jeans Feminina Wide Leg Jeans Feminina Cintura Alta,REF51636,"Marmorizada, 36",55.11,55.11,Item doesn't fit,RETURN_OR_REFUND_REQUEST_COMPLETE,RETURN_AND_REFUND
4040049019059537134,4040049019059471598,583619870214096110,2026-05-05,Calça Jeans Feminina Wide Leg Jeans Feminina Cintura Alta,REF51638,"Marmorizada, 38",62.99,62.99,Item doesn't fit,RETURN_OR_REFUND_REQUEST_COMPLETE,RETURN_AND_REFUND
4040049087965988579,4040049075495732963,583766322116658915,2026-05-05,Calça Jeans Feminina Wide Leg Cintura Alta Chocolate,REF56244,"Chocolate, 44",78.18,78.18,Item doesn't fit,RETURN_OR_REFUND_REQUEST_COMPLETE,RETURN_AND_REFUND
4040049089666647779,4040049089666582243,583766322116658915,2026-05-05,Calça Jeans Feminina Wide Leg Jeans Feminina Cintura Alta,REF51644,"Marmorizada, 44",73.57,73.57,Item doesn't fit,RETURN_OR_REFUND_REQUEST_COMPLETE,RETURN_AND_REFUND
4040049423608874788,4040049423608809252,583700330367059748,2026-05-05,Calça Jeans Feminina Wide Leg Jeans Feminina Cintura Alta,REF51644,"Marmorizada, 44",67.89,67.89,"Fabric, material or style not as expected",RETURN_OR_REFUND_REQUEST_COMPLETE,RETURN_AND_REFUND
4040049478371345855,4040049478371280319,583766517656946111,2026-05-05,Calça Jeans Feminina Wide Leg Jeans Feminina Cintura Alta,REF56242,"Chocolate, 42",64.99,64.99,Item doesn't fit,RETURN_OR_REFUND_REQUEST_CANCEL,RETURN_AND_REFUND
4040049493651915846,4040049493651850310,583788659264095302,2026-05-05,Calça Jeans Feminina Wide Leg Jeans Feminina Cintura Alta,REF51644,"Marmorizada, 44",79.9,79.9,Item doesn't fit,RETURN_OR_REFUND_REQUEST_CANCEL,RETURN_AND_REFUND
4040049649603675878,4040049649603610342,583724584868873958,2026-05-05,Calça Jeans Feminina Wide Leg Jeans Feminina Cintura Alta,REF51640,"Marmorizada, 40",69.32,69.32,"Fabric, material or style not as expected",RETURN_OR_REFUND_REQUEST_COMPLETE,RETURN_AND_REFUND
4040053271706436637,4040053271706371101,583772264191198237,2026-05-05,Calça Jeans Feminina Wide Leg Jeans Feminina Cintura Alta,REF51642,"Marmorizada, 42",83.62,83.62,Item doesn't fit,RETURN_OR_REFUND_REQUEST_COMPLETE,RETURN_AND_REFUND
4040050061018564388,4040050061018498852,583716699028424484,2026-05-05,Calça Jeans Feminina Wide Leg Jeans Feminina Cintura Alta,REF51644,"Marmorizada, 44",74.13,74.13,Item doesn't fit,RETURN_OR_REFUND_REQUEST_COMPLETE,RETURN_AND_REFUND
4040050305582663082,4040050305582597546,583840730695959978,2026-05-05,Calça Jeans Feminina Wide Leg Jeans Feminina Cintura Alta,REF51644,"Marmorizada, 44",67.89,67.89,Item doesn't fit,RETURN_OR_REFUND_REQUEST_COMPLETE,RETURN_AND_REFUND
4040050544974792492,4040050544974726956,583771189966505772,2026-05-05,Shorts Jeans Feminino Cintura Alta Casual Marmorizado Escuro,REF57440,"Marmorizado Escuro , 40",60.85,60.85,Item doesn't fit,RETURN_OR_REFUND_REQUEST_COMPLETE,RETURN_AND_REFUND
4040050851267511528,4040050851267445992,583389583921415400,2026-05-05,Calça Jeans Feminina Wide Leg Cintura Alta- Candy Colors,REF54942,"ROSA BEBÊ, 42",94.9,94.9,Item doesn't fit,RETURN_OR_REFUND_REQUEST_COMPLETE,RETURN_AND_REFUND
4040051271277447164,4040051271277381628,583700869591566332,2026-05-05,Calça Jeans Feminina Wide Leg Jeans Feminina Cintura Alta,REF56240,"Chocolate, 40",69.99,69.99,Item doesn't fit,RETURN_OR_REFUND_REQUEST_COMPLETE,RETURN_AND_REFUND
4040051341842744361,4040051341842678825,583726584214553641,2026-05-05,Calça Jeans Feminina Wide Leg Jeans Feminina Cintura Alta,REF51636,"Marmorizada, 36",69.99,69.99,Item doesn't fit,RETURN_OR_REFUND_REQUEST_COMPLETE,RETURN_AND_REFUND
4040052285954361026,4040052285954295490,583622325725923010,2026-05-05,Calça Jeans Feminina Wide Leg Jeans Feminina Cintura Alta,REF51642,"Marmorizada, 42",73.83,73.83,Defective item,RETURN_OR_REFUND_REQUEST_COMPLETE,RETURN_AND_REFUND
4040049002159572455,4040049002159506919,583712750000834023,2026-05-05,Calça Jeans Feminina Wide Leg Jeans Feminina Cintura Alta,REF56240,"Chocolate, 40",83.19,83.19,Item doesn't fit,RETURN_OR_REFUND_REQUEST_CANCEL,RETURN_AND_REFUND
4040049756720629101,4040049756720563565,583235466984064365,2026-05-05,Calça Jeans Feminina Wide Leg Jeans Feminina Cintura Alta,REF51638,"Marmorizada, 38",73.83,73.83,Defective item,RETURN_OR_REFUND_REQUEST_CANCEL,RETURN_AND_REFUND
4040048935806076595,4040048935806011059,583767767077652147,2026-05-05,Shorts Jeans Feminino Social Cintura Alta Grafite Com Strass,REF58240,"Grafite, 40",60.49,60.49,Item doesn't fit,RETURN_OR_REFUND_REQUEST_COMPLETE,RETURN_AND_REFUND
4040052281507219366,4040052281507153830,583695724436359078,2026-05-05,Calça Jeans Feminina Wide Leg Jeans Feminina Cintura Alta,REF51642,"Marmorizada, 42",67.89,67.89,Item doesn't fit,RETURN_OR_REFUND_REQUEST_COMPLETE,RETURN_AND_REFUND
4040048877019235699,4040048877019170163,583653544900003187,2026-05-05,Calça Jeans Feminina Wide Leg Jeans Feminina Cintura Alta,REF52744,"Sky Used, 44",79.9,79.9,Item doesn't fit,RETURN_OR_REFUND_REQUEST_COMPLETE,RETURN_AND_REFUND
4040048902891276010,4040048902891210474,583545976244766442,2026-05-05,Calça Jeans Feminina Wide Leg Jeans Feminina Cintura Alta,REF52542,"Stone Used, 42",78.38,78.38,Item doesn't fit,RETURN_OR_REFUND_REQUEST_CANCEL,RETURN_AND_REFUND
4040040743892649056,4040040743892452448,583451044640818272,2026-05-05,Calça Jeans Feminina Wide Leg Cintura Alta- Candy Colors,REF54944,"ROSA BEBÊ, 44",76.17,76.17,Item doesn't fit,RETURN_OR_REFUND_REQUEST_COMPLETE,RETURN_AND_REFUND
4040042227747751901,4040042227747686365,583623350262663133,2026-05-05,Calça Jeans Feminina Wide Leg Jeans Feminina Cintura Alta,REF51638,"Marmorizada, 38",62.99,62.99,Defective item,RETURN_OR_REFUND_REQUEST_CANCEL,RETURN_AND_REFUND
4040033275093288665,4040033275093223129,583700304391145177,2026-05-05,Calça Jeans Feminina Wide Leg Jeans Feminina Cintura Alta,REF55036,"Amarelo Manteiga, 36",69.99,69.99,Item doesn't fit,RETURN_OR_REFUND_REQUEST_COMPLETE,RETURN_AND_REFUND
4040042536820049890,4040042536819984354,583767090614405090,2026-05-05,Calça Jeans Feminina Wide Leg Jeans Feminina Cintura Alta,REF56240,"Chocolate, 40",67.89,67.89,Package wasn't received,RETURN_OR_REFUND_REQUEST_CANCEL,REFUND
4040043533126502275,4040043533126305667,583766407977666435,2026-05-05,Calça Jeans Feminina Wide Leg Jeans Feminina Cintura Alta,REF52542,"Stone Used, 42",71.05,71.05,Package wasn't received,RETURN_OR_REFUND_REQUEST_CANCEL,REFUND
4040044069854021209,4040044069853955673,583557484421940825,2026-05-05,Calça Jeans Feminina Wide Leg Jeans Feminina Cintura Alta,REF52542,"Stone Used, 42",69.99,69.99,Item doesn't fit,RETURN_OR_REFUND_REQUEST_COMPLETE,RETURN_AND_REFUND
4040046735737980778,4040046735737915242,583701528598513514,2026-05-05,Calça Jeans Feminina Wide Leg Jeans Feminina Cintura Alta,REF51642,"Marmorizada, 42",69.99,69.99,Item doesn't fit,RETURN_OR_REFUND_REQUEST_COMPLETE,RETURN_AND_REFUND
4040046833429809004,4040046833429743468,583579648703825772,2026-05-05,Calça Jeans Feminina Wide Leg Jeans Feminina Cintura Alta,REF51638,"Marmorizada, 38",64.3,64.3,Item doesn't fit,RETURN_OR_REFUND_REQUEST_COMPLETE,RETURN_AND_REFUND
4040043455666291990,4040043455666226454,583715589832213782,2026-05-05,Calça Jeans Feminina Wide Leg Jeans Feminina Cintura Alta,REF51644,"Marmorizada, 44",67.89,67.89,Item doesn't fit,RETURN_OR_REFUND_REQUEST_COMPLETE,RETURN_AND_REFUND
4040046919625770235,4040046919625704699,583699722709533947,2026-05-05,Calça Jeans Feminina Wide Leg Jeans Feminina Cintura Alta,REF56236,"Chocolate, 36",69.99,69.99,Item doesn't fit,RETURN_OR_REFUND_REQUEST_COMPLETE,RETURN_AND_REFUND
4040046929360553769,4040046929360422697,583687002468943657,2026-05-05,Calça Jeans Feminina Wide Leg Jeans Feminina Cintura Alta,REF51638,"Marmorizada, 38",80.7,80.7,Item doesn't fit,RETURN_OR_REFUND_REQUEST_CANCEL,RETURN_AND_REFUND
4040048847410463817,4040048847410398281,583698884036363337,2026-05-05,Calça Jeans Feminina Wide Leg Jeans Feminina Cintura Alta,REF51640,"Marmorizada, 40",65.47,65.47,Item doesn't fit,RETURN_OR_REFUND_REQUEST_CANCEL,RETURN_AND_REFUND
4040048599694542760,4040048599694477224,583767685391157160,2026-05-05,Calça Jeans Feminina Wide Leg Jeans Feminina Cintura Alta,REF56246,"Chocolate, 46",107.24,107.24,No longer needed,RETURN_OR_REFUND_REQUEST_CANCEL,RETURN_AND_REFUND
4040048580160161236,4040048580160095700,583771975885686228,2026-05-05,Calça Jeans Feminina Wide Leg Jeans Feminina Cintura Alta,REF51646,"Marmorizada, 46",69.99,69.99,Item doesn't fit,RETURN_OR_REFUND_REQUEST_COMPLETE,RETURN_AND_REFUND
4040048850649449545,4040048850649384009,583698884036363337,2026-05-05,Calça Jeans Feminina Wide Leg Jeans Feminina Cintura Alta,REF51642,"Marmorizada, 42",65.46,65.46,Item doesn't fit,RETURN_OR_REFUND_REQUEST_COMPLETE,RETURN_AND_REFUND
4040047714468857620,4040047714468792084,583749475460286228,2026-05-05,Calça Jeans Feminina Wide Leg Jeans Feminina Cintura Alta,REF51642,"Marmorizada, 42",79.9,79.9,Item doesn't fit,RETURN_OR_REFUND_REQUEST_COMPLETE,RETURN_AND_REFUND
4040047384888510160,4040047384888444624,583730441909470928,2026-05-05,Calça Jeans Feminina Wide Leg Jeans Feminina Cintura Alta,REF51646,"Marmorizada, 46",65.51,65.51,Item doesn't fit,RETURN_OR_REFUND_REQUEST_COMPLETE,RETURN_AND_REFUND
4040047102705174413,4040047102705108877,583770416496936845,2026-05-05,Calça Jeans Feminina Wide Leg Jeans Feminina Cintura Alta,REF51640,"Marmorizada, 40",62.78,62.78,Item doesn't fit,RETURN_OR_REFUND_REQUEST_COMPLETE,RETURN_AND_REFUND
4040048164008200074,4040048164008134538,583785327835907978,2026-05-05,Calça Jeans Feminina Wide Leg Jeans Feminina Cintura Alta,REF51638,"Marmorizada, 38",77.51,77.51,Item doesn't fit,RETURN_OR_REFUND_REQUEST_COMPLETE,RETURN_AND_REFUND
4040068761396938644,4040068761396873108,583809071449933716,2026-05-06,Calça Jeans Feminina Wide Leg Cintura Alta Branca,REF54636,"Branco, 36",79.99,79.99,Item doesn't fit,RETURN_OR_REFUND_REQUEST_COMPLETE,RETURN_AND_REFUND
4040068204523521848,4040068204523456312,583829346439890744,2026-05-06,Calça Jeans Feminina Wide Leg Jeans Feminina Cintura Alta,REF51640,"Marmorizada, 40",73.24,73.24,Package wasn't received,RETURN_OR_REFUND_REQUEST_CANCEL,REFUND
4040068207701231416,4040068207701165880,583829346439890744,2026-05-06,Calça Jeans Feminina Wide Leg Jeans Feminina Cintura Alta,REF51640,"Marmorizada, 40",73.24,73.24,Package wasn't received,RETURN_OR_REFUND_REQUEST_CANCEL,REFUND
4040068219715487544,4040068219715422008,583829346439890744,2026-05-06,Calça Jeans Feminina Wide Leg Jeans Feminina Cintura Alta,REF51640,"Marmorizada, 40",73.24,73.24,Package wasn't received,RETURN_OR_REFUND_REQUEST_CANCEL,REFUND
4040068284042544873,4040068284042479337,583766283004380905,2026-05-06,Calça Jeans Feminina Wide Leg Jeans Feminina Cintura Alta,REF55044,"Amarelo Manteiga, 44",78.69,78.69,Item doesn't fit,RETURN_OR_REFUND_REQUEST_COMPLETE,RETURN_AND_REFUND
4040068310705406995,4040068310705341459,583787656983118867,2026-05-06,Calça Jeans Feminina Wide Leg Jeans Feminina Cintura Alta,REF56240,"Chocolate, 40",67.89,67.89,Item doesn't fit,RETURN_OR_REFUND_REQUEST_CANCEL,RETURN_AND_REFUND
4040068465000481928,4040068465000416392,583695828457260168,2026-05-06,Calça Jeans Feminina Wide Leg Jeans Feminina Cintura Alta,REF51640,"Marmorizada, 40",62.99,62.99,Item doesn't fit,RETURN_OR_REFUND_REQUEST_COMPLETE,RETURN_AND_REFUND
4040068537275352586,4040068537275287050,583801670797919754,2026-05-06,Calça Jeans Feminina Wide Leg Jeans Feminina Cintura Alta,REF51644,"Marmorizada, 44",79.9,79.9,Item doesn't fit,RETURN_OR_REFUND_REQUEST_COMPLETE,RETURN_AND_REFUND
4040068721169368578,4040068721169303042,583787621172282882,2026-05-06,Calça Jeans Feminina Wide Leg Jeans Feminina Cintura Alta,REF51638,"Marmorizada, 38",69.99,69.99,Item doesn't fit,RETURN_OR_REFUND_REQUEST_CANCEL,RETURN_AND_REFUND
4040068796693578861,4040068796693513325,583644669496296557,2026-05-06,Calça Jeans Feminina Wide Leg Jeans Feminina Cintura Alta,REF55038,"Amarelo Manteiga, 38",68.01,68.01,"Item arrived damaged. Example: item is dented, scratched or shattered.",RETURN_OR_REFUND_REQUEST_COMPLETE,RETURN_AND_REFUND
4040071847066830012,4040071882056565948,583810288538584252,2026-05-06,Calça Feminina Jeans Wide Leg Cintura Alta Azul Médio Marmorizado,REF55142,"Azul Médio Marmorizado , 42",66.57,66.57,Item doesn't fit,RETURN_OR_REFUND_REQUEST_COMPLETE,RETURN_AND_REFUND
4040069160344979183,4040069160344913647,583806515501958895,2026-05-06,Calça Jeans Feminina Wide Leg Jeans Feminina Cintura Alta,REF51642,"Marmorizada, 42",79.9,79.9,Package wasn't received,RETURN_OR_REFUND_REQUEST_CANCEL,REFUND
4040069163495688045,4040069163495622509,583699472700704621,2026-05-06,Calça Jeans Feminina Wide Leg Jeans Feminina Cintura Alta,REF56236,"Chocolate, 36",77.5,77.5,Item doesn't fit,RETURN_OR_REFUND_REQUEST_COMPLETE,RETURN_AND_REFUND
4040069184734004890,4040069184733939354,583826469973296794,2026-05-06,Calça Jeans Feminina Wide Leg Jeans Feminina Cintura Alta,REF51640,"Marmorizada, 40",69.99,69.99,"Fabric, material or style not as expected",RETURN_OR_REFUND_REQUEST_COMPLETE,RETURN_AND_REFUND
4040069282256946763,4040069282256881227,583803847193232971,2026-05-06,Calça Jeans Feminina Wide Leg Jeans Feminina Cintura Alta,REF51644,"Marmorizada, 44",83.62,83.62,No longer needed,RETURN_OR_REFUND_REQUEST_COMPLETE,RETURN_AND_REFUND
4040069815998777336,4040069815998711800,583806056097220600,2026-05-06,Calça Jeans Feminina Wide Leg Jeans Feminina Cintura Alta,REF51638,"Marmorizada, 38",83.62,83.62,Item doesn't fit,RETURN_OR_REFUND_REQUEST_COMPLETE,RETURN_AND_REFUND
4040069975846323684,4040069975846258148,583766745620317668,2026-05-06,Calça Jeans Feminina Wide Leg Jeans Feminina Cintura Alta,REF52744,"Sky Used, 44",77.5,77.5,Item doesn't fit,RETURN_OR_REFUND_REQUEST_COMPLETE,RETURN_AND_REFUND
4040070518686909570,4040070518686844034,583579579062846594,2026-05-06,Calça Jeans Feminina Wide Leg Jeans Feminina Cintura Alta,REF51642,"Marmorizada, 42",74.08,74.08,No longer needed,RETURN_OR_REFUND_REQUEST_CANCEL,RETURN_AND_REFUND
4040070584613636063,4040070584613570527,583843924143278047,2026-05-06,Calça Feminina Jeans Wide Leg Cintura Alta Azul Médio Marmorizado,REF55138,"Azul Médio Marmorizado , 38",78.61,78.61,Item doesn't fit,RETURN_OR_REFUND_REQUEST_CANCEL,RETURN_AND_REFUND
4040071205339563493,4040071205339497957,583701629494330853,2026-05-06,Calça Jeans Feminina Wide Leg Jeans Feminina Cintura Alta,REF51636,"Marmorizada, 36",65.46,65.46,Item doesn't match description,RETURN_OR_REFUND_REQUEST_COMPLETE,RETURN_AND_REFUND
4040068175059781602,4040068175059716066,583767090614405090,2026-05-06,Calça Jeans Feminina Wide Leg Jeans Feminina Cintura Alta,REF56240,"Chocolate, 40",67.89,67.89,Package wasn't received,RETURN_OR_REFUND_REQUEST_COMPLETE,REFUND
4040068943855781009,4040068943855715473,583808868145333393,2026-05-06,Calça Jeans Feminina Wide Leg Jeans Feminina Cintura Alta,REF51644,"Marmorizada, 44",74.9,74.9,Item doesn't fit,RETURN_OR_REFUND_REQUEST_COMPLETE,RETURN_AND_REFUND
4040068094280763087,4040068094280697551,583698666186507983,2026-05-06,Calça Jeans Feminina Wide Leg Jeans Feminina Cintura Alta,REF51640,"Marmorizada, 40",81.3,81.3,Package wasn't received,RETURN_OR_REFUND_REQUEST_COMPLETE,REFUND
4040068072159872584,4040068072159807048,583699810782971464,2026-05-06,Calça Jeans Feminina Wide Leg Jeans Feminina Cintura Alta,REF56242,"Chocolate, 42",69.99,69.99,Item doesn't fit,RETURN_OR_REFUND_REQUEST_COMPLETE,RETURN_AND_REFUND
4040054666391815393,4040054666391749857,583811469567886561,2026-05-06,Calça Feminina Jeans Wide Leg Cintura Alta Azul Médio Marmorizado,REF55142,"Azul Médio Marmorizado , 42",66.98,66.98,Item doesn't fit,RETURN_OR_REFUND_REQUEST_CANCEL,RETURN_AND_REFUND
4040053954563114481,4040053954563048945,583637927906739697,2026-05-06,Calça Jeans Feminina Wide Leg Jeans Feminina Cintura Alta,REF51642,"Marmorizada, 42",71.99,71.99,"Fabric, material or style not as expected",RETURN_OR_REFUND_REQUEST_COMPLETE,RETURN_AND_REFUND
4040054325030913114,4040054325030847578,583766920123417690,2026-05-06,Calça Jeans Feminina Wide Leg Jeans Feminina Cintura Alta,REF56244,"Chocolate, 44",76.29,76.29,Color or pattern not as expected,RETURN_OR_REFUND_REQUEST_CANCEL,RETURN_AND_REFUND
4040068056121312296,4040068056121246760,583716655101609000,2026-05-06,Calça Jeans Feminina Wide Leg Jeans Cintura alta,REF54742,"Preta , 42",90.23,90.23,Item doesn't fit,RETURN_OR_REFUND_REQUEST_COMPLETE,RETURN_AND_REFUND
4040057046079865862,4040057046079800326,583701620631634950,2026-05-06,Calça Jeans Feminina Wide Leg Jeans Feminina Cintura Alta,REF52736,"Sky Used, 36",64.99,64.99,Item doesn't fit,RETURN_OR_REFUND_REQUEST_CANCEL,RETURN_AND_REFUND
4040057113499108358,4040057113499042822,583701620631634950,2026-05-06,Calça Jeans Feminina Wide Leg Jeans Feminina Cintura Alta,REF52536,"Stone Used, 36",64.99,64.99,Item doesn't fit,RETURN_OR_REFUND_REQUEST_CANCEL,RETURN_AND_REFUND
4040057119971771398,4040057119971705862,583701620631634950,2026-05-06,Calça Jeans Feminina Wide Leg Jeans Feminina Cintura Alta,REF51636,"Marmorizada, 36",64.99,64.99,Item doesn't fit,RETURN_OR_REFUND_REQUEST_COMPLETE,RETURN_AND_REFUND
4040060737101006144,4040060737100940608,583771539215123776,2026-05-06,Calça Jeans Feminina Wide Leg Jeans Feminina Cintura Alta,REF51640,"Marmorizada, 40",69.99,69.99,Item doesn't fit,RETURN_OR_REFUND_REQUEST_COMPLETE,RETURN_AND_REFUND
4040061189127047073,4040061189126981537,583848711898630049,2026-05-06,Calça Jeans Feminina Wide Leg Jeans Feminina Cintura Alta,REF51636,"Marmorizada, 36",99.9,99.9,Item doesn't fit,RETURN_OR_REFUND_REQUEST_COMPLETE,RETURN_AND_REFUND
4040062104102929762,4040062104102864226,583766704270247266,2026-05-06,Calça Jeans Feminina Wide Leg Jeans Feminina Cintura Alta,REF56242,"Chocolate, 42",69.84,69.84,"Fabric, material or style not as expected",RETURN_OR_REFUND_REQUEST_COMPLETE,RETURN_AND_REFUND
4040062338856093448,4040062338856027912,583699493069031176,2026-05-06,Calça Jeans Feminina Wide Leg Jeans Feminina Cintura Alta,REF51638,"Marmorizada, 38",79.85,79.85,Item doesn't fit,RETURN_OR_REFUND_REQUEST_CANCEL,RETURN_AND_REFUND
4040063106034664928,4040063106034599392,583698677036123616,2026-05-06,Calça Jeans Feminina Wide Leg Jeans Feminina Cintura Alta,REF56240,"Chocolate, 40",69.99,69.99,Item doesn't fit,RETURN_OR_REFUND_REQUEST_COMPLETE,RETURN_AND_REFUND
4040061875495470574,4040061875495405038,583696468788086254,2026-05-06,Calça Jeans Feminina Wide Leg Jeans Feminina Cintura Alta,REF51642,"Marmorizada, 42",67.89,67.89,Item doesn't fit,RETURN_OR_REFUND_REQUEST_COMPLETE,RETURN_AND_REFUND
4040065185123239880,4040065185123174344,583806305120389064,2026-05-06,Calça Jeans Feminina Wide Leg Jeans Feminina Cintura Alta,REF51638,"Marmorizada, 38",79.9,79.9,Item doesn't fit,RETURN_OR_REFUND_REQUEST_CANCEL,RETURN_AND_REFUND
4040067737624283103,4040067737624217567,583843924143278047,2026-05-06,Calça Jeans Feminina Wide Leg Jeans Feminina Cintura Alta,REF51638,"Marmorizada, 38",68.78,68.78,Item doesn't fit,RETURN_OR_REFUND_REQUEST_CANCEL,RETURN_AND_REFUND
4040063674534626935,4040063674534561399,583846294527182455,2026-05-06,Calça Jeans Feminina Wide Leg Jeans Feminina Cintura Alta,REF51644,"Marmorizada, 44",69.99,69.99,Item doesn't fit,RETURN_OR_REFUND_REQUEST_COMPLETE,RETURN_AND_REFUND
4040067347606504681,4040067347606439145,583700660505904361,2026-05-06,Calça Jeans Feminina Wide Leg Jeans Feminina Cintura Alta,REF51636,"Marmorizada, 36",70.16,70.16,Item doesn't fit,RETURN_OR_REFUND_REQUEST_COMPLETE,RETURN_AND_REFUND
4040067286321366047,4040067286321300511,583809645902070815,2026-05-06,Calça Jeans Feminina Wide Leg Cintura Alta Chocolate,REF56240,"Chocolate, 40",79.75,79.75,Item doesn't fit,RETURN_OR_REFUND_REQUEST_COMPLETE,RETURN_AND_REFUND
4040067261934372828,4040067261934307292,583678871751985116,2026-05-06,Calça Jeans Feminina Wide Leg Jeans Feminina Cintura Alta,REF51638,"Marmorizada, 38",79.1,79.1,Item doesn't fit,RETURN_OR_REFUND_REQUEST_COMPLETE,RETURN_AND_REFUND
4040067358240441569,4040067358240376033,583826502487147745,2026-05-06,Calça Jeans Feminina Wide Leg Jeans Feminina Cintura Alta,REF51638,"Marmorizada, 38",64.94,64.94,Item doesn't fit,RETURN_OR_REFUND_REQUEST_COMPLETE,RETURN_AND_REFUND
4040066747092731266,4040066747092665730,583699989835056514,2026-05-06,Calça Jeans Feminina Wide Leg Jeans Feminina Cintura Alta,REF51642,"Marmorizada, 42",67.89,67.89,Item doesn't fit,RETURN_OR_REFUND_REQUEST_COMPLETE,RETURN_AND_REFUND
4040066264547035100,4040066264546969564,583809404146845660,2026-05-06,Calça Jeans Feminina Wide Leg Jeans Feminina Cintura Alta,REF51638,"Marmorizada, 38",67.8,67.8,Item doesn't fit,RETURN_OR_REFUND_REQUEST_COMPLETE,RETURN_AND_REFUND
4040065728851051832,4040065728850986296,583770818170488120,2026-05-06,Calça Jeans Feminina Wide Leg Jeans Feminina Cintura Alta,REF54940,"Rosa Bebê , 40",69.84,69.84,Wrong item was sent,RETURN_OR_REFUND_REQUEST_CANCEL,RETURN_AND_REFUND
4040065577171387475,4040065577171321939,583694534524044371,2026-05-06,Calça Jeans Feminina Wide Leg Cintura Alta- Candy Colors,REF54936,"ROSA BEBÊ, 36",100.1,100.1,Item doesn't fit,RETURN_OR_REFUND_REQUEST_COMPLETE,RETURN_AND_REFUND
4040066764787189751,4040066764787124215,583699233519405047,2026-05-06,Calça Jeans Feminina Wide Leg Jeans Feminina Cintura Alta,REF51640,"Marmorizada, 40",82.5,82.5,Item doesn't fit,RETURN_OR_REFUND_REQUEST_COMPLETE,RETURN_AND_REFUND
4040086654311958255,4040086656544507631,583806515501958895,2026-05-07,Calça Jeans Feminina Wide Leg Jeans Feminina Cintura Alta,REF51642,"Marmorizada, 42",79.9,79.9,Package wasn't received,RETURN_OR_REFUND_REQUEST_CANCEL,REFUND
4040085722286884724,4040085722286819188,583766421032109940,2026-05-07,Calça Jeans Feminina Wide Leg Jeans Feminina Cintura Alta,REF56238,"Chocolate, 38",67.89,67.89,Item doesn't fit,RETURN_OR_REFUND_REQUEST_COMPLETE,RETURN_AND_REFUND
4040085772773656510,4040085772773590974,583811012265150398,2026-05-07,Calça Feminina Jeans Wide Leg Cintura Alta Azul Médio Marmorizado,REF55138,"Azul Médio Marmorizado , 38",66.57,66.57,"Fabric, material or style not as expected",RETURN_OR_REFUND_REQUEST_COMPLETE,RETURN_AND_REFUND
4040085824704906681,4040085824704841145,583789669768005049,2026-05-07,Calça Jeans Feminina Wide Leg Jeans Feminina Cintura Alta,REF51642,"Marmorizada, 42",79.9,79.9,Item doesn't fit,RETURN_OR_REFUND_REQUEST_COMPLETE,RETURN_AND_REFUND
4040085842569692982,4040085842569627446,583495244604802870,2026-05-07,Calça Jeans Feminina Wide Leg Jeans Feminina Cintura Alta,REF51636,"Marmorizada, 36",98.79,98.79,Item doesn't fit,RETURN_OR_REFUND_REQUEST_COMPLETE,RETURN_AND_REFUND
4040085924657857920,4040085924657792384,583766622236083584,2026-05-07,Calça Jeans Feminina Wide Leg Cintura Alta Chocolate,REF56244,"Chocolate, 44",79.9,79.9,Item doesn't fit,RETURN_OR_REFUND_REQUEST_CANCEL,RETURN_AND_REFUND
4040086059850172287,4040086059850106751,583783320935630719,2026-05-07,Calça Jeans Feminina Wide Leg Jeans Feminina Cintura Alta,REF51642,"Marmorizada, 42",62.54,62.54,Item doesn't fit,RETURN_OR_REFUND_REQUEST_CANCEL,RETURN_AND_REFUND
4040086158545159491,4040086158545093955,583753587535283523,2026-05-07,Calça Feminina Jeans Wide Leg Cintura Alta Azul Médio Marmorizado,REF55136,"Azul Médio Marmorizado , 36",79.99,79.99,Item doesn't fit,RETURN_OR_REFUND_REQUEST_CANCEL,RETURN_AND_REFUND
4040086822848136713,4040086822848071177,583698875015071241,2026-05-07,Calça Jeans Feminina Wide Leg Jeans Feminina Cintura Alta,REF56242,"Chocolate, 42",67.49,67.49,Item doesn't fit,RETURN_OR_REFUND_REQUEST_CANCEL,RETURN_AND_REFUND
4040085564958410508,4040085564958344972,583558074665699084,2026-05-07,Calça Jeans Feminina Wide Leg Jeans Feminina Cintura Alta,REF52744,"Sky Used, 44",62.99,62.99,Item doesn't fit,RETURN_OR_REFUND_REQUEST_COMPLETE,RETURN_AND_REFUND
4040087137101448820,4040087137101383284,583700182315337332,2026-05-07,Calça Jeans Feminina Wide Leg Jeans Feminina Cintura Alta,REF51640,"Marmorizada, 40",82.47,82.47,Item doesn't fit,RETURN_OR_REFUND_REQUEST_COMPLETE,RETURN_AND_REFUND
4040087376266167601,4040087376266102065,583826448117826865,2026-05-07,Calça Jeans Feminina Wide Leg Jeans Feminina Cintura Alta,REF51636,"Marmorizada, 36",69.99,69.99,Item doesn't fit,RETURN_OR_REFUND_REQUEST_COMPLETE,RETURN_AND_REFUND
4040087425718518992,4040087425718453456,583770979082798288,2026-05-07,Calça Jeans Feminina Wide Leg Jeans Feminina Cintura Alta,REF51642,"Marmorizada, 42",69.99,69.99,Item doesn't fit,RETURN_OR_REFUND_REQUEST_COMPLETE,RETURN_AND_REFUND
4040087773746398566,4040087773746201958,583809410614461798,2026-05-07,Calça Jeans Feminina Wide Leg Jeans Feminina Cintura Alta,REF51638,"Marmorizada, 38",69.99,209.97,Package received but missing item,RETURN_OR_REFUND_REQUEST_CANCEL,RETURN_AND_REFUND
4040087773746333030,4040087773746201958,583809410614461798,2026-05-07,Calça Jeans Feminina Wide Leg Jeans Feminina Cintura Alta,REF51638,"Marmorizada, 38",69.99,209.97,Package received but missing item,RETURN_OR_REFUND_REQUEST_CANCEL,RETURN_AND_REFUND
4040087773746267494,4040087773746201958,583809410614461798,2026-05-07,Calça Jeans Feminina Wide Leg Jeans Feminina Cintura Alta,REF51638,"Marmorizada, 38",69.99,209.97,Package received but missing item,RETURN_OR_REFUND_REQUEST_CANCEL,RETURN_AND_REFUND
4040087872217318483,4040087872217252947,583826263706141779,2026-05-07,Calça Jeans Feminina Wide Leg Cintura Alta- Candy Colors,REF54936,"ROSA BEBÊ, 36",103.83,103.83,Item doesn't fit,RETURN_OR_REFUND_REQUEST_COMPLETE,RETURN_AND_REFUND
4040088149497317107,4040088149497251571,583791865643566835,2026-05-07,Calça Jeans Feminina Wide Leg Jeans Feminina Cintura Alta,REF51640,"Marmorizada, 40",67.8,67.8,Item doesn't fit,RETURN_OR_REFUND_REQUEST_COMPLETE,RETURN_AND_REFUND
4040088335023769481,4040088335023703945,583623737713067913,2026-05-07,Calça Jeans Feminina Wide Leg Jeans Feminina Cintura Alta,REF52542,"Stone Used, 42",66.71,66.71,Item doesn't fit,RETURN_OR_REFUND_REQUEST_CANCEL,RETURN_AND_REFUND
4040086947266463241,4040086947266397705,583698875015071241,2026-05-07,Calça Jeans Feminina Wide Leg Jeans Feminina Cintura Alta,REF55042,"Amarelo Manteiga, 42",67.49,67.49,Item doesn't fit,RETURN_OR_REFUND_REQUEST_CANCEL,RETURN_AND_REFUND
4040084859061700375,4040084859061634839,583580942194345751,2026-05-07,Calça Jeans Feminina Wide Leg Jeans Feminina Cintura Alta,REF52536,"Stone Used, 36",64.08,64.08,Item doesn't fit,RETURN_OR_REFUND_REQUEST_COMPLETE,RETURN_AND_REFUND
4040078946730542665,4040078946730477129,583862832249407049,2026-05-07,Calça Mom Jeans Feminina Cintura Alta Marmorizada,REF58842,"Marmorizada , 42",84.9,84.9,Item doesn't fit,RETURN_OR_REFUND_REQUEST_COMPLETE,RETURN_AND_REFUND
4040084308073612932,4040084308073547396,583559179655218820,2026-05-07,Calça Jeans Feminina Wide Leg Jeans Feminina Cintura Alta,REF51640,"Marmorizada, 40",79.9,79.9,Item doesn't fit,RETURN_OR_REFUND_REQUEST_COMPLETE,RETURN_AND_REFUND
4040084716415059842,4040084716414994306,583768025097013122,2026-05-07,Shorts Jeans Feminino Social Cintura Alta Grafite Com Strass,REF58238,"Grafite, 38",56.79,56.79,"Fabric, material or style not as expected",RETURN_OR_REFUND_REQUEST_CANCEL,RETURN_AND_REFUND
4040072121141134718,4040072121141069182,583809688154637694,2026-05-07,Calça Jeans Feminina Wide Leg Jeans Feminina Cintura Alta,REF56240,"Chocolate, 40",83.62,83.62,Item doesn't fit,RETURN_OR_REFUND_REQUEST_CANCEL,RETURN_AND_REFUND
4040072385681196776,4040072385681131240,583568114194810600,2026-05-07,Calça Jeans Feminina Wide Leg Cintura Alta- Candy Colors,REF54940,"ROSA BEBÊ, 40",87.2,87.2,Color or pattern not as expected,RETURN_OR_REFUND_REQUEST_COMPLETE,RETURN_AND_REFUND
4040073968644818901,4040073968644753365,583767908542613461,2026-05-07,Saia Jeans Feminina Cintura Alta Barra A Fio Marmorizada Com Strass,REF58340,"Marmorizada , 40",51.23,51.23,Item doesn't fit,RETURN_OR_REFUND_REQUEST_COMPLETE,RETURN_AND_REFUND
4040078158912849271,4040078084638606711,583773623016654199,2026-05-07,Calça Jeans Feminina Wide Leg Jeans Feminina Cintura Alta,REF51644,"Marmorizada, 44",69.99,69.99,Package wasn't received,RETURN_OR_REFUND_REQUEST_CANCEL,REFUND
4040078340005725559,4040078340005660023,583773623016654199,2026-05-07,Calça Jeans Feminina Wide Leg Jeans Feminina Cintura Alta,REF51644,"Marmorizada, 44",69.99,69.99,Item doesn't fit,RETURN_OR_REFUND_REQUEST_COMPLETE,RETURN_AND_REFUND
4040078579507365258,4040078579507299722,583695085813597578,2026-05-07,Calça Jeans Feminina Wide Leg Jeans Feminina Cintura Alta,REF51640,"Marmorizada, 40",68.0,68.0,Color or pattern not as expected,RETURN_OR_REFUND_REQUEST_COMPLETE,RETURN_AND_REFUND
4040079084243224021,4040079084243158485,583820020258473429,2026-05-07,Calça Jeans Feminina Wide Leg Jeans Feminina Cintura Alta,REF51642,"Marmorizada, 42",74.9,74.9,Item doesn't fit,RETURN_OR_REFUND_REQUEST_CANCEL,RETURN_AND_REFUND
4040079221023147761,4040079221023082225,583843984318236401,2026-05-07,Calça Jeans Feminina Wide Leg Jeans Feminina Cintura Alta,REF51640,"Marmorizada, 40",80.79,80.79,Item doesn't fit,RETURN_OR_REFUND_REQUEST_COMPLETE,RETURN_AND_REFUND
4040073650448860288,4040073650448794752,583826647170122880,2026-05-07,Calça Jeans Feminina Wide Leg Jeans Feminina Cintura Alta,REF51644,"Marmorizada, 44",69.97,69.97,Item doesn't fit,RETURN_OR_REFUND_REQUEST_COMPLETE,RETURN_AND_REFUND
4040080258215544340,4040080258215478804,583683794661639700,2026-05-07,Calça Mom Jeans Feminina Cintura Alta Marmorizada,REF58838,"Marmorizada , 38",69.83,69.83,Wrong item was sent,RETURN_OR_REFUND_REQUEST_CANCEL,RETURN_AND_REFUND
4040081864829536241,4040081864829470705,583747209190934513,2026-05-07,Calça Jeans Feminina Wide Leg Jeans Feminina Cintura Alta,REF51638,"Marmorizada, 38",74.46,74.46,Item doesn't fit,RETURN_OR_REFUND_REQUEST_COMPLETE,RETURN_AND_REFUND
4040082514039965219,4040082514039899683,583805746356323875,2026-05-07,Calça Jeans Feminina Wide Leg Jeans Feminina Cintura Alta,REF51644,"Marmorizada, 44",77.5,77.5,Item doesn't fit,RETURN_OR_REFUND_REQUEST_COMPLETE,RETURN_AND_REFUND
4040082726768837931,4040082726768772395,583773317648844075,2026-05-07,Calça Jeans Feminina Wide Leg Jeans Feminina Cintura Alta,REF51638,"Marmorizada, 38",79.9,79.9,Item doesn't fit,RETURN_OR_REFUND_REQUEST_COMPLETE,RETURN_AND_REFUND
4040082915294020961,4040082915293955425,583875799922869601,2026-05-07,Calça Jeans Feminina Wide Leg Jeans Feminina Cintura Alta,REF51640,"Marmorizada, 40",77.5,77.5,Item doesn't match description,RETURN_OR_REFUND_REQUEST_COMPLETE,RETURN_AND_REFUND
4040083645531457480,4040083645531391944,583802175403755464,2026-05-07,Calça Jeans Feminina Wide Leg Jeans Feminina Cintura Alta,REF51638,"Marmorizada, 38",83.61,83.61,Item doesn't fit,RETURN_OR_REFUND_REQUEST_COMPLETE,RETURN_AND_REFUND
4040083834516309096,4040083834516243560,583787616471909480,2026-05-07,Calça Jeans Feminina Wide Leg Jeans Feminina Cintura Alta,REF56240,"Chocolate, 40",69.99,69.99,Item doesn't fit,RETURN_OR_REFUND_REQUEST_CANCEL,RETURN_AND_REFUND
4040083840060720759,4040083840060655223,583787622276761207,2026-05-07,Calça Jeans Feminina Wide Leg Jeans Feminina Cintura Alta,REF56238,"Chocolate, 38",69.99,69.99,Item doesn't fit,RETURN_OR_REFUND_REQUEST_COMPLETE,RETURN_AND_REFUND
4040083903895275257,4040083903895209721,583843810208024313,2026-05-07,Calça Jeans Feminina Wide Leg Jeans Feminina Cintura Alta,REF51636,"Marmorizada, 36",83.19,83.19,Item doesn't fit,RETURN_OR_REFUND_REQUEST_COMPLETE,RETURN_AND_REFUND
4040080019355043364,4040080019354977828,583698822652462628,2026-05-07,Calça Jeans Feminina Wide Leg Jeans Feminina Cintura Alta,REF56238,"Chocolate, 38",68.19,68.19,Item doesn't fit,RETURN_OR_REFUND_REQUEST_COMPLETE,RETURN_AND_REFUND
4040102740813317956,4040102740813252420,583421117730686788,2026-05-08,Calça Jeans Feminina Wide Leg Jeans Feminina Cintura Alta,REF51644,"Marmorizada, 44",87.49,87.49,Defective item,RETURN_OR_REFUND_REQUEST_CANCEL,RETURN_AND_REFUND
4040102788935616155,4040102788935550619,583701649280894619,2026-05-08,Calça Jeans Feminina Wide Leg Jeans Feminina Cintura Alta,REF51642,"Marmorizada, 42",69.99,69.99,Item doesn't fit,RETURN_OR_REFUND_REQUEST_COMPLETE,RETURN_AND_REFUND
4040103141002282593,4040103141002217057,583792878803781217,2026-05-08,Calça Feminina Jeans Wide Leg Cintura Alta Azul Médio Marmorizado,REF55140,"Azul Médio Marmorizado , 40",66.57,66.57,Item doesn't match description,RETURN_OR_REFUND_REQUEST_COMPLETE,RETURN_AND_REFUND
4040103188844741990,4040103188844610918,583809410614461798,2026-05-08,Calça Jeans Feminina Wide Leg Jeans Feminina Cintura Alta,REF51638,"Marmorizada, 38",69.99,139.98,Package wasn't received,RETURN_OR_REFUND_REQUEST_COMPLETE,REFUND
4040103188844676454,4040103188844610918,583809410614461798,2026-05-08,Calça Jeans Feminina Wide Leg Jeans Feminina Cintura Alta,REF51638,"Marmorizada, 38",69.99,139.98,Package wasn't received,RETURN_OR_REFUND_REQUEST_COMPLETE,REFUND
4040105118573233566,4040105118573168030,583829291862885790,2026-05-08,Calça Jeans Feminina Wide Leg Jeans Feminina Cintura Alta,REF51640,"Marmorizada, 40",80.69,80.69,Item doesn't fit,RETURN_OR_REFUND_REQUEST_COMPLETE,RETURN_AND_REFUND
4040104085403698306,4040104085403632770,583882194438096002,2026-05-08,Calça Jeans Feminina Wide Leg Cintura Alta Branca,REF54646,"Branco, 46",208.84,208.84,Item doesn't fit,RETURN_OR_REFUND_REQUEST_COMPLETE,RETURN_AND_REFUND
4040104495767062515,4040104495766996979,583829829143267315,2026-05-08,Calça Jeans Feminina Wide Leg Jeans Feminina Cintura Alta,REF51640,"Marmorizada, 40",69.96,69.96,Item doesn't fit,RETURN_OR_REFUND_REQUEST_CANCEL,RETURN_AND_REFUND
4040104620942656827,4040104620942591291,583878213378803003,2026-05-08,Calça Jeans Feminina Wide Leg Jeans Feminina Cintura Alta,REF51638,"Marmorizada, 38",79.52,79.52,Item doesn't fit,RETURN_OR_REFUND_REQUEST_COMPLETE,RETURN_AND_REFUND
4040105406961321118,4040105406961255582,583891870489609374,2026-05-08,Calça Jeans Feminina Wide Leg Jeans Feminina Cintura Alta,REF51636,"Marmorizada, 36",73.57,73.57,Item doesn't fit,RETURN_OR_REFUND_REQUEST_COMPLETE,RETURN_AND_REFUND
4040106450464113783,4040106450464048247,583407279657550967,2026-05-08,Calça Jeans Feminina Wide Leg Jeans Feminina Cintura Alta,REF51640,"Marmorizada, 40",80.7,80.7,Item doesn't fit,RETURN_OR_REFUND_REQUEST_CANCEL,RETURN_AND_REFUND
4040102615438886828,4040102615438821292,583861406119069612,2026-05-08,Calça Jeans Feminina Wide Leg Jeans Feminina Cintura Alta,REF52542,"Stone Used, 42",71.91,71.91,Item doesn't fit,RETURN_OR_REFUND_REQUEST_COMPLETE,RETURN_AND_REFUND
4040104077879116930,4040104077879051394,583882194438096002,2026-05-08,Calça Jeans Feminina Wide Leg Jeans Feminina Cintura Alta,REF52546,"Stone Used, 46",109.81,109.81,Item doesn't fit,RETURN_OR_REFUND_REQUEST_COMPLETE,RETURN_AND_REFUND
4040102012369339570,4040102012369274034,583809030864536754,2026-05-08,Shorts Jeans Feminino Cintura Alta Casual Marmorizado Escuro,REF57446,"Marmorizado Escuro , 46",105.5,105.5,Item doesn't fit,RETURN_OR_REFUND_REQUEST_COMPLETE,RETURN_AND_REFUND
4040099672909121518,4040099672909055982,583432013998229486,2026-05-08,Calça Jeans Feminina Wide Leg Jeans Feminina Cintura Alta,REF51644,"Marmorizada, 44",69.99,69.99,Item doesn't fit,RETURN_OR_REFUND_REQUEST_COMPLETE,RETURN_AND_REFUND
4040101876670957292,4040101876670891756,583684030478714604,2026-05-08,Calça Feminina Jeans Wide Leg Cintura Alta Azul Médio Marmorizado,REF55138,"Azul Médio Marmorizado , 38",69.83,69.83,Wrong item was sent,RETURN_OR_REFUND_REQUEST_COMPLETE,RETURN_AND_REFUND
4040089877900462020,4040089877900396484,583862242030880708,2026-05-08,Calça Baggy Jeans Feminina Cintura Média Marmorizada,REF58742,"Marmorizada , 42",87.21,87.21,Item doesn't fit,RETURN_OR_REFUND_REQUEST_COMPLETE,RETURN_AND_REFUND
4040101905283384610,4040101905283319074,583687764768884002,2026-05-08,Calça Jeans Feminina Wide Leg Jeans Feminina Cintura Alta,REF51640,"Marmorizada, 40",69.99,69.99,Item doesn't fit,RETURN_OR_REFUND_REQUEST_COMPLETE,RETURN_AND_REFUND
4040094001866835323,4040094001866769787,583768476097873275,2026-05-08,Calça Jeans Feminina Skinny Preta Cintura Alta Com Elastano,REF52036,36,49.49,49.49,"Fabric, material or style not as expected",RETURN_OR_REFUND_REQUEST_COMPLETE,RETURN_AND_REFUND
4040097954752464540,4040097954752399004,583716075786438300,2026-05-08,Calça Jeans Feminina Wide Leg Jeans Feminina Cintura Alta,REF51638,"Marmorizada, 38",75.28,75.28,Item doesn't fit,RETURN_OR_REFUND_REQUEST_COMPLETE,RETURN_AND_REFUND
4040097994528032412,4040097994527966876,583716075786438300,2026-05-08,Calça Feminina Jeans Wide Leg Cintura Alta Azul Médio Marmorizado,REF55138,"Azul Médio Marmorizado , 38",107.83,107.83,Item doesn't fit,RETURN_OR_REFUND_REQUEST_COMPLETE,RETURN_AND_REFUND
4040098566012241119,4040098566012175583,583768478504944863,2026-05-08,Shorts Mom/Social Feminino Jeans Cintura Alta Barra Dobrada,REF55638,"Azul Médio , 38",53.17,53.17,Item doesn't fit,RETURN_OR_REFUND_REQUEST_COMPLETE,RETURN_AND_REFUND
4040093797897832403,4040093797897766867,583699082818521043,2026-05-08,Calça Jeans Feminina Wide Leg Jeans Feminina Cintura Alta,REF51640,"Marmorizada, 40",83.19,83.19,Item doesn't fit,RETURN_OR_REFUND_REQUEST_COMPLETE,RETURN_AND_REFUND
4040098817190102941,4040098817190037405,583698736709732253,2026-05-08,Calça Jeans Feminina Wide Leg Jeans Feminina Cintura Alta,REF51636,"Marmorizada, 36",67.66,67.66,Item doesn't fit,RETURN_OR_REFUND_REQUEST_COMPLETE,RETURN_AND_REFUND
4040098912255903046,4040098912255837510,583581482826237254,2026-05-08,Calça Jeans Feminina Wide Leg Jeans Feminina Cintura Alta,REF51636,"Marmorizada, 36",73.21,73.21,Item doesn't fit,RETURN_OR_REFUND_REQUEST_COMPLETE,RETURN_AND_REFUND
4040099240043317048,4040099240043251512,583829346439890744,2026-05-08,Calça Jeans Feminina Wide Leg Jeans Feminina Cintura Alta,REF51640,"Marmorizada, 40",73.24,73.24,Package wasn't received,RETURN_OR_REFUND_REQUEST_CANCEL,REFUND
4040100453863360080,4040100453863294544,583802934656534096,2026-05-08,Calça Jeans Feminina Wide Leg Jeans Feminina Cintura Alta,REF51640,"Marmorizada, 40",83.66,83.66,Item doesn't fit,RETURN_OR_REFUND_REQUEST_COMPLETE,RETURN_AND_REFUND
4040100953181226150,4040100953181160614,583883374301119654,2026-05-08,Calça Mom Jeans Feminina Cintura Alta Marmorizada,REF58840,"Marmorizada , 40",87.2,87.2,Item doesn't fit,RETURN_OR_REFUND_REQUEST_COMPLETE,RETURN_AND_REFUND
4040101390448821934,4040101390448756398,583420430586119854,2026-05-08,Calça Feminina Jeans Wide Leg Cintura Alta Azul Médio Marmorizado,REF55142,"Azul Médio Marmorizado , 42",80.79,80.79,Item doesn't match description,RETURN_OR_REFUND_REQUEST_COMPLETE,RETURN_AND_REFUND
4040098603713726161,4040098603713660625,583826605604112081,2026-05-08,Calça Jeans Feminina Wide Leg Jeans Cintura alta,REF54842,"Terracota , 42",109.9,109.9,Item doesn't fit,RETURN_OR_REFUND_REQUEST_COMPLETE,RETURN_AND_REFUND
4040121858396751446,4040121858396685910,583785822723409494,2026-05-09,Calça Jeans Feminina Wide Leg Jeans Feminina Cintura Alta,REF51642,"Marmorizada, 42",67.89,67.89,Item doesn't fit,RETURN_OR_REFUND_REQUEST_COMPLETE,RETURN_AND_REFUND
4040122175877317639,4040122175877252103,583785540556522503,2026-05-09,Calça Jeans Feminina Wide Leg Jeans Feminina Cintura Alta,REF51638,"Marmorizada, 38",69.99,69.99,Item doesn't fit,RETURN_OR_REFUND_REQUEST_COMPLETE,RETURN_AND_REFUND
4040122403583263834,4040122403583198298,583882905403556954,2026-05-09,Calça Jeans Feminina Wide Leg Jeans Feminina Cintura Alta,REF51642,"Marmorizada, 42",79.9,79.9,Item doesn't fit,RETURN_OR_REFUND_REQUEST_COMPLETE,RETURN_AND_REFUND
4040122450262263709,4040122423384049565,583857954445100957,2026-05-09,Calça Jeans Feminina Wide Leg Jeans Feminina Cintura Alta,REF51642,"Marmorizada, 42",79.75,79.75,Item doesn't fit,RETURN_OR_REFUND_REQUEST_CANCEL,RETURN_AND_REFUND
4040123529942238696,4040123529942173160,583811885291636200,2026-05-09,Calça Feminina Jeans Wide Leg Cintura Alta Azul Médio Marmorizado,REF55136,"Azul Médio Marmorizado , 36",64.57,64.57,Item doesn't fit,RETURN_OR_REFUND_REQUEST_CANCEL,RETURN_AND_REFUND
4040122890734568903,4040122890734503367,583714991830435271,2026-05-09,Calça Jeans Feminina Wide Leg Cintura Alta- Candy Colors,REF54944,"ROSA BEBÊ, 44",87.2,87.2,Item doesn't fit,RETURN_OR_REFUND_REQUEST_COMPLETE,RETURN_AND_REFUND
4040123173404116681,4040123173404051145,583826441258567369,2026-05-09,Calça Jeans Feminina Wide Leg Jeans Feminina Cintura Alta,REF51640,"Marmorizada, 40",69.94,69.94,Item doesn't fit,RETURN_OR_REFUND_REQUEST_COMPLETE,RETURN_AND_REFUND
4040123988929447400,4040123988929381864,583811885291636200,2026-05-09,Calça Feminina Jeans Wide Leg Cintura Alta Azul Médio Marmorizado,REF55136,"Azul Médio Marmorizado , 36",64.57,64.57,Item doesn't fit,RETURN_OR_REFUND_REQUEST_COMPLETE,RETURN_AND_REFUND
4040121581134578931,4040121581134513395,583892280535057651,2026-05-09,Calça Mom Jeans Feminina Cintura Alta Marmorizada,REF58836,"Marmorizada , 36",96.99,96.99,Item doesn't fit,RETURN_OR_REFUND_REQUEST_COMPLETE,RETURN_AND_REFUND
4040122788464855026,4040122788464789490,583752286659708914,2026-05-09,Calça Jeans Feminina Wide Leg Jeans Feminina Cintura Alta,REF51646,"Marmorizada, 46",69.94,69.94,Item doesn't fit,RETURN_OR_REFUND_REQUEST_COMPLETE,RETURN_AND_REFUND
4040121061407622148,4040121061407556612,583791897891406852,2026-05-09,Calça Feminina Jeans Wide Leg Cintura Alta Azul Médio Marmorizado,REF55138,"Azul Médio Marmorizado , 38",64.57,64.57,Item doesn't fit,RETURN_OR_REFUND_REQUEST_COMPLETE,RETURN_AND_REFUND
4040117087027889178,4040117087027823642,583638209899103258,2026-05-09,Calça Jeans Feminina Wide Leg Jeans Feminina Cintura Alta,REF51642,"Marmorizada, 42",67.89,67.89,Item doesn't fit,RETURN_OR_REFUND_REQUEST_COMPLETE,RETURN_AND_REFUND
4040120814648330219,4040120814648264683,583899021952714731,2026-05-09,Calça Jeans Feminina Wide Leg Jeans Feminina Cintura Alta,REF51644,"Marmorizada, 44",98.28,98.28,Item doesn't fit,RETURN_OR_REFUND_REQUEST_COMPLETE,RETURN_AND_REFUND
4040121044122764727,4040121044122699191,583695655477675447,2026-05-09,Calça Jeans Feminina Wide Leg Jeans Feminina Cintura Alta,REF51642,"Marmorizada, 42",69.99,69.99,Item doesn't fit,RETURN_OR_REFUND_REQUEST_COMPLETE,RETURN_AND_REFUND
4040112795084752547,4040112795084687011,583810701774980771,2026-05-09,Calça Feminina Jeans Wide Leg Cintura Alta Azul Médio Marmorizado,REF55138,"Azul Médio Marmorizado , 38",66.57,66.57,Color or pattern not as expected,RETURN_OR_REFUND_REQUEST_COMPLETE,RETURN_AND_REFUND
4040114307311896516,4040114307311830980,583768423383533508,2026-05-09,Saia Jeans Feminina Cintura Alta Barra A Fio,REF56840,"Marmorizada, 40",52.37,52.37,Item doesn't fit,RETURN_OR_REFUND_REQUEST_COMPLETE,RETURN_AND_REFUND
4040116762451674652,4040116762451609116,583808681723987484,2026-05-09,Calça Jeans Feminina Wide Leg Jeans Feminina Cintura Alta,REF51640,"Marmorizada, 40",91.9,91.9,Item doesn't fit,RETURN_OR_REFUND_REQUEST_COMPLETE,RETURN_AND_REFUND
4040111054128056223,4040111054127990687,583771070852990879,2026-05-09,Calça Jeans Feminina Wide Leg Jeans Feminina Cintura Alta,REF51644,"Marmorizada, 44",73.83,73.83,Item doesn't fit,RETURN_OR_REFUND_REQUEST_COMPLETE,RETURN_AND_REFUND
4040116381810263928,4040116381810198392,583700919382214520,2026-05-09,Calça Jeans Feminina Wide Leg Jeans Feminina Cintura Alta,REF51636,"Marmorizada, 36",64.79,64.79,Item doesn't fit,RETURN_OR_REFUND_REQUEST_CANCEL,RETURN_AND_REFUND
4040118700016698999,4040118700016633463,583902860605490807,2026-05-09,Calça Jeans Feminina Wide Leg Jeans Feminina Cintura Alta,REF51642,"Marmorizada, 42",79.87,79.87,Defective item,RETURN_OR_REFUND_REQUEST_COMPLETE,RETURN_AND_REFUND
4040119532197742191,4040119532197676655,583864013632341615,2026-05-09,Calça Jeans Feminina Wide Leg Jeans Feminina Cintura Alta,REF54938,"Rosa Bebê , 38",109.75,109.75,Item doesn't fit,RETURN_OR_REFUND_REQUEST_COMPLETE,RETURN_AND_REFUND
4040120178689934486,4040120178689868950,583579264861439126,2026-05-09,Calça Jeans Feminina Wide Leg Jeans Feminina Cintura Alta,REF51644,"Marmorizada, 44",65.92,65.92,Item doesn't fit,RETURN_OR_REFUND_REQUEST_COMPLETE,RETURN_AND_REFUND
4040120370930354043,4040120370930288507,583875639892805499,2026-05-09,Calça Jeans Feminina Wide Leg Jeans Feminina Cintura Alta,REF51636,"Marmorizada, 36",79.0,79.0,Item doesn't fit,RETURN_OR_REFUND_REQUEST_COMPLETE,RETURN_AND_REFUND
4040117788062680769,4040117788062615233,583809148313110209,2026-05-09,Calça Jeans Feminina Wide Leg Jeans Feminina Cintura Alta,REF51636,"Marmorizada, 36",84.28,84.28,Item doesn't fit,RETURN_OR_REFUND_REQUEST_COMPLETE,RETURN_AND_REFUND
4040141161675655054,4040141161675589518,583855808214042510,2026-05-10,Blusa Feminina Jeans Bata Tomara Que Caia Candy Colors,REF579P,"Rosa Bebê , P",106.2,106.2,Item doesn't match description,RETURN_OR_REFUND_REQUEST_COMPLETE,RETURN_AND_REFUND
4040143659535271863,4040143659535206327,583846760100366263,2026-05-10,Calça Feminina Jeans Wide Leg Cintura Alta Azul Médio Marmorizado,REF55138,"Azul Médio Marmorizado , 38",77.57,77.57,Item doesn't fit,RETURN_OR_REFUND_REQUEST_CANCEL,RETURN_AND_REFUND
4040143428985193577,4040143428985128041,583551543601169513,2026-05-10,Calça Jeans Feminina Wide Leg Jeans Feminina Cintura Alta,REF52742,"Sky Used, 42",71.05,71.05,Item doesn't fit,RETURN_OR_REFUND_REQUEST_COMPLETE,RETURN_AND_REFUND
4040142051623929528,4040142051623863992,583753542127945400,2026-05-10,Calça Jeans Feminina Wide Leg Cintura Alta Chocolate,REF56242,"Chocolate, 42",77.5,77.5,Item doesn't fit,RETURN_OR_REFUND_REQUEST_COMPLETE,RETURN_AND_REFUND
4040141066562143519,4040141066562077983,583609005725287711,2026-05-10,Calça Jeans Feminina Wide Leg Jeans Feminina Cintura Alta,REF52744,"Sky Used, 44",92.05,92.05,Item doesn't fit,RETURN_OR_REFUND_REQUEST_CANCEL,RETURN_AND_REFUND
4040141140380452750,4040141140380256142,583855808214042510,2026-05-10,Calça Jeans Feminina Wide Leg Cintura Alta- Candy Colors,REF54936,"ROSA BEBÊ, 36",109.9,109.9,Item doesn't fit,RETURN_OR_REFUND_REQUEST_COMPLETE,RETURN_AND_REFUND
4040140339157894778,4040140339157829242,583461906485446266,2026-05-10,Calça Jeans Feminina Wide Leg Jeans Feminina Cintura Alta,REF51638,"Marmorizada, 38",79.9,79.9,Item doesn't fit,RETURN_OR_REFUND_REQUEST_CANCEL,RETURN_AND_REFUND
4040139997022880785,4040139997022815249,583791200319669265,2026-05-10,Calça Jeans Feminina Wide Leg Jeans Feminina Cintura Alta,REF51640,"Marmorizada, 40",79.9,79.9,Item doesn't fit,RETURN_OR_REFUND_REQUEST_CANCEL,RETURN_AND_REFUND
4040139948192465937,4040139948192400401,583791200319669265,2026-05-10,Calça Jeans Feminina Wide Leg Jeans Feminina Cintura Alta,REF51640,"Marmorizada, 40",79.9,79.9,Defective item,RETURN_OR_REFUND_REQUEST_CANCEL,RETURN_AND_REFUND
4040131035220379450,4040131035220313914,583881578119464762,2026-05-10,Calça Jeans Feminina Wide Leg Jeans Feminina Cintura Alta,REF51636,"Marmorizada, 36",92.51,92.51,Item doesn't fit,RETURN_OR_REFUND_REQUEST_COMPLETE,RETURN_AND_REFUND
4040127946558113137,4040127946558047601,583683718550619505,2026-05-10,Calça Jeans Feminina Wide Leg Cintura Alta Chocolate,REF56236,"Chocolate, 36",82.66,82.66,Item doesn't fit,RETURN_OR_REFUND_REQUEST_COMPLETE,RETURN_AND_REFUND
4040126088486291442,4040126088486225906,583591193521457138,2026-05-10,Calça Jeans Feminina Wide Leg Jeans Feminina Cintura Alta,REF51638,"Marmorizada, 38",60.89,60.89,Item doesn't fit,RETURN_OR_REFUND_REQUEST_CANCEL,RETURN_AND_REFUND
4040141008260270044,4040141008260204508,583930685111306204,2026-05-10,Calça Jeans Feminina Wide Leg Jeans Feminina Cintura Alta,REF51640,"Marmorizada, 40",63.92,63.92,Item doesn't fit,RETURN_OR_REFUND_REQUEST_COMPLETE,RETURN_AND_REFUND
4040159491512829628,4040159491512764092,583932071860602556,2026-05-11,Calça Mom Jeans Feminina Cintura Alta Marmorizada,REF58840,"Marmorizada , 40",71.92,71.92,Defective item,RETURN_OR_REFUND_REQUEST_COMPLETE,RETURN_AND_REFUND
4040159584666944579,4040159584666879043,583766548944159811,2026-05-11,Calça Jeans Feminina Wide Leg Jeans Feminina Cintura Alta,REF52744,"Sky Used, 44",71.92,71.92,Defective item,RETURN_OR_REFUND_REQUEST_COMPLETE,RETURN_AND_REFUND
4040159960069997582,4040159960069932046,583677415439434766,2026-05-11,Calça Jeans Feminina Wide Leg Cintura Alta Branca,REF54636,"Branco, 36",89.9,89.9,"Fabric, material or style not as expected",RETURN_OR_REFUND_REQUEST_COMPLETE,RETURN_AND_REFUND
4040160018908612235,4040160018908546699,583933473352550027,2026-05-11,Calça Mom Jeans Feminina Cintura Alta Marmorizada,REF58842,"Marmorizada , 42",91.25,91.25,Item doesn't fit,RETURN_OR_REFUND_REQUEST_COMPLETE,RETURN_AND_REFUND
4040160079115290457,4040160079115224921,583700458938337113,2026-05-11,Calça Jeans Feminina Wide Leg Jeans Feminina Cintura Alta,REF54938,"Rosa Bebê , 38",67.89,67.89,Item arrived too late,RETURN_OR_REFUND_REQUEST_CANCEL,RETURN_AND_REFUND
4040160079938357081,4040160079938291545,583700458938337113,2026-05-11,Calça Jeans Feminina Wide Leg Jeans Feminina Cintura Alta,REF54938,"Rosa Bebê , 38",67.89,67.89,Color or pattern not as expected,RETURN_OR_REFUND_REQUEST_COMPLETE,RETURN_AND_REFUND
4040161107652216666,4040161107652151130,583933618360977242,2026-05-11,Calça Mom Jeans Feminina Cintura Alta Marmorizada,REF58836,"Marmorizada , 36",70.51,70.51,Item doesn't fit,RETURN_OR_REFUND_REQUEST_COMPLETE,RETURN_AND_REFUND
4040160926294508806,4040160926294443270,583451197568222470,2026-05-11,Calça Jeans Feminina Wide Leg Jeans Feminina Cintura Alta,REF52540,"Stone Used, 40",61.1,61.1,Item doesn't fit,RETURN_OR_REFUND_REQUEST_COMPLETE,RETURN_AND_REFUND
4040161071942370751,4040161061899437503,583784498737677759,2026-05-11,Calça Jeans Feminina Wide Leg Jeans Feminina Cintura Alta,REF51642,"Marmorizada, 42",69.99,69.99,"Fabric, material or style not as expected",RETURN_OR_REFUND_REQUEST_COMPLETE,RETURN_AND_REFUND
4040161948426601607,4040161948426404999,583550561642579079,2026-05-11,Calça Jeans Feminina Wide Leg Jeans Feminina Cintura Alta,REF51644,"Marmorizada, 44",62.99,62.99,Item doesn't fit,RETURN_OR_REFUND_REQUEST_COMPLETE,RETURN_AND_REFUND
4040163248233612510,4040163248233546974,583700170817504478,2026-05-11,Calça Jeans Feminina Wide Leg Jeans Feminina Cintura Alta,REF51638,"Marmorizada, 38",74.67,74.67,Item doesn't fit,RETURN_OR_REFUND_REQUEST_COMPLETE,RETURN_AND_REFUND
4040163461534877636,4040163461534812100,583929909187413956,2026-05-11,Calça Mom Jeans Feminina Cintura Alta Marmorizada,REF58842,"Marmorizada , 42",78.22,78.22,Item doesn't fit,RETURN_OR_REFUND_REQUEST_COMPLETE,RETURN_AND_REFUND
4040159153305322576,4040159153305257040,583535791134704720,2026-05-11,Calça Jeans Feminina Wide Leg Jeans Feminina Cintura Alta,REF51638,"Marmorizada, 38",64.94,64.94,Item doesn't fit,RETURN_OR_REFUND_REQUEST_COMPLETE,RETURN_AND_REFUND
4040160566220326081,4040160566220260545,583918253537199297,2026-05-11,Calça Jeans Feminina Wide Leg Jeans Feminina Cintura Alta,REF51644,"Marmorizada, 44",98.7,98.7,Item doesn't fit,RETURN_OR_REFUND_REQUEST_COMPLETE,RETURN_AND_REFUND
4040159086333757017,4040159086333691481,583811363547743833,2026-05-11,Calça Jeans Wide Leg Cintura Alta Sky Used,REF52736,"Sky Used, 36",79.99,79.99,Item doesn't fit,RETURN_OR_REFUND_REQUEST_COMPLETE,RETURN_AND_REFUND
4040158574318421233,4040158574318355697,583843866189202673,2026-05-11,Calça Jeans Feminina Wide Leg Jeans Feminina Cintura Alta,REF54938,"Rosa Bebê , 38",70.61,70.61,Item doesn't fit,RETURN_OR_REFUND_REQUEST_COMPLETE,RETURN_AND_REFUND
4040158859602986673,4040158859602855601,583892738011596465,2026-05-11,Calça Jeans Feminina Wide Leg Jeans Feminina Cintura Alta,REF52536,"Stone Used, 36",113.1,113.1,Item doesn't fit,RETURN_OR_REFUND_REQUEST_COMPLETE,RETURN_AND_REFUND
4040159029241612168,4040159029241546632,583846025480931208,2026-05-11,Calça Jeans Feminina Wide Leg Cintura Alta Amarelo Manteiga,REF55046,"AMARELO MANTEIGA, 46",79.99,79.99,No longer needed,RETURN_OR_REFUND_REQUEST_COMPLETE,RETURN_AND_REFUND
4040152650006955339,4040152650006889803,583804825737594187,2026-05-11,Calça Jeans Feminina Wide Leg Jeans Feminina Cintura Alta,REF51638,"Marmorizada, 38",79.9,79.9,Item doesn't fit,RETURN_OR_REFUND_REQUEST_COMPLETE,RETURN_AND_REFUND
4040153560005642051,4040153560005576515,583811429400348483,2026-05-11,Calça Feminina Jeans Wide Leg Cintura Alta Azul Médio Marmorizado,REF55136,"Azul Médio Marmorizado , 36",69.7,69.7,Item doesn't fit,RETURN_OR_REFUND_REQUEST_COMPLETE,RETURN_AND_REFUND
4040154048210896283,4040154048210830747,583638269661906331,2026-05-11,Calça Jeans Feminina Wide Leg Jeans Feminina Cintura Alta,REF51636,"Marmorizada, 36",68.84,68.84,Item doesn't fit,RETURN_OR_REFUND_REQUEST_CANCEL,RETURN_AND_REFUND
4040154837509113755,4040154837509048219,583805987569895323,2026-05-11,Calça Jeans Feminina Wide Leg Cintura Alta- Candy Colors,REF54940,"ROSA BEBÊ, 40",184.21,184.21,Item doesn't fit,RETURN_OR_REFUND_REQUEST_COMPLETE,RETURN_AND_REFUND
4040156160363627892,4040156160363562356,583857784851170676,2026-05-11,Calça Jeans Feminina Wide Leg Jeans Feminina Cintura Alta,REF51638,"Marmorizada, 38",107.02,107.02,Item doesn't fit,RETURN_OR_REFUND_REQUEST_COMPLETE,RETURN_AND_REFUND
4040156763910211064,4040156763910145528,583809050442630648,2026-05-11,Calça Jeans Feminina Wide Leg Jeans Feminina Cintura Alta,REF51638,"Marmorizada, 38",79.9,79.9,Item doesn't fit,RETURN_OR_REFUND_REQUEST_CANCEL,RETURN_AND_REFUND
4040145695810422604,4040145695810225996,583862575184709452,2026-05-11,Calça Jeans Feminina Wide Leg Jeans Feminina Cintura Alta,REF51646,"Marmorizada, 46",71.91,71.91,Item doesn't fit,RETURN_OR_REFUND_REQUEST_COMPLETE,RETURN_AND_REFUND
4040158192885008337,4040158192884942801,583820338182850513,2026-05-11,Calça Jeans Feminina Wide Leg Jeans Feminina Cintura Alta,REF51642,"Marmorizada, 42",83.46,83.46,Item doesn't match description,RETURN_OR_REFUND_REQUEST_COMPLETE,RETURN_AND_REFUND
4040158515409159458,4040158515409093922,583863594210395426,2026-05-11,Calça Mom Jeans Feminina Cintura Alta Marmorizada,REF58840,"Marmorizada , 40",89.9,89.9,Item doesn't fit,RETURN_OR_REFUND_REQUEST_COMPLETE,RETURN_AND_REFUND
4040158510537344621,4040158510537279085,583929815958062701,2026-05-11,Calça Jeans Feminina Wide Leg Jeans Feminina Cintura Alta,REF51638,"Marmorizada, 38",99.06,99.06,Defective item,RETURN_OR_REFUND_REQUEST_COMPLETE,RETURN_AND_REFUND
4040158631843759848,4040158631843694312,583623294809769704,2026-05-11,Calça Jeans Feminina Wide Leg Jeans Feminina Cintura Alta,REF51638,"Marmorizada, 38",65.6,65.6,Defective item,RETURN_OR_REFUND_REQUEST_CANCEL,RETURN_AND_REFUND
4040158643776620336,4040158643776554800,583855684046063408,2026-05-11,Calça Jeans Feminina Wide Leg Jeans Feminina Cintura Alta,REF51636,"Marmorizada, 36",99.87,99.87,Item doesn't fit,RETURN_OR_REFUND_REQUEST_COMPLETE,RETURN_AND_REFUND
4040157068354225578,4040157068354160042,583730251360339370,2026-05-11,Calça Jeans Feminina Wide Leg Cintura Alta Chocolate,REF56244,"Chocolate, 44",69.83,69.83,Defective item,RETURN_OR_REFUND_REQUEST_COMPLETE,RETURN_AND_REFUND
4040177082473088504,4040177082473022968,583900791104243192,2026-05-12,Calça Jeans Feminina Wide Leg Jeans Feminina Cintura Alta,REF52546,"Stone Used, 46",79.9,79.9,Item doesn't fit,RETURN_OR_REFUND_REQUEST_COMPLETE,RETURN_AND_REFUND
4040177071015298922,4040177071015233386,583638000821110634,2026-05-12,Calça Jeans Feminina Wide Leg Jeans Feminina Cintura Alta,REF51636,"Marmorizada, 36",69.99,69.99,Item doesn't fit,RETURN_OR_REFUND_REQUEST_COMPLETE,RETURN_AND_REFUND
4040177199455569086,4040177199455503550,583917510219498686,2026-05-12,Calça Jeans Feminina Wide Leg Cintura Alta Terracota,REF54842,"Terracota, 42",115.92,115.92,Color or pattern not as expected,RETURN_OR_REFUND_REQUEST_COMPLETE,RETURN_AND_REFUND
4040177299600737569,4040177299600672033,583637957742527777,2026-05-12,Calça Feminina Jeans Wide Leg Cintura Alta Azul Médio Marmorizado,REF55138,"Azul Médio Marmorizado , 38",79.32,79.32,Wrong item was sent,RETURN_OR_REFUND_REQUEST_CANCEL,RETURN_AND_REFUND
4040177403901413197,4040177403901347661,583809460032276301,2026-05-12,Calça Jeans Feminina Wide Leg Jeans Feminina Cintura Alta,REF55038,"Amarelo Manteiga, 38",77.5,77.5,Item doesn't fit,RETURN_OR_REFUND_REQUEST_COMPLETE,RETURN_AND_REFUND
4040177697548960804,4040177697548895268,583809444260119588,2026-05-12,Calça Jeans Feminina Wide Leg Jeans Feminina Cintura Alta,REF51642,"Marmorizada, 42",69.9,69.9,Item doesn't fit,RETURN_OR_REFUND_REQUEST_COMPLETE,RETURN_AND_REFUND
4040180114001725045,4040180114001659509,583789061326997109,2026-05-12,Calça Jeans Feminina Wide Leg Jeans Feminina Cintura Alta,REF51638,"Marmorizada, 38",82.5,82.5,Item doesn't fit,RETURN_OR_REFUND_REQUEST_CANCEL,RETURN_AND_REFUND
4040179483637548115,4040179483637482579,583947255393518675,2026-05-12,Calça Jeans Feminina Wide Leg Jeans Feminina Cintura Alta,REF52536,"Stone Used, 36",96.01,96.01,"Fabric, material or style not as expected",RETURN_OR_REFUND_REQUEST_CANCEL,RETURN_AND_REFUND
4040180581515233196,4040180581515167660,583931596848334764,2026-05-12,Calça Jeans Feminina Wide Leg Jeans Cintura alta,REF54740,"Preta , 40",75.92,75.92,Item doesn't fit,RETURN_OR_REFUND_REQUEST_CANCEL,RETURN_AND_REFUND
4040181457256219910,4040181457256154374,583451197568222470,2026-05-12,Calça Jeans Feminina Wide Leg Jeans Feminina Cintura Alta,REF51638,"Marmorizada, 38",61.1,61.1,Item doesn't fit,RETURN_OR_REFUND_REQUEST_COMPLETE,RETURN_AND_REFUND
4040181521725293830,4040181521725228294,583451197568222470,2026-05-12,Calça Jeans Wide Leg Cintura Alta com Brilho Strass,REF52938,38,113.48,113.48,Wrong item was sent,RETURN_OR_REFUND_REQUEST_COMPLETE,RETURN_AND_REFUND
4040181568770377613,4040181568770312077,583862691129034637,2026-05-12,Calça Feminina Jeans Wide Leg Cintura Alta Azul Médio Marmorizado,REF55142,"Azul Médio Marmorizado , 42",96.05,96.05,Item doesn't fit,RETURN_OR_REFUND_REQUEST_COMPLETE,RETURN_AND_REFUND
4040176688862824162,4040176718472054498,583861836865832674,2026-05-12,Calça Jeans Feminina Wide Leg Jeans Feminina Cintura Alta,REF52542,"Stone Used, 42",91.71,91.71,Item doesn't fit,RETURN_OR_REFUND_REQUEST_COMPLETE,RETURN_AND_REFUND
4040177735491290817,4040177735491225281,583802644417447617,2026-05-12,Calça Jeans Feminina Wide Leg Jeans Cintura alta,REF54744,"Preto , 44",107.46,107.46,Item doesn't fit,RETURN_OR_REFUND_REQUEST_CANCEL,RETURN_AND_REFUND
4040176687901935330,4040176687901869794,583861836865832674,2026-05-12,Calça Jeans Feminina Wide Leg Jeans Feminina Cintura Alta,REF51644,"Marmorizada, 44",90.91,90.91,Item doesn't fit,RETURN_OR_REFUND_REQUEST_COMPLETE,RETURN_AND_REFUND
4040176127179195550,4040176127179130014,583949695284053150,2026-05-12,Calça Jeans Feminina Wide Leg Jeans Feminina Cintura Alta,REF51636,"Marmorizada, 36",96.8,96.8,Item doesn't fit,RETURN_OR_REFUND_REQUEST_CANCEL,RETURN_AND_REFUND
4040176486373230235,4040176486373164699,583899205551883931,2026-05-12,Calça Jeans Feminina Wide Leg Jeans Feminina Cintura Alta,REF52542,"Stone Used, 42",73.1,73.1,Item doesn't fit,RETURN_OR_REFUND_REQUEST_COMPLETE,RETURN_AND_REFUND
4040176557409797944,4040176557409732408,583829346439890744,2026-05-12,Calça Jeans Feminina Wide Leg Jeans Feminina Cintura Alta,REF51640,"Marmorizada, 40",73.24,73.24,Item doesn't fit,RETURN_OR_REFUND_REQUEST_COMPLETE,RETURN_AND_REFUND
4040171453756442026,4040171453756376490,583882043600766378,2026-05-12,Calça Jeans Feminina Wide Leg Jeans Feminina Cintura Alta,REF51642,"Marmorizada, 42",77.5,77.5,Defective item,RETURN_OR_REFUND_REQUEST_COMPLETE,RETURN_AND_REFUND
4040171792130934435,4040171792130868899,583521040182904483,2026-05-12,Calça Jeans Feminina Wide Leg Jeans Feminina Cintura Alta,REF51636,"Marmorizada, 36",64.99,64.99,Item doesn't fit,RETURN_OR_REFUND_REQUEST_COMPLETE,RETURN_AND_REFUND
4040172141316048558,4040172141315983022,583862757548394158,2026-05-12,Calça Jeans Feminina Wide Leg Jeans Feminina Cintura Alta,REF51644,"Marmorizada, 44",81.1,81.1,Defective item,RETURN_OR_REFUND_REQUEST_CANCEL,RETURN_AND_REFUND
4040172478442931389,4040172478442865853,583901489745659069,2026-05-12,Calça Jeans Feminina Wide Leg Jeans Feminina Cintura Alta,REF51638,"Marmorizada, 38",79.55,79.55,No longer needed,RETURN_OR_REFUND_REQUEST_COMPLETE,RETURN_AND_REFUND
4040172946136860482,4040172946136794946,583899021823018818,2026-05-12,Calça Jeans Feminina Wide Leg Jeans Feminina Cintura Alta Stone Used,REF52536,36,79.99,79.99,No longer needed,RETURN_OR_REFUND_REQUEST_COMPLETE,RETURN_AND_REFUND
4040173196476122389,4040173196475991317,583918942585521429,2026-05-12,Calça Mom Jeans Feminina Cintura Alta Marmorizada,REF58842,"Marmorizada , 42",97.46,97.46,Item doesn't fit,RETURN_OR_REFUND_REQUEST_COMPLETE,RETURN_AND_REFUND
4040171939695462367,4040171939695396831,583811311356250079,2026-05-12,Calça Feminina Jeans Wide Leg Cintura Alta Azul Médio Marmorizado,REF55136,"Azul Médio Marmorizado , 36",75.37,75.37,Item doesn't fit,RETURN_OR_REFUND_REQUEST_COMPLETE,RETURN_AND_REFUND
4040174544859662133,4040174544859596597,583918235980039989,2026-05-12,Calça Jeans Feminina Wide Leg Jeans Feminina Cintura Alta,REF51640,"Marmorizada, 40",79.87,79.87,No longer needed,RETURN_OR_REFUND_REQUEST_COMPLETE,RETURN_AND_REFUND
4040174531283486154,4040174531283420618,583637708841321930,2026-05-12,Calça Jeans Feminina Wide Leg Jeans Feminina Cintura Alta,REF51638,"Marmorizada, 38",64.99,64.99,Item doesn't fit,RETURN_OR_REFUND_REQUEST_COMPLETE,RETURN_AND_REFUND
4040174614155396210,4040174614155330674,583699964094481522,2026-05-12,Calça Jeans Feminina Wide Leg Jeans Feminina Cintura Alta,REF51638,"Marmorizada, 38",71.74,71.74,Item doesn't fit,RETURN_OR_REFUND_REQUEST_COMPLETE,RETURN_AND_REFUND
4040175143957988722,4040175143957923186,583916216209802610,2026-05-12,Calça Jeans Feminina Wide Leg Jeans Feminina Cintura Alta,REF51638,"Marmorizada, 38",99.9,99.9,Item doesn't fit,RETURN_OR_REFUND_REQUEST_COMPLETE,RETURN_AND_REFUND
4040175727809758899,4040175727809693363,583535036879898291,2026-05-12,Calça Jeans Feminina Wide Leg Jeans Feminina Cintura Alta,REF52742,"Sky Used, 42",84.28,84.28,Item doesn't fit,RETURN_OR_REFUND_REQUEST_CANCEL,RETURN_AND_REFUND
4040170251908056865,4040170251907991329,583895579544225569,2026-05-12,Calça Feminina Jeans Wide Leg Cintura Alta Azul Médio Marmorizado,REF55140,"Azul Médio Marmorizado , 40",109.9,109.9,Item doesn't fit,RETURN_OR_REFUND_REQUEST_COMPLETE,RETURN_AND_REFUND
4040174281456519132,4040174281456453596,583900120861738972,2026-05-12,Calça Mom Jeans Feminina Cintura Alta Marmorizada,REF58838,"Marmorizada , 38",72.71,72.71,Item doesn't fit,RETURN_OR_REFUND_REQUEST_COMPLETE,RETURN_AND_REFUND
4040196242208687279,4040196242208621743,583874290231837871,2026-05-13,Calça Jeans Feminina Wide Leg Jeans Feminina Cintura Alta,REF51638,"Marmorizada, 38",71.91,71.91,Defective item,RETURN_OR_REFUND_REQUEST_COMPLETE,RETURN_AND_REFUND
4040198863702886299,4040198863702820763,583953811351766939,2026-05-13,Calça Jeans Feminina Wide Leg Cintura Alta- Candy Colors,REF55040,"AMARELO MANTEIGA, 40",106.6,106.6,Item doesn't fit,RETURN_OR_REFUND_REQUEST_COMPLETE,RETURN_AND_REFUND
4040197357218727011,4040197357218661475,583929816026874979,2026-05-13,Calça Mom Jeans Feminina Cintura Alta Marmorizada,REF58842,"Marmorizada , 42",72.96,72.96,Item doesn't fit,RETURN_OR_REFUND_REQUEST_COMPLETE,RETURN_AND_REFUND
4040197294588134481,4040197294588068945,583952259022029905,2026-05-13,Calça Jeans Feminina Wide Leg Jeans Feminina Cintura Alta,REF51640,"Marmorizada, 40",104.55,104.55,Item doesn't fit,RETURN_OR_REFUND_REQUEST_COMPLETE,RETURN_AND_REFUND
4040197084634580687,4040197084634515151,583787601294296783,2026-05-13,Calça Jeans Feminina Wide Leg Jeans Feminina Cintura Alta,REF51638,"Marmorizada, 38",69.99,69.99,Item doesn't fit,RETURN_OR_REFUND_REQUEST_COMPLETE,RETURN_AND_REFUND
4040196948687881779,4040196948687816243,583970129676502579,2026-05-13,Calça Mom Jeans Feminina Cintura Alta Marmorizada,REF58842,"Marmorizada , 42",88.13,88.13,Item doesn't fit,RETURN_OR_REFUND_REQUEST_CANCEL,RETURN_AND_REFUND
4040196643401598588,4040196643401533052,583968669765699196,2026-05-13,Calça Jeans Feminina Wide Leg Jeans Feminina Cintura Alta,REF51638,"Marmorizada, 38",110.7,110.7,Item doesn't fit,RETURN_OR_REFUND_REQUEST_COMPLETE,RETURN_AND_REFUND
4040196534847374651,4040196534847309115,583953702942246203,2026-05-13,Calça Jeans Feminina Wide Leg Jeans Feminina Cintura Alta,REF51642,"Marmorizada, 42",79.9,79.9,Item doesn't fit,RETURN_OR_REFUND_REQUEST_COMPLETE,RETURN_AND_REFUND
4040196007836157493,4040196007836091957,583752906085140021,2026-05-13,Calça Jeans Feminina Wide Leg Jeans Feminina Cintura Alta,REF52536,"Stone Used, 36",75.08,75.08,Item doesn't fit,RETURN_OR_REFUND_REQUEST_COMPLETE,RETURN_AND_REFUND
4040198259372098688,4040198259372033152,583916346911327360,2026-05-13,Calça Jeans Feminina Wide Leg Jeans Feminina Cintura Alta,REF51640,"Marmorizada, 40",95.6,95.6,Item doesn't match description,RETURN_OR_REFUND_REQUEST_CANCEL,RETURN_AND_REFUND
4040195815934887710,4040195815934822174,583948052475250462,2026-05-13,Shorts Mom/Social Feminino Jeans Cintura Alta Barra Dobrada,REF55542,"Azul Médio Marmorizado, 42",63.61,63.61,Item doesn't fit,RETURN_OR_REFUND_REQUEST_COMPLETE,RETURN_AND_REFUND
4040190921306310642,4040190921306245106,583420771427846130,2026-05-13,Calça Jeans Feminina Wide Leg Jeans Feminina Cintura Alta,REF51636,"Marmorizada, 36",62.99,62.99,Package wasn't received,RETURN_OR_REFUND_REQUEST_CANCEL,REFUND
4040192107261429467,4040192107261363931,583701099526325979,2026-05-13,Calça Jeans Feminina Wide Leg Jeans Feminina Cintura Alta,REF51638,"Marmorizada, 38",67.89,67.89,Item doesn't fit,RETURN_OR_REFUND_REQUEST_COMPLETE,RETURN_AND_REFUND
4040192501580203011,4040192501580137475,583949436865119235,2026-05-13,Calça Mom Jeans Feminina Cintura Alta Marmorizada,REF58838,"Marmorizada , 38",82.26,82.26,Defective item,RETURN_OR_REFUND_REQUEST_COMPLETE,RETURN_AND_REFUND
4040193481737864237,4040193481737798701,583966988888212525,2026-05-13,Calça Feminina Jeans Wide Leg Cintura Alta Azul Médio Marmorizado,REF55142,"Azul Médio Marmorizado , 42",107.78,107.78,Item doesn't fit,RETURN_OR_REFUND_REQUEST_COMPLETE,RETURN_AND_REFUND
4040195933993338018,4040195933993272482,583934086436586658,2026-05-13,Calça Jeans Feminina Wide Leg Jeans Feminina Cintura Alta,REF51636,"Marmorizada, 36",63.92,63.92,Item doesn't fit,RETURN_OR_REFUND_REQUEST_COMPLETE,RETURN_AND_REFUND
4040194213420827688,4040194213420762152,583968937423373352,2026-05-13,Calça Jeans Feminina Wide Leg Jeans Feminina Cintura Alta,REF51642,"Marmorizada, 42",94.9,94.9,Item doesn't fit,RETURN_OR_REFUND_REQUEST_COMPLETE,RETURN_AND_REFUND
4040194171949581809,4040194171949516273,583826440964572657,2026-05-13,Calça Feminina Jeans Wide Leg Cintura Alta Azul Médio Marmorizado,REF55140,"Azul Médio Marmorizado , 40",74.99,74.99,Item doesn't fit,RETURN_OR_REFUND_REQUEST_COMPLETE,RETURN_AND_REFUND
4040195488581322447,4040195488581256911,583946087455885007,2026-05-13,Calça Feminina Jeans Wide Leg Cintura Alta Azul Médio Marmorizado,REF55136,"Azul Médio Marmorizado , 36",115.01,115.01,Package wasn't received,RETURN_OR_REFUND_REQUEST_CANCEL,REFUND
4040193962316695142,4040193956067575398,583713174071772774,2026-05-13,Calça Feminina Jeans Wide Leg Cintura Alta Azul Médio Marmorizado,REF55140,"Azul Médio Marmorizado , 40",81.95,81.95,Item doesn't fit,RETURN_OR_REFUND_REQUEST_COMPLETE,RETURN_AND_REFUND
4040212616098055916,4040212616097990380,583980742339954412,2026-05-14,Calça Jeans Feminina Wide Leg Jeans Feminina Cintura Alta,REF51640,"Marmorizada, 40",93.05,93.05,Item doesn't fit,RETURN_OR_REFUND_REQUEST_CANCEL,RETURN_AND_REFUND
4040215266061551267,4040215266061485731,583944910439483043,2026-05-14,Calça Jeans Feminina Wide Leg Jeans Feminina Cintura Alta Stone Used,REF52540,40,83.71,83.71,Item doesn't fit,RETURN_OR_REFUND_REQUEST_COMPLETE,RETURN_AND_REFUND
4040214089175958931,4040214089175893395,583982820532454803,2026-05-14,Calça Mom Jeans Feminina Cintura Alta Marmorizada,REF58842,"Marmorizada , 42",93.13,93.13,Item doesn't fit,RETURN_OR_REFUND_REQUEST_COMPLETE,RETURN_AND_REFUND
4040213875659081458,4040213875659015922,583844031092393714,2026-05-14,Calça Jeans Feminina Wide Leg Jeans Feminina Cintura Alta,REF51642,"Marmorizada, 42",69.99,69.99,Item doesn't fit,RETURN_OR_REFUND_REQUEST_COMPLETE,RETURN_AND_REFUND
4040213829701437113,4040213829701371577,583967610591545017,2026-05-14,Calça Mom Jeans Feminina Cintura Alta Marmorizada,REF58838,"Marmorizada , 38",88.13,88.13,Defective item,RETURN_OR_REFUND_REQUEST_COMPLETE,RETURN_AND_REFUND
4040213710699726447,4040213710699660911,583982430558193263,2026-05-14,Calça Jeans Feminina Wide Leg Jeans Feminina Cintura Alta Stone Used,REF52536,36,79.99,79.99,Item doesn't fit,RETURN_OR_REFUND_REQUEST_COMPLETE,RETURN_AND_REFUND
4040213333251621961,4040213333251556425,583865907609896009,2026-05-14,Calça Jeans Feminina Wide Leg Jeans Feminina Cintura Alta,REF51638,"Marmorizada, 38",79.9,79.9,No longer needed,RETURN_OR_REFUND_REQUEST_CANCEL,RETURN_AND_REFUND
4040213153572226848,4040213153572161312,583811570874091296,2026-05-14,Calça Jeans Feminina Wide Leg Jeans Feminina Cintura Alta,REF51638,"Marmorizada, 38",74.3,74.3,Wrong item was sent,RETURN_OR_REFUND_REQUEST_COMPLETE,RETURN_AND_REFUND
4040212990213981667,4040212990213916131,583861360565192163,2026-05-14,Calça Jeans Feminina Wide Leg Jeans Feminina Cintura Alta,REF52740,"Sky Used, 40",108.9,108.9,Item doesn't fit,RETURN_OR_REFUND_REQUEST_COMPLETE,RETURN_AND_REFUND
4040217063628702760,4040217063628637224,583930290534581288,2026-05-14,Calça Feminina Jeans Wide Leg Cintura Alta Azul Médio Marmorizado,REF55140,"Azul Médio Marmorizado , 40",89.9,89.9,Item doesn't fit,RETURN_OR_REFUND_REQUEST_CANCEL,RETURN_AND_REFUND
4040212617846753191,4040212617846687655,583934030692124583,2026-05-14,Calça Mom Jeans Feminina Cintura Alta Marmorizada,REF58836,"Marmorizada , 36",70.42,70.42,Item doesn't fit,RETURN_OR_REFUND_REQUEST_COMPLETE,RETURN_AND_REFUND
4040211682418984887,4040211682418919351,583980558942832567,2026-05-14,Calça Feminina Jeans Wide Leg Cintura Alta Azul Médio Marmorizado,REF55140,"Azul Médio Marmorizado , 40",84.32,84.32,Item doesn't fit,RETURN_OR_REFUND_REQUEST_COMPLETE,RETURN_AND_REFUND
4040212170114762180,4040212170114696644,583917282001978820,2026-05-14,Calça Jeans Feminina Wide Leg Jeans Feminina Cintura Alta,REF51640,"Marmorizada, 40",96.9,96.9,Item doesn't fit,RETURN_OR_REFUND_REQUEST_COMPLETE,RETURN_AND_REFUND
4040208453250877397,4040208453250811861,583787469426886613,2026-05-14,Calça Jeans Feminina Wide Leg Jeans Feminina Cintura Alta,REF51640,"Marmorizada, 40",67.8,67.8,Item doesn't fit,RETURN_OR_REFUND_REQUEST_COMPLETE,RETURN_AND_REFUND
4040208637470802992,4040208658928337968,583683690556654640,2026-05-14,Calça Feminina Jeans Wide Leg Cintura Alta Azul Médio Marmorizado,REF55136,"Azul Médio Marmorizado , 36",62.07,62.07,"Fabric, material or style not as expected",RETURN_OR_REFUND_REQUEST_COMPLETE,RETURN_AND_REFUND
4040209463658710827,4040209463658645291,583984226689451819,2026-05-14,Calça Jeans Feminina Wide Leg Jeans Feminina Cintura Alta,REF51636,"Marmorizada, 36",79.9,79.9,Item doesn't fit,RETURN_OR_REFUND_REQUEST_CANCEL,RETURN_AND_REFUND
4040208042634085996,4040208042634020460,583932318467917420,2026-05-14,Calça Jeans Feminina Wide Leg Jeans Feminina Cintura Alta,REF51638,"Marmorizada, 38",67.6,67.6,Item doesn't fit,RETURN_OR_REFUND_REQUEST_COMPLETE,RETURN_AND_REFUND
4040209963147626118,4040209963147560582,583900566441592454,2026-05-14,Calça Jeans Feminina Wide Leg Jeans Feminina Cintura Alta,REF51638,"Marmorizada, 38",79.9,79.9,Item doesn't fit,RETURN_OR_REFUND_REQUEST_COMPLETE,RETURN_AND_REFUND
4040210830779057297,4040210830778991761,583551647486936209,2026-05-14,Calça Jeans Feminina Wide Leg Jeans Feminina Cintura Alta,REF51640,"Marmorizada, 40",66.57,66.57,Item doesn't match description,RETURN_OR_REFUND_REQUEST_CANCEL,RETURN_AND_REFUND
4040211590396544562,4040211590396479026,583785053595600434,2026-05-14,Calça Jeans Feminina Wide Leg Jeans Feminina Cintura Alta,REF51638,"Marmorizada, 38",71.8,71.8,"Package arrived damaged. Example: spilled liquid, damaged box.",RETURN_OR_REFUND_REQUEST_CANCEL,REFUND
4040211590396675634,4040211590396610098,583785053595600434,2026-05-14,Calça Jeans Feminina Wide Leg Jeans Feminina Cintura Alta,REF56238,"Chocolate, 38",85.27,85.27,"Package arrived damaged. Example: spilled liquid, damaged box.",RETURN_OR_REFUND_REQUEST_CANCEL,REFUND
4040209514127263676,4040209514127198140,583982475322427324,2026-05-14,Calça Jeans Feminina Wide Leg Jeans Feminina Cintura Alta,REF51638,"Marmorizada, 38",67.6,67.6,Item doesn't fit,RETURN_OR_REFUND_REQUEST_CANCEL,RETURN_AND_REFUND
4040231663639889872,4040231663639824336,583826532372547536,2026-05-15,Calça Jeans Feminina Wide Leg Jeans Feminina Cintura Alta,REF51638,"Marmorizada, 38",64.99,64.99,Item doesn't fit,RETURN_OR_REFUND_REQUEST_CANCEL,RETURN_AND_REFUND
4040231720884668281,4040231720884602745,583994703780611961,2026-05-15,Calça Jeans Feminina Wide Leg Jeans Feminina Cintura Alta,REF51640,"Marmorizada, 40",99.9,99.9,Item doesn't fit,BUYER_SHIPPED_ITEM,RETURN_AND_REFUND
4040234192374629829,4040234192374564293,583982468507141573,2026-05-15,Calça Jeans Feminina Wide Leg Jeans Feminina Cintura Alta,REF51640,"Marmorizada, 40",71.91,71.91,Item doesn't fit,RETURN_OR_REFUND_REQUEST_COMPLETE,RETURN_AND_REFUND
4040232921527321655,4040232921527256119,583932142864270391,2026-05-15,Calça Jeans Feminina Wide Leg Jeans Feminina Cintura Alta,REF54946,"Rosa Bebê , 46",75.92,75.92,Item doesn't fit,RETURN_OR_REFUND_REQUEST_COMPLETE,RETURN_AND_REFUND
4040232573365487267,4040232573365421731,584012069168187043,2026-05-15,Calça Jeans Feminina Wide Leg Jeans Feminina Cintura Alta,REF52544,"Stone Used, 44",71.91,71.91,"Fabric, material or style not as expected",RETURN_OR_REFUND_REQUEST_COMPLETE,RETURN_AND_REFUND
4040232371566642586,4040232371566577050,583605692348859802,2026-05-15,Calça Jeans Feminina Wide Leg Jeans Feminina Cintura Alta,REF52746,"Sky Used, 46",64.88,64.88,Item doesn't match description,RETURN_OR_REFUND_REQUEST_COMPLETE,RETURN_AND_REFUND
4040232096144394091,4040232096144328555,583983625876440939,2026-05-15,Calça Jeans Feminina Wide Leg Jeans Feminina Cintura Alta,REF51636,"Marmorizada, 36",96.8,96.8,Item doesn't fit,RETURN_OR_REFUND_REQUEST_CANCEL,RETURN_AND_REFUND
4040232001891304884,4040232001891239348,583963299593160116,2026-05-15,Calça Jeans Feminina Wide Leg Jeans Feminina Cintura Alta,REF51644,"Marmorizada, 44",109.5,109.5,"Fabric, material or style not as expected",RETURN_OR_REFUND_REQUEST_COMPLETE,RETURN_AND_REFUND
4040231405183206417,4040231405183140881,583593319141573649,2026-05-15,Calça Jeans Feminina Wide Leg Jeans Feminina Cintura Alta,REF51638,"Marmorizada, 38",68.14,136.28,Item doesn't fit,RETURN_OR_REFUND_REQUEST_COMPLETE,RETURN_AND_REFUND
4040226267082425560,4040226267082360024,583917797473223896,2026-05-15,Calça Jeans Feminina Wide Leg Jeans Feminina Cintura Alta,REF51642,"Marmorizada, 42",74.9,74.9,No longer needed,RETURN_OR_REFUND_REQUEST_COMPLETE,RETURN_AND_REFUND
4040231369181071173,4040231369181005637,583980222417831749,2026-05-15,Calça Feminina Jeans Wide Leg Cintura Alta Azul Médio Marmorizado,REF55140,"Azul Médio Marmorizado , 40",85.41,85.41,Item doesn't fit,RETURN_OR_REFUND_REQUEST_COMPLETE,RETURN_AND_REFUND
4040227456769950806,4040227456769885270,583967816369472598,2026-05-15,Calça Jeans Feminina Wide Leg Jeans Feminina Cintura Alta,REF52536,"Stone Used, 36",79.9,79.9,Item doesn't fit,RETURN_OR_REFUND_REQUEST_COMPLETE,RETURN_AND_REFUND
4040228002226013199,4040228002225947663,583550780959589391,2026-05-15,Calça Jeans Feminina Wide Leg Jeans Feminina Cintura Alta,REF52742,"Sky Used, 42",77.5,77.5,Item doesn't fit,RETURN_OR_REFUND_REQUEST_COMPLETE,RETURN_AND_REFUND
4040227992742102031,4040227992742036495,583579860474364943,2026-05-15,Calça Jeans Feminina Wide Leg Jeans Cintura Alta Preta Marmorizada,REF52842,42,82.0,82.0,Item doesn't fit,RETURN_OR_REFUND_REQUEST_COMPLETE,RETURN_AND_REFUND
4040228098039121657,4040228098039056121,583847961049990905,2026-05-15,Calça Feminina Jeans Wide Leg Cintura Alta Azul Médio Marmorizado,REF55138,"Azul Médio Marmorizado , 38",79.77,79.77,Item doesn't fit,RETURN_OR_REFUND_REQUEST_CANCEL,RETURN_AND_REFUND
4040231405183271953,4040231405183140881,583593319141573649,2026-05-15,Calça Jeans Feminina Wide Leg Jeans Feminina Cintura Alta,REF51638,"Marmorizada, 38",68.14,136.28,Item doesn't fit,RETURN_OR_REFUND_REQUEST_COMPLETE,RETURN_AND_REFUND
4040230679379675081,4040230679379609545,583968058880067529,2026-05-15,Calça Mom Jeans Feminina Cintura Alta Marmorizada,REF58842,"Marmorizada , 42",88.13,88.13,Item doesn't fit,RETURN_OR_REFUND_REQUEST_COMPLETE,RETURN_AND_REFUND
4040231063425156619,4040231063425091083,583683737659606539,2026-05-15,Calça Baggy Jeans Feminina Cintura Média Marmorizada,REF58738,"Marmorizada , 38",71.99,71.99,Item doesn't fit,RETURN_OR_REFUND_REQUEST_COMPLETE,RETURN_AND_REFUND
4040231146539025802,4040231146538960266,583700449745208714,2026-05-15,Calça Jeans Feminina Wide Leg Jeans Feminina Cintura Alta,REF56246,"Chocolate, 46",78.69,78.69,Item doesn't fit,RETURN_OR_REFUND_REQUEST_COMPLETE,RETURN_AND_REFUND
4040229740252005667,4040229740251940131,583982612309706019,2026-05-15,Calça Jeans Feminina Wide Leg Jeans Feminina Cintura Alta,REF51640,"Marmorizada, 40",71.91,71.91,Defective item,RETURN_OR_REFUND_REQUEST_COMPLETE,REFUND
4040247119831139786,4040247119831074250,583979866602112458,2026-05-16,Calça Jeans Feminina Wide Leg Jeans Feminina Cintura Alta,REF52744,"Sky Used, 44",77.5,77.5,Item doesn't fit,RETURN_OR_REFUND_REQUEST_COMPLETE,RETURN_AND_REFUND
4040244661825734158,4040244661825668622,583767012071278094,2026-05-16,Calça Jeans Feminina Wide Leg Jeans Feminina Cintura Alta,REF56242,"Chocolate, 42",65.46,65.46,No longer needed,BUYER_SHIPPED_ITEM,RETURN_AND_REFUND
4040250529890600812,4040250529890535276,583968293719082860,2026-05-16,Calça Jeans Feminina Wide Leg Cintura Alta- Candy Colors,REF54938,"ROSA BEBÊ, 38",103.3,103.3,Item doesn't fit,RETURN_OR_REFUND_REQUEST_COMPLETE,RETURN_AND_REFUND
4040249055279285401,4040249055279219865,583982553823741081,2026-05-16,Calça Jeans Feminina Wide Leg Jeans Feminina Cintura Alta,REF51640,"Marmorizada, 40",67.6,67.6,"Fabric, material or style not as expected",RETURN_OR_REFUND_REQUEST_CANCEL,RETURN_AND_REFUND
4040248010569385611,4040248010569320075,584013965258950283,2026-05-16,Calça Jeans Feminina Wide Leg Jeans Feminina Cintura Alta,REF51638,"Marmorizada, 38",71.91,71.91,Item doesn't fit,RETURN_OR_REFUND_REQUEST_COMPLETE,RETURN_AND_REFUND
4040247558738183573,4040247558738118037,583928333975520661,2026-05-16,Calça Jeans Feminina Wide Leg Jeans Feminina Cintura Alta,REF51640,"Marmorizada, 40",106.64,106.64,Item doesn't fit,RETURN_OR_REFUND_REQUEST_COMPLETE,RETURN_AND_REFUND
4040247059835094021,4040247059835028485,583998635564762117,2026-05-16,Calça Jeans Feminina Wide Leg Cintura Alta- Candy Colors,REF54936,"ROSA BEBÊ, 36",104.9,104.9,Item doesn't fit,RETURN_OR_REFUND_REQUEST_COMPLETE,RETURN_AND_REFUND
4040246803155224320,4040246803155158784,583904261440177920,2026-05-16,Calça Jeans Feminina Wide Leg Jeans Feminina Cintura Alta,REF51638,"Marmorizada, 38",99.9,99.9,Item doesn't fit,RETURN_OR_REFUND_REQUEST_CANCEL,RETURN_AND_REFUND
4040246721261438723,4040246721261373187,584015836136310531,2026-05-16,Calça Mom Jeans Feminina Cintura Alta Marmorizada,REF58842,"Marmorizada , 42",92.05,92.05,Item doesn't match description,RETURN_OR_REFUND_REQUEST_COMPLETE,RETURN_AND_REFUND
4040236346293651359,4040236346293585823,583567421291202463,2026-05-16,Calça Jeans Feminina Wide Leg Jeans Feminina Cintura Alta,REF52744,"Sky Used, 44",77.59,77.59,Item doesn't fit,RETURN_OR_REFUND_REQUEST_CANCEL,RETURN_AND_REFUND
4040236346293520287,4040236346293454751,583567421291202463,2026-05-16,Calça Jeans Feminina Wide Leg Jeans Feminina Cintura Alta,REF51644,"Marmorizada, 44",52.49,52.49,Item doesn't fit,RETURN_OR_REFUND_REQUEST_CANCEL,RETURN_AND_REFUND
4040240522504668722,4040240522504603186,583785053595600434,2026-05-16,Calça Jeans Feminina Wide Leg Jeans Feminina Cintura Alta,REF56238,"Chocolate, 38",85.27,85.27,"Package arrived damaged. Example: spilled liquid, damaged box.",RETURN_OR_REFUND_REQUEST_CANCEL,REFUND
4040240522504537650,4040240522504472114,583785053595600434,2026-05-16,Calça Jeans Feminina Wide Leg Jeans Feminina Cintura Alta,REF51638,"Marmorizada, 38",71.8,71.8,"Package arrived damaged. Example: spilled liquid, damaged box.",RETURN_OR_REFUND_REQUEST_CANCEL,REFUND
4040243902424581646,4040243910417417742,583624088212178446,2026-05-16,Calça Jeans Feminina Wide Leg Jeans Feminina Cintura Alta,REF52540,"Stone Used, 40",66.9,66.9,Item doesn't fit,RETURN_OR_REFUND_REQUEST_CANCEL,RETURN_AND_REFUND
4040246658231928532,4040246658231731924,583683584806192852,2026-05-16,Calça Jeans Feminina Wide Leg Jeans Feminina Cintura Alta,REF51638,"Marmorizada, 38",59.19,59.19,Package wasn't received,RETURN_OR_REFUND_REQUEST_CANCEL,REFUND
4040246703651128455,4040246703651062919,583700588858213511,2026-05-16,Calça Jeans Feminina Wide Leg Jeans Feminina Cintura Alta,REF52536,"Stone Used, 36",75.64,75.64,Item doesn't fit,RETURN_OR_REFUND_REQUEST_COMPLETE,RETURN_AND_REFUND
4040241821380085346,4040241821380019810,583946852537501282,2026-05-16,Blusa Feminina Jeans Bata Tomara Que Caia Candy Colors,REF585G,"Chocolate, G",91.8,91.8,Item doesn't match description,RETURN_OR_REFUND_REQUEST_COMPLETE,RETURN_AND_REFUND
4040268063677122260,4040268063677056724,583847341188089556,2026-05-17,Calça Feminina Jeans Wide Leg Cintura Alta Azul Médio Marmorizado,REF55136,"Azul Médio Marmorizado , 36",66.57,66.57,Wrong item was sent,BUYER_SHIPPED_ITEM,RETURN_AND_REFUND
4040264843721475272,4040264843721409736,583933755390723272,2026-05-17,Calça Mom Jeans Feminina Cintura Alta Marmorizada,REF58838,"Marmorizada , 38",71.92,71.92,Defective item,BUYER_SHIPPED_ITEM,RETURN_AND_REFUND
4040270158442300678,4040270158442235142,583521661514056966,2026-05-17,Calça Feminina Jeans Wide Leg Cintura Alta Azul Médio Marmorizado,REF55138,"Azul Médio Marmorizado , 38",73.84,73.84,Item doesn't fit,RETURN_OR_REFUND_REQUEST_COMPLETE,RETURN_AND_REFUND
4040272100747281890,4040272100746954210,584013954603320802,2026-05-17,Calça Jeans Feminina Wide Leg Jeans Feminina Cintura Alta,REF52540,"Stone Used, 40",77.5,77.5,Package wasn't received,RETURN_OR_REFUND_REQUEST_COMPLETE,REFUND
4040271075316958831,4040271075316893295,584029744364619375,2026-05-17,Calça Jeans Feminina Wide Leg Jeans Feminina Cintura Alta Stone Used,REF52540,40,71.91,71.91,Item doesn't fit,RETURN_OR_REFUND_REQUEST_COMPLETE,RETURN_AND_REFUND
4040270182535496966,4040270182535431430,583521661514056966,2026-05-17,Calça Jeans Feminina Wide Leg Jeans Cintura alta,REF54838,"Terracota , 38",85.99,85.99,Wrong item was sent,RETURN_OR_REFUND_REQUEST_COMPLETE,RETURN_AND_REFUND
4040270161128359174,4040270161128293638,583521661514056966,2026-05-17,Calça Jeans Feminina Wide Leg Cintura Alta Chocolate,REF56238,"Chocolate, 38",73.83,73.83,Item doesn't fit,RETURN_OR_REFUND_REQUEST_CANCEL,RETURN_AND_REFUND
4040270146677277958,4040270146677212422,583521661514056966,2026-05-17,Calça Jeans Feminina Wide Leg Cintura Alta- Candy Colors,REF55038,"AMARELO MANTEIGA, 38",73.84,73.84,Item doesn't fit,RETURN_OR_REFUND_REQUEST_CANCEL,RETURN_AND_REFUND
4040270110971954438,4040270110971888902,583521661514056966,2026-05-17,Calça Jeans Feminina Wide Leg Jeans Feminina Cintura Alta,REF52738,"Sky Used, 38",64.6,64.6,Item doesn't fit,RETURN_OR_REFUND_REQUEST_COMPLETE,RETURN_AND_REFUND
4040267658884777274,4040267658884711738,583811004500968762,2026-05-17,Calça Feminina Jeans Wide Leg Cintura Alta Azul Médio Marmorizado,REF55136,"Azul Médio Marmorizado , 36",68.57,68.57,Item doesn't fit,RETURN_OR_REFUND_REQUEST_COMPLETE,RETURN_AND_REFUND
4040268806219400919,4040268806219335383,584013986992916183,2026-05-17,Calça Jeans Feminina Wide Leg Jeans Feminina Cintura Alta,REF52546,"Stone Used, 46",71.91,71.91,Item doesn't fit,RETURN_OR_REFUND_REQUEST_COMPLETE,RETURN_AND_REFUND
4040268324867441722,4040268324867376186,583982706892375098,2026-05-17,Calça Jeans Feminina Wide Leg Jeans Feminina Cintura Alta,REF51636,"Marmorizada, 36",71.91,71.91,Item doesn't fit,RETURN_OR_REFUND_REQUEST_COMPLETE,RETURN_AND_REFUND
4040267896704239382,4040267896704173846,583637977020335894,2026-05-17,Calça Jeans Feminina Wide Leg Jeans Feminina Cintura Alta,REF52538,"Stone Used, 38",80.7,80.7,Item doesn't fit,RETURN_OR_REFUND_REQUEST_COMPLETE,RETURN_AND_REFUND
4040267869712385739,4040267869712320203,583857847424485067,2026-05-17,Calça Jeans Feminina Wide Leg Jeans Feminina Cintura Alta,REF51640,"Marmorizada, 40",99.9,99.9,Item doesn't fit,RETURN_OR_REFUND_REQUEST_COMPLETE,RETURN_AND_REFUND
4040266272558909408,4040266272558843872,583536476109178848,2026-05-17,Calça Jeans Feminina Wide Leg Cintura Alta Amarelo Manteiga,REF55036,"AMARELO MANTEIGA, 36",95.6,95.6,Item doesn't fit,RETURN_OR_REFUND_REQUEST_COMPLETE,RETURN_AND_REFUND
4040264799278040216,4040264799277974680,584013736181662872,2026-05-17,Calça Mom Jeans Feminina Cintura Alta Marmorizada,REF58838,"Marmorizada , 38",94.9,94.9,"Fabric, material or style not as expected",RETURN_OR_REFUND_REQUEST_COMPLETE,RETURN_AND_REFUND
4040264171543299285,4040264171543037141,583900118736930005,2026-05-17,Calça Jeans Feminina Wide Leg Jeans Feminina Cintura Alta,REF52540,"Stone Used, 40",99.5,99.5,Package wasn't received,RETURN_OR_REFUND_REQUEST_CANCEL,REFUND
4040260764966618450,4040260764966552914,584013534336419154,2026-05-17,Calça Jeans Feminina Wide Leg Jeans Feminina Cintura Alta,REF52538,"Stone Used, 38",71.91,71.91,Item doesn't fit,RETURN_OR_REFUND_REQUEST_COMPLETE,RETURN_AND_REFUND
4040260074204595997,4040260074204530461,583951216153429789,2026-05-17,Calça Jeans Feminina Wide Leg Cintura Alta Amarelo Manteiga,REF55042,"AMARELO MANTEIGA, 42",112.4,112.4,Package wasn't received,RETURN_OR_REFUND_REQUEST_CANCEL,REFUND
4040259527401964722,4040259527401899186,584013472297288882,2026-05-17,Calça Jeans Feminina Wide Leg Jeans Feminina Cintura Alta,REF52544,"Stone Used, 44",93.85,93.85,Item doesn't fit,RETURN_OR_REFUND_REQUEST_COMPLETE,RETURN_AND_REFUND
4040269717277148291,4040269717277082755,583981672440693891,2026-05-17,Calça Jeans Feminina Wide Leg Jeans Feminina Cintura Alta,REF51638,"Marmorizada, 38",71.91,71.91,Item doesn't fit,RETURN_OR_REFUND_REQUEST_COMPLETE,RETURN_AND_REFUND
4040287940224320542,4040287940224255006,583624316183610398,2026-05-18,Calça Jeans Feminina Wide Leg Jeans Feminina Cintura Alta,REF51640,"Marmorizada, 40",62.99,62.99,Item doesn't fit,RETURN_OR_REFUND_REQUEST_CANCEL,RETURN_AND_REFUND
4040287940224451614,4040287940224386078,583624316183610398,2026-05-18,Calça Jeans Feminina Wide Leg Jeans Feminina Cintura Alta,REF52540,"Stone Used, 40",62.99,62.99,Item doesn't fit,RETURN_OR_REFUND_REQUEST_CANCEL,RETURN_AND_REFUND
4040288210734646845,4040288210734581309,584027914221553213,2026-05-18,Calça Mom Jeans Feminina Cintura Alta Marmorizada,REF58842,"Marmorizada , 42",105.7,105.7,Item doesn't fit,RETURN_OR_REFUND_REQUEST_CANCEL,RETURN_AND_REFUND
4040288565746632128,4040288565746566592,584029421821396416,2026-05-18,Body Manga Longa Modelador em Poliamida Premium Candy Colors,REF534M,"Amarelo Candy, M",64.05,64.05,Item doesn't match description,RETURN_OR_REFUND_REQUEST_COMPLETE,RETURN_AND_REFUND
4040289703646037574,4040289703645972038,584029694678107718,2026-05-18,Calça Jeans Feminina Wide Leg Jeans Feminina Cintura Alta,REF52544,"Stone Used, 44",74.51,74.51,Item doesn't fit,RETURN_OR_REFUND_REQUEST_COMPLETE,RETURN_AND_REFUND
4040282868091159970,4040282868091094434,583934058652009890,2026-05-18,Calça Jeans Feminina Wide Leg Jeans Feminina Cintura Alta,REF52536,"Stone Used, 36",63.92,63.92,Item doesn't fit,BUYER_SHIPPED_ITEM,RETURN_AND_REFUND
4040290808950785716,4040290808950720180,584013989641488052,2026-05-18,Calça Jeans Feminina Wide Leg Jeans Feminina Cintura Alta,REF52544,"Stone Used, 44",71.91,71.91,Item doesn't fit,BUYER_SHIPPED_ITEM,RETURN_AND_REFUND
4040290515321456312,4040290515321390776,583589549660931768,2026-05-18,Calça Jeans Feminina Wide Leg Jeans Feminina Cintura Alta,REF51640,"Marmorizada, 40",80.7,80.7,Color or pattern not as expected,BUYER_SHIPPED_ITEM,RETURN_AND_REFUND
4040287167479580193,4040287167479514657,584012139522983457,2026-05-18,Calça Jeans Feminina Wide Leg Cintura Alta Amarelo Manteiga,REF55040,"AMARELO MANTEIGA, 40",120.7,120.7,Item doesn't fit,BUYER_SHIPPED_ITEM,RETURN_AND_REFUND
4040287155018695952,4040287155018630416,584029245042361616,2026-05-18,Calça Jeans Feminina Wide Leg Jeans Feminina Cintura Alta,REF51646,"Marmorizada, 46",69.75,69.75,Item doesn't fit,BUYER_SHIPPED_ITEM,RETURN_AND_REFUND
4040281263202206889,4040281263202141353,583654076093400233,2026-05-18,Calça Jeans Feminina Wide Leg Jeans Feminina Cintura Alta,REF51642,"Marmorizada, 42",81.32,81.32,Item doesn't fit,BUYER_SHIPPED_ITEM,RETURN_AND_REFUND
4040290613379368677,4040290613379303141,583900118364948197,2026-05-18,Calça Jeans Feminina Wide Leg Cintura Alta Chocolate,REF56240,"Chocolate, 40",89.21,89.21,No longer needed,RETURN_OR_REFUND_REQUEST_COMPLETE,RETURN_AND_REFUND
4040287761145104328,4040287761145038792,583638168016160712,2026-05-18,Calça Jeans Feminina Wide Leg Jeans Feminina Cintura Alta,REF51640,"Marmorizada, 40",69.99,69.99,Wrong item was sent,RETURN_OR_REFUND_REQUEST_CANCEL,RETURN_AND_REFUND
4040286831481619609,4040286831481554073,583982553823741081,2026-05-18,Calça Jeans Feminina Wide Leg Jeans Feminina Cintura Alta,REF51640,"Marmorizada, 40",67.6,67.6,Item doesn't fit,RETURN_OR_REFUND_REQUEST_COMPLETE,RETURN_AND_REFUND
4040286683900053214,4040286683899987678,584029668997760734,2026-05-18,Calça Jeans Feminina Wide Leg Jeans Feminina Cintura Alta,REF52542,"Stone Used, 42",75.47,75.47,Item doesn't fit,RETURN_OR_REFUND_REQUEST_COMPLETE,RETURN_AND_REFUND
4040287145221457266,4040287145221391730,584026498219345266,2026-05-18,Calça Jeans Feminina Wide Leg Jeans Feminina Cintura Alta,REF52546,"Stone Used, 46",69.75,69.75,Item doesn't fit,RETURN_OR_REFUND_REQUEST_COMPLETE,RETURN_AND_REFUND
4040283453041772299,4040283453041706763,584015559844333323,2026-05-18,Calça Jeans Feminina Wide Leg Jeans Feminina Cintura Alta,REF51638,"Marmorizada, 38",77.55,77.55,Item doesn't fit,RETURN_OR_REFUND_REQUEST_CANCEL,RETURN_AND_REFUND
4040283434752312439,4040283434752246903,583936187657913463,2026-05-18,Calça Jeans Feminina Wide Leg Jeans Feminina Cintura Alta,REF51638,"Marmorizada, 38",78.15,78.15,No longer needed,RETURN_OR_REFUND_REQUEST_COMPLETE,RETURN_AND_REFUND
4040282806012905153,4040282806012839617,584030195976079041,2026-05-18,Calça Jeans Feminina Wide Leg Cintura Alta- Candy Colors,REF54940,"ROSA BEBÊ, 40",91.33,91.33,Item doesn't fit,RETURN_OR_REFUND_REQUEST_CANCEL,RETURN_AND_REFUND
4040281274393462530,4040281274393396994,583930794347562754,2026-05-18,Calça Jeans Feminina Wide Leg Jeans Feminina Cintura Alta,REF52538,"Stone Used, 38",58.87,58.87,Defective item,RETURN_OR_REFUND_REQUEST_COMPLETE,RETURN_AND_REFUND
4040280866340111872,4040280866340046336,583652750014842368,2026-05-18,Calça Jeans Feminina Wide Leg Jeans Feminina Cintura Alta,REF51640,"Marmorizada, 40",79.9,79.9,"Fabric, material or style not as expected",RETURN_OR_REFUND_REQUEST_COMPLETE,RETURN_AND_REFUND
4040280672162317614,4040280672162252078,583767906537276718,2026-05-18,Shorts Mom/Social Feminino Jeans Cintura Alta Barra Dobrada,REF55336,"Marmorizada, 36",46.55,46.55,Item doesn't fit,RETURN_OR_REFUND_REQUEST_CANCEL,RETURN_AND_REFUND
4040282103191078828,4040282103191013292,584013754434750380,2026-05-18,Calça Jeans Feminina Wide Leg Jeans Feminina Cintura Alta,REF52542,"Stone Used, 42",71.91,71.91,Item doesn't fit,RETURN_OR_REFUND_REQUEST_COMPLETE,RETURN_AND_REFUND
4040280024165484159,4040280024164959871,584011430595954303,2026-05-18,Calça Jeans Feminina Wide Leg Jeans Feminina Cintura Alta,REF52544,"Stone Used, 44",75.47,75.47,Package wasn't received,RETURN_OR_REFUND_REQUEST_CANCEL,REFUND
4040283957970765505,4040283957970699969,584030195976079041,2026-05-18,Calça Jeans Feminina Wide Leg Cintura Alta- Candy Colors,REF54940,"ROSA BEBÊ, 40",91.33,91.33,Item doesn't fit,RETURN_OR_REFUND_REQUEST_COMPLETE,RETURN_AND_REFUND
4040285465096455550,4040285465096390014,583638036821542270,2026-05-18,Calça Jeans Feminina Wide Leg Jeans Feminina Cintura Alta,REF51638,"Marmorizada, 38",72.45,72.45,No longer needed,RETURN_OR_REFUND_REQUEST_COMPLETE,RETURN_AND_REFUND
4040285720571839550,4040285720571774014,583967958457484350,2026-05-18,Calça Feminina Jeans Wide Leg Cintura Alta Azul Médio Marmorizado,REF55142,"Azul Médio Marmorizado , 42",89.9,89.9,Item doesn't fit,RETURN_OR_REFUND_REQUEST_COMPLETE,RETURN_AND_REFUND
4040285834511091545,4040285834511026009,583791595137369945,2026-05-18,Calça Jeans Feminina Wide Leg Jeans Feminina Cintura Alta,REF51638,"Marmorizada, 38",71.0,71.0,Item doesn't fit,RETURN_OR_REFUND_REQUEST_COMPLETE,RETURN_AND_REFUND
4040286316283266260,4040286316283200724,584032354533606612,2026-05-18,Calça Jeans Feminina Wide Leg Cintura Alta Amarelo Manteiga,REF55040,"AMARELO MANTEIGA, 40",101.75,101.75,Item doesn't fit,RETURN_OR_REFUND_REQUEST_CANCEL,RETURN_AND_REFUND
4040280662033204526,4040280662033138990,583767906537276718,2026-05-18,Shorts Mom/Social Feminino Jeans Cintura Alta Barra Dobrada,REF55536,"Azul Médio Marmorizado, 36",46.55,46.55,Item doesn't fit,RETURN_OR_REFUND_REQUEST_CANCEL,RETURN_AND_REFUND
4040279007423661681,4040279007423596145,583669632906397297,2026-05-18,Calça Jeans Feminina Wide Leg Jeans Feminina Cintura Alta,REF52544,"Stone Used, 44",83.83,83.83,Item doesn't fit,RETURN_OR_REFUND_REQUEST_COMPLETE,RETURN_AND_REFUND
4040306134151890905,4040306134151825369,584074094085572569,2026-05-19,Calça Baggy Jeans Feminina Cintura Média Marmorizada,REF58736,"Marmorizada , 36",97.65,97.65,Item doesn't fit,RETURN_OR_REFUND_REQUEST_COMPLETE,RETURN_AND_REFUND
4040299363934307928,4040299363934242392,584027623182534232,2026-05-19,Calça Baggy Jeans Feminina Cintura Média Marmorizada,REF58736,"Marmorizada , 36",87.25,87.25,Item doesn't fit,BUYER_SHIPPED_ITEM,RETURN_AND_REFUND
4040302707220972690,4040302707220907154,583694620107768978,2026-05-19,Calça Jeans Feminina Wide Leg Jeans Feminina Cintura Alta,REF51636,"Marmorizada, 36",77.5,77.5,Item doesn't fit,BUYER_SHIPPED_ITEM,RETURN_AND_REFUND
4040304640147949357,4040304640147883821,584077609669461805,2026-05-19,Calça Jeans Feminina Wide Leg Jeans Feminina Cintura Alta,REF51642,"Marmorizada, 42",94.9,94.9,Item doesn't fit,BUYER_SHIPPED_ITEM,RETURN_AND_REFUND
4040307900469904801,4040307900469839265,583699174984877473,2026-05-19,Calça Feminina Jeans Wide Leg Cintura Alta Azul Médio Marmorizado,REF55136,"Azul Médio Marmorizado , 36",90.71,90.71,No longer needed,BUYER_SHIPPED_ITEM,RETURN_AND_REFUND
4040306494807705138,4040306494807639602,584029848518297138,2026-05-19,Calça Jeans Feminina Wide Leg Jeans Feminina Cintura Alta,REF52542,"Stone Used, 42",89.5,89.5,Item doesn't fit,AWAITING_BUYER_SHIP,RETURN_AND_REFUND
4040306206189717042,4040306206189651506,583785053595600434,2026-05-19,Calça Jeans Feminina Wide Leg Jeans Feminina Cintura Alta,REF51638,"Marmorizada, 38",71.8,71.8,Defective item,RETURN_OR_REFUND_REQUEST_CANCEL,RETURN_AND_REFUND
4040306033260267058,4040306033260201522,583785053595600434,2026-05-19,Calça Jeans Feminina Wide Leg Jeans Feminina Cintura Alta,REF56238,"Chocolate, 38",85.27,85.27,Defective item,RETURN_OR_REFUND_REQUEST_CANCEL,RETURN_AND_REFUND
4040305809805182718,4040305809805117182,584015366816564990,2026-05-19,Calça Jeans Feminina Wide Leg Jeans Feminina Cintura Alta,REF52540,"Stone Used, 40",92.05,92.05,Item doesn't fit,AWAITING_BUYER_SHIP,RETURN_AND_REFUND
4040298473746040383,4040298473745974847,584013816255907391,2026-05-19,Calça Jeans Feminina Wide Leg Jeans Feminina Cintura Alta,REF52540,"Stone Used, 40",92.05,92.05,Package wasn't received,RETURN_OR_REFUND_REQUEST_CANCEL,REFUND
4040298693144052879,4040298693143987343,584028560348120207,2026-05-19,Calça Jeans Feminina Wide Leg Jeans Feminina Cintura Alta,REF52738,"Sky Used, 38",79.9,79.9,Item doesn't fit,RETURN_OR_REFUND_REQUEST_COMPLETE,RETURN_AND_REFUND
4040299483401192642,4040299483401127106,583650910880171202,2026-05-19,Calça Jeans Feminina Wide Leg Jeans Feminina Cintura Alta,REF52544,"Stone Used, 44",61.1,61.1,Defective item,RETURN_OR_REFUND_REQUEST_CANCEL,RETURN_AND_REFUND
4040300406624519947,4040300406624454411,584015559844333323,2026-05-19,Calça Jeans Feminina Wide Leg Jeans Feminina Cintura Alta,REF51638,"Marmorizada, 38",77.55,77.55,Item doesn't fit,RETURN_OR_REFUND_REQUEST_COMPLETE,RETURN_AND_REFUND
4040300494002292491,4040300494002226955,584015559844333323,2026-05-19,Calça Mom Jeans Feminina Cintura Alta Marmorizada,REF58838,"Marmorizada , 38",87.25,87.25,Item doesn't fit,RETURN_OR_REFUND_REQUEST_COMPLETE,RETURN_AND_REFUND
4040302464341476458,4040302464341410922,583929043697370218,2026-05-19,Calça Jeans Feminina Wide Leg Cintura Alta Amarelo Manteiga,REF55038,"AMARELO MANTEIGA, 38",71.44,71.44,Item doesn't fit,RETURN_OR_REFUND_REQUEST_COMPLETE,RETURN_AND_REFUND
4040302501990466666,4040302501990401130,583881097577006186,2026-05-19,Calça Jeans Feminina Wide Leg Cintura Alta- Candy Colors,REF54938,"ROSA BEBÊ, 38",109.73,109.73,Item doesn't fit,RETURN_OR_REFUND_REQUEST_COMPLETE,RETURN_AND_REFUND
4040303086782482148,4040303086782416612,584029725982164708,2026-05-19,Calça Jeans Feminina Wide Leg Jeans Feminina Cintura Alta,REF51640,"Marmorizada, 40",71.91,71.91,Wrong item was sent,RETURN_OR_REFUND_REQUEST_COMPLETE,RETURN_AND_REFUND
4040303092589430500,4040303092589364964,584029725982164708,2026-05-19,Calça Jeans Feminina Wide Leg Jeans Feminina Cintura Alta,REF52540,"Stone Used, 40",71.91,71.91,Item doesn't fit,RETURN_OR_REFUND_REQUEST_COMPLETE,RETURN_AND_REFUND
4040303449454970510,4040303426185758350,584029317040604814,2026-05-19,Calça Jeans Feminina Wide Leg Jeans Feminina Cintura Alta,REF51638,"Marmorizada, 38",78.96,78.96,Item doesn't fit,AWAITING_BUYER_SHIP,RETURN_AND_REFUND
4040303966195058012,4040303966194992476,584029893552211292,2026-05-19,Calça Jeans Feminina Wide Leg Jeans Feminina Cintura Alta,REF52540,"Stone Used, 40",75.11,75.11,Item doesn't fit,RETURN_OR_REFUND_REQUEST_COMPLETE,RETURN_AND_REFUND
4040304318599432036,4040304318599366500,584059734456698724,2026-05-19,Calça Jeans Feminina Wide Leg Jeans Feminina Cintura Alta,REF52542,"Stone Used, 42",77.81,77.81,Item doesn't fit,RETURN_OR_REFUND_REQUEST_COMPLETE,RETURN_AND_REFUND
4040305177200920152,4040305177200854616,584027623182534232,2026-05-19,Calça Jeans Feminina Wide Leg Jeans Feminina Cintura Alta,REF51636,"Marmorizada, 36",77.55,77.55,Item doesn't fit,AWAITING_BUYER_SHIP,RETURN_AND_REFUND
4040305349204346084,4040305349204280548,583983815830504676,2026-05-19,Calça Jeans Feminina Wide Leg Jeans Feminina Cintura Alta,REF52536,"Stone Used, 36",96.71,96.71,Item doesn't fit,AWAITING_BUYER_SHIP,RETURN_AND_REFUND
4040305556938982817,4040305556938917281,583967808310969761,2026-05-19,Calça Jeans Feminina Wide Leg Jeans Feminina Cintura Alta,REF51640,"Marmorizada, 40",77.2,77.2,Item doesn't fit,RETURN_OR_REFUND_REQUEST_COMPLETE,RETURN_AND_REFUND
4040305679368029396,4040305679367963860,584032354533606612,2026-05-19,Calça Jeans Feminina Wide Leg Cintura Alta Amarelo Manteiga,REF55040,"AMARELO MANTEIGA, 40",101.75,101.75,Item doesn't fit,RETURN_OR_REFUND_REQUEST_COMPLETE,RETURN_AND_REFUND
4040306005708146500,4040306005708080964,584073270341764932,2026-05-19,Calça Jeans Feminina Wide Leg Jeans Feminina Cintura Alta,REF52540,"Stone Used, 40",94.9,94.9,"Fabric, material or style not as expected",RETURN_OR_REFUND_REQUEST_COMPLETE,RETURN_AND_REFUND
4040324880484041813,4040324880483976277,584030828027872341,2026-05-20,Calça Jeans Feminina Wide Leg Jeans Feminina Cintura Alta Stone Used,REF52544,44,83.39,83.39,"Fabric, material or style not as expected",RETURN_OR_REFUND_REQUEST_COMPLETE,RETURN_AND_REFUND
4040324242896095075,4040324242896029539,584049345458440035,2026-05-20,Calça Jeans Feminina Wide Leg Jeans Feminina Cintura Alta,REF51636,"Marmorizada, 36",96.39,96.39,Item doesn't fit,RETURN_OR_REFUND_REQUEST_COMPLETE,RETURN_AND_REFUND
4040324192174900853,4040324192174835317,584075114868803189,2026-05-20,Calça Baggy Jeans Feminina Cintura Média Marmorizada,REF58738,"Marmorizada , 38",82.7,82.7,"Fabric, material or style not as expected",RETURN_OR_REFUND_REQUEST_COMPLETE,RETURN_AND_REFUND
4040323851692902335,4040323851692836799,583608992241059775,2026-05-20,Calça Jeans Feminina Wide Leg Jeans Feminina Cintura Alta,REF51642,"Marmorizada, 42",65.46,65.46,Item doesn't fit,RETURN_OR_REFUND_REQUEST_COMPLETE,RETURN_AND_REFUND
4040323768857757134,4040323768857691598,584027083708073422,2026-05-20,Calça Jeans Feminina Wide Leg Jeans Feminina Cintura Alta,REF52542,"Stone Used, 42",71.91,71.91,Item doesn't fit,RETURN_OR_REFUND_REQUEST_COMPLETE,RETURN_AND_REFUND
4040325664322324354,4040325664322258818,584061844642760578,2026-05-20,Shorts Mom/Social Feminino Jeans Cintura Alta Barra Dobrada Candy Colors,REF55940,"Rosa Bebê , 40",59.95,59.95,Item doesn't fit,RETURN_OR_REFUND_REQUEST_COMPLETE,RETURN_AND_REFUND
4040319765562623423,4040319765562557887,583766517656946111,2026-05-20,Calça Jeans Feminina Wide Leg Jeans Feminina Cintura Alta,REF56242,"Chocolate, 42",64.99,64.99,Item doesn't fit,BUYER_SHIPPED_ITEM,RETURN_AND_REFUND
4040311775041521081,4040311775041455545,583980679257687481,2026-05-20,Calça Jeans Feminina Wide Leg Cintura Alta- Candy Colors,REF55042,"AMARELO MANTEIGA, 42",85.91,85.91,Color or pattern not as expected,BUYER_SHIPPED_ITEM,RETURN_AND_REFUND
4040311776965002681,4040311776964937145,583980679257687481,2026-05-20,Blusa Feminina Jeans Bata Tomara Que Caia Candy Colors,REF580G,"Amarelo Manteiga , G",81.39,81.39,Item doesn't match description,BUYER_SHIPPED_ITEM,RETURN_AND_REFUND
4040311922199463353,4040311922199397817,583980679257687481,2026-05-20,Calça Jeans Feminina Wide Leg Cintura Alta- Candy Colors,REF54942,"ROSA BEBÊ, 42",85.91,85.91,Color or pattern not as expected,BUYER_SHIPPED_ITEM,RETURN_AND_REFUND
4040311946867606969,4040311946867541433,583980679257687481,2026-05-20,Blusa Feminina Jeans Bata Tomara Que Caia Candy Colors,REF579G,"Rosa Bebê , G",81.39,81.39,Item doesn't match description,BUYER_SHIPPED_ITEM,RETURN_AND_REFUND
4040313747167675830,4040313747167610294,584060868968220086,2026-05-20,Calça Feminina Jeans Wide Leg Cintura Alta Azul Médio Marmorizado,REF55138,"Azul Médio Marmorizado , 38",109.9,109.9,Item doesn't match description,BUYER_SHIPPED_ITEM,RETURN_AND_REFUND
4040323568937502559,4040323568937437023,584045095909492575,2026-05-20,Calça Jeans Feminina Wide Leg Jeans Feminina Cintura Alta,REF51644,"Marmorizada, 44",87.73,87.73,Item doesn't fit,RETURN_OR_REFUND_REQUEST_COMPLETE,RETURN_AND_REFUND
4040322960383443969,4040322960383378433,584027283645432833,2026-05-20,Calça Jeans Feminina Wide Leg Jeans Feminina Cintura Alta,REF52540,"Stone Used, 40",71.91,71.91,Item doesn't fit,RETURN_OR_REFUND_REQUEST_COMPLETE,RETURN_AND_REFUND
4040322134481536304,4040322134481470768,584062074327958832,2026-05-20,Calça Jeans Feminina Wide Leg Jeans Feminina Cintura Alta,REF51638,"Marmorizada, 38",97.04,97.04,Item doesn't fit,RETURN_OR_REFUND_REQUEST_CANCEL,RETURN_AND_REFUND
4040322671717746148,4040322671717680612,584075795319522788,2026-05-20,Calça Baggy Jeans Feminina Cintura Média Marmorizada,REF58736,"Marmorizada , 36",84.9,84.9,Item doesn't fit,RETURN_OR_REFUND_REQUEST_COMPLETE,RETURN_AND_REFUND
4040312188701607353,4040312188701541817,584027550861395385,2026-05-20,Calça Jeans Feminina Wide Leg Jeans Feminina Cintura Alta,REF55042,"Amarelo Manteiga, 42",85.67,85.67,Item doesn't fit,RETURN_OR_REFUND_REQUEST_COMPLETE,RETURN_AND_REFUND
4040312188701476281,4040312188701410745,584027550861395385,2026-05-20,Calça Jeans Feminina Wide Leg Jeans Feminina Cintura Alta,REF52542,"Stone Used, 42",72.12,72.12,Item doesn't fit,RETURN_OR_REFUND_REQUEST_COMPLETE,RETURN_AND_REFUND
4040312235466261945,4040312235466196409,584027550861395385,2026-05-20,Blusa Feminina Jeans Bata Tomara Que Caia Candy Colors,REF580G,"Amarelo Manteiga , G",81.15,81.15,No longer needed,RETURN_OR_REFUND_REQUEST_COMPLETE,RETURN_AND_REFUND
4040315449985500164,4040315449985434628,583633518858372100,2026-05-20,Calça Jeans Feminina Wide Leg Jeans Feminina Cintura Alta,REF52540,"Stone Used, 40",80.7,80.7,Item doesn't fit,RETURN_OR_REFUND_REQUEST_COMPLETE,RETURN_AND_REFUND
4040316078359939003,4040316078359873467,584013855741740987,2026-05-20,Calça Jeans Feminina Wide Leg Jeans Feminina Cintura Alta Stone Used,REF52542,42,79.99,79.99,Wrong item was sent,AWAITING_BUYER_SHIP,RETURN_AND_REFUND
4040317935341897693,4040317935341832157,583623350262663133,2026-05-20,Calça Jeans Feminina Wide Leg Jeans Feminina Cintura Alta,REF51638,"Marmorizada, 38",62.99,62.99,Item doesn't fit,RETURN_OR_REFUND_REQUEST_COMPLETE,RETURN_AND_REFUND
4040318129482663779,4040318129482598243,583715920864511843,2026-05-20,Calça Jeans Feminina Wide Leg Jeans Feminina Cintura Alta,REF52746,"Sky Used, 46",65.46,65.46,Item doesn't fit,AWAITING_BUYER_SHIP,RETURN_AND_REFUND
4040318665870968161,4040318665870902625,584088873515648353,2026-05-20,Calça Jeans Feminina Wide Leg Jeans Feminina Cintura Alta,REF52540,"Stone Used, 40",69.75,69.75,Item doesn't fit,RETURN_OR_REFUND_REQUEST_COMPLETE,RETURN_AND_REFUND
4040322680636081502,4040322680636015966,584045109310752094,2026-05-20,Calça Mom Jeans Feminina Cintura Alta Marmorizada,REF58840,"Marmorizada , 40",82.35,82.35,Item doesn't fit,RETURN_OR_REFUND_REQUEST_COMPLETE,RETURN_AND_REFUND
4040318910581409635,4040318910581344099,584027847207913315,2026-05-20,Calça Mom Jeans Feminina Cintura Alta Marmorizada,REF58838,"Marmorizada , 38",92.49,92.49,Item doesn't fit,RETURN_OR_REFUND_REQUEST_COMPLETE,RETURN_AND_REFUND
4040320667318323033,4040320667318257497,584027617089259353,2026-05-20,Calça Jeans Feminina Wide Leg Jeans Feminina Cintura Alta,REF51638,"Marmorizada, 38",71.91,71.91,Item doesn't fit,RETURN_OR_REFUND_REQUEST_COMPLETE,RETURN_AND_REFUND
4040320729792349336,4040320729792283800,584012085672838296,2026-05-20,Calça Jeans Feminina Wide Leg Jeans Feminina Cintura Alta,REF52540,"Stone Used, 40",71.91,71.91,Item doesn't fit,RETURN_OR_REFUND_REQUEST_COMPLETE,RETURN_AND_REFUND
4040320763783055230,4040320763782989694,584030308568631166,2026-05-20,Calça Jeans Feminina Wide Leg Jeans Feminina Cintura Alta,REF52540,"Stone Used, 40",74.51,74.51,Item doesn't fit,RETURN_OR_REFUND_REQUEST_COMPLETE,RETURN_AND_REFUND
4040320906665165896,4040320906665100360,583982762215310408,2026-05-20,Calça Mom Jeans Feminina Cintura Alta Marmorizada,REF58844,"Marmorizada , 44",82.35,82.35,Item doesn't fit,RETURN_OR_REFUND_REQUEST_COMPLETE,RETURN_AND_REFUND
4040321474873099414,4040321474873033878,583638034316559510,2026-05-20,Calça Jeans Feminina Wide Leg Jeans Feminina Cintura Alta,REF52746,"Sky Used, 46",68.66,68.66,Item doesn't fit,RETURN_OR_REFUND_REQUEST_COMPLETE,RETURN_AND_REFUND
4040321528872338557,4040321528872273021,584057308549317757,2026-05-20,Calça Jeans Feminina Wide Leg Jeans Feminina Cintura Alta,REF51638,"Marmorizada, 38",94.9,94.9,Item doesn't fit,RETURN_OR_REFUND_REQUEST_COMPLETE,RETURN_AND_REFUND
4040321748244203173,4040321748244137637,584013890900887205,2026-05-20,Calça Mom Jeans Feminina Cintura Alta Marmorizada,REF58844,"Marmorizada , 44",87.21,87.21,Color or pattern not as expected,RETURN_OR_REFUND_REQUEST_COMPLETE,RETURN_AND_REFUND
4040321807592359470,4040321807592293934,584061498196526638,2026-05-20,Calça Mom Jeans Feminina Cintura Alta Marmorizada,REF58838,"Marmorizada , 38",84.9,84.9,Defective item,AWAITING_BUYER_SHIP,RETURN_AND_REFUND
4040320632001693450,4040320632001627914,584029607296665354,2026-05-20,Calça Jeans Feminina Wide Leg Jeans Feminina Cintura Alta,REF52536,"Stone Used, 36",78.84,78.84,Item doesn't fit,RETURN_OR_REFUND_REQUEST_COMPLETE,RETURN_AND_REFUND
4040322031386265314,4040322031386199778,583933862667388642,2026-05-20,Calça Mom Jeans Feminina Cintura Alta Marmorizada,REF58836,"Marmorizada , 36",78.38,78.38,Item doesn't fit,RETURN_OR_REFUND_REQUEST_CANCEL,RETURN_AND_REFUND
4040322043278624689,4040322043278559153,584090218322167729,2026-05-20,Calça Jeans Feminina Wide Leg Jeans Feminina Cintura Alta,REF56238,"Chocolate, 38",85.41,85.41,Item doesn't fit,RETURN_OR_REFUND_REQUEST_COMPLETE,RETURN_AND_REFUND
4040322434880669124,4040322428344567236,584076472546526660,2026-05-20,Calça Baggy Jeans Feminina Cintura Média Marmorizada,REF58736,"Marmorizada , 36",84.9,84.9,Defective item,AWAITING_BUYER_SHIP,RETURN_AND_REFUND
4040322361429231372,4040322361429165836,584075738555909900,2026-05-20,Calça Baggy Jeans Feminina Cintura Média Marmorizada,REF58738,"Marmorizada , 38",84.52,84.52,Item doesn't fit,RETURN_OR_REFUND_REQUEST_COMPLETE,RETURN_AND_REFUND
4040322300377007530,4040322300376941994,584089296430728618,2026-05-20,Calça Jeans Feminina Wide Leg Jeans Feminina Cintura Alta,REF56242,"Chocolate, 42",91.3,91.3,Item doesn't fit,RETURN_OR_REFUND_REQUEST_COMPLETE,RETURN_AND_REFUND
4040322290286626218,4040322290286560682,584058495982011818,2026-05-20,Calça Mom Jeans Feminina Cintura Alta Marmorizada,REF58842,"Marmorizada , 42",82.35,82.35,Item doesn't fit,RETURN_OR_REFUND_REQUEST_COMPLETE,RETURN_AND_REFUND
4040322224979936700,4040322224979871164,584015289709790652,2026-05-20,Calça Jeans Feminina Wide Leg Cintura Alta- Candy Colors,REF54936,"ROSA BEBÊ, 36",106.02,106.02,Item doesn't fit,RETURN_OR_REFUND_REQUEST_COMPLETE,RETURN_AND_REFUND
4040322571643683962,4040322571643618426,584028825190696058,2026-05-20,Calça Jeans Feminina Wide Leg Jeans Feminina Cintura Alta,REF52546,"Stone Used, 46",70.7,70.7,Defective item,AWAITING_BUYER_SHIP,RETURN_AND_REFUND
4040345147799143482,4040345147799077946,584091909971608634,2026-05-21,Calça Jeans Feminina Wide Leg Jeans Feminina Cintura Alta,REF56240,"Chocolate, 40",82.85,82.85,Item doesn't fit,RETURN_OR_REFUND_REQUEST_COMPLETE,RETURN_AND_REFUND
4040327063067067782,4040327063067002246,583700058338198918,2026-05-21,Calça Jeans Feminina Wide Leg Jeans Feminina Cintura Alta,REF52746,"Sky Used, 46",81.99,81.99,Item doesn't fit,AWAITING_BUYER_SHIP,RETURN_AND_REFUND
4040332067126936724,4040332067126871188,584001377244251284,2026-05-21,Calça Jeans Feminina Wide Leg Jeans Cintura alta,REF54742,"Preto , 42",109.9,109.9,No longer needed,AWAITING_BUYER_SHIP,RETURN_AND_REFUND
4040334265737643079,4040334265737577543,584076139901387847,2026-05-21,Calça Jeans Feminina Wide Leg Jeans Feminina Cintura Alta,REF51642,"Marmorizada, 42",94.9,94.9,Item doesn't fit,RETURN_OR_REFUND_REQUEST_COMPLETE,RETURN_AND_REFUND
4040337754115180411,4040337754115114875,583999513707186043,2026-05-21,Calça Feminina Jeans Wide Leg Cintura Alta Azul Médio Marmorizado,REF55142,"Azul Médio Marmorizado , 42",109.15,109.15,Item doesn't fit,RETURN_OR_REFUND_REQUEST_COMPLETE,RETURN_AND_REFUND
4040341121506837743,4040341121506772207,584029674945021167,2026-05-21,Calça Jeans Feminina Wide Leg Jeans Feminina Cintura Alta,REF52538,"Stone Used, 38",73.96,73.96,Item doesn't fit,RETURN_OR_REFUND_REQUEST_COMPLETE,RETURN_AND_REFUND
4040341981954344737,4040341981954279201,584106368149653281,2026-05-21,Calça Jeans Feminina Wide Leg Jeans Feminina Cintura Alta,REF51636,"Marmorizada, 36",79.3,79.3,Item doesn't fit,RETURN_OR_REFUND_REQUEST_COMPLETE,RETURN_AND_REFUND
4040342115599287653,4040342115599222117,584090233128846693,2026-05-21,Calça Jeans Feminina Wide Leg Jeans Feminina Cintura Alta,REF52542,"Stone Used, 42",82.71,82.71,Item doesn't fit,RETURN_OR_REFUND_REQUEST_COMPLETE,RETURN_AND_REFUND
4040342523353990420,4040342523353924884,584090639185184020,2026-05-21,Calça Jeans Feminina Wide Leg Jeans Feminina Cintura Alta,REF54940,"Rosa Bebê , 40",82.85,82.85,Item doesn't match description,RETURN_OR_REFUND_REQUEST_CANCEL,RETURN_AND_REFUND
4040342549212464544,4040342549212399008,584046992327148960,2026-05-21,Calça Jeans Feminina Wide Leg Jeans Feminina Cintura Alta,REF51636,"Marmorizada, 36",102.88,102.88,Item doesn't fit,RETURN_OR_REFUND_REQUEST_COMPLETE,RETURN_AND_REFUND
4040344232147518816,4040344232147453280,584071129309414752,2026-05-21,Calça Jeans Feminina Wide Leg Jeans Feminina Cintura Alta,REF51638,"Marmorizada, 38",94.9,94.9,Item doesn't fit,AWAITING_BUYER_SHIP,RETURN_AND_REFUND
4040344474862388708,4040344474862323172,584076687883994596,2026-05-21,Calça Baggy Jeans Feminina Cintura Média Marmorizada,REF58738,"Marmorizada , 38",84.9,84.9,Item doesn't fit,RETURN_OR_REFUND_REQUEST_COMPLETE,RETURN_AND_REFUND
4040342844875507609,4040342844875442073,583998331664369561,2026-05-21,Calça Jeans Feminina Wide Leg Jeans Feminina Cintura Alta,REF51636,"Marmorizada, 36",94.9,94.9,"Fabric, material or style not as expected",BUYER_SHIPPED_ITEM,RETURN_AND_REFUND
4040345006765212696,4040345006765147160,584076428865864728,2026-05-21,Calça Jeans Feminina Wide Leg Jeans Feminina Cintura Alta,REF51642,"Marmorizada, 42",94.5,94.5,Item doesn't fit,AWAITING_BUYER_SHIP,RETURN_AND_REFUND
4040342067765151200,4040342067765085664,584011885417825760,2026-05-21,Calça Mom Jeans Feminina Cintura Alta Marmorizada,REF58840,"Marmorizada , 40",71.92,71.92,Wrong item was sent,RETURN_OR_REFUND_REQUEST_COMPLETE,RETURN_AND_REFUND
4040344609163741046,4040344609163675510,584075097480464246,2026-05-21,Calça Baggy Jeans Feminina Cintura Média Marmorizada,REF58742,"Marmorizada , 42",87.5,87.5,Item doesn't fit,RETURN_OR_REFUND_REQUEST_COMPLETE,RETURN_AND_REFUND
4040345063539509169,4040345063539443633,584090305074595761,2026-05-21,Calça Jeans Feminina Wide Leg Jeans Feminina Cintura Alta,REF51638,"Marmorizada, 38",79.9,79.9,Item doesn't fit,RETURN_OR_REFUND_REQUEST_COMPLETE,RETURN_AND_REFUND
4040349166637189040,4040349166637123504,583789050307053488,2026-05-21,Calça Jeans Feminina Wide Leg Jeans Feminina Cintura Alta,REF51640,"Marmorizada, 40",77.7,77.7,Defective item,AWAITING_BUYER_SHIP,RETURN_AND_REFUND
4040346323886113803,4040346323886048267,584075884003886091,2026-05-21,Calça Baggy Jeans Feminina Cintura Média Marmorizada,REF58738,"Marmorizada , 38",95.0,95.0,Item doesn't fit,RETURN_OR_REFUND_REQUEST_COMPLETE,RETURN_AND_REFUND
4040346982810748500,4040346982810682964,583789748327056980,2026-05-21,Calça Jeans Feminina Wide Leg Jeans Feminina Cintura Alta,REF51644,"Marmorizada, 44",79.9,79.9,Item doesn't match description,AWAITING_BUYER_SHIP,RETURN_AND_REFUND
4040347841982727248,4040347841982661712,584093917539238992,2026-05-21,Calça Baggy Jeans Feminina Cintura Média Marmorizada,REF58746,"Marmorizada , 46",84.9,84.9,Item doesn't fit,RETURN_OR_REFUND_REQUEST_COMPLETE,RETURN_AND_REFUND
4040348342473361173,4040348342473295637,584077651396036373,2026-05-21,Calça Jeans Feminina Wide Leg Jeans Feminina Cintura Alta,REF52536,"Stone Used, 36",74.08,74.08,No longer needed,RETURN_OR_REFUND_REQUEST_COMPLETE,RETURN_AND_REFUND
4040348559327659529,4040348559327593993,583771749753521673,2026-05-21,Calça Jeans Feminina Wide Leg Jeans Feminina Cintura Alta,REF51642,"Marmorizada, 42",69.99,69.99,Item doesn't fit,AWAITING_BUYER_SHIP,RETURN_AND_REFUND
4040349235122570298,4040349235122504762,584044301560742970,2026-05-21,Calça Jeans Feminina Wide Leg Jeans Feminina Cintura Alta,REF52540,"Stone Used, 40",91.55,91.55,Item doesn't fit,RETURN_OR_REFUND_REQUEST_CANCEL,RETURN_AND_REFUND
4040345702476514439,4040345702476448903,584109124133028999,2026-05-21,Calça Jeans Feminina Wide Leg Jeans Feminina Cintura Alta,REF51640,"Marmorizada, 40",78.35,78.35,Item doesn't fit,RETURN_OR_REFUND_REQUEST_COMPLETE,RETURN_AND_REFUND
4040380116997473400,4040380116997276792,584061080230790264,2026-05-22,Calça Jeans Feminina Wide Leg Jeans Feminina Cintura Alta,REF52540,"Stone Used, 40",99.3,99.3,Item doesn't fit,BUYER_SHIPPED_ITEM,RETURN_AND_REFUND
4040377453646546632,4040377453646481096,584087043611133640,2026-05-22,Calça Jeans Feminina Wide Leg Jeans Feminina Cintura Alta,REF51638,"Marmorizada, 38",106.68,106.68,No longer needed,BUYER_SHIPPED_ITEM,RETURN_AND_REFUND
4040374472343258640,4040374472343193104,584074912257639952,2026-05-22,Calça Baggy Jeans Feminina Cintura Média Marmorizada,REF58742,"Marmorizada , 42",89.9,89.9,Item doesn't fit,BUYER_SHIPPED_ITEM,RETURN_AND_REFUND
4040373381959288827,4040373381959223291,584043736111745019,2026-05-22,Calça Jeans Feminina Wide Leg Jeans Feminina Cintura Alta,REF51638,"Marmorizada, 38",92.05,92.05,Defective item,BUYER_SHIPPED_ITEM,RETURN_AND_REFUND
4040371389822174497,4040371389822108961,583637957742527777,2026-05-22,Calça Feminina Jeans Wide Leg Cintura Alta Azul Médio Marmorizado,REF55138,"Azul Médio Marmorizado , 38",79.32,79.32,Defective item,RETURN_OR_REFUND_REQUEST_COMPLETE,REFUND
4040373243716600865,4040373243716535329,584091803020395553,2026-05-22,Calça Jeans Feminina Wide Leg Cintura Alta Chocolate,REF56244,"Chocolate, 44",89.64,89.64,Item doesn't fit,BUYER_SHIPPED_ITEM,RETURN_AND_REFUND
4040372954411664884,4040372954411599348,584109969553917428,2026-05-22,Calça Jeans Feminina Wide Leg Jeans Feminina Cintura Alta,REF52544,"Stone Used, 44",75.11,75.11,Item doesn't fit,RETURN_OR_REFUND_REQUEST_COMPLETE,RETURN_AND_REFUND
4040362311965247286,4040362311965181750,584090291326781238,2026-05-22,Calça Jeans Feminina Wide Leg Jeans Cintura alta,REF54638,"Branca , 38",85.41,85.41,Item doesn't fit,RETURN_OR_REFUND_REQUEST_COMPLETE,RETURN_AND_REFUND
4040371971155920441,4040371971155854905,584078321295132217,2026-05-22,Calça Baggy Jeans Feminina Cintura Média Marmorizada,REF58744,"Marmorizada , 44",96.99,96.99,Product wouldn't arrive on time,RETURN_OR_REFUND_REQUEST_COMPLETE,REFUND
4040362329532106550,4040362329532041014,584090291326781238,2026-05-22,Calça Jeans Feminina Wide Leg Jeans Feminina Cintura Alta,REF56238,"Chocolate, 38",82.85,82.85,Item doesn't fit,RETURN_OR_REFUND_REQUEST_CANCEL,RETURN_AND_REFUND
4040362691879666933,4040362691879601397,584109031085933813,2026-05-22,Calça Jeans Feminina Wide Leg Jeans Feminina Cintura Alta,REF51640,"Marmorizada, 40",98.8,98.8,Item doesn't fit,RETURN_OR_REFUND_REQUEST_COMPLETE,RETURN_AND_REFUND
4040363919072789596,4040363919072658524,584092877045072988,2026-05-22,Calça Jeans Feminina Wide Leg Jeans Feminina Cintura Alta,REF51640,"Marmorizada, 40",109.78,109.78,Item doesn't fit,RETURN_OR_REFUND_REQUEST_COMPLETE,RETURN_AND_REFUND
4040367518843766543,4040367518843701007,583966813891888911,2026-05-22,Calça Jeans Feminina Wide Leg Jeans Feminina Cintura Alta,REF52536,"Stone Used, 36",105.65,105.65,Item doesn't fit,AWAITING_BUYER_SHIP,RETURN_AND_REFUND
4040368906221159428,4040368906221093892,584057420149654532,2026-05-22,Calça Jeans Feminina Wide Leg Jeans Cintura Alta Preta Marmorizada,REF52838,38,82.44,82.44,Item doesn't fit,RETURN_OR_REFUND_REQUEST_COMPLETE,RETURN_AND_REFUND
4040369012453246653,4040369012453181117,584058375583008445,2026-05-22,Calça Jeans Feminina Wide Leg Jeans Feminina Cintura Alta,REF52540,"Stone Used, 40",79.05,79.05,Item doesn't match description,RETURN_OR_REFUND_REQUEST_CANCEL,RETURN_AND_REFUND
4040369324028167499,4040369324028101963,584043257325520203,2026-05-22,Calça Baggy Jeans Feminina Cintura Média Marmorizada,REF58738,"Marmorizada , 38",81.08,81.08,Item doesn't fit,RETURN_OR_REFUND_REQUEST_COMPLETE,RETURN_AND_REFUND
4040369425702684349,4040369425702618813,584058375583008445,2026-05-22,Calça Jeans Feminina Wide Leg Jeans Feminina Cintura Alta,REF52540,"Stone Used, 40",79.05,79.05,Defective item,RETURN_OR_REFUND_REQUEST_COMPLETE,RETURN_AND_REFUND
4040360872354678021,4040360872354612485,583681442690401541,2026-05-22,Calça Jeans Feminina Wide Leg Cintura Alta Amarelo Manteiga,REF55038,"AMARELO MANTEIGA, 38",88.82,88.82,Item doesn't fit,AWAITING_BUYER_SHIP,RETURN_AND_REFUND
4040370593243694232,4040370593243628696,584122518087894168,2026-05-22,Calça Jeans Feminina Wide Leg Jeans Feminina Cintura Alta,REF51640,"Marmorizada, 40",73.7,73.7,Item doesn't fit,RETURN_OR_REFUND_REQUEST_COMPLETE,RETURN_AND_REFUND
4040371293916661709,4040371293916596173,584042370290452429,2026-05-22,Calça Jeans Feminina Wide Leg Jeans Feminina Cintura Alta,REF52538,"Stone Used, 38",94.9,94.9,Package wasn't received,RETURN_OR_REFUND_REQUEST_COMPLETE,REFUND
4040378218622256582,4040378218622191046,584092186655294918,2026-05-22,Shorts Jeans Feminino Cintura Alta Casual,REF57540,"Azul Escuro , 40",49.46,49.46,Item doesn't fit,RETURN_OR_REFUND_REQUEST_COMPLETE,RETURN_AND_REFUND
4040373523329025592,4040373523328960056,583683416661460536,2026-05-22,Calça Jeans Feminina Wide Leg Cintura Alta Chocolate,REF56242,"Chocolate, 42",62.07,62.07,Item doesn't fit,RETURN_OR_REFUND_REQUEST_COMPLETE,RETURN_AND_REFUND
4040374524619032258,4040374524618966722,584027870133192386,2026-05-22,Calça Jeans Feminina Wide Leg Jeans Feminina Cintura Alta,REF51638,"Marmorizada, 38",78.65,78.65,Item doesn't fit,RETURN_OR_REFUND_REQUEST_COMPLETE,RETURN_AND_REFUND
4040374705987814880,4040374705987749344,584123497233679840,2026-05-22,Calça Jeans Feminina Wide Leg Jeans Feminina Cintura Alta,REF51640,"Marmorizada, 40",94.9,94.9,Item doesn't fit,AWAITING_BUYER_SHIP,RETURN_AND_REFUND
4040375013322097670,4040375013322032134,584107885901808646,2026-05-22,Calça Jeans Feminina Wide Leg Jeans Feminina Cintura Alta,REF51644,"Marmorizada, 44",74.9,74.9,Item doesn't fit,RETURN_OR_REFUND_REQUEST_COMPLETE,RETURN_AND_REFUND
4040375546333070454,4040375546333004918,584011342914552950,2026-05-22,Calça Jeans Feminina Wide Leg Jeans Cintura alta,REF54744,"Preto , 44",85.41,85.41,Item doesn't fit,RETURN_OR_REFUND_REQUEST_CANCEL,RETURN_AND_REFUND
4040376296622621981,4040376296622556445,584101949329016093,2026-05-22,Calça Jeans Feminina Wide Leg Jeans Feminina Cintura Alta,REF51640,"Marmorizada, 40",96.45,96.45,Item doesn't fit,AWAITING_BUYER_SHIP,RETURN_AND_REFUND
4040376339316114778,4040376339316049242,584072693892613466,2026-05-22,Calça Jeans Feminina Wide Leg Jeans Feminina Cintura Alta,REF52536,"Stone Used, 36",105.73,105.73,No longer needed,AWAITING_BUYER_SHIP,RETURN_AND_REFUND
4040376341376566618,4040376341376501082,584072693892613466,2026-05-22,Calça Jeans Feminina Wide Leg Jeans Feminina Cintura Alta,REF52542,"Stone Used, 42",105.73,105.73,No longer needed,RETURN_OR_REFUND_REQUEST_COMPLETE,RETURN_AND_REFUND
4040378229633091156,4040378229633025620,584109470751426132,2026-05-22,Calça Jeans Feminina Wide Leg Jeans Feminina Cintura Alta,REF52536,"Stone Used, 36",77.4,77.4,Item doesn't fit,RETURN_OR_REFUND_REQUEST_COMPLETE,RETURN_AND_REFUND
4040378268196832852,4040378268196767316,584109470751426132,2026-05-22,Calça Jeans Feminina Wide Leg Jeans Feminina Cintura Alta,REF51636,"Marmorizada, 36",77.4,77.4,Item doesn't fit,RETURN_OR_REFUND_REQUEST_COMPLETE,RETURN_AND_REFUND
4040400639445992452,4040400639445926916,584092065971930116,2026-05-23,Shorts Jeans Feminino Social Cintura Alta Grafite Com Strass,REF58240,"Grafite, 40",62.91,62.91,Item doesn't fit,RETURN_OR_REFUND_REQUEST_COMPLETE,RETURN_AND_REFUND
4040400625204757508,4040400625204691972,584092065971930116,2026-05-23,Shorts Jeans Feminino Cintura Alta Casual,REF57440,"Marmorizado Escuro , 40",49.41,49.41,Item doesn't fit,AWAITING_BUYER_SHIP,RETURN_AND_REFUND
4040398855249626304,4040398855249560768,583639595517052096,2026-05-23,Calça Feminina Jeans Wide Leg Cintura Alta Azul Médio Marmorizado,REF55140,"Azul Médio Marmorizado , 40",78.54,78.54,No longer needed,AWAITING_BUYER_SHIP,RETURN_AND_REFUND
4040397069016269965,4040397069016204429,584119935521031309,2026-05-23,Calça Jeans Feminina Wide Leg Jeans Feminina Cintura Alta,REF51640,"Marmorizada, 40",71.86,71.86,Item doesn't fit,RETURN_OR_REFUND_REQUEST_COMPLETE,RETURN_AND_REFUND
4040404830905010162,4040404830904944626,584029823574181874,2026-05-23,Calça Jeans Feminina Wide Leg Jeans Feminina Cintura Alta,REF51638,"Marmorizada, 38",71.91,71.91,Package wasn't received,RETURN_OR_REFUND_REQUEST_COMPLETE,REFUND
4040390026312254619,4040390026312189083,584088800718718107,2026-05-23,Calça Jeans Feminina Wide Leg Cintura Alta Chocolate,REF56240,"Chocolate, 40",85.41,85.41,Item doesn't fit,RETURN_OR_REFUND_REQUEST_COMPLETE,RETURN_AND_REFUND
4040389841199006821,4040389841198941285,584121081592775781,2026-05-23,Calça Jeans Feminina Wide Leg Jeans Feminina Cintura Alta,REF51636,"Marmorizada, 36",79.9,79.9,"Item arrived damaged. Example: item is dented, scratched or shattered.",AWAITING_BUYER_SHIP,RETURN_AND_REFUND
4040381397436367997,4040381397436302461,584106369024033917,2026-05-23,Calça Jeans Feminina Wide Leg Jeans Feminina Cintura Alta,REF52542,"Stone Used, 42",95.1,95.1,Item doesn't fit,AWAITING_BUYER_SHIP,RETURN_AND_REFUND
4040400815172781991,4040400815172716455,584087736036591527,2026-05-23,Calça Jeans Feminina Wide Leg Jeans Feminina Cintura Alta,REF52540,"Stone Used, 40",74.92,74.92,Item doesn't fit,AWAITING_BUYER_SHIP,RETURN_AND_REFUND
4040395086091028235,4040395086090962699,584120384155977483,2026-05-23,Calça Jeans Feminina Wide Leg Jeans Feminina Cintura Alta,REF52536,"Stone Used, 36",88.3,88.3,Item doesn't fit,RETURN_OR_REFUND_REQUEST_COMPLETE,RETURN_AND_REFUND
4040403992499029435,4040403992498963899,584029515952981435,2026-05-23,Calça Jeans Feminina Wide Leg Jeans Feminina Cintura Alta,REF51636,"Marmorizada, 36",71.91,71.91,Item arrived too late,RETURN_OR_REFUND_REQUEST_COMPLETE,RETURN_AND_REFUND
4040401174458958852,4040401174458893316,584029899674649604,2026-05-23,Shorts Mom/Social Feminino Jeans Cintura Alta Barra Dobrada,REF55338,"Marmorizada, 38",53.95,53.95,Item doesn't fit,RETURN_OR_REFUND_REQUEST_COMPLETE,RETURN_AND_REFUND
4040401154551153668,4040401154551088132,584029899674649604,2026-05-23,Shorts Mom/Social Feminino Jeans Cintura Alta Barra Dobrada Candy Colors,REF55838,"Amarelo Manteiga, 38",53.96,53.96,Item doesn't fit,RETURN_OR_REFUND_REQUEST_CANCEL,RETURN_AND_REFUND
4040404830905141234,4040404830905075698,584029823574181874,2026-05-23,Calça Jeans Feminina Wide Leg Jeans Feminina Cintura Alta,REF56240,"Chocolate, 40",106.41,106.41,Package wasn't received,RETURN_OR_REFUND_REQUEST_COMPLETE,REFUND
4040404904566359360,4040404904566293824,584108693799667008,2026-05-23,Calça Jeans Feminina Wide Leg Jeans Feminina Cintura Alta,REF52540,"Stone Used, 40",97.5,97.5,Item doesn't fit,RETURN_OR_REFUND_REQUEST_COMPLETE,RETURN_AND_REFUND
4040405082237011248,4040405082236945712,584110502670206256,2026-05-23,Calça Jeans Feminina Wide Leg Jeans Feminina Cintura Alta,REF52542,"Stone Used, 42",95.92,95.92,Item doesn't fit,RETURN_OR_REFUND_REQUEST_COMPLETE,RETURN_AND_REFUND
4040405180687942750,4040405180687877214,584123778836497502,2026-05-23,Calça Jeans Feminina Wide Leg Jeans Feminina Cintura Alta,REF51642,"Marmorizada, 42",87.73,87.73,Item doesn't fit,RETURN_OR_REFUND_REQUEST_COMPLETE,RETURN_AND_REFUND
4040405205303264275,4040405205303198739,584110366543414291,2026-05-23,Calça Jeans Feminina Wide Leg Jeans Feminina Cintura Alta,REF52544,"Stone Used, 44",104.2,104.2,Color or pattern not as expected,AWAITING_BUYER_SHIP,RETURN_AND_REFUND
4040405488221652333,4040405488221586797,584044188696216941,2026-05-23,Calça Mom Jeans Feminina Cintura Alta Marmorizada,REF58842,"Marmorizada , 42",73.63,73.63,Item doesn't fit,RETURN_OR_REFUND_REQUEST_COMPLETE,RETURN_AND_REFUND
4040406009655035519,4040406009654969983,584010938415613567,2026-05-23,Calça Jeans Feminina Wide Leg Jeans Feminina Cintura Alta,REF52538,"Stone Used, 38",94.9,94.9,"Fabric, material or style not as expected",RETURN_OR_REFUND_REQUEST_COMPLETE,RETURN_AND_REFUND
4040403946994566659,4040403946994501123,584109445569807875,2026-05-23,Calça Jeans Feminina Wide Leg Jeans Feminina Cintura Alta,REF51638,"Marmorizada, 38",72.71,72.71,Color or pattern not as expected,RETURN_OR_REFUND_REQUEST_COMPLETE,RETURN_AND_REFUND
4040407455243469857,4040407455243404321,584139911427884065,2026-05-23,Calça Jeans Feminina Wide Leg Jeans Feminina Cintura Alta Stone Used,REF52542,42,90.79,90.79,Item doesn't fit,RETURN_OR_REFUND_REQUEST_COMPLETE,RETURN_AND_REFUND
4040408613320819802,4040408613320754266,584121308198306906,2026-05-23,Calça Jeans Feminina Wide Leg Jeans Feminina Cintura Alta,REF51642,"Marmorizada, 42",68.31,68.31,Defective item,RETURN_OR_REFUND_REQUEST_COMPLETE,RETURN_AND_REFUND
4040403263033018123,4040403263032952587,584076436213958411,2026-05-23,Calça Baggy Jeans Feminina Cintura Média Marmorizada,REF58738,"Marmorizada , 38",84.9,84.9,Item doesn't fit,RETURN_OR_REFUND_REQUEST_COMPLETE,RETURN_AND_REFUND
4040402745886737597,4040402745886672061,584025786102351037,2026-05-23,Calça Jeans Feminina Wide Leg Jeans Feminina Cintura Alta,REF51646,"Marmorizada, 46",103.6,103.6,Defective item,BUYER_SHIPPED_ITEM,RETURN_AND_REFUND
4040402390246590328,4040402390246524792,583700919382214520,2026-05-23,Calça Jeans Feminina Wide Leg Jeans Feminina Cintura Alta,REF51636,"Marmorizada, 36",64.79,64.79,Item doesn't fit,BUYER_SHIPPED_ITEM,RETURN_AND_REFUND
4040403082107126823,4040403082107061287,584120822900229159,2026-05-23,Calça Jeans Feminina Wide Leg Jeans Feminina Cintura Alta,REF52538,"Stone Used, 38",71.91,71.91,Item doesn't fit,RETURN_OR_REFUND_REQUEST_COMPLETE,RETURN_AND_REFUND
4040401153233552388,4040401153233486852,584029899674649604,2026-05-23,Shorts Mom/Social Feminino Jeans Cintura Alta Barra Dobrada Candy Colors,REF55938,"Rosa Bebê , 38",53.95,53.95,Item doesn't fit,RETURN_OR_REFUND_REQUEST_CANCEL,RETURN_AND_REFUND
4040406596398712494,4040406596398646958,584069813833795246,2026-05-23,Calça Jeans Feminina Wide Leg Jeans Feminina Cintura Alta,REF51640,"Marmorizada, 40",92.05,92.05,No longer needed,RETURN_OR_REFUND_REQUEST_COMPLETE,RETURN_AND_REFUND
4040442618071778927,4040442618071713391,584012298939893359,2026-05-24,Calça Jeans Feminina Wide Leg Jeans Feminina Cintura Alta Stone Used,REF52538,38,74.99,74.99,Item doesn't fit,BUYER_SHIPPED_ITEM,RETURN_AND_REFUND
4040439011078342234,4040439011078276698,584092056042243674,2026-05-24,Calça Jeans Feminina Wide Leg Jeans Feminina Cintura Alta,REF52538,"Stone Used, 38",71.91,71.91,Item doesn't fit,BUYER_SHIPPED_ITEM,RETURN_AND_REFUND
4040438348109350827,4040438348109285291,584076998682118059,2026-05-24,Calça Jeans Feminina Wide Leg Jeans Feminina Cintura Alta,REF51640,"Marmorizada, 40",108.1,108.1,Item doesn't fit,BUYER_SHIPPED_ITEM,RETURN_AND_REFUND
4040435538988205462,4040435538988139926,584123144073610646,2026-05-24,Calça Jeans Feminina Wide Leg Jeans Feminina Cintura Alta,REF51646,"Marmorizada, 46",94.75,94.75,Item doesn't fit,BUYER_SHIPPED_ITEM,RETURN_AND_REFUND
4040411644004763317,4040411644004697781,584045565603251893,2026-05-24,Calça Jeans Feminina Wide Leg Cintura Alta- Candy Colors,REF54936,"ROSA BEBÊ, 36",104.35,104.35,Item doesn't fit,BUYER_SHIPPED_ITEM,RETURN_AND_REFUND
4040442485797455212,4040442485797389676,584109073997071724,2026-05-24,Calça Jeans Feminina Wide Leg Jeans Feminina Cintura Alta,REF51638,"Marmorizada, 38",103.8,103.8,Item doesn't fit,RETURN_OR_REFUND_REQUEST_COMPLETE,RETURN_AND_REFUND
4040440171087759245,4040440171087693709,584122679994058637,2026-05-24,Calça Jeans Feminina Wide Leg Jeans Feminina Cintura Alta,REF51636,"Marmorizada, 36",71.91,71.91,Item doesn't fit,RETURN_OR_REFUND_REQUEST_COMPLETE,RETURN_AND_REFUND
4040411621633525669,4040411621633460133,584044403394316197,2026-05-24,Calça Baggy Jeans Feminina Cintura Média Marmorizada,REF58744,"Marmorizada , 44",79.22,79.22,Item doesn't fit,RETURN_OR_REFUND_REQUEST_CANCEL,RETURN_AND_REFUND
4040445674291561691,4040445674291496155,584122705752982747,2026-05-24,Calça Baggy Jeans Feminina Cintura Média Marmorizada,REF58738,"Marmorizada , 38",79.46,79.46,Item doesn't fit,RETURN_OR_REFUND_REQUEST_COMPLETE,RETURN_AND_REFUND
4040444703694882061,4040444703694816525,584091964542059789,2026-05-24,Calça Jeans Feminina Wide Leg Jeans Feminina Cintura Alta,REF51642,"Marmorizada, 42",80.19,80.19,"Fabric, material or style not as expected",RETURN_OR_REFUND_REQUEST_COMPLETE,RETURN_AND_REFUND
4040433499004176343,4040433499004110807,584122664284293079,2026-05-24,Calça Jeans Feminina Wide Leg Jeans Feminina Cintura Alta,REF52544,"Stone Used, 44",71.91,71.91,Item doesn't fit,RETURN_OR_REFUND_REQUEST_COMPLETE,RETURN_AND_REFUND
4040433864635942028,4040433864635876492,584107481526994060,2026-05-24,Calça Jeans Feminina Wide Leg Jeans Feminina Cintura Alta,REF56242,"Chocolate, 42",104.9,104.9,Item doesn't fit,AWAITING_BUYER_SHIP,RETURN_AND_REFUND
4040437966125499762,4040437966125434226,584060351789958514,2026-05-24,Calça Jeans Feminina Wide Leg Jeans Feminina Cintura Alta,REF51636,"Marmorizada, 36",94.9,94.9,Wrong item was sent,AWAITING_BUYER_SHIP,RETURN_AND_REFUND
4040439314301486940,4040439314301421404,584045875634800476,2026-05-24,Calça Jeans Feminina Wide Leg Jeans Feminina Cintura Alta,REF51638,"Marmorizada, 38",105.36,105.36,Item doesn't fit,RETURN_OR_REFUND_REQUEST_COMPLETE,RETURN_AND_REFUND
4040439608841832297,4040439608841766761,584139112969439081,2026-05-24,Calça Jeans Feminina Wide Leg Jeans Feminina Cintura Alta,REF51638,"Marmorizada, 38",79.9,79.9,Item doesn't fit,AWAITING_BUYER_SHIP,RETURN_AND_REFUND
4040441843354338663,4040441843354273127,584134995174786407,2026-05-24,Calça Jeans Feminina Wide Leg Jeans Feminina Cintura Alta,REF52544,"Stone Used, 44",96.94,193.88,Item doesn't fit,AWAITING_BUYER_SHIP,RETURN_AND_REFUND
4040440826480526336,4040440826480329728,583935965043459072,2026-05-24,Calça Mom Jeans Feminina Cintura Alta Marmorizada,REF58842,"Marmorizada , 42",89.14,89.14,Package wasn't received,RETURN_OR_REFUND_REQUEST_CANCEL,REFUND
4040440839154205696,4040440838623167488,583935965043459072,2026-05-24,Calça Mom Jeans Feminina Cintura Alta Marmorizada,REF58842,"Marmorizada , 42",89.14,89.14,Package wasn't received,RETURN_OR_REFUND_REQUEST_COMPLETE,REFUND
4040441025415710495,4040441025415644959,584121668555671327,2026-05-24,Calça Jeans Feminina Wide Leg Jeans Feminina Cintura Alta,REF52542,"Stone Used, 42",77.81,77.81,Item doesn't fit,AWAITING_BUYER_SHIP,RETURN_AND_REFUND
4040441843354404199,4040441843354273127,584134995174786407,2026-05-24,Calça Jeans Feminina Wide Leg Jeans Feminina Cintura Alta,REF52544,"Stone Used, 44",96.94,193.88,Item doesn't fit,AWAITING_BUYER_SHIP,RETURN_AND_REFUND
4040462570439411661,4040462570439346125,584012631656925133,2026-05-25,Calça Jeans Feminina Wide Leg Jeans Feminina Cintura Alta,REF51640,"Marmorizada, 40",71.91,71.91,Item doesn't fit,RETURN_OR_REFUND_REQUEST_COMPLETE,RETURN_AND_REFUND
4040460148632945855,4040460148632880319,584124045655377087,2026-05-25,Calça Jeans Feminina Wide Leg Jeans Feminina Cintura Alta,REF51640,"Marmorizada, 40",87.73,87.73,Item doesn't fit,RETURN_OR_REFUND_REQUEST_COMPLETE,RETURN_AND_REFUND
4040475187819415096,4040475187819349560,584121713205675576,2026-05-25,Calça Jeans Feminina Wide Leg Jeans Cintura alta,REF54836,"Terracota , 36",94.84,94.84,Item doesn't fit,RETURN_OR_REFUND_REQUEST_COMPLETE,RETURN_AND_REFUND
4040464612639540379,4040464612639474843,584108576286409883,2026-05-25,Calça Jeans Feminina Wide Leg Jeans Feminina Cintura Alta,REF51640,"Marmorizada, 40",79.9,79.9,Item doesn't fit,BUYER_SHIPPED_ITEM,RETURN_AND_REFUND
4040474534112429368,4040474534112298296,584138992280634680,2026-05-25,Calça Jeans Feminina Wide Leg Jeans Feminina Cintura Alta,REF51636,"Marmorizada, 36",70.5,141.0,Item doesn't fit,BUYER_SHIPPED_ITEM,RETURN_AND_REFUND
4040474534112363832,4040474534112298296,584138992280634680,2026-05-25,Calça Jeans Feminina Wide Leg Jeans Feminina Cintura Alta,REF51636,"Marmorizada, 36",70.5,141.0,Item doesn't fit,BUYER_SHIPPED_ITEM,RETURN_AND_REFUND
4040474826806035667,4040474826805970131,584109095526696147,2026-05-25,Calça Jeans Feminina Wide Leg Jeans Cintura alta,REF54638,"Branca , 38",94.9,94.9,"Item arrived damaged. Example: item is dented, scratched or shattered.",BUYER_SHIPPED_ITEM,RETURN_AND_REFUND
4040475021411125157,4040475021411059621,584118252956321701,2026-05-25,Calça Jeans Feminina Wide Leg Jeans Feminina Cintura Alta,REF52544,"Stone Used, 44",104.8,104.8,Item doesn't fit,RETURN_OR_REFUND_REQUEST_COMPLETE,RETURN_AND_REFUND
4040465970948573123,4040465970948507587,584013734291146691,2026-05-25,Calça Jeans Feminina Wide Leg Jeans Feminina Cintura Alta,REF51638,"Marmorizada, 38",79.9,79.9,Color or pattern not as expected,AWAITING_BUYER_SHIP,RETURN_AND_REFUND
4040464707029730393,4040464707029664857,584061509055775833,2026-05-25,Calça Mom Jeans Feminina Cintura Alta Marmorizada,REF58844,"Marmorizada , 44",82.35,82.35,Item doesn't fit,RETURN_OR_REFUND_REQUEST_COMPLETE,RETURN_AND_REFUND
4040468591429911626,4040468591429846090,584121849820185674,2026-05-25,Calça Jeans Feminina Wide Leg Jeans Feminina Cintura Alta,REF52540,"Stone Used, 40",71.91,71.91,Item doesn't fit,AWAITING_BUYER_SHIP,RETURN_AND_REFUND
4040475408671475247,4040475408671409711,584138192051406383,2026-05-25,Calça Jeans Feminina Wide Leg Jeans Feminina Cintura Alta,REF52544,"Stone Used, 44",76.78,76.78,Item doesn't fit,AWAITING_BUYER_SHIP,RETURN_AND_REFUND
4040475614463362745,4040475614463297209,584042947458926265,2026-05-25,Calça Mom Jeans Feminina Cintura Alta Marmorizada,REF58840,"Marmorizada , 40",75.03,75.03,Item doesn't fit,RETURN_OR_REFUND_REQUEST_COMPLETE,RETURN_AND_REFUND
4040475658692494674,4040475658692429138,584079878781240658,2026-05-25,Calça Jeans Feminina Wide Leg Jeans Feminina Cintura Alta,REF51636,"Marmorizada, 36",99.22,99.22,Item doesn't fit,RETURN_OR_REFUND_REQUEST_CANCEL,RETURN_AND_REFUND
4040477044809041669,4040477044808976133,584122746358826757,2026-05-25,Calça Jeans Feminina Wide Leg Jeans Feminina Cintura Alta,REF56238,"Chocolate, 38",87.2,87.2,Item doesn't fit,RETURN_OR_REFUND_REQUEST_COMPLETE,RETURN_AND_REFUND
4040477713253762584,4040477713253697048,584029324296816152,2026-05-25,Shorts Mom/Social Feminino Jeans Cintura Alta Barra Dobrada,REF55342,"Marmorizada, 42",53.22,53.22,Item doesn't fit,RETURN_OR_REFUND_REQUEST_COMPLETE,RETURN_AND_REFUND
4040478223313896481,4040478223313830945,584090947745448993,2026-05-25,Calça Jeans Feminina Wide Leg Jeans Feminina Cintura Alta,REF56238,"Chocolate, 38",90.51,90.51,Color or pattern not as expected,RETURN_OR_REFUND_REQUEST_COMPLETE,RETURN_AND_REFUND
4040479416270685275,4040479416270619739,584122883966469211,2026-05-25,Calça Jeans Feminina Wide Leg Jeans Feminina Cintura Alta,REF51640,"Marmorizada, 40",71.91,71.91,Item doesn't fit,AWAITING_BUYER_SHIP,RETURN_AND_REFUND
4040480753594696966,4040480753594631430,583623639989454086,2026-05-25,Calça Jeans Feminina Wide Leg Jeans Feminina Cintura Alta,REF52538,"Stone Used, 38",61.49,61.49,Item doesn't fit,RETURN_OR_REFUND_REQUEST_CANCEL,RETURN_AND_REFUND
4040467999403836497,4040467999403770961,584107216432628817,2026-05-25,Calça Baggy Jeans Feminina Cintura Média Marmorizada,REF58742,"Marmorizada , 42",84.9,84.9,Defective item,AWAITING_BUYER_SHIP,RETURN_AND_REFUND
4040473860217210740,4040473860217145204,583981505725237108,2026-05-25,Calça Jeans Feminina Wide Leg Jeans Feminina Cintura Alta,REF51640,"Marmorizada, 40",70.54,70.54,"Fabric, material or style not as expected",AWAITING_BUYER_SHIP,RETURN_AND_REFUND
4040480779522770182,4040480779522704646,583623639989454086,2026-05-25,Calça Jeans Feminina Wide Leg Jeans Feminina Cintura Alta,REF52538,"Stone Used, 38",61.5,61.5,Item doesn't fit,RETURN_OR_REFUND_REQUEST_CANCEL,RETURN_AND_REFUND
4040473564400158203,4040473564400092667,584120635772077563,2026-05-25,Calça Jeans Feminina Wide Leg Jeans Feminina Cintura Alta,REF54944,"Rosa Bebê , 44",80.29,80.29,Item doesn't fit,RETURN_OR_REFUND_REQUEST_COMPLETE,RETURN_AND_REFUND
4040472860517631201,4040472860517565665,584136914185979105,2026-05-25,Calça Jeans Feminina Wide Leg Jeans Feminina Cintura Alta,REF51636,"Marmorizada, 36",103.3,103.3,"Item arrived damaged. Example: item is dented, scratched or shattered.",RETURN_OR_REFUND_REQUEST_COMPLETE,RETURN_AND_REFUND
4040472714001417873,4040472714001352337,584120163050096273,2026-05-25,Calça Baggy Jeans Feminina Cintura Média Marmorizada,REF58742,"Marmorizada , 42",80.91,80.91,Item doesn't fit,RETURN_OR_REFUND_REQUEST_COMPLETE,RETURN_AND_REFUND
4040472699067401288,4040472699067335752,584120227874964552,2026-05-25,Calça Jeans Feminina Wide Leg Jeans Feminina Cintura Alta,REF56242,"Chocolate, 42",85.41,85.41,Item doesn't fit,RETURN_OR_REFUND_REQUEST_COMPLETE,RETURN_AND_REFUND
4040472026993559306,4040472026993493770,584125663317952266,2026-05-25,Calça Jeans Feminina Wide Leg Jeans Feminina Cintura Alta,REF51638,"Marmorizada, 38",75.9,75.9,Item doesn't fit,RETURN_OR_REFUND_REQUEST_COMPLETE,RETURN_AND_REFUND
4040471957972616596,4040471957972551060,584122772003259796,2026-05-25,Calça Jeans Feminina Wide Leg Jeans Feminina Cintura Alta,REF52542,"Stone Used, 42",77.81,77.81,Color or pattern not as expected,RETURN_OR_REFUND_REQUEST_COMPLETE,RETURN_AND_REFUND
4040471843444917805,4040471843444852269,583664570103203373,2026-05-25,Calça Jeans Feminina Wide Leg Cintura Alta- Candy Colors,REF54940,"ROSA BEBÊ, 40",92.4,92.4,Item doesn't fit,AWAITING_BUYER_SHIP,RETURN_AND_REFUND
4040471416129619864,4040471416129554328,584091799219373976,2026-05-25,Calça Jeans Feminina Wide Leg Jeans Feminina Cintura Alta,REF51640,"Marmorizada, 40",69.75,69.75,No longer needed,RETURN_OR_REFUND_REQUEST_COMPLETE,RETURN_AND_REFUND
4040469983430346051,4040469983430280515,583753587535283523,2026-05-25,Calça Feminina Jeans Wide Leg Cintura Alta Azul Médio Marmorizado,REF55136,"Azul Médio Marmorizado , 36",79.99,79.99,Item doesn't fit,AWAITING_BUYER_SHIP,RETURN_AND_REFUND
4040469492843513060,4040469492843447524,584107201879573732,2026-05-25,Calça Baggy Jeans Feminina Cintura Média Marmorizada,REF58742,"Marmorizada , 42",86.89,86.89,Item doesn't fit,RETURN_OR_REFUND_REQUEST_COMPLETE,RETURN_AND_REFUND
4040473646896153825,4040473646896088289,583811469567886561,2026-05-25,Calça Feminina Jeans Wide Leg Cintura Alta Azul Médio Marmorizado,REF55142,"Azul Médio Marmorizado , 42",66.98,66.98,Item doesn't fit,AWAITING_BUYER_SHIP,RETURN_AND_REFUND
4040471181519783387,4040471181519717851,584043317126399451,2026-05-25,Calça Jeans Feminina Wide Leg Jeans Feminina Cintura Alta,REF51636,"Marmorizada, 36",99.9,99.9,Item doesn't fit,RETURN_OR_REFUND_REQUEST_COMPLETE,RETURN_AND_REFUND
4040499221564458387,4040499221564392851,584090166864545171,2026-05-26,Calça Jeans Feminina Wide Leg Jeans Feminina Cintura Alta,REF51644,"Marmorizada, 44",79.9,79.9,Item doesn't fit,BUYER_SHIPPED_ITEM,RETURN_AND_REFUND
4040500039953384971,4040500039953319435,584120104674297355,2026-05-26,Calça Jeans Feminina Wide Leg Cintura Alta- Candy Colors,REF54938,"ROSA BEBÊ, 38",89.56,89.56,Item doesn't fit,BUYER_SHIPPED_ITEM,RETURN_AND_REFUND
4040500076251481611,4040500076251416075,584120104674297355,2026-05-26,Blusa Feminina Jeans Bata Tomara Que Caia Candy Colors,REF579P,"Rosa Bebê , P",84.85,84.85,No longer needed,BUYER_SHIPPED_ITEM,RETURN_AND_REFUND
4040500611350890339,4040500611350824803,584136333789595491,2026-05-26,Calça Mom Jeans Feminina Cintura Alta Marmorizada,REF58840,"Marmorizada , 40",90.63,90.63,Item doesn't fit,BUYER_SHIPPED_ITEM,RETURN_AND_REFUND
4040501339633649483,4040501339633583947,584059659031381835,2026-05-26,Blusa Feminina Jeans Bata Tomara Que Caia Candy Colors,REF585G,"Chocolate, G",80.91,80.91,No longer needed,RETURN_OR_REFUND_REQUEST_COMPLETE,RETURN_AND_REFUND
4040500252695299769,4040500252695234233,583699707935360697,2026-05-26,Calça Jeans Feminina Wide Leg Jeans Feminina Cintura Alta,REF56240,"Chocolate, 40",67.89,67.89,Item doesn't fit,RETURN_OR_REFUND_REQUEST_COMPLETE,RETURN_AND_REFUND
4040497996649891058,4040497996649825522,584153423068759282,2026-05-26,Calça Jeans Feminina Wide Leg Jeans Feminina Cintura Alta,REF52544,"Stone Used, 44",63.92,63.92,Item doesn't fit,AWAITING_BUYER_SHIP,RETURN_AND_REFUND
4040499268906354298,4040499268906288762,584152019743377018,2026-05-26,Calça Jeans Feminina Wide Leg Cintura Alta Amarelo Manteiga,REF55042,"AMARELO MANTEIGA, 42",115.18,115.18,Item doesn't fit,RETURN_OR_REFUND_REQUEST_COMPLETE,RETURN_AND_REFUND
4040499442849514516,4040499442849448980,584122977608172564,2026-05-26,Calça Jeans Feminina Wide Leg Jeans Feminina Cintura Alta,REF52540,"Stone Used, 40",71.91,71.91,Wrong item was sent,AWAITING_BUYER_SHIP,RETURN_AND_REFUND
4040499717408851475,4040499717408785939,584108741470029331,2026-05-26,Calça Jeans Feminina Wide Leg Cintura Alta Amarelo Manteiga,REF55038,"AMARELO MANTEIGA, 38",109.9,109.9,Item doesn't fit,RETURN_OR_REFUND_REQUEST_COMPLETE,RETURN_AND_REFUND
4040499785095545922,4040499785095480386,584154507875222594,2026-05-26,Calça Jeans Feminina Wide Leg Jeans Feminina Cintura Alta,REF54946,"Rosa Bebê , 46",92.83,92.83,Item doesn't fit,AWAITING_BUYER_SHIP,RETURN_AND_REFUND
4040499964017083992,4040499964017018456,584134508857951832,2026-05-26,Calça Jeans Feminina Wide Leg Jeans Feminina Cintura Alta,REF51642,"Marmorizada, 42",64.9,64.9,Item doesn't fit,RETURN_OR_REFUND_REQUEST_COMPLETE,RETURN_AND_REFUND
4040500743804323640,4040500743804258104,584151384203626296,2026-05-26,Calça Jeans Feminina Wide Leg Cintura Alta Chocolate,REF56246,"Chocolate, 46",69.41,69.41,Item doesn't fit,RETURN_OR_REFUND_REQUEST_COMPLETE,RETURN_AND_REFUND
4040497996650022130,4040497996649956594,584153423068759282,2026-05-26,Calça Feminina Jeans Wide Leg Cintura Alta Azul Médio Marmorizado,REF55142,"Azul Médio Marmorizado , 42",71.92,71.92,Item doesn't fit,AWAITING_BUYER_SHIP,RETURN_AND_REFUND
4040500758495396976,4040500758495331440,584089959411713136,2026-05-26,Calça Jeans Feminina Wide Leg Jeans Feminina Cintura Alta,REF52538,"Stone Used, 38",81.51,81.51,Item doesn't fit,RETURN_OR_REFUND_REQUEST_COMPLETE,RETURN_AND_REFUND
4040500933808457524,4040500933808391988,584153403927398196,2026-05-26,Calça Jeans Feminina Wide Leg Jeans Cintura alta,REF54638,"Branca , 38",79.9,79.9,Item doesn't fit,RETURN_OR_REFUND_REQUEST_COMPLETE,RETURN_AND_REFUND
4040500963241330484,4040500963241264948,584153403927398196,2026-05-26,Calça Jeans Feminina Wide Leg Jeans Cintura alta,REF54838,"Terracota , 38",79.9,79.9,Item doesn't fit,RETURN_OR_REFUND_REQUEST_COMPLETE,RETURN_AND_REFUND
4040500999252182836,4040500999252117300,584153403927398196,2026-05-26,Calça Jeans Feminina Wide Leg Jeans Feminina Cintura Alta,REF55038,"Amarelo Manteiga, 38",79.9,79.9,Item doesn't fit,RETURN_OR_REFUND_REQUEST_COMPLETE,RETURN_AND_REFUND
4040500994170652468,4040500994170586932,584153403927398196,2026-05-26,Calça Jeans Feminina Wide Leg Jeans Feminina Cintura Alta,REF56238,"Chocolate, 38",79.9,79.9,Item doesn't fit,RETURN_OR_REFUND_REQUEST_COMPLETE,RETURN_AND_REFUND
4040501200524182693,4040501200524117157,584123737975522469,2026-05-26,Calça Jeans Feminina Wide Leg Jeans Feminina Cintura Alta,REF51642,"Marmorizada, 42",79.9,79.9,Item doesn't fit,RETURN_OR_REFUND_REQUEST_COMPLETE,RETURN_AND_REFUND
4040501269270660939,4040501269270595403,584059659031381835,2026-05-26,Calça Feminina Jeans Wide Leg Cintura Alta Azul Médio Marmorizado,REF55142,"Azul Médio Marmorizado , 42",85.41,85.41,Item doesn't fit,RETURN_OR_REFUND_REQUEST_COMPLETE,RETURN_AND_REFUND
4040501415834780779,4040501415834715243,584090211408708715,2026-05-26,Calça Jeans Feminina Wide Leg Jeans Feminina Cintura Alta,REF52540,"Stone Used, 40",71.91,71.91,Item doesn't fit,AWAITING_BUYER_SHIP,RETURN_AND_REFUND
4040500840089355506,4040500840089289970,584089080621663474,2026-05-26,Calça Jeans Feminina Wide Leg Jeans Feminina Cintura Alta,REF56236,"Chocolate, 36",93.78,93.78,Item doesn't fit,RETURN_OR_REFUND_REQUEST_COMPLETE,RETURN_AND_REFUND
4040497849463244765,4040497849463179229,584151348569999325,2026-05-26,Calça Jeans Feminina Wide Leg Cintura Alta Chocolate,REF56240,"Chocolate, 40",69.41,69.41,Item doesn't fit,RETURN_OR_REFUND_REQUEST_COMPLETE,RETURN_AND_REFUND
4040499222533998128,4040499222533932592,584122573888259632,2026-05-26,Calça Jeans Feminina Wide Leg Jeans Feminina Cintura Alta,REF54944,"Rosa Bebê , 44",82.85,82.85,Item arrived too late,RETURN_OR_REFUND_REQUEST_COMPLETE,RETURN_AND_REFUND
4040497411262219510,4040497411262153974,584058554481476854,2026-05-26,Calça Baggy Jeans Feminina Cintura Média Marmorizada,REF58736,"Marmorizada , 36",80.91,80.91,Item doesn't fit,AWAITING_BUYER_SHIP,RETURN_AND_REFUND
4040481014669477126,4040481014669411590,583684250371982598,2026-05-26,Calça Jeans Feminina Wide Leg Jeans Feminina Cintura Alta,REF51638,"Marmorizada, 38",64.91,64.91,Wrong item was sent,RETURN_OR_REFUND_REQUEST_COMPLETE,RETURN_AND_REFUND
4040482431519655731,4040482431519590195,584135624265926451,2026-05-26,Calça Jeans Feminina Wide Leg Jeans Feminina Cintura Alta,REF51640,"Marmorizada, 40",94.9,94.9,"Fabric, material or style not as expected",AWAITING_BUYER_SHIP,RETURN_AND_REFUND
4040492872837334442,4040492872837268906,584058828369069482,2026-05-26,Calça Jeans Feminina Wide Leg Jeans Cintura alta,REF54744,"Preto , 44",94.9,94.9,Defective item,RETURN_OR_REFUND_REQUEST_COMPLETE,RETURN_AND_REFUND
4040492923889485024,4040492923889419488,584123003171996896,2026-05-26,Calça Jeans Feminina Wide Leg Jeans Feminina Cintura Alta,REF56236,"Chocolate, 36",82.85,82.85,Item doesn't fit,RETURN_OR_REFUND_REQUEST_COMPLETE,RETURN_AND_REFUND
4040493000185841066,4040493000185775530,584042745103746474,2026-05-26,Calça Jeans Feminina Wide Leg Jeans Feminina Cintura Alta,REF56244,"Chocolate, 44",89.43,89.43,Defective item,RETURN_OR_REFUND_REQUEST_COMPLETE,RETURN_AND_REFUND
4040493077176485344,4040493077176419808,584089716590478816,2026-05-26,Calça Jeans Feminina Wide Leg Cintura Alta Chocolate,REF56238,"Chocolate, 38",85.41,85.41,Item doesn't fit,RETURN_OR_REFUND_REQUEST_COMPLETE,RETURN_AND_REFUND
4040497431738091095,4040497431738025559,584124416159417943,2026-05-26,Calça Jeans Feminina Wide Leg Jeans Feminina Cintura Alta,REF51638,"Marmorizada, 38",94.9,94.9,Item doesn't fit,AWAITING_BUYER_SHIP,RETURN_AND_REFUND
4040494784968164495,4040494784968098959,584124159379670159,2026-05-26,Calça Jeans Feminina Wide Leg Jeans Feminina Cintura Alta,REF52542,"Stone Used, 42",82.63,82.63,Color or pattern not as expected,RETURN_OR_REFUND_REQUEST_COMPLETE,RETURN_AND_REFUND
4040494850947187795,4040494850947122259,584086243670590547,2026-05-26,Calça Jeans Feminina Wide Leg Jeans Feminina Cintura Alta,REF52536,"Stone Used, 36",108.42,108.42,Item doesn't fit,RETURN_OR_REFUND_REQUEST_COMPLETE,RETURN_AND_REFUND
4040494285587580039,4040494285587514503,584135163646936199,2026-05-26,Calça Jeans Feminina Wide Leg Jeans Feminina Cintura Alta,REF51644,"Marmorizada, 44",99.9,99.9,Item doesn't fit,RETURN_OR_REFUND_REQUEST_COMPLETE,RETURN_AND_REFUND
4040495136119096555,4040495136119031019,584122783086642411,2026-05-26,Saia Jeans Feminina Cintura Alta Barra A Fio,REF56942,"Marmorizado Escuro , 42",57.4,57.4,Item doesn't fit,RETURN_OR_REFUND_REQUEST_COMPLETE,RETURN_AND_REFUND
4040496790984557991,4040496790984492455,584154572056921511,2026-05-26,Calça Jeans Feminina Wide Leg Jeans Feminina Cintura Alta,REF55046,"Amarelo Manteiga, 46",74.02,74.02,Item doesn't fit,AWAITING_BUYER_SHIP,RETURN_AND_REFUND
4040496806122325415,4040496806122259879,584154572056921511,2026-05-26,Blusa Feminina Jeans Bata Tomara Que Caia Candy Colors,REF585G,"Chocolate, G",69.91,69.91,No longer needed,AWAITING_BUYER_SHIP,RETURN_AND_REFUND
4040496843245782292,4040496843245716756,584153163875321108,2026-05-26,Calça Jeans Feminina Wide Leg Jeans Feminina Cintura Alta,REF51640,"Marmorizada, 40",79.19,79.19,Item doesn't fit,RETURN_OR_REFUND_REQUEST_COMPLETE,RETURN_AND_REFUND
4040497269210252676,4040497269210187140,584043656360068484,2026-05-26,Calça Jeans Feminina Wide Leg Jeans Feminina Cintura Alta,REF51642,"Marmorizada, 42",71.91,71.91,Item doesn't fit,RETURN_OR_REFUND_REQUEST_COMPLETE,RETURN_AND_REFUND
4040497389128549545,4040497389128484009,584013675892212905,2026-05-26,Calça Jeans Feminina Wide Leg Jeans Cintura alta,REF54636,"Branca , 36",89.31,89.31,Item doesn't fit,AWAITING_BUYER_SHIP,RETURN_AND_REFUND
4040495122270618863,4040495122270553327,584108164112680175,2026-05-26,Calça Jeans Feminina Wide Leg Jeans Feminina Cintura Alta,REF52536,"Stone Used, 36",94.9,94.9,Item doesn't fit,RETURN_OR_REFUND_REQUEST_COMPLETE,RETURN_AND_REFUND
4040518555769865464,4040518561002128632,584179030225290488,2026-05-27,Calça Jeans Feminina Wide Leg Jeans Feminina Cintura Alta,REF56238,"Chocolate, 38",111.72,111.72,Item doesn't fit,BUYER_SHIPPED_ITEM,RETURN_AND_REFUND
4040516909505611722,4040516909505546186,584184960256018378,2026-05-27,Calça Jeans Feminina Wide Leg Cintura Alta Chocolate,REF56238,"Chocolate, 38",106.77,106.77,Item doesn't fit,BUYER_SHIPPED_ITEM,RETURN_AND_REFUND
4040517618590516625,4040517618590451089,584153440810272145,2026-05-27,Calça Jeans Feminina Wide Leg Jeans Cintura alta,REF54844,"Terracota , 44",66.4,66.4,Item doesn't fit,BUYER_SHIPPED_ITEM,RETURN_AND_REFUND
4040517593601705361,4040517593601639825,584153408808256913,2026-05-27,Calça Jeans Feminina Wide Leg Jeans Feminina Cintura Alta,REF52544,"Stone Used, 44",68.31,68.31,Item doesn't fit,BUYER_SHIPPED_ITEM,RETURN_AND_REFUND
4040517195925062749,4040517195924997213,584154972293465181,2026-05-27,Calça Feminina Jeans Wide Leg Cintura Alta Azul Médio Marmorizado,REF55140,"Azul Médio Marmorizado , 40",71.92,71.92,Item doesn't fit,BUYER_SHIPPED_ITEM,RETURN_AND_REFUND
4040517185103627357,4040517185103561821,584154972293465181,2026-05-27,Calça Jeans Feminina Wide Leg Jeans Feminina Cintura Alta,REF51640,"Marmorizada, 40",63.92,63.92,Item doesn't fit,BUYER_SHIPPED_ITEM,RETURN_AND_REFUND
4040517060572709927,4040517060572644391,584121241237423143,2026-05-27,Calça Jeans Feminina Wide Leg Jeans Feminina Cintura Alta,REF51640,"Marmorizada, 40",67.6,67.6,Item doesn't fit,BUYER_SHIPPED_ITEM,RETURN_AND_REFUND
4040515075289810381,4040515075289679309,584022479148385741,2026-05-27,Saia Jeans Feminina Cintura Alta Barra A Fio,REF56640,"Chocolate , 40",81.1,81.1,"Fabric, material or style not as expected",BUYER_SHIPPED_ITEM,RETURN_AND_REFUND
4040512117850932382,4040512117850866846,583949695284053150,2026-05-27,Calça Jeans Feminina Wide Leg Jeans Feminina Cintura Alta,REF51636,"Marmorizada, 36",96.8,96.8,Item doesn't fit,AWAITING_BUYER_SHIP,RETURN_AND_REFUND
4040511668016612755,4040511668016547219,584045798975899027,2026-05-27,Calça Jeans Feminina Wide Leg Jeans Feminina Cintura Alta Stone Used,REF52542,42,79.9,79.9,Item doesn't fit,BUYER_SHIPPED_ITEM,RETURN_AND_REFUND
4040510937212880202,4040510937212814666,584154799993750858,2026-05-27,Calça Jeans Feminina Wide Leg Jeans Feminina Cintura Alta,REF56238,"Chocolate, 38",76.57,76.57,Item doesn't fit,BUYER_SHIPPED_ITEM,RETURN_AND_REFUND
4040510826143253834,4040510826143188298,584154799993750858,2026-05-27,Calça Jeans Feminina Wide Leg Jeans Cintura alta,REF54838,"Terracota , 38",76.56,76.56,Item doesn't fit,BUYER_SHIPPED_ITEM,RETURN_AND_REFUND
4040510768982426954,4040510768982361418,584154799993750858,2026-05-27,Calça Jeans Feminina Wide Leg Jeans Cintura alta,REF54738,"Preta , 38",76.57,76.57,Item doesn't fit,BUYER_SHIPPED_ITEM,RETURN_AND_REFUND
4040508111501624476,4040508111501558940,584092139596514460,2026-05-27,Calça Jeans Feminina Wide Leg Jeans Feminina Cintura Alta,REF51642,"Marmorizada, 42",67.6,67.6,Item doesn't fit,BUYER_SHIPPED_ITEM,RETURN_AND_REFUND
4040502732937593881,4040502732937528345,584151690159883289,2026-05-27,Calça Jeans Feminina Wide Leg Cintura Alta Chocolate,REF56238,"Chocolate, 38",64.55,64.55,"Fabric, material or style not as expected",BUYER_SHIPPED_ITEM,RETURN_AND_REFUND
4040502707268256793,4040502707268191257,584151690159883289,2026-05-27,Calça Jeans Feminina Wide Leg Cintura Alta Chocolate,REF56238,"Chocolate, 38",64.55,64.55,"Fabric, material or style not as expected",RETURN_OR_REFUND_REQUEST_CANCEL,RETURN_AND_REFUND
4040503001613174631,4040503001613109095,584153222552586087,2026-05-27,Calça Jeans Feminina Wide Leg Jeans Feminina Cintura Alta,REF52542,"Stone Used, 42",64.21,64.21,Item doesn't fit,AWAITING_BUYER_SHIP,RETURN_AND_REFUND
4040513069731120916,4040513069731055380,584154142818666260,2026-05-27,Calça Jeans Feminina Wide Leg Jeans Feminina Cintura Alta,REF56236,"Chocolate, 36",78.48,78.48,Item doesn't fit,BUYER_SHIPPED_ITEM,RETURN_AND_REFUND
4040510147985311174,4040510125517080006,584136595185501638,2026-05-27,Calça Jeans Feminina Wide Leg Jeans Feminina Cintura Alta,REF51640,"Marmorizada, 40",86.45,86.45,Item doesn't fit,RETURN_OR_REFUND_REQUEST_COMPLETE,RETURN_AND_REFUND
4040516674080507805,4040516674080442269,584154295858005917,2026-05-27,Calça Jeans Feminina Wide Leg Jeans Feminina Cintura Alta,REF51636,"Marmorizada, 36",59.45,59.45,No longer needed,RETURN_OR_REFUND_REQUEST_COMPLETE,RETURN_AND_REFUND
4040517306485147062,4040517306485081526,584152542114186678,2026-05-27,Calça Jeans Feminina Wide Leg Cintura Alta Chocolate,REF56238,"Chocolate, 38",104.9,104.9,Item doesn't fit,RETURN_OR_REFUND_REQUEST_COMPLETE,RETURN_AND_REFUND
4040519507796985846,4040519507796920310,584154476505303030,2026-05-27,Blusa Feminina Jeans Bata Tomara Que Caia Candy Colors,REF579G,"Rosa Bebê , G",80.9,80.9,No longer needed,AWAITING_BUYER_SHIP,RETURN_AND_REFUND
4040519244037588293,4040519244037522757,584167465639773509,2026-05-27,Calça Mom Jeans Feminina Cintura Alta Marmorizada,REF58838,"Marmorizada , 38",95.38,95.38,Item doesn't fit,AWAITING_BUYER_SHIP,RETURN_AND_REFUND
4040517213526919128,4040517213526853592,584153389553911768,2026-05-27,Calça Jeans Feminina Wide Leg Jeans Cintura alta,REF54642,"Branca , 42",69.9,69.9,Item doesn't fit,RETURN_OR_REFUND_REQUEST_COMPLETE,RETURN_AND_REFUND
4040517130493134785,4040517130493069249,584153550033487809,2026-05-27,Calça Jeans Feminina Wide Leg Jeans Feminina Cintura Alta,REF56238,"Chocolate, 38",69.9,69.9,Item doesn't fit,RETURN_OR_REFUND_REQUEST_CANCEL,RETURN_AND_REFUND
4040517044583695445,4040517044583629909,584171626102162517,2026-05-27,Calça Jeans Feminina Wide Leg Jeans Feminina Cintura Alta,REF52542,"Stone Used, 42",102.1,102.1,Item doesn't fit,RETURN_OR_REFUND_REQUEST_COMPLETE,RETURN_AND_REFUND
4040516991026497448,4040516991026431912,584151925586429864,2026-05-27,Calça Jeans Feminina Wide Leg Jeans Feminina Cintura Alta,REF51644,"Marmorizada, 44",68.38,68.38,Item doesn't fit,RETURN_OR_REFUND_REQUEST_COMPLETE,RETURN_AND_REFUND
4040516953715869110,4040516953715803574,584122492012955062,2026-05-27,Calça Jeans Feminina Wide Leg Jeans Feminina Cintura Alta,REF51640,"Marmorizada, 40",102.4,102.4,Item doesn't fit,AWAITING_BUYER_SHIP,RETURN_AND_REFUND
4040516759949903081,4040516759949837545,584059429925455081,2026-05-27,Blusa Feminina Jeans Bata Tomara Que Caia Candy Colors,REF579P,"Rosa Bebê , P",87.47,87.47,"Item arrived damaged. Example: item is dented, scratched or shattered.",AWAITING_BUYER_SHIP,RETURN_AND_REFUND
4040516976747644642,4040516976747579106,584198352888760034,2026-05-27,Calça Jeans Feminina Wide Leg Jeans Feminina Cintura Alta,REF52738,"Sky Used, 38",74.58,74.58,Item doesn't fit,RETURN_OR_REFUND_REQUEST_COMPLETE,RETURN_AND_REFUND
4040516678806045970,4040516678805980434,584186347829691666,2026-05-27,Calça Jeans Feminina Wide Leg Jeans Feminina Cintura Alta,REF51636,"Marmorizada, 36",93.17,93.17,Item doesn't fit,AWAITING_BUYER_SHIP,RETURN_AND_REFUND
4040516676116580253,4040516676116514717,584154295858005917,2026-05-27,Calça Feminina Jeans Wide Leg Cintura Alta Azul Médio Marmorizado,REF55136,"Azul Médio Marmorizado , 36",71.92,71.92,No longer needed,RETURN_OR_REFUND_REQUEST_COMPLETE,RETURN_AND_REFUND
4040509482976117971,4040509482976052435,584166448427795667,2026-05-27,Calça Baggy Jeans Feminina Cintura Média Marmorizada,REF58746,"Marmorizada , 46",104.99,104.99,Item doesn't match description,AWAITING_BUYER_SHIP,RETURN_AND_REFUND
4040516496206694131,4040516496206628595,584139187712198387,2026-05-27,Calça Feminina Jeans Wide Leg Cintura Alta Azul Médio Marmorizado,REF55138,"Azul Médio Marmorizado , 38",89.9,89.9,Defective item,AWAITING_BUYER_SHIP,RETURN_AND_REFUND
4040516272884909945,4040516272884844409,584153290406070137,2026-05-27,Calça Jeans Feminina Wide Leg Jeans Feminina Cintura Alta,REF52546,"Stone Used, 46",52.74,52.74,Item doesn't fit,RETURN_OR_REFUND_REQUEST_COMPLETE,RETURN_AND_REFUND
4040516264355465098,4040516264355399562,584199944138688394,2026-05-27,Calça Jeans Feminina Wide Leg Jeans Feminina Cintura Alta,REF51644,"Marmorizada, 44",66.88,66.88,Wrong item was sent,AWAITING_BUYER_SHIP,RETURN_AND_REFUND
4040513222285493264,4040513222285427728,583638913561429008,2026-05-27,Calça Jeans Feminina Wide Leg Jeans Feminina Cintura Alta,REF51636,"Marmorizada, 36",71.99,71.99,Defective item,AWAITING_BUYER_SHIP,RETURN_AND_REFUND
4040516673453918178,4040516673453852642,584139584873531362,2026-05-27,Calça Jeans Feminina Wide Leg Jeans Feminina Cintura Alta,REF51644,"Marmorizada, 44",94.9,94.9,Item doesn't fit,RETURN_OR_REFUND_REQUEST_COMPLETE,RETURN_AND_REFUND
4040534167273374870,4040534167273309334,584151943036437654,2026-05-28,Calça Jeans Feminina Wide Leg Jeans Feminina Cintura Alta,REF52536,"Stone Used, 36",78.96,78.96,Color or pattern not as expected,AWAITING_BUYER_SHIP,RETURN_AND_REFUND
4040533618407867907,4040533618407802371,584151478425716227,2026-05-28,Calça Jeans Feminina Wide Leg Cintura Alta Chocolate,REF56244,"Chocolate, 44",69.41,69.41,Item doesn't fit,RETURN_OR_REFUND_REQUEST_COMPLETE,RETURN_AND_REFUND
4040533777834542810,4040533777834477274,584214430788585178,2026-05-28,Calça Jeans Feminina Wide Leg Jeans Feminina Cintura Alta,REF56242,"Chocolate, 42",81.83,81.83,Item doesn't fit,RETURN_OR_REFUND_REQUEST_COMPLETE,RETURN_AND_REFUND
4040533922119452654,4040533922119387118,584154238015014894,2026-05-28,Calça Jeans Feminina Wide Leg Jeans Feminina Cintura Alta,REF51640,"Marmorizada, 40",101.9,101.9,Item doesn't fit,AWAITING_BUYER_SHIP,RETURN_AND_REFUND
4040534110904223059,4040534110904157523,584152879752643923,2026-05-28,Calça Jeans Feminina Wide Leg Jeans Feminina Cintura Alta,REF56240,"Chocolate, 40",72.5,72.5,Item doesn't fit,AWAITING_BUYER_SHIP,RETURN_AND_REFUND
4040534446001587968,4040534446001522432,584153822006183680,2026-05-28,Calça Jeans Feminina Wide Leg Jeans Cintura alta,REF54838,"Terracota , 38",80.91,80.91,Color or pattern not as expected,AWAITING_BUYER_SHIP,RETURN_AND_REFUND
4040535529330738931,4040535529330673395,584199450004326131,2026-05-28,Calça Jeans Feminina Wide Leg Jeans Feminina Cintura Alta,REF52544,"Stone Used, 44",73.32,73.32,Package wasn't received,RETURN_OR_REFUND_REQUEST_CANCEL,REFUND
4040534462038901784,4040534462038836248,584217934326105112,2026-05-28,Calça Jeans Feminina Wide Leg Jeans Feminina Cintura Alta,REF52542,"Stone Used, 42",65.73,65.73,Item doesn't fit,RETURN_OR_REFUND_REQUEST_COMPLETE,RETURN_AND_REFUND
4040534591933809741,4040534591933744205,584201246740939853,2026-05-28,Calça Jeans Feminina Wide Leg Jeans Feminina Cintura Alta,REF52544,"Stone Used, 44",71.91,71.91,Item doesn't match description,RETURN_OR_REFUND_REQUEST_CANCEL,RETURN_AND_REFUND
4040534892644959920,4040534892644894384,584091023987148464,2026-05-28,Calça Jeans Feminina Wide Leg Jeans Feminina Cintura Alta,REF52544,"Stone Used, 44",71.91,71.91,Item doesn't fit,AWAITING_BUYER_SHIP,RETURN_AND_REFUND
4040535166847583873,4040535166847518337,584153429940209281,2026-05-28,Calça Jeans Feminina Wide Leg Jeans Feminina Cintura Alta,REF51640,"Marmorizada, 40",67.1,67.1,Item doesn't fit,AWAITING_BUYER_SHIP,RETURN_AND_REFUND
4040535155594462470,4040535155594396934,583684250371982598,2026-05-28,Calça Jeans Feminina Wide Leg Jeans Feminina Cintura Alta,REF51638,"Marmorizada, 38",64.91,64.91,Item doesn't fit,AWAITING_BUYER_SHIP,RETURN_AND_REFUND
4040533621187839154,4040533621187773618,584201191353058482,2026-05-28,Calça Jeans Feminina Wide Leg Jeans Feminina Cintura Alta,REF51644,"Marmorizada, 44",66.88,66.88,Item doesn't fit,AWAITING_BUYER_SHIP,RETURN_AND_REFUND
4040534446001456896,4040534446001391360,584153822006183680,2026-05-28,Calça Jeans Feminina Wide Leg Jeans Cintura alta,REF54738,"Preta , 38",80.91,80.91,Color or pattern not as expected,AWAITING_BUYER_SHIP,RETURN_AND_REFUND
4040533399744710254,4040533399744644718,584201784069031534,2026-05-28,Calça Jeans Feminina Wide Leg Jeans Feminina Cintura Alta,REF52540,"Stone Used, 40",73.77,73.77,Item doesn't fit,AWAITING_BUYER_SHIP,RETURN_AND_REFUND
4040527988342818030,4040527988342752494,584163697117660398,2026-05-28,Calça Jeans Feminina Wide Leg Jeans Feminina Cintura Alta,REF51638,"Marmorizada, 38",94.9,94.9,Defective item,RETURN_OR_REFUND_REQUEST_COMPLETE,RETURN_AND_REFUND
4040533189239473198,4040533189239407662,584154505453339694,2026-05-28,Calça Jeans Feminina Wide Leg Jeans Feminina Cintura Alta,REF56240,"Chocolate, 40",80.32,80.32,Package wasn't received,RETURN_OR_REFUND_REQUEST_COMPLETE,REFUND
4040532303734933113,4040532303734867577,584151748471391865,2026-05-28,Calça Jeans Feminina Wide Leg Cintura Alta Chocolate,REF56238,"Chocolate, 38",78.08,78.08,"Fabric, material or style not as expected",AWAITING_BUYER_SHIP,RETURN_AND_REFUND
4040531160941429800,4040531160941364264,584153580906447912,2026-05-28,Calça Jeans Feminina Wide Leg Jeans Feminina Cintura Alta,REF56240,"Chocolate, 40",80.04,80.04,Item doesn't fit,AWAITING_BUYER_SHIP,RETURN_AND_REFUND
4040530546784961613,4040530546784896077,584152871800112205,2026-05-28,Calça Jeans Feminina Wide Leg Jeans Cintura alta,REF54736,"Preta , 36",69.9,69.9,Item doesn't fit,RETURN_OR_REFUND_REQUEST_COMPLETE,RETURN_AND_REFUND
4040529419963631591,4040529419963566055,584124742100027367,2026-05-28,Calça Feminina Jeans Wide Leg Cintura Alta Azul Médio Marmorizado,REF55138,"Azul Médio Marmorizado , 38",89.9,89.9,Defective item,RETURN_OR_REFUND_REQUEST_CANCEL,RETURN_AND_REFUND
4040529272472897217,4040529272472831681,583802644417447617,2026-05-28,Calça Jeans Feminina Wide Leg Jeans Cintura alta,REF54744,"Preto , 44",107.46,107.46,Item doesn't fit,AWAITING_BUYER_SHIP,RETURN_AND_REFUND
4040528745157199663,4040528745157134127,584169190008784687,2026-05-28,Calça Jeans Feminina Wide Leg Jeans Feminina Cintura Alta,REF51636,"Marmorizada, 36",79.9,79.9,Item doesn't fit,RETURN_OR_REFUND_REQUEST_COMPLETE,RETURN_AND_REFUND
4040528267074963411,4040528267074897875,584151906869544915,2026-05-28,Calça Jeans Feminina Wide Leg Jeans Feminina Cintura Alta,REF54938,"Rosa Bebê , 38",67.8,67.8,Wrong item was sent,AWAITING_BUYER_SHIP,RETURN_AND_REFUND
4040535173154309382,4040535173154243846,583684250371982598,2026-05-28,Shorts Mom/Social Feminino Jeans Cintura Alta Barra Dobrada Candy Colors,REF55938,"Rosa Bebê , 38",55.65,55.65,Item doesn't fit,AWAITING_BUYER_SHIP,RETURN_AND_REFUND
4040527820554077409,4040527820554011873,584123683609412833,2026-05-28,Calça Jeans Feminina Wide Leg Jeans Feminina Cintura Alta,REF51640,"Marmorizada, 40",77.4,77.4,Item doesn't fit,AWAITING_BUYER_SHIP,RETURN_AND_REFUND
4040527595380114642,4040527595380049106,583787190544401618,2026-05-28,Calça Jeans Feminina Wide Leg Jeans Feminina Cintura Alta,REF56236,"Chocolate, 36",85.9,85.9,Item doesn't fit,AWAITING_BUYER_SHIP,RETURN_AND_REFUND
4040526238913103602,4040526238913038066,584153599619663602,2026-05-28,Calça Jeans Feminina Wide Leg Jeans Feminina Cintura Alta,REF56244,"Chocolate, 44",67.8,67.8,No longer needed,RETURN_OR_REFUND_REQUEST_COMPLETE,RETURN_AND_REFUND
4040521206607087472,4040521206607021936,584153732424501104,2026-05-28,Calça Jeans Feminina Wide Leg Jeans Feminina Cintura Alta Stone Used,REF52542,42,89.59,89.59,Item doesn't fit,AWAITING_BUYER_SHIP,RETURN_AND_REFUND
4040520711601751309,4040520711601685773,584153398196077837,2026-05-28,Calça Jeans Feminina Wide Leg Jeans Feminina Cintura Alta,REF56240,"Chocolate, 40",67.38,67.38,Wrong item was sent,AWAITING_BUYER_SHIP,RETURN_AND_REFUND
4040533234010326561,4040533234010261025,584185499793917473,2026-05-28,Calça Jeans Feminina Wide Leg Jeans Feminina Cintura Alta,REF52540,"Stone Used, 40",94.9,94.9,"Fabric, material or style not as expected",AWAITING_BUYER_SHIP,RETURN_AND_REFUND
4040535184457237766,4040535184457172230,583684250371982598,2026-05-28,Shorts Mom/Social Feminino Jeans Cintura Alta Barra Dobrada Candy Colors,REF55838,"Amarelo Manteiga, 38",66.84,66.84,Item doesn't fit,AWAITING_BUYER_SHIP,RETURN_AND_REFUND
4040536316191409995,4040536316191344459,584155284243449675,2026-05-28,Calça Jeans Feminina Wide Leg Jeans Feminina Cintura Alta,REF56242,"Chocolate, 42",77.99,77.99,Color or pattern not as expected,BUYER_SHIPPED_ITEM,RETURN_AND_REFUND
4040536007156008779,4040536006848186187,584090484880344907,2026-05-28,Calça Jeans Feminina Wide Leg Jeans Feminina Cintura Alta,REF56242,"Chocolate, 42",85.41,85.41,Color or pattern not as expected,BUYER_SHIPPED_ITEM,RETURN_AND_REFUND
4040537291799561845,4040537291799496309,583789061326997109,2026-05-28,Calça Jeans Feminina Wide Leg Jeans Feminina Cintura Alta,REF51638,"Marmorizada, 38",82.5,82.5,Item doesn't fit,BUYER_SHIPPED_ITEM,RETURN_AND_REFUND
4040536437971257163,4040536437971191627,584155284243449675,2026-05-28,Kit 2 Blusa Feminina Jeans Bata Tomara Que Caia Chocolate e Amarelo,KIT006G,G,138.7,138.7,No longer needed,BUYER_SHIPPED_ITEM,RETURN_AND_REFUND
4040536398527955994,4040536398527890458,584198709947499546,2026-05-28,Calça Jeans Feminina Wide Leg Jeans Feminina Cintura Alta,REF52738,"Sky Used, 38",81.81,81.81,Item doesn't fit,BUYER_SHIPPED_ITEM,RETURN_AND_REFUND
4040536316191278923,4040536316191213387,584155284243449675,2026-05-28,Calça Jeans Feminina Wide Leg Jeans Feminina Cintura Alta,REF55042,"Amarelo Manteiga, 42",77.98,77.98,Color or pattern not as expected,BUYER_SHIPPED_ITEM,RETURN_AND_REFUND
4040536043277289291,4040536043277223755,584090484880344907,2026-05-28,Blusa Feminina Jeans Bata Tomara Que Caia Candy Colors,REF585G,"Chocolate, G",80.91,80.91,No longer needed,BUYER_SHIPPED_ITEM,RETURN_AND_REFUND
4040535517748758259,4040535517748692723,584199450004326131,2026-05-28,Calça Baggy Jeans Feminina Cintura Média Marmorizada,REF58744,"Marmorizada , 44",82.49,82.49,Package wasn't received,RETURN_OR_REFUND_REQUEST_CANCEL,REFUND
4040536006848120651,4040536006848055115,584090484880344907,2026-05-28,Calça Jeans Feminina Wide Leg Jeans Cintura alta,REF54642,"Branca , 42",85.41,85.41,Color or pattern not as expected,BUYER_SHIPPED_ITEM,RETURN_AND_REFUND
4040535948880741463,4040535948880675927,584152769044186199,2026-05-28,Calça Mom Jeans Feminina Cintura Alta Marmorizada,REF58844,"Marmorizada , 44",69.9,69.9,Item doesn't fit,BUYER_SHIPPED_ITEM,RETURN_AND_REFUND
4040535770512131449,4040535770512065913,584136335203272057,2026-05-28,Calça Baggy Jeans Feminina Cintura Média Marmorizada,REF58742,"Marmorizada , 42",103.14,103.14,Item doesn't fit,BUYER_SHIPPED_ITEM,RETURN_AND_REFUND
4040535401468036522,4040535401467970986,584199350631957930,2026-05-28,Shorts Mom/Social Feminino Jeans Cintura Alta Barra Dobrada,REF56144,"Grafite, 44",55.82,55.82,Item doesn't fit,BUYER_SHIPPED_ITEM,RETURN_AND_REFUND
4040535361496777802,4040535361496712266,584203478617457738,2026-05-28,Calça Jeans Feminina Wide Leg Jeans Feminina Cintura Alta,REF52538,"Stone Used, 38",92.81,92.81,Item doesn't fit,BUYER_SHIPPED_ITEM,RETURN_AND_REFUND
4040534739905972070,4040534739905906534,584216723189565286,2026-05-28,Calça Jeans Feminina Wide Leg Jeans Feminina Cintura Alta,REF51636,"Marmorizada, 36",67.6,67.6,Item doesn't fit,BUYER_SHIPPED_ITEM,RETURN_AND_REFUND
4040534521738003610,4040534521737938074,584154086957352090,2026-05-28,Calça Jeans Feminina Wide Leg Jeans Feminina Cintura Alta,REF56240,"Chocolate, 40",71.92,71.92,No longer needed,BUYER_SHIPPED_ITEM,RETURN_AND_REFUND
4040534459113113163,4040534459113047627,584060743295141451,2026-05-28,Calça Jeans Feminina Wide Leg Jeans Feminina Cintura Alta,REF51640,"Marmorizada, 40",109.7,109.7,Item doesn't fit,BUYER_SHIPPED_ITEM,RETURN_AND_REFUND
4040535396962567594,4040535396962502058,584199350631957930,2026-05-28,Calça Jeans Feminina Wide Leg Jeans Feminina Cintura Alta,REF52544,"Stone Used, 44",81.24,81.24,Item doesn't fit,BUYER_SHIPPED_ITEM,RETURN_AND_REFUND
4040533946678806246,4040533946678740710,584153468634171110,2026-05-28,Calça Jeans Feminina Wide Leg Jeans Feminina Cintura Alta,REF56240,"Chocolate, 40",71.12,71.12,Item doesn't fit,BUYER_SHIPPED_ITEM,RETURN_AND_REFUND
4040535861419804403,4040535861419738867,584199450004326131,2026-05-28,Calça Baggy Jeans Feminina Cintura Média Marmorizada,REF58744,"Marmorizada , 44",82.49,82.49,Package wasn't received,RETURN_OR_REFUND_REQUEST_CANCEL,REFUND
4040536361245705784,4040536361245640248,584121713205675576,2026-05-28,Calça Jeans Feminina Wide Leg Jeans Feminina Cintura Alta,REF56236,"Chocolate, 36",94.84,94.84,Item doesn't fit,AWAITING_BUYER_SHIP,RETURN_AND_REFUND
4040536382400988269,4040536382400922733,584216676944610413,2026-05-28,Calça Jeans Feminina Wide Leg Jeans Feminina Cintura Alta,REF51644,"Marmorizada, 44",68.31,68.31,Item doesn't match description,AWAITING_BUYER_SHIP,RETURN_AND_REFUND
4040534269881583118,4040534273783531022,584183519720343054,2026-05-28,Calça Jeans Feminina Wide Leg Jeans Feminina Cintura Alta,REF51642,"Marmorizada, 42",94.9,94.9,Item doesn't fit,BUYER_SHIPPED_ITEM,RETURN_AND_REFUND
4040527590974785170,4040527590974719634,584198626988885650,2026-05-28,Calça Jeans Feminina Wide Leg Jeans Feminina Cintura Alta,REF52544,"Stone Used, 44",67.92,67.92,Item doesn't fit,BUYER_SHIPPED_ITEM,RETURN_AND_REFUND
4040527943310018555,4040527943309953019,584154109885581307,2026-05-28,Calça Jeans Feminina Wide Leg Jeans Feminina Cintura Alta,REF56238,"Chocolate, 38",80.91,80.91,"Fabric, material or style not as expected",BUYER_SHIPPED_ITEM,RETURN_AND_REFUND
4040531571891734503,4040531571891668967,584124742100027367,2026-05-28,Calça Feminina Jeans Wide Leg Cintura Alta Azul Médio Marmorizado,REF55138,"Azul Médio Marmorizado , 38",89.9,89.9,Defective item,BUYER_SHIPPED_ITEM,RETURN_AND_REFUND
4040520919890494943,4040520919890429407,584199082810836447,2026-05-28,Calça Jeans Feminina Wide Leg Jeans Feminina Cintura Alta,REF52738,"Sky Used, 38",71.91,71.91,Item arrived too late,BUYER_SHIPPED_ITEM,RETURN_AND_REFUND
4040531940765173699,4040531940765108163,584153827745368003,2026-05-28,Calça Jeans Feminina Wide Leg Jeans Feminina Cintura Alta,REF51642,"Marmorizada, 42",71.91,71.91,Item doesn't fit,BUYER_SHIPPED_ITEM,RETURN_AND_REFUND
4040532369086842345,4040532369086776809,584153844725745129,2026-05-28,Calça Jeans Feminina Wide Leg Jeans Cintura alta,REF54744,"Preta , 44",82.35,82.35,Item doesn't fit,BUYER_SHIPPED_ITEM,RETURN_AND_REFUND
4040533128103822726,4040533128103757190,584152055336371590,2026-05-28,Calça Jeans Feminina Wide Leg Jeans Feminina Cintura Alta,REF51646,"Marmorizada, 46",77.81,77.81,Item doesn't fit,BUYER_SHIPPED_ITEM,RETURN_AND_REFUND
4040533189761336908,4040533189761271372,584153214808852044,2026-05-28,Calça Jeans Feminina Wide Leg Jeans Feminina Cintura Alta,REF56236,"Chocolate, 36",69.9,69.9,Item doesn't fit,BUYER_SHIPPED_ITEM,RETURN_AND_REFUND
4040533946678675174,4040533946678609638,584153468634171110,2026-05-28,Calça Jeans Feminina Wide Leg Jeans Feminina Cintura Alta,REF52540,"Stone Used, 40",79.04,79.04,Item doesn't fit,BUYER_SHIPPED_ITEM,RETURN_AND_REFUND
4040552712786773212,4040552712786707676,584215547813725404,2026-05-29,Calça Jeans Feminina Wide Leg Jeans Feminina Cintura Alta,REF52542,"Stone Used, 42",77.33,77.33,Item doesn't match description,BUYER_SHIPPED_ITEM,RETURN_AND_REFUND
4040551406133871664,4040551405983007792,584232121735218224,2026-05-29,Calça Jeans Feminina Wide Leg Jeans Feminina Cintura Alta,REF51636,"Marmorizada, 36",71.28,71.28,Item doesn't fit,BUYER_SHIPPED_ITEM,RETURN_AND_REFUND
4040552566111437998,4040552566111372462,584196302746256558,2026-05-29,Calça Jeans Feminina Wide Leg Jeans Feminina Cintura Alta,REF52542,"Stone Used, 42",96.87,96.87,Item doesn't fit,BUYER_SHIPPED_ITEM,RETURN_AND_REFUND
4040552300330125104,4040552300330059568,584200927088510768,2026-05-29,Calça Jeans Feminina Wide Leg Jeans Feminina Cintura Alta,REF51638,"Marmorizada, 38",71.91,71.91,Defective item,BUYER_SHIPPED_ITEM,RETURN_AND_REFUND
4040552176435758162,4040552176435692626,584151705162515538,2026-05-29,Calça Jeans Feminina Wide Leg Cintura Alta Chocolate,REF56240,"Chocolate, 40",66.91,66.91,Item doesn't fit,BUYER_SHIPPED_ITEM,RETURN_AND_REFUND
4040551779966617417,4040551779966551881,584154924736350025,2026-05-29,Calça Jeans Feminina Wide Leg Jeans Feminina Cintura Alta,REF54936,"Rosa Bebê , 36",71.92,71.92,Item doesn't fit,BUYER_SHIPPED_ITEM,RETURN_AND_REFUND
4040551647479497768,4040551647479432232,583930290534581288,2026-05-29,Calça Feminina Jeans Wide Leg Cintura Alta Azul Médio Marmorizado,REF55140,"Azul Médio Marmorizado , 40",89.9,89.9,Item doesn't fit,BUYER_SHIPPED_ITEM,RETURN_AND_REFUND
4040551486764320007,4040551486764254471,584041067969086727,2026-05-29,Calça Jeans Feminina Wide Leg Jeans Feminina Cintura Alta,REF51646,"Marmorizada, 46",118.2,118.2,"Item arrived damaged. Example: item is dented, scratched or shattered.",BUYER_SHIPPED_ITEM,RETURN_AND_REFUND
4040553034256779108,4040553034256713572,584154196449527652,2026-05-29,Calça Jeans Feminina Wide Leg Jeans Feminina Cintura Alta,REF51642,"Marmorizada, 42",62.0,62.0,Item doesn't fit,BUYER_SHIPPED_ITEM,RETURN_AND_REFUND
4040551002586777595,4040551002586712059,584152894925277179,2026-05-29,Calça Jeans Feminina Wide Leg Jeans Feminina Cintura Alta,REF51640,"Marmorizada, 40",69.75,69.75,Item doesn't fit,BUYER_SHIPPED_ITEM,RETURN_AND_REFUND
4040554761441085154,4040554761441019618,583933860024977122,2026-05-29,Calça Mom Jeans Feminina Cintura Alta Marmorizada,REF58838,"Marmorizada , 38",65.45,65.45,Item doesn't fit,BUYER_SHIPPED_ITEM,RETURN_AND_REFUND
4040550580679116740,4040550580679051204,584152591801616324,2026-05-29,Calça Jeans Feminina Wide Leg Jeans Feminina Cintura Alta,REF54940,"Rosa Bebê , 40",72.14,72.14,Item doesn't fit,BUYER_SHIPPED_ITEM,RETURN_AND_REFUND
4040550295866278930,4040550295866213394,584155273881814034,2026-05-29,Calça Jeans Feminina Wide Leg Jeans Feminina Cintura Alta,REF56236,"Chocolate, 36",83.61,83.61,"Fabric, material or style not as expected",BUYER_SHIPPED_ITEM,RETURN_AND_REFUND
4040549484118247261,4040549484118181725,584218530702002013,2026-05-29,Calça Jeans Feminina Wide Leg Jeans Feminina Cintura Alta,REF52536,"Stone Used, 36",79.9,79.9,Item doesn't fit,BUYER_SHIPPED_ITEM,RETURN_AND_REFUND
4040549298677646648,4040549298677581112,584199849349776696,2026-05-29,Calça Jeans Feminina Wide Leg Jeans Feminina Cintura Alta,REF52546,"Stone Used, 46",75.49,75.49,Item doesn't fit,BUYER_SHIPPED_ITEM,RETURN_AND_REFUND
4040549324993365304,4040549324993299768,584199849349776696,2026-05-29,Calça Jeans Feminina Wide Leg Jeans Feminina Cintura Alta,REF51646,"Marmorizada, 46",75.5,75.5,Item doesn't fit,BUYER_SHIPPED_ITEM,RETURN_AND_REFUND
4040546089171780876,4040546089171715340,584154614673474828,2026-05-29,Calça Feminina Jeans Wide Leg Cintura Alta Azul Médio Marmorizado,REF55140,"Azul Médio Marmorizado , 40",80.91,80.91,Item doesn't fit,BUYER_SHIPPED_ITEM,RETURN_AND_REFUND
4040544218653624081,4040544218653558545,584218953339602705,2026-05-29,Calça Jeans Feminina Wide Leg Jeans Feminina Cintura Alta,REF51638,"Marmorizada, 38",79.9,79.9,Item doesn't fit,BUYER_SHIPPED_ITEM,RETURN_AND_REFUND
4040555139085403271,4040555139085337735,584215292812297351,2026-05-29,Calça Jeans Feminina Wide Leg Jeans Feminina Cintura Alta,REF51642,"Marmorizada, 42",71.91,71.91,Item doesn't fit,BUYER_SHIPPED_ITEM,RETURN_AND_REFUND
4040552719191475638,4040552719191410102,584152542114186678,2026-05-29,Calça Feminina Jeans Wide Leg Cintura Alta Azul Médio Marmorizado,REF55140,"Azul Médio Marmorizado , 40",109.9,109.9,"Package arrived damaged. Example: spilled liquid, damaged box.",RETURN_OR_REFUND_REQUEST_PENDING,REFUND
4040550576103327090,4040550576103261554,584154070835037554,2026-05-29,Calça Jeans Feminina Wide Leg Jeans Feminina Cintura Alta,REF56246,"Chocolate, 46",69.76,69.76,"Fabric, material or style not as expected",BUYER_SHIPPED_ITEM,RETURN_AND_REFUND
4040553035672946532,4040553035672880996,584154196449527652,2026-05-29,Calça Jeans Feminina Wide Leg Jeans Feminina Cintura Alta,REF56242,"Chocolate, 42",69.76,69.76,Item doesn't fit,BUYER_SHIPPED_ITEM,RETURN_AND_REFUND
4040552932916364929,4040552932916299393,584153429940209281,2026-05-29,Calça Jeans Feminina Wide Leg Jeans Cintura alta,REF54740,"Preta , 40",75.5,75.5,Item doesn't fit,AWAITING_BUYER_SHIP,RETURN_AND_REFUND
4040552879611676035,4040552879611610499,584218864161621379,2026-05-29,Calça Jeans Feminina Wide Leg Jeans Feminina Cintura Alta,REF56242,"Chocolate, 42",91.8,91.8,Item doesn't fit,AWAITING_BUYER_SHIP,RETURN_AND_REFUND
4040546353278256172,4040546353278190636,584182051922871340,2026-05-29,Calça Jeans Feminina Wide Leg Cintura Alta Chocolate,REF56242,"Chocolate, 42",101.75,101.75,Item doesn't fit,AWAITING_BUYER_SHIP,RETURN_AND_REFUND
4040547408493709298,4040547408493643762,584151606825814002,2026-05-29,Calça Jeans Feminina Wide Leg Jeans Feminina Cintura Alta,REF56242,"Chocolate, 42",67.8,67.8,Item doesn't fit,AWAITING_BUYER_SHIP,RETURN_AND_REFUND
4040548424441366192,4040548424441300656,584216669138618032,2026-05-29,Calça Jeans Feminina Wide Leg Jeans Feminina Cintura Alta,REF51644,"Marmorizada, 44",67.6,67.6,Item doesn't fit,AWAITING_BUYER_SHIP,RETURN_AND_REFUND
4040549140679001534,4040549140678935998,584229851357742526,2026-05-29,Calça Jeans Feminina Wide Leg Jeans Feminina Cintura Alta,REF51638,"Marmorizada, 38",78.96,78.96,Item doesn't fit,AWAITING_BUYER_SHIP,RETURN_AND_REFUND
4040550161184883995,4040550161184818459,584139720144946459,2026-05-29,Calça Jeans Feminina Wide Leg Jeans Feminina Cintura Alta,REF52544,"Stone Used, 44",77.5,77.5,Item doesn't fit,RETURN_OR_REFUND_REQUEST_COMPLETE,RETURN_AND_REFUND
4040550536711079211,4040550536711013675,584218160101688619,2026-05-29,Calça Jeans Feminina Wide Leg Jeans Feminina Cintura Alta,REF51644,"Marmorizada, 44",79.9,79.9,Color or pattern not as expected,AWAITING_BUYER_SHIP,RETURN_AND_REFUND
4040550564897522894,4040550564897457358,584151910972753102,2026-05-29,Calça Jeans Feminina Wide Leg Jeans Feminina Cintura Alta,REF51640,"Marmorizada, 40",67.6,67.6,Item doesn't fit,AWAITING_BUYER_SHIP,RETURN_AND_REFUND
4040550932855555250,4040550932855489714,584200075489412274,2026-05-29,Calça Jeans Feminina Wide Leg Jeans Feminina Cintura Alta,REF52538,"Stone Used, 38",71.91,71.91,Color or pattern not as expected,AWAITING_BUYER_SHIP,RETURN_AND_REFUND
4040551313095493003,4040551313095427467,584140478109943179,2026-05-29,Calça Feminina Jeans Wide Leg Cintura Alta Azul Médio Marmorizado,REF55140,"Azul Médio Marmorizado , 40",89.9,89.9,Package wasn't received,RETURN_OR_REFUND_REQUEST_CANCEL,REFUND
4040551404058346835,4040551404058281299,584153759925962067,2026-05-29,Calça Jeans Feminina Wide Leg Jeans Feminina Cintura Alta,REF51644,"Marmorizada, 44",71.91,71.91,Item doesn't fit,AWAITING_BUYER_SHIP,RETURN_AND_REFUND
4040551405425690208,4040551405425624672,584218054538528352,2026-05-29,Calça Feminina Jeans Wide Leg Cintura Alta Azul Médio Marmorizado,REF55140,"Azul Médio Marmorizado , 40",89.9,89.9,Item doesn't fit,AWAITING_BUYER_SHIP,RETURN_AND_REFUND
4040551408525346187,4040551408525280651,584140478109943179,2026-05-29,Calça Feminina Jeans Wide Leg Cintura Alta Azul Médio Marmorizado,REF55140,"Azul Médio Marmorizado , 40",89.9,89.9,Package wasn't received,RETURN_OR_REFUND_REQUEST_CANCEL,REFUND
4040551409624384851,4040551409624319315,584153759925962067,2026-05-29,Calça Jeans Feminina Wide Leg Jeans Feminina Cintura Alta,REF52542,"Stone Used, 42",71.91,71.91,Item doesn't fit,AWAITING_BUYER_SHIP,RETURN_AND_REFUND
4040551429314676107,4040551429314610571,584140478109943179,2026-05-29,Calça Feminina Jeans Wide Leg Cintura Alta Azul Médio Marmorizado,REF55140,"Azul Médio Marmorizado , 40",89.9,89.9,Package wasn't received,REFUND_OR_RETURN_REQUEST_REJECT,REFUND
4040551900087682117,4040551900087616581,584199572697875525,2026-05-29,Calça Jeans Feminina Wide Leg Jeans Feminina Cintura Alta,REF56238,"Chocolate, 38",94.12,94.12,Item doesn't fit,AWAITING_BUYER_SHIP,RETURN_AND_REFUND
4040551988270564706,4040551988270499170,584150090316219746,2026-05-29,Saia Jeans Feminina Cintura Alta Barra A Fio Marmorizada Com Strass,REF58338,"Marmorizada , 38",72.6,72.6,Item doesn't fit,AWAITING_BUYER_SHIP,RETURN_AND_REFUND
4040552048239608918,4040552048239543382,584079247155299414,2026-05-29,Calça Jeans Feminina Wide Leg Jeans Feminina Cintura Alta,REF51638,"Marmorizada, 38",96.4,96.4,Item doesn't fit,AWAITING_BUYER_SHIP,RETURN_AND_REFUND
4040552314262160590,4040552314262095054,584151858803344590,2026-05-29,Calça Jeans Feminina Wide Leg Cintura Alta Chocolate,REF56240,"Chocolate, 40",65.25,65.25,Item doesn't fit,AWAITING_BUYER_SHIP,RETURN_AND_REFUND
4040554644615234894,4040554644615169358,584217101625558350,2026-05-29,Calça Jeans Feminina Wide Leg Jeans Feminina Cintura Alta,REF51638,"Marmorizada, 38",71.91,71.91,Item doesn't fit,AWAITING_BUYER_SHIP,RETURN_AND_REFUND
4040545839832794821,4040545839832729285,584121952245417669,2026-05-29,Calça Jeans Feminina Wide Leg Jeans Feminina Cintura Alta,REF56242,"Chocolate, 42",109.9,109.9,Item doesn't fit,AWAITING_BUYER_SHIP,RETURN_AND_REFUND
4040545858033911493,4040545858033845957,584121952245417669,2026-05-29,Calça Jeans Feminina Wide Leg Jeans Feminina Cintura Alta,REF55040,"Amarelo Manteiga, 40",109.9,109.9,Item doesn't fit,AWAITING_BUYER_SHIP,RETURN_AND_REFUND
4040550577859167602,4040550577859102066,584154070835037554,2026-05-29,Calça Jeans Feminina Wide Leg Jeans Cintura alta,REF54746,"Preta , 46",69.76,69.76,"Fabric, material or style not as expected",RETURN_OR_REFUND_REQUEST_COMPLETE,RETURN_AND_REFUND
4040545632323994702,4040545632323929166,584139695045772366,2026-05-29,Calça Jeans Feminina Wide Leg Cintura Alta Chocolate,REF56238,"Chocolate, 38",104.31,104.31,Item doesn't fit,AWAITING_BUYER_SHIP,RETURN_AND_REFUND
4040545838217266885,4040545838217201349,584121952245417669,2026-05-29,Calça Jeans Feminina Wide Leg Jeans Feminina Cintura Alta,REF54942,"Rosa Bebê , 42",109.9,109.9,Item doesn't fit,AWAITING_BUYER_SHIP,RETURN_AND_REFUND
4040544139173790792,4040544139173725256,584168603766981704,2026-05-29,Calça Feminina Jeans Wide Leg Cintura Alta Azul Médio Marmorizado,REF55136,"Azul Médio Marmorizado , 36",109.9,109.9,Item doesn't fit,AWAITING_BUYER_SHIP,RETURN_AND_REFUND
4040544211605489656,4040544211605424120,584201267273107448,2026-05-29,Calça Jeans Feminina Wide Leg Jeans Feminina Cintura Alta,REF56236,"Chocolate, 36",85.41,85.41,Item doesn't fit,RETURN_OR_REFUND_REQUEST_COMPLETE,RETURN_AND_REFUND
4040540009956804098,4040540009956738562,584198976486671874,2026-05-29,Calça Jeans Feminina Wide Leg Jeans Feminina Cintura Alta,REF52538,"Stone Used, 38",66.88,66.88,Item doesn't fit,AWAITING_BUYER_SHIP,RETURN_AND_REFUND
4040545075459032133,4040545075458966597,583787847170229317,2026-05-29,Calça Jeans Feminina Wide Leg Jeans Feminina Cintura Alta,REF56238,"Chocolate, 38",69.96,69.96,Item doesn't fit,AWAITING_BUYER_SHIP,RETURN_AND_REFUND
4040545575820690483,4040545575820624947,584201668276356147,2026-05-29,Calça Jeans Feminina Wide Leg Jeans Feminina Cintura Alta,REF51640,"Marmorizada, 40",94.9,94.9,Item doesn't fit,AWAITING_BUYER_SHIP,RETURN_AND_REFUND
4040545014573008056,4040545014572942520,584153762988524728,2026-05-29,Calça Jeans Feminina Wide Leg Jeans Feminina Cintura Alta,REF51640,"Marmorizada, 40",75.0,75.0,Item doesn't fit,AWAITING_BUYER_SHIP,RETURN_AND_REFUND
4040570164728071490,4040570164728005954,584203841471546690,2026-05-30,Calça Jeans Feminina Wide Leg Jeans Feminina Cintura Alta,REF52542,"Stone Used, 42",99.9,99.9,Item doesn't fit,AWAITING_BUYER_SHIP,RETURN_AND_REFUND
4040569770795173878,4040569770795108342,584154476505303030,2026-05-30,Calça Jeans Feminina Wide Leg Jeans Feminina Cintura Alta,REF56240,"Chocolate, 40",85.65,85.65,Item doesn't fit,AWAITING_BUYER_SHIP,RETURN_AND_REFUND
4040569191032588176,4040569187577202576,584233280046073744,2026-05-30,Calça Jeans Feminina Wide Leg Jeans Feminina Cintura Alta,REF56240,"Chocolate, 40",94.9,94.9,Color or pattern not as expected,AWAITING_BUYER_SHIP,RETURN_AND_REFUND
4040569155806397961,4040569155806332425,584154535932757513,2026-05-30,Blusa Feminina Jeans Bata Tomara Que Caia Candy Colors,REF585G,"Chocolate, G",72.07,72.07,No longer needed,AWAITING_BUYER_SHIP,RETURN_AND_REFUND
4040569080231986931,4040569080231921395,584199450004326131,2026-05-30,Calça Jeans Feminina Wide Leg Jeans Feminina Cintura Alta,REF52544,"Stone Used, 44",73.32,73.32,Defective item,RETURN_OR_REFUND_REQUEST_CANCEL,REFUND
4040566397198238776,4040566397198173240,584201367128605752,2026-05-30,Body Manga Longa Modelador Poliamida Premium Cores Neutras,REF533GG,"PRETO, GG",59.9,59.9,No longer needed,AWAITING_BUYER_SHIP,RETURN_AND_REFUND
4040567714795456246,4040567714795390710,583683613433038582,2026-05-30,Calça Jeans Feminina Wide Leg Jeans Feminina Cintura Alta,REF51636,"Marmorizada, 36",54.31,54.31,Item doesn't fit,AWAITING_BUYER_SHIP,RETURN_AND_REFUND
4040567612533343272,4040567612533277736,584074805395489832,2026-05-30,Calça Jeans Feminina Wide Leg Jeans Feminina Cintura Alta,REF51638,"Marmorizada, 38",94.9,94.9,Item doesn't fit,AWAITING_BUYER_SHIP,RETURN_AND_REFUND
4040566952390132740,4040566952390067204,584029899674649604,2026-05-30,Shorts Mom/Social Feminino Jeans Cintura Alta Barra Dobrada Candy Colors,REF55838,"Amarelo Manteiga, 38",53.96,53.96,Package wasn't received,RETURN_OR_REFUND_REQUEST_COMPLETE,REFUND
4040566951426229252,4040566951426163716,584029899674649604,2026-05-30,Shorts Mom/Social Feminino Jeans Cintura Alta Barra Dobrada Candy Colors,REF55938,"Rosa Bebê , 38",53.95,53.95,Package wasn't received,RETURN_OR_REFUND_REQUEST_COMPLETE,REFUND
4040566794777429085,4040566794777363549,584149595796702301,2026-05-30,Calça Jeans Feminina Wide Leg Jeans Feminina Cintura Alta,REF51638,"Marmorizada, 38",96.68,96.68,Item doesn't fit,AWAITING_BUYER_SHIP,RETURN_AND_REFUND
4040566489141576760,4040566489141511224,584201346820834360,2026-05-30,Calça Jeans Feminina Wide Leg Jeans Feminina Cintura Alta,REF56244,"Chocolate, 44",85.41,85.41,No longer needed,AWAITING_BUYER_SHIP,RETURN_AND_REFUND
4040570562764047510,4040570562763981974,584154189115655318,2026-05-30,Calça Jeans Feminina Wide Leg Jeans Feminina Cintura Alta,REF52546,"Stone Used, 46",68.82,68.82,Package wasn't received,RETURN_OR_REFUND_REQUEST_COMPLETE,REFUND
4040570561820656790,4040570561820329110,584154189115655318,2026-05-30,Calça Jeans Feminina Wide Leg Jeans Feminina Cintura Alta,REF52546,"Stone Used, 46",68.82,68.82,Package wasn't received,RETURN_OR_REFUND_REQUEST_CANCEL,REFUND
4040569080232118003,4040569080232052467,584199450004326131,2026-05-30,Calça Baggy Jeans Feminina Cintura Média Marmorizada,REF58744,"Marmorizada , 44",82.49,82.49,Defective item,RETURN_OR_REFUND_REQUEST_CANCEL,REFUND
4040563723015653142,4040563723015587606,584215116307531542,2026-05-30,Calça Jeans Feminina Wide Leg Jeans Feminina Cintura Alta,REF56240,"Chocolate, 40",94.34,94.34,Item doesn't fit,AWAITING_BUYER_SHIP,RETURN_AND_REFUND
4040556258074723892,4040556258074658356,584200260915201588,2026-05-30,Calça Jeans Feminina Wide Leg Jeans Feminina Cintura Alta,REF56244,"Chocolate, 44",93.78,93.78,Item doesn't fit,AWAITING_BUYER_SHIP,RETURN_AND_REFUND
4040564094418781386,4040564094418715850,584217824980010186,2026-05-30,Calça Jeans Feminina Wide Leg Jeans Feminina Cintura Alta,REF51638,"Marmorizada, 38",95.02,95.02,Item doesn't fit,BUYER_SHIPPED_ITEM,RETURN_AND_REFUND
4040564313851660058,4040564313851594522,584229455665923866,2026-05-30,Calça Jeans Feminina Wide Leg Jeans Feminina Cintura Alta,REF51642,"Marmorizada, 42",80.83,80.83,Item doesn't fit,BUYER_SHIPPED_ITEM,RETURN_AND_REFUND
4040571897420547631,4040571897420482095,584169895943308847,2026-05-30,Calça Jeans Feminina Wide Leg Jeans Feminina Cintura Alta,REF51642,"Marmorizada, 42",89.98,89.98,Item doesn't fit,AWAITING_BUYER_SHIP,RETURN_AND_REFUND
4040568633382635457,4040568633382569921,584233640885127105,2026-05-30,Calça Mom Jeans Feminina Cintura Alta Marmorizada,REF58840,"Marmorizada , 40",94.9,94.9,Item doesn't fit,BUYER_SHIPPED_ITEM,RETURN_AND_REFUND
4040568674866595002,4040568674866529466,584248483427091642,2026-05-30,Calça Jeans Feminina Wide Leg Jeans Feminina Cintura Alta,REF56236,"Chocolate, 36",85.41,85.41,Item doesn't fit,BUYER_SHIPPED_ITEM,RETURN_AND_REFUND
4040568729917949210,4040568729917883674,584248620787795226,2026-05-30,Calça Jeans Feminina Wide Leg Jeans Feminina Cintura Alta,REF51640,"Marmorizada, 40",79.9,79.9,Item doesn't fit,BUYER_SHIPPED_ITEM,RETURN_AND_REFUND
4040564831371953873,4040564831371888337,584216967420020433,2026-05-30,Calça Jeans Feminina Wide Leg Jeans Feminina Cintura Alta,REF51642,"Marmorizada, 42",77.81,77.81,Item doesn't fit,RETURN_OR_REFUND_REQUEST_CANCEL,RETURN_AND_REFUND
4040569063322519444,4040569063322453908,584216866448770964,2026-05-30,Calça Jeans Feminina Wide Leg Jeans Feminina Cintura Alta,REF51644,"Marmorizada, 44",76.8,76.8,Item doesn't fit,BUYER_SHIPPED_ITEM,RETURN_AND_REFUND
4040569263871067230,4040569263871001694,584217133330891870,2026-05-30,Calça Jeans Feminina Wide Leg Jeans Feminina Cintura Alta,REF52542,"Stone Used, 42",99.9,99.9,Item doesn't fit,BUYER_SHIPPED_ITEM,RETURN_AND_REFUND
4040569297779525528,4040569297779459992,584246848980944792,2026-05-30,Calça Feminina Jeans Wide Leg Cintura Alta Azul Médio Marmorizado,REF55138,"Azul Médio Marmorizado , 38",85.41,85.41,Color or pattern not as expected,BUYER_SHIPPED_ITEM,RETURN_AND_REFUND
4040570096341452581,4040570096341387045,584233767265863461,2026-05-30,Body Manga Longa Modelador em Poliamida Premium Candy Colors,REF534G,"Amarelo Candy, G",57.42,57.42,No longer needed,BUYER_SHIPPED_ITEM,RETURN_AND_REFUND
4040570198341158850,4040570198341093314,584249336153671618,2026-05-30,Calça Jeans Feminina Wide Leg Jeans Feminina Cintura Alta,REF56242,"Chocolate, 42",88.26,88.26,Item doesn't fit,BUYER_SHIPPED_ITEM,RETURN_AND_REFUND
4040571137757251487,4040571137757185951,583826679689086879,2026-05-30,Calça Jeans Feminina Wide Leg Jeans Feminina Cintura Alta,REF51640,"Marmorizada, 40",69.9,69.9,Defective item,BUYER_SHIPPED_ITEM,RETURN_AND_REFUND
4040572045444285476,4040572045444219940,584215037742777380,2026-05-30,Calça Jeans Feminina Wide Leg Jeans Feminina Cintura Alta,REF51638,"Marmorizada, 38",94.9,94.9,Item doesn't fit,BUYER_SHIPPED_ITEM,RETURN_AND_REFUND
4040569067258087316,4040569067258021780,584216866448770964,2026-05-30,Calça Jeans Feminina Wide Leg Jeans Feminina Cintura Alta,REF52544,"Stone Used, 44",76.8,76.8,Item doesn't fit,BUYER_SHIPPED_ITEM,RETURN_AND_REFUND
4040571897727190575,4040571897727125039,584169895943308847,2026-05-30,Calça Jeans Feminina Wide Leg Cintura Alta Amarelo Manteiga,REF55040,"AMARELO MANTEIGA, 40",98.98,98.98,Item doesn't fit,AWAITING_BUYER_SHIP,RETURN_AND_REFUND
4040567950958888054,4040567950958756982,584011342914552950,2026-05-30,Calça Jeans Feminina Wide Leg Jeans Cintura alta,REF54744,"Preto , 44",85.41,85.41,Item doesn't fit,RETURN_OR_REFUND_REQUEST_CANCEL,RETURN_AND_REFUND
4040586444672763536,4040586444672698000,584110037582579344,2026-05-31,Calça Jeans Feminina Wide Leg Jeans Feminina Cintura Alta,REF56238,"Chocolate, 38",107.45,107.45,Item doesn't fit,AWAITING_BUYER_SHIP,RETURN_AND_REFUND
4040592006871811285,4040592006871745749,584233843562677461,2026-05-31,Calça Jeans Feminina Wide Leg Jeans Feminina Cintura Alta,REF51636,"Marmorizada, 36",79.9,79.9,Item doesn't fit,BUYER_SHIPPED_ITEM,RETURN_AND_REFUND
4040591918603011425,4040591918602945889,584230498612905313,2026-05-31,Saia Jeans Feminina Cintura Alta Barra A Fio,REF56840,"Marmorizada, 40",56.31,56.31,Color or pattern not as expected,BUYER_SHIPPED_ITEM,RETURN_AND_REFUND
4040590040418190808,4040590040418125272,584182172092106200,2026-05-31,Calça Jeans Feminina Wide Leg Jeans Feminina Cintura Alta,REF52542,"Stone Used, 42",96.84,96.84,Item doesn't fit,BUYER_SHIPPED_ITEM,RETURN_AND_REFUND
4040589996122801888,4040589996122736352,584121779091834592,2026-05-31,Calça Baggy Jeans Feminina Cintura Média Marmorizada,REF58742,"Marmorizada , 42",102.38,102.38,Item doesn't fit,BUYER_SHIPPED_ITEM,RETURN_AND_REFUND
4040589991762364128,4040589991762298592,584140912878192352,2026-05-31,Calça Mom Jeans Feminina Cintura Alta Marmorizada,REF58838,"Marmorizada , 38",106.25,106.25,Defective item,BUYER_SHIPPED_ITEM,RETURN_AND_REFUND
4040589892422436203,4040589892422370667,584244740685333867,2026-05-31,Calça Jeans Feminina Wide Leg Jeans Feminina Cintura Alta,REF52538,"Stone Used, 38",71.91,71.91,Item doesn't fit,BUYER_SHIPPED_ITEM,RETURN_AND_REFUND
4040589768463582986,4040589768463517450,584119911671760650,2026-05-31,Saia Jeans Feminina Cintura Alta Barra A Fio,REF56636,"Chocolate , 36",59.9,59.9,Item doesn't fit,BUYER_SHIPPED_ITEM,RETURN_AND_REFUND
4040593727508284873,4040593727508219337,584231201033651657,2026-05-31,Body Manga Longa Modelador em Poliamida Premium Candy Colors,REF536GG,"Azul Candy, GG",54.82,54.82,Item doesn't match description,BUYER_SHIPPED_ITEM,RETURN_AND_REFUND
4040589786870089163,4040589786870023627,584260694678537675,2026-05-31,Body Manga Longa Modelador Poliamida Premium Cores Neutras,REF537G,"BRANCO, G",55.71,55.71,Item doesn't match description,BUYER_SHIPPED_ITEM,RETURN_AND_REFUND
4040589741728499590,4040589741728434054,584152451088549766,2026-05-31,Calça Jeans Feminina Wide Leg Jeans Feminina Cintura Alta,REF52536,"Stone Used, 36",69.77,69.77,Item doesn't fit,BUYER_SHIPPED_ITEM,RETURN_AND_REFUND
4040589424682698231,4040589424682632695,584246231037281783,2026-05-31,Calça Jeans Feminina Wide Leg Jeans Feminina Cintura Alta,REF51640,"Marmorizada, 40",71.91,71.91,Item doesn't fit,BUYER_SHIPPED_ITEM,RETURN_AND_REFUND
4040589219432793888,4040589219432728352,584247863958406944,2026-05-31,Calça Jeans Feminina Wide Leg Jeans Feminina Cintura Alta,REF51638,"Marmorizada, 38",74.31,74.31,Item doesn't fit,BUYER_SHIPPED_ITEM,RETURN_AND_REFUND
4040589102189151432,4040589102189085896,584229930314859720,2026-05-31,Calça Baggy Jeans Feminina Cintura Média Marmorizada,REF58742,"Marmorizada , 42",108.1,108.1,"Fabric, material or style not as expected",BUYER_SHIPPED_ITEM,RETURN_AND_REFUND
4040589038798145165,4040589038798079629,584245475227240077,2026-05-31,Calça Jeans Feminina Wide Leg Jeans Feminina Cintura Alta,REF52540,"Stone Used, 40",71.91,71.91,Wrong item was sent,BUYER_SHIPPED_ITEM,RETURN_AND_REFUND
4040585732745299001,4040585732745233465,584089202348426297,2026-05-31,Shorts Mom/Social Feminino Jeans Cintura Alta Barra Dobrada,REF55740,"Azul Escuro, 40",59.95,59.95,Item doesn't fit,BUYER_SHIPPED_ITEM,RETURN_AND_REFUND
4040587078680872379,4040587078680806843,584200071226361275,2026-05-31,Calça Jeans Feminina Wide Leg Jeans Feminina Cintura Alta,REF51638,"Marmorizada, 38",77.81,77.81,"Fabric, material or style not as expected",AWAITING_BUYER_SHIP,RETURN_AND_REFUND
4040589783861986763,4040589783861921227,584260694678537675,2026-05-31,Calça Jeans Feminina Wide Leg Jeans Feminina Cintura Alta,REF56242,"Chocolate, 42",88.25,88.25,Item doesn't fit,BUYER_SHIPPED_ITEM,RETURN_AND_REFUND
4040593719547626953,4040593719547561417,584231201033651657,2026-05-31,Shorts Mom/Social Feminino Jeans Cintura Alta Barra Dobrada,REF55640,"Azul Médio , 40",50.84,50.84,Defective item,RETURN_OR_REFUND_REQUEST_COMPLETE,RETURN_AND_REFUND
4040593791789139401,4040593791789073865,584231201033651657,2026-05-31,Body Manga Longa Modelador Poliamida Premium Cores Neutras,REF533G,"PRETO, G",55.48,55.48,Item doesn't match description,BUYER_SHIPPED_ITEM,RETURN_AND_REFUND
4040589684611384800,4040589684611319264,584043319642064352,2026-05-31,Blusa Feminina Jeans Bata Tomara Que Caia Candy Colors,REF585M,"Chocolate, M",99.67,99.67,No longer needed,AWAITING_BUYER_SHIP,RETURN_AND_REFUND
4040589224816969667,4040589224816904131,584219277364594627,2026-05-31,Calça Jeans Feminina Wide Leg Jeans Feminina Cintura Alta,REF51640,"Marmorizada, 40",94.9,94.9,Item doesn't fit,AWAITING_BUYER_SHIP,RETURN_AND_REFUND
4040589414153881021,4040589414153815485,584200237435028925,2026-05-31,Calça Mom Jeans Feminina Cintura Alta Marmorizada,REF58842,"Marmorizada , 42",87.14,87.14,Item doesn't fit,AWAITING_BUYER_SHIP,RETURN_AND_REFUND
4040589477692867900,4040589477692802364,584198939287127356,2026-05-31,Calça Jeans Feminina Wide Leg Jeans Feminina Cintura Alta,REF51636,"Marmorizada, 36",77.5,77.5,Item doesn't fit,AWAITING_BUYER_SHIP,RETURN_AND_REFUND
4040589678547404256,4040589678547338720,584043319642064352,2026-05-31,Calça Jeans Feminina Wide Leg Jeans Feminina Cintura Alta,REF56236,"Chocolate, 36",108.88,108.88,Item doesn't fit,AWAITING_BUYER_SHIP,RETURN_AND_REFUND
4040592296696514160,4040592296696448624,584153722245449328,2026-05-31,Calça Jeans Feminina Wide Leg Jeans Feminina Cintura Alta,REF52536,"Stone Used, 36",73.14,73.14,Item doesn't fit,AWAITING_BUYER_SHIP,RETURN_AND_REFUND
4040589945535366652,4040589945535301116,584154388935509500,2026-05-31,Calça Jeans Feminina Wide Leg Jeans Feminina Cintura Alta,REF56240,"Chocolate, 40",80.91,80.91,Wrong item was sent,AWAITING_BUYER_SHIP,RETURN_AND_REFUND
4040590002187110389,4040590002187044853,584204004207396853,2026-05-31,Calça Feminina Jeans Wide Leg Cintura Alta Azul Médio Marmorizado,REF55138,"Azul Médio Marmorizado , 38",89.9,89.9,Color or pattern not as expected,AWAITING_BUYER_SHIP,RETURN_AND_REFUND
4040590227677152951,4040590227677087415,584263200216155831,2026-05-31,Calça Jeans Feminina Wide Leg Jeans Feminina Cintura Alta,REF51644,"Marmorizada, 44",71.91,71.91,Item doesn't fit,AWAITING_BUYER_SHIP,RETURN_AND_REFUND
4040590412622824638,4040590412622759102,584233577359508670,2026-05-31,Calça Jeans Feminina Wide Leg Jeans Feminina Cintura Alta,REF51642,"Marmorizada, 42",77.4,77.4,Item doesn't fit,AWAITING_BUYER_SHIP,RETURN_AND_REFUND
4040574754086553373,4040574754086487837,584217138705499933,2026-05-31,Calça Mom Jeans Feminina Cintura Alta Marmorizada,REF58838,"Marmorizada , 38",104.69,104.69,Item doesn't fit,AWAITING_BUYER_SHIP,RETURN_AND_REFUND
4040590442905633982,4040590442905568446,584233577359508670,2026-05-31,Calça Jeans Feminina Wide Leg Jeans Feminina Cintura Alta,REF56242,"Chocolate, 42",91.95,91.95,Item doesn't fit,AWAITING_BUYER_SHIP,RETURN_AND_REFUND
4040590588526561204,4040590588526495668,584216825549522868,2026-05-31,Calça Jeans Feminina Wide Leg Jeans Feminina Cintura Alta,REF52542,"Stone Used, 42",69.75,69.75,Item doesn't fit,AWAITING_BUYER_SHIP,RETURN_AND_REFUND
4040590595240658057,4040590595240592521,584232324337337481,2026-05-31,Calça Baggy Jeans Feminina Cintura Média Marmorizada,REF58738,"Marmorizada , 38",80.91,80.91,Item doesn't match description,RETURN_OR_REFUND_REQUEST_CANCEL,RETURN_AND_REFUND
4040590755736880509,4040590755736814973,584227135487182205,2026-05-31,Calça Jeans Feminina Wide Leg Jeans Feminina Cintura Alta,REF51640,"Marmorizada, 40",108.89,108.89,Item doesn't fit,AWAITING_BUYER_SHIP,RETURN_AND_REFUND
4040583774680679987,4040583774680614451,583970129676502579,2026-05-31,Calça Mom Jeans Feminina Cintura Alta Marmorizada,REF58842,"Marmorizada , 42",88.13,88.13,Item doesn't fit,AWAITING_BUYER_SHIP,RETURN_AND_REFUND
4040587941587879067,4040587941587813531,584242605426377883,2026-05-31,Calça Mom Jeans Feminina Cintura Alta Marmorizada,REF58840,"Marmorizada , 40",99.9,99.9,Item doesn't fit,AWAITING_BUYER_SHIP,RETURN_AND_REFUND
4040611414801942365,4040611414801876829,584218914426029917,2026-06-01,Calça Jeans Feminina Wide Leg Jeans Feminina Cintura Alta,REF51636,"Marmorizada, 36",79.9,79.9,Item doesn't fit,BUYER_SHIPPED_ITEM,RETURN_AND_REFUND
4040611334455461395,4040611334455395859,584245683153896979,2026-06-01,Calça Jeans Feminina Wide Leg Jeans Feminina Cintura Alta,REF52738,"Sky Used, 38",78.45,78.45,Item doesn't fit,BUYER_SHIPPED_ITEM,RETURN_AND_REFUND
4040611309184386118,4040611309184320582,584263504298673222,2026-06-01,Calça Jeans Feminina Wide Leg Jeans Feminina Cintura Alta,REF51644,"Marmorizada, 44",66.88,66.88,Item doesn't fit,BUYER_SHIPPED_ITEM,RETURN_AND_REFUND
4040611303587350367,4040611303587284831,584248802481047391,2026-06-01,Calça Jeans Feminina Wide Leg Jeans Feminina Cintura Alta,REF51638,"Marmorizada, 38",71.91,71.91,Item doesn't fit,BUYER_SHIPPED_ITEM,RETURN_AND_REFUND
4040612726637430566,4040612726637365030,584247531728570150,2026-06-01,Shorts Mom/Social Feminino Jeans Cintura Alta Barra Dobrada Candy Colors,REF55842,"Amarelo Manteiga, 42",63.15,63.15,Item doesn't fit,BUYER_SHIPPED_ITEM,RETURN_AND_REFUND
4040608565571651294,4040608565571454686,584265548279154398,2026-06-01,Calça Jeans Feminina Wide Leg Jeans Feminina Cintura Alta,REF51640,"Marmorizada, 40",80.4,80.4,Item doesn't fit,BUYER_SHIPPED_ITEM,RETURN_AND_REFUND
4040609553410197395,4040609553410131859,584215432325072787,2026-06-01,Calça Jeans Feminina Wide Leg Jeans Feminina Cintura Alta,REF52538,"Stone Used, 38",71.91,71.91,No longer needed,BUYER_SHIPPED_ITEM,RETURN_AND_REFUND
4040611168918340690,4040611168918275154,584247866734511186,2026-06-01,Calça Jeans Feminina Wide Leg Jeans Feminina Cintura Alta,REF51646,"Marmorizada, 46",99.9,99.9,Item doesn't fit,BUYER_SHIPPED_ITEM,RETURN_AND_REFUND
4040603869778315256,4040603869778184184,584230469887887352,2026-06-01,Calça Jeans Feminina Wide Leg Jeans Feminina Cintura Alta,REF52546,"Stone Used, 46",91.56,183.11,Item doesn't fit,BUYER_SHIPPED_ITEM,RETURN_AND_REFUND
4040603869778249720,4040603869778184184,584230469887887352,2026-06-01,Calça Jeans Feminina Wide Leg Jeans Feminina Cintura Alta,REF52546,"Stone Used, 46",91.55,183.11,Item doesn't fit,BUYER_SHIPPED_ITEM,RETURN_AND_REFUND
4040605330103371686,4040605356047566758,584215370183706534,2026-06-01,Calça Jeans Feminina Wide Leg Jeans Feminina Cintura Alta,REF51636,"Marmorizada, 36",69.75,69.75,Item doesn't fit,BUYER_SHIPPED_ITEM,RETURN_AND_REFUND
4040606404430628655,4040606404430563119,584263138499266351,2026-06-01,Calça Jeans Feminina Wide Leg Jeans Feminina Cintura Alta,REF56240,"Chocolate, 40",83.41,83.41,Item doesn't match description,BUYER_SHIPPED_ITEM,RETURN_AND_REFUND
4040612856406246845,4040612856406181309,584234189453559229,2026-06-01,Calça Jeans Feminina Wide Leg Jeans Feminina Cintura Alta,REF51640,"Marmorizada, 40",74.9,74.9,"Fabric, material or style not as expected",BUYER_SHIPPED_ITEM,RETURN_AND_REFUND
4040611083063822196,4040611083063756660,584230378222094196,2026-06-01,Calça Feminina Jeans Wide Leg Cintura Alta Azul Médio Marmorizado,REF55142,"Azul Médio Marmorizado , 42",109.9,109.9,Item doesn't fit,BUYER_SHIPPED_ITEM,RETURN_AND_REFUND
4040613726053369832,4040613726053304296,584263320289380328,2026-06-01,Calça Jeans Feminina Wide Leg Jeans Feminina Cintura Alta,REF51640,"Marmorizada, 40",75.28,75.28,Item doesn't fit,AWAITING_BUYER_SHIP,RETURN_AND_REFUND
4040610535971390951,4040610535971259879,584186956591498727,2026-06-01,Calça Jeans Feminina Wide Leg Jeans Feminina Cintura Alta,REF51640,"Marmorizada, 40",94.89,189.78,Item doesn't fit,BUYER_SHIPPED_ITEM,RETURN_AND_REFUND
4040611699113232115,4040611699113166579,584199450004326131,2026-06-01,Calça Baggy Jeans Feminina Cintura Média Marmorizada,REF58744,"Marmorizada , 44",82.49,82.49,Package wasn't received,RETURN_OR_REFUND_REQUEST_COMPLETE,REFUND
4040611698365204211,4040611698365138675,584199450004326131,2026-06-01,Calça Jeans Feminina Wide Leg Jeans Feminina Cintura Alta,REF52544,"Stone Used, 44",73.32,73.32,Package wasn't received,RETURN_OR_REFUND_REQUEST_COMPLETE,REFUND
4040611565646611894,4040611565646546358,584091743601591734,2026-06-01,Saia Jeans Feminina Cintura Alta Barra A Fio,REF56640,"Chocolate , 40",126.2,126.2,Item doesn't fit,AWAITING_BUYER_SHIP,RETURN_AND_REFUND
4040611541248607815,4040611541248542279,584185687276947015,2026-06-01,Calça Jeans Feminina Wide Leg Jeans Feminina Cintura Alta,REF51642,"Marmorizada, 42",94.9,94.9,Item doesn't fit,AWAITING_BUYER_SHIP,RETURN_AND_REFUND
4040611519412405674,4040611519412340138,584263347450578346,2026-06-01,Body Manga Longa Modelador Poliamida Premium Cores Neutras,REF533G,"PRETO, G",55.71,55.71,Defective item,AWAITING_BUYER_SHIP,RETURN_AND_REFUND
4040611517428630954,4040611517428565418,584265794255029674,2026-06-01,Body Manga Longa Modelador Poliamida Premium Cores Neutras,REF535G,"NUDE, G",55.06,55.06,Defective item,AWAITING_BUYER_SHIP,RETURN_AND_REFUND
4040611270188566443,4040611270188500907,584216335674738603,2026-06-01,Calça Jeans Feminina Wide Leg Jeans Feminina Cintura Alta,REF52546,"Stone Used, 46",96.4,96.4,"Fabric, material or style not as expected",AWAITING_BUYER_SHIP,RETURN_AND_REFUND
4040611701428422491,4040611701428356955,584232261761402715,2026-06-01,Calça Jeans Feminina Wide Leg Jeans Feminina Cintura Alta,REF51638,"Marmorizada, 38",71.91,71.91,Item doesn't fit,RETURN_OR_REFUND_REQUEST_CANCEL,RETURN_AND_REFUND
4040610860337694224,4040610860337628688,584093409999095312,2026-06-01,Calça Jeans Feminina Wide Leg Jeans Feminina Cintura Alta,REF51638,"Marmorizada, 38",77.83,77.83,Item doesn't fit,AWAITING_BUYER_SHIP,RETURN_AND_REFUND
4040610092490262181,4040610092490196645,584245817007965861,2026-06-01,Calça Jeans Feminina Wide Leg Jeans Feminina Cintura Alta,REF52542,"Stone Used, 42",71.91,71.91,Item doesn't fit,BUYER_SHIPPED_ITEM,RETURN_AND_REFUND
4040610268572648893,4040610268572583357,584245841037395389,2026-06-01,Calça Jeans Feminina Wide Leg Jeans Feminina Cintura Alta,REF51646,"Marmorizada, 46",71.91,71.91,Item doesn't fit,AWAITING_BUYER_SHIP,RETURN_AND_REFUND
4040610120274576510,4040610120274510974,584231125261190270,2026-06-01,Calça Jeans Feminina Wide Leg Jeans Feminina Cintura Alta,REF52540,"Stone Used, 40",102.4,102.4,Item doesn't fit,AWAITING_BUYER_SHIP,RETURN_AND_REFUND
4040606859093443853,4040606859093378317,584263235114075405,2026-06-01,Calça Jeans Feminina Wide Leg Jeans Feminina Cintura Alta,REF51638,"Marmorizada, 38",108.09,108.09,Item doesn't fit,AWAITING_BUYER_SHIP,RETURN_AND_REFUND
4040605770027992314,4040605770027926778,584245441457128698,2026-06-01,Calça Jeans Feminina Wide Leg Jeans Feminina Cintura Alta,REF52540,"Stone Used, 40",71.91,71.91,Item doesn't fit,AWAITING_BUYER_SHIP,RETURN_AND_REFUND
4040605713312417018,4040605713312351482,584245441457128698,2026-06-01,Calça Mom Jeans Feminina Cintura Alta Marmorizada,REF58840,"Marmorizada , 40",80.91,80.91,Item doesn't fit,AWAITING_BUYER_SHIP,RETURN_AND_REFUND
4040609837894305508,4040609837894239972,584150920675100388,2026-06-01,Calça Jeans Feminina Wide Leg Jeans Feminina Cintura Alta,REF51636,"Marmorizada, 36",71.91,71.91,Item doesn't fit,BUYER_SHIPPED_ITEM,RETURN_AND_REFUND
4040610748555691581,4040610748555626045,584215063345661501,2026-06-01,Calça Jeans Feminina Wide Leg Jeans Feminina Cintura Alta,REF52738,"Sky Used, 38",69.19,69.19,Item doesn't fit,AWAITING_BUYER_SHIP,RETURN_AND_REFUND
4040611938580203095,4040611938580137559,584216725050394199,2026-06-01,Calça Jeans Feminina Wide Leg Jeans Feminina Cintura Alta,REF51646,"Marmorizada, 46",77.55,77.55,Item doesn't fit,AWAITING_BUYER_SHIP,RETURN_AND_REFUND
4040611960589223511,4040611960589157975,584216725050394199,2026-06-01,Calça Baggy Jeans Feminina Cintura Média Marmorizada,REF58746,"Marmorizada , 46",87.25,87.25,Item doesn't fit,AWAITING_BUYER_SHIP,RETURN_AND_REFUND
4040612254192535539,4040612254192470003,584218469984798707,2026-06-01,Calça Jeans Feminina Wide Leg Jeans Feminina Cintura Alta,REF51638,"Marmorizada, 38",77.03,77.03,Item doesn't fit,AWAITING_BUYER_SHIP,RETURN_AND_REFUND
4040610535971325415,4040610535971259879,584186956591498727,2026-06-01,Calça Jeans Feminina Wide Leg Jeans Feminina Cintura Alta,REF51640,"Marmorizada, 40",94.89,189.78,Item doesn't fit,BUYER_SHIPPED_ITEM,RETURN_AND_REFUND
4040610453403501795,4040610453403436259,584150273891468515,2026-06-01,Calça Jeans Feminina Wide Leg Cintura Alta Chocolate,REF56244,"Chocolate, 44",98.61,98.61,Item doesn't fit,BUYER_SHIPPED_ITEM,RETURN_AND_REFUND
4040610392229316393,4040610392229250857,584201619554797353,2026-06-01,Calça Jeans Feminina Wide Leg Jeans Feminina Cintura Alta,REF51642,"Marmorizada, 42",92.51,92.51,No longer needed,BUYER_SHIPPED_ITEM,RETURN_AND_REFUND
4040613941841135208,4040613941841069672,583771245451708008,2026-06-01,Calça Jeans Feminina Wide Leg Jeans Feminina Cintura Alta,REF51644,"Marmorizada, 44",64.99,64.99,Item doesn't fit,AWAITING_BUYER_SHIP,RETURN_AND_REFUND
4040613419893949794,4040613419893884258,584263592046331234,2026-06-01,Saia Jeans Feminina Cintura Alta Barra A Fio Marmorizada Com Strass,REF58340,"Marmorizada , 40",58.51,58.51,Item doesn't fit,AWAITING_BUYER_SHIP,RETURN_AND_REFUND
4040613377396803156,4040613377396737620,584203152749856340,2026-06-01,Calça Jeans Feminina Wide Leg Jeans Feminina Cintura Alta,REF51640,"Marmorizada, 40",79.9,79.9,Item doesn't fit,AWAITING_BUYER_SHIP,RETURN_AND_REFUND
4040613197687457418,4040613197687326346,584139374399817354,2026-06-01,Calça Jeans Feminina Wide Leg Jeans Feminina Cintura Alta,REF51642,"Marmorizada, 42",79.45,79.45,Item doesn't fit,AWAITING_BUYER_SHIP,RETURN_AND_REFUND
4040610940740469835,4040610940740404299,584245388669322315,2026-06-01,Calça Jeans Feminina Wide Leg Jeans Feminina Cintura Alta,REF51636,"Marmorizada, 36",71.91,71.91,Item doesn't fit,BUYER_SHIPPED_ITEM,RETURN_AND_REFUND
4040609921675724565,4040609921675659029,584247690014131989,2026-06-01,Shorts Mom/Social Feminino Jeans Cintura Alta Barra Dobrada,REF55542,"Azul Médio Marmorizado, 42",59.95,59.95,Item doesn't fit,BUYER_SHIPPED_ITEM,RETURN_AND_REFUND
4040613138921456918,4040613138921391382,584244767821694230,2026-06-01,Calça Jeans Feminina Wide Leg Jeans Feminina Cintura Alta,REF52538,"Stone Used, 38",71.86,71.86,Item doesn't fit,AWAITING_BUYER_SHIP,RETURN_AND_REFUND
4040613117774693779,4040613117774628243,584158040981865875,2026-06-01,Calça Baggy Jeans Feminina Cintura Média Marmorizada,REF58740,"Marmorizada , 40",110.69,110.69,Item doesn't fit,AWAITING_BUYER_SHIP,RETURN_AND_REFUND
4040612918658959226,4040612918658893690,584245754491930490,2026-06-01,Calça Jeans Feminina Wide Leg Jeans Feminina Cintura Alta,REF51644,"Marmorizada, 44",71.56,71.56,Item doesn't fit,AWAITING_BUYER_SHIP,RETURN_AND_REFUND
4040621446913623164,4040621446913557628,584245436881208444,2026-06-02,Calça Jeans Feminina Wide Leg Jeans Feminina Cintura Alta,REF51638,"Marmorizada, 38",71.91,71.91,Item doesn't fit,BUYER_SHIPPED_ITEM,RETURN_AND_REFUND
4040626971768292748,4040626971768227212,584230691381740940,2026-06-02,Calça Mom Jeans Feminina Cintura Alta Marmorizada,REF58842,"Marmorizada , 42",80.91,80.91,Item doesn't fit,BUYER_SHIPPED_ITEM,RETURN_AND_REFUND
4040627047356008103,4040627047355942567,583987287152363175,2026-06-02,Calça Mom Jeans Feminina Cintura Alta Marmorizada,REF58838,"Marmorizada , 38",92.11,92.11,Item doesn't fit,BUYER_SHIPPED_ITEM,RETURN_AND_REFUND
4040629115647984839,4040629115647919303,584232447341921479,2026-06-02,Calça Jeans Feminina Wide Leg Jeans Feminina Cintura Alta Stone Used,REF52542,42,87.73,87.73,No longer needed,BUYER_SHIPPED_ITEM,RETURN_AND_REFUND
4040629994387376049,4040629994387310513,584265027920299953,2026-06-02,Calça Jeans Feminina Wide Leg Jeans Feminina Cintura Alta,REF51644,"Marmorizada, 44",91.9,91.9,Item doesn't fit,BUYER_SHIPPED_ITEM,RETURN_AND_REFUND
4040624123853244097,4040624123853178561,584170817982727873,2026-06-02,Calça Jeans Feminina Wide Leg Cintura Alta- Candy Colors,REF54938,"ROSA BEBÊ, 38",104.9,104.9,Item doesn't fit,BUYER_SHIPPED_ITEM,RETURN_AND_REFUND
4040622672959866448,4040622672959800912,584215096754865744,2026-06-02,Calça Jeans Feminina Wide Leg Jeans Feminina Cintura Alta,REF51638,"Marmorizada, 38",106.9,106.9,Item doesn't fit,BUYER_SHIPPED_ITEM,RETURN_AND_REFUND
4040628776894563557,4040628776894498021,584261618189698277,2026-06-02,Calça Jeans Feminina Wide Leg Jeans Feminina Cintura Alta,REF56238,"Chocolate, 38",92.41,92.41,Item doesn't fit,AWAITING_BUYER_SHIP,RETURN_AND_REFUND
4040622188778063622,4040622188777998086,584215640895686406,2026-06-02,Calça Jeans Feminina Wide Leg Jeans Feminina Cintura Alta,REF51640,"Marmorizada, 40",80.31,80.31,Item doesn't fit,AWAITING_BUYER_SHIP,RETURN_AND_REFUND
4040629244445034421,4040629244444968885,584214267583367093,2026-06-02,Calça Jeans Feminina Wide Leg Jeans Feminina Cintura Alta,REF52542,"Stone Used, 42",91.94,91.94,Item doesn't fit,AWAITING_BUYER_SHIP,RETURN_AND_REFUND
4040629610578675145,4040629610578609609,584231201033651657,2026-06-02,Calça Feminina Jeans Wide Leg Cintura Alta Azul Médio Marmorizado,REF55140,"Azul Médio Marmorizado , 40",89.9,89.9,Item doesn't fit,AWAITING_BUYER_SHIP,RETURN_AND_REFUND
4040629632997164094,4040629632997098558,584244921574392894,2026-06-02,Calça Jeans Feminina Wide Leg Jeans Feminina Cintura Alta,REF51640,"Marmorizada, 40",98.92,98.92,"Fabric, material or style not as expected",AWAITING_BUYER_SHIP,RETURN_AND_REFUND
4040630027841471803,4040630027841406267,584209914038093115,2026-06-02,Calça Jeans Feminina Wide Leg Jeans Feminina Cintura Alta,REF56246,"Chocolate, 46",91.9,91.9,Package received but missing item,RETURN_OR_REFUND_REQUEST_CANCEL,RETURN_AND_REFUND
4040630215304774971,4040630215304709435,584209914038093115,2026-06-02,Calça Jeans Feminina Wide Leg Jeans Cintura alta,REF54746,"Preta , 46",130.0,130.0,Package wasn't received,REFUND_OR_RETURN_REQUEST_REJECT,REFUND
4040630215488931131,4040630215488865595,584209914038093115,2026-06-02,Calça Jeans Feminina Wide Leg Jeans Feminina Cintura Alta,REF56246,"Chocolate, 46",91.9,91.9,Package wasn't received,REFUND_OR_RETURN_REQUEST_REJECT,REFUND
4040630308144318035,4040630308144252499,584152897547503187,2026-06-02,Calça Jeans Feminina Wide Leg Jeans Cintura alta,REF54740,"Preta , 40",69.9,69.9,No longer needed,AWAITING_BUYER_SHIP,RETURN_AND_REFUND
4040630455060694843,4040630455060629307,584274208620971835,2026-06-02,Calça Jeans Feminina Wide Leg Jeans Feminina Cintura Alta Stone Used,REF52538,38,71.91,71.91,Item doesn't fit,AWAITING_BUYER_SHIP,RETURN_AND_REFUND
4040630500960077725,4040630500960012189,584155240243627933,2026-06-02,Calça Jeans Feminina Wide Leg Jeans Feminina Cintura Alta,REF54938,"Rosa Bebê , 38",108.96,108.96,Item doesn't fit,AWAITING_BUYER_SHIP,RETURN_AND_REFUND
4040628145597417167,4040628145597351631,584219698346886863,2026-06-02,Calça Jeans Feminina Wide Leg Jeans Feminina Cintura Alta,REF51638,"Marmorizada, 38",76.67,76.67,Item doesn't fit,AWAITING_BUYER_SHIP,RETURN_AND_REFUND
4040630834118166044,4040630834118100508,584258454046082588,2026-06-02,Calça Jeans Feminina Wide Leg Jeans Feminina Cintura Alta,REF51640,"Marmorizada, 40",99.9,99.9,Item doesn't fit,AWAITING_BUYER_SHIP,RETURN_AND_REFUND
4040631036292400547,4040631036292335011,584153401854887331,2026-06-02,Calça Jeans Feminina Wide Leg Jeans Feminina Cintura Alta,REF56240,"Chocolate, 40",71.92,71.92,Item doesn't fit,AWAITING_BUYER_SHIP,RETURN_AND_REFUND
4040631051676976547,4040631051676911011,584153401854887331,2026-06-02,Calça Jeans Feminina Wide Leg Jeans Feminina Cintura Alta,REF52540,"Stone Used, 40",63.92,63.92,Item doesn't fit,AWAITING_BUYER_SHIP,RETURN_AND_REFUND
4040631104706217105,4040631104706151569,584245250144699537,2026-06-02,Calça Jeans Feminina Wide Leg Jeans Feminina Cintura Alta,REF52540,"Stone Used, 40",71.91,71.91,Item doesn't fit,AWAITING_BUYER_SHIP,RETURN_AND_REFUND
4040627599099266107,4040627599099200571,584246118058067003,2026-06-02,Calça Jeans Feminina Wide Leg Jeans Feminina Cintura Alta,REF51636,"Marmorizada, 36",86.9,86.9,"Fabric, material or style not as expected",AWAITING_BUYER_SHIP,RETURN_AND_REFUND
4040627163255047305,4040627163254981769,584232324337337481,2026-06-02,Calça Baggy Jeans Feminina Cintura Média Marmorizada,REF58738,"Marmorizada , 38",80.91,80.91,Color or pattern not as expected,AWAITING_BUYER_SHIP,RETURN_AND_REFUND
4040626389160265208,4040626389160199672,584198171262944760,2026-06-02,Calça Jeans Feminina Wide Leg Jeans Cintura alta,REF54736,"Preta , 36",80.66,80.66,Item doesn't fit,AWAITING_BUYER_SHIP,RETURN_AND_REFUND
4040626301071951352,4040626301071885816,584198489753552376,2026-06-02,Calça Jeans Feminina Wide Leg Jeans Feminina Cintura Alta,REF56236,"Chocolate, 36",85.41,85.41,Item doesn't fit,AWAITING_BUYER_SHIP,RETURN_AND_REFUND
4040626025624667485,4040626025624601949,584262513279796573,2026-06-02,Calça Jeans Feminina Wide Leg Cintura Alta- Candy Colors,REF54946,"ROSA BEBÊ, 46",103.45,103.45,Item doesn't fit,AWAITING_BUYER_SHIP,RETURN_AND_REFUND
4040622730467050614,4040622730466788470,584011342914552950,2026-06-02,Calça Jeans Feminina Wide Leg Jeans Cintura alta,REF54744,"Preto , 44",85.41,85.41,Package wasn't received,RETURN_OR_REFUND_REQUEST_CANCEL,REFUND
4040630924563351108,4040630924563285572,584262480566584900,2026-06-02,Calça Jeans Feminina Wide Leg Jeans Feminina Cintura Alta Stone Used,REF52542,42,79.9,79.9,Item doesn't fit,AWAITING_BUYER_SHIP,RETURN_AND_REFUND
4040627075667821686,4040627075667362934,584011342914552950,2026-06-02,Calça Jeans Feminina Wide Leg Jeans Cintura alta,REF54744,"Preto , 44",85.41,85.41,"Package arrived damaged. Example: spilled liquid, damaged box.",RETURN_OR_REFUND_REQUEST_PENDING,REFUND
