id,creator,product_id,produto,seller_sku,gmv,comissao,pedidos
natmarquesvi|1731763836201109087,natmarquesvi,1731763836201109087,Calça Jeans Feminina Wide Leg Jeans Feminina Cintura Alta,REF51636,192206.64,21051.28,2456
tacianecreator|1731763836201109087,tacianecreator,1731763836201109087,Calça Jeans Feminina Wide Leg Jeans Feminina Cintura Alta,REF51636,149048.33,9028.18,1722
maiconeandreia|1731763836201109087,maiconeandreia,1731763836201109087,Calça Jeans Feminina Wide Leg Jeans Feminina Cintura Alta,REF51636,142745.11,15754.79,1600
psi.mirellarodrigues|1731763836201109087,psi.mirellarodrigues,1731763836201109087,Calça Jeans Feminina Wide Leg Jeans Feminina Cintura Alta,REF51636,70160.47,6920.49,915
adv.dayane|1731763836201109087,adv.dayane,1731763836201109087,Calça Jeans Feminina Wide Leg Jeans Feminina Cintura Alta,REF51636,58900.03,6071.16,702
thainabeautyoficial|1731763836201109087,thainabeautyoficial,1731763836201109087,Calça Jeans Feminina Wide Leg Jeans Feminina Cintura Alta,REF51636,47377.32,2189.05,557
psi.mirellarodrigues|1733690547643385439,psi.mirellarodrigues,1733690547643385439,Calça Feminina Jeans Wide Leg Cintura Alta Azul Médio Marmorizado,REF55136,45002.96,4502.74,555
ericamcabeluda|1731763836201109087,ericamcabeluda,1731763836201109087,Calça Jeans Feminina Wide Leg Jeans Feminina Cintura Alta,REF51636,40811.59,2921.73,477
laianenovaisss|1731763836201109087,laianenovaisss,1731763836201109087,Calça Jeans Feminina Wide Leg Jeans Feminina Cintura Alta,REF51636,37376.58,2172.51,441
tacianecreator|1732620602328647263,tacianecreator,1732620602328647263,Calça Jeans Feminina Wide Leg Jeans Feminina Cintura Alta Stone Used,REF52536,30922.38,3701.45,385
pattylazzarotto|1731763836201109087,pattylazzarotto,1731763836201109087,Calça Jeans Feminina Wide Leg Jeans Feminina Cintura Alta,REF51636,24802.0,1264.87,284
alinecavanellas|1731763836201109087,alinecavanellas,1731763836201109087,Calça Jeans Feminina Wide Leg Jeans Feminina Cintura Alta,REF51636,20671.34,1322.42,219
adv.dayane|1735220491823449695,adv.dayane,1735220491823449695,Calça Baggy Jeans Feminina Cintura Média Marmorizada,REF58736,19819.01,2124.45,217
numarchi|1731763836201109087,numarchi,1731763836201109087,Calça Jeans Feminina Wide Leg Jeans Feminina Cintura Alta,REF51636,18922.03,1463.91,217
someoneduda|1731763836201109087,someoneduda,1731763836201109087,Calça Jeans Feminina Wide Leg Jeans Feminina Cintura Alta,REF51636,15792.74,761.56,187
escuta.amiga|1731763836201109087,escuta.amiga,1731763836201109087,Calça Jeans Feminina Wide Leg Jeans Feminina Cintura Alta,REF51636,14847.36,864.49,173
leticiatsec|1733537963414488671,leticiatsec,1733537963414488671,Calça Jeans Feminina Wide Leg Cintura Alta- Candy Colors,REF54936,13896.3,1015.03,134
maiconeandreia|1734713315420767839,maiconeandreia,1734713315420767839,Calça Jeans Feminina Wide Leg Jeans Cintura alta,REF54736,13400.3,1532.8,121
adv.dayane|1733690547643385439,adv.dayane,1733690547643385439,Calça Feminina Jeans Wide Leg Cintura Alta Azul Médio Marmorizado,REF55136,12641.83,1298.02,161
alinecavanellas|1733538126820050527,alinecavanellas,1733538126820050527,Calça Jeans Feminina Wide Leg Cintura Alta Amarelo Manteiga,REF55036,12572.97,548.95,123
danijeans|1731763836201109087,danijeans,1731763836201109087,Calça Jeans Feminina Wide Leg Jeans Feminina Cintura Alta,REF51636,11408.71,1104.03,153
nati_sus|1733537963414488671,nati_sus,1733537963414488671,Calça Jeans Feminina Wide Leg Cintura Alta- Candy Colors,REF54936,11114.09,972.62,107
.familiapimentel|1731763836201109087,.familiapimentel,1731763836201109087,Calça Jeans Feminina Wide Leg Jeans Feminina Cintura Alta,REF51636,9692.14,258.25,113
alinecavanellas|1733537963414488671,alinecavanellas,1733537963414488671,Calça Jeans Feminina Wide Leg Cintura Alta- Candy Colors,REF54936,8401.8,568.94,80
alinecavanellas|1735220491823449695,alinecavanellas,1735220491823449695,Calça Baggy Jeans Feminina Cintura Média Marmorizada,REF58736,8206.92,443.93,74
natmarquesvi|1734314781918922335,natmarquesvi,1734314781918922335,Calça Jeans Feminina Wide Leg Cintura Alta Chocolate,REF56236,7701.6,639.06,84
arenatajardim|1731763836201109087,arenatajardim,1731763836201109087,Calça Jeans Feminina Wide Leg Jeans Feminina Cintura Alta,REF51636,7530.54,579.61,83
adv.dayane|1734202787355592287,adv.dayane,1734202787355592287,Shorts Mom/Social Feminino Jeans Cintura Alta Barra Dobrada Candy Colors,REF55936,7513.6,887.58,102
jackmundomabu|1731763836201109087,jackmundomabu,1731763836201109087,Calça Jeans Feminina Wide Leg Jeans Feminina Cintura Alta,REF51636,7466.81,709.56,95
monicap.pereira|1733690547643385439,monicap.pereira,1733690547643385439,Calça Feminina Jeans Wide Leg Cintura Alta Azul Médio Marmorizado,REF55136,6857.99,240.35,71
thami.brambilla|1731763836201109087,thami.brambilla,1731763836201109087,Calça Jeans Feminina Wide Leg Jeans Feminina Cintura Alta,REF51636,6803.85,470.04,76
tacianecreator|1734314781918922335,tacianecreator,1734314781918922335,Calça Jeans Feminina Wide Leg Cintura Alta Chocolate,REF56236,6752.6,421.95,74
alinecavanellas|1733690547643385439,alinecavanellas,1733690547643385439,Calça Feminina Jeans Wide Leg Cintura Alta Azul Médio Marmorizado,REF55136,6668.1,258.74,69
adv.dayane|1734190087073400415,adv.dayane,1734190087073400415,Shorts Mom/Social Feminino Jeans Cintura Alta Barra Dobrada,REF55336,6232.55,720.83,90
natmarquesvi|1733690547643385439,natmarquesvi,1733690547643385439,Calça Feminina Jeans Wide Leg Cintura Alta Azul Médio Marmorizado,REF55136,5973.28,716.89,73
maiconeandreia|1734314781918922335,maiconeandreia,1734314781918922335,Calça Jeans Feminina Wide Leg Cintura Alta Chocolate,REF56236,5405.76,517.53,60
natmarquesvi|1732670078583801439,natmarquesvi,1732670078583801439,Calça Jeans Feminina Wide Leg Jeans Cintura Alta Preta Marmorizada,REF52836,5257.41,320.2,61
tacianecreator|1733690547643385439,tacianecreator,1733690547643385439,Calça Feminina Jeans Wide Leg Cintura Alta Azul Médio Marmorizado,REF55136,4943.31,337.5,53
gabbizie|1731763836201109087,gabbizie,1731763836201109087,Calça Jeans Feminina Wide Leg Jeans Feminina Cintura Alta,REF51636,4825.95,528.65,54
gleysaaguiar|1731763836201109087,gleysaaguiar,1731763836201109087,Calça Jeans Feminina Wide Leg Jeans Feminina Cintura Alta,REF51636,4566.77,119.85,50
laryoliveiira_|1731763836201109087,laryoliveiira_,1731763836201109087,Calça Jeans Feminina Wide Leg Jeans Feminina Cintura Alta,REF51636,4379.02,436.36,55
silsantiagotrc|1731763836201109087,silsantiagotrc,1731763836201109087,Calça Jeans Feminina Wide Leg Jeans Feminina Cintura Alta,REF51636,4039.78,373.99,47
lidikpf6|1731763836201109087,lidikpf6,1731763836201109087,Calça Jeans Feminina Wide Leg Jeans Feminina Cintura Alta,REF51636,4038.84,360.52,49
gab_caroline|1731763836201109087,gab_caroline,1731763836201109087,Calça Jeans Feminina Wide Leg Jeans Feminina Cintura Alta,REF51636,4005.29,382.53,47
adv.dayane|1735220480519472735,adv.dayane,1735220480519472735,Calça Mom Jeans Feminina Cintura Alta Marmorizada,REF58836,3986.42,421.25,43
laizmacaneiro|1735220480519472735,laizmacaneiro,1735220480519472735,Calça Mom Jeans Feminina Cintura Alta Marmorizada,REF58836,3973.33,85.96,41
natmarquesvi|1733537963414488671,natmarquesvi,1733537963414488671,Calça Jeans Feminina Wide Leg Cintura Alta- Candy Colors,REF54936,3557.71,347.26,38
talitabrazsouza|1731763836201109087,talitabrazsouza,1731763836201109087,Calça Jeans Feminina Wide Leg Jeans Feminina Cintura Alta,REF51636,3412.57,341.26,41
francruz.26|1731763836201109087,francruz.26,1731763836201109087,Calça Jeans Feminina Wide Leg Jeans Feminina Cintura Alta,REF51636,3350.58,278.08,38
psi.mirellarodrigues|1732670078583801439,psi.mirellarodrigues,1732670078583801439,Calça Jeans Feminina Wide Leg Jeans Cintura Alta Preta Marmorizada,REF52836,3227.09,322.72,39
alinecavanellas|1735220480519472735,alinecavanellas,1735220480519472735,Calça Mom Jeans Feminina Cintura Alta Marmorizada,REF58836,3181.89,118.11,32
alinecavanellas|1734314781918922335,alinecavanellas,1734314781918922335,Calça Jeans Feminina Wide Leg Cintura Alta Chocolate,REF56236,2932.1,132.37,28
bialuzzmodas|1731763836201109087,bialuzzmodas,1731763836201109087,Calça Jeans Feminina Wide Leg Jeans Feminina Cintura Alta,REF51636,2917.85,188.68,36
adv.dayane|1733356031574312543,adv.dayane,1733356031574312543,Body Manga Longa Modelador Poliamida Premium Cores Neutras,REF533P,2654.8,317.14,40
thainabeautyoficial|1733537963414488671,thainabeautyoficial,1733537963414488671,Calça Jeans Feminina Wide Leg Cintura Alta- Candy Colors,REF54936,2567.5,220.71,21
hitalasantiago|1731763836201109087,hitalasantiago,1731763836201109087,Calça Jeans Feminina Wide Leg Jeans Feminina Cintura Alta,REF51636,2553.67,70.37,31
pattylazzarotto|1733690547643385439,pattylazzarotto,1733690547643385439,Calça Feminina Jeans Wide Leg Cintura Alta Azul Médio Marmorizado,REF55136,2527.4,111.6,26
maiconeandreia|1733690547643385439,maiconeandreia,1733690547643385439,Calça Feminina Jeans Wide Leg Cintura Alta Azul Médio Marmorizado,REF55136,2507.38,290.15,28
thami.brambilla|1735220480519472735,thami.brambilla,1735220480519472735,Calça Mom Jeans Feminina Cintura Alta Marmorizada,REF58836,2433.67,57.59,25
brunasilvaindica|1731763836201109087,brunasilvaindica,1731763836201109087,Calça Jeans Feminina Wide Leg Jeans Feminina Cintura Alta,REF51636,2373.87,229.4,30
biscuit.da.edi|1731763836201109087,biscuit.da.edi,1731763836201109087,Calça Jeans Feminina Wide Leg Jeans Feminina Cintura Alta,REF51636,2227.29,222.73,27
adv.dayane|1733355336293385823,adv.dayane,1733355336293385823,Body Manga Longa Modelador em Poliamida Premium Candy Colors,REF536P,2135.5,241.95,29
numarchi|1734385284273899103,numarchi,1734385284273899103,Saia Jeans Feminina Cintura Alta Barra A Fio,REF56636,2049.5,245.99,25
natmarquesvi|1735220480519472735,natmarquesvi,1735220480519472735,Calça Mom Jeans Feminina Cintura Alta Marmorizada,REF58836,1853.62,222.47,21
jessicamesant|1735220480519472735,jessicamesant,1735220480519472735,Calça Mom Jeans Feminina Cintura Alta Marmorizada,REF58836,1758.92,165.5,18
nati_sus|1734202787355592287,nati_sus,1734202787355592287,Shorts Mom/Social Feminino Jeans Cintura Alta Barra Dobrada Candy Colors,REF55936,1757.9,92.7,19
adv.dayane|1732670078583801439,adv.dayane,1732670078583801439,Calça Jeans Feminina Wide Leg Jeans Cintura Alta Preta Marmorizada,REF52836,1739.26,175.74,20
numarchi|1732631840860243551,numarchi,1732631840860243551,Calça Jeans Wide Leg Cintura Alta Sky Used,REF52736,1699.7,151.19,21
taniaribeiro_creator|1731763836201109087,taniaribeiro_creator,1731763836201109087,Calça Jeans Feminina Wide Leg Jeans Feminina Cintura Alta,REF51636,1692.48,133.49,21
pattylazzarotto|1733537963414488671,pattylazzarotto,1733537963414488671,Calça Jeans Feminina Wide Leg Cintura Alta- Candy Colors,REF54936,1588.5,143.48,14
_mareiis|1731763836201109087,_mareiis,1731763836201109087,Calça Jeans Feminina Wide Leg Jeans Feminina Cintura Alta,REF51636,1549.69,153.39,21
keylasbraga|1733690547643385439,keylasbraga,1733690547643385439,Calça Feminina Jeans Wide Leg Cintura Alta Azul Médio Marmorizado,REF55136,1538.6,46.7,14
eu.lidiannemartins|1733690547643385439,eu.lidiannemartins,1733690547643385439,Calça Feminina Jeans Wide Leg Cintura Alta Azul Médio Marmorizado,REF55136,1533.4,37.26,15
maritips_|1731763836201109087,maritips_,1731763836201109087,Calça Jeans Feminina Wide Leg Jeans Feminina Cintura Alta,REF51636,1512.78,133.49,18
jessicamesant|1731763836201109087,jessicamesant,1731763836201109087,Calça Jeans Feminina Wide Leg Jeans Feminina Cintura Alta,REF51636,1510.49,111.11,18
mariaaugustareiss|1731763836201109087,mariaaugustareiss,1731763836201109087,Calça Jeans Feminina Wide Leg Jeans Feminina Cintura Alta,REF51636,1500.59,134.26,17
ericamcabeluda|1734314781918922335,ericamcabeluda,1734314781918922335,Calça Jeans Feminina Wide Leg Cintura Alta Chocolate,REF56236,1498.5,65.95,15
tacianecreator|1735220480519472735,tacianecreator,1735220480519472735,Calça Mom Jeans Feminina Cintura Alta Marmorizada,REF58836,1433.77,113.31,15
jessicamesant|1733491008023201375,jessicamesant,1733491008023201375,Calça Jeans Feminina Wide Leg Cintura Alta Branca,REF54636,1328.98,121.52,12
thami.brambilla|1733538126820050527,thami.brambilla,1733538126820050527,Calça Jeans Feminina Wide Leg Cintura Alta Amarelo Manteiga,REF55036,1198.99,113.31,11
yasmin.aoliveira|1734314781918922335,yasmin.aoliveira,1734314781918922335,Calça Jeans Feminina Wide Leg Cintura Alta Chocolate,REF56236,1198.8,64.33,12
robertakguilherme|1733537963414488671,robertakguilherme,1733537963414488671,Calça Jeans Feminina Wide Leg Cintura Alta- Candy Colors,REF54936,1168.8,46.75,11
natmarquesvi|1735220491823449695,natmarquesvi,1735220491823449695,Calça Baggy Jeans Feminina Cintura Média Marmorizada,REF58736,1168.79,128.28,13
numarchi|1733690547643385439,numarchi,1733690547643385439,Calça Feminina Jeans Wide Leg Cintura Alta Azul Médio Marmorizado,REF55136,1148.9,103.91,11
natmarquesvi|1734713315420767839,natmarquesvi,1734713315420767839,Calça Jeans Feminina Wide Leg Jeans Cintura alta,REF54736,1113.7,133.67,11
robertakguilherme|1733690547643385439,robertakguilherme,1733690547643385439,Calça Feminina Jeans Wide Leg Cintura Alta Azul Médio Marmorizado,REF55136,1058.9,46.75,11
lari.quaresma|1731763836201109087,lari.quaresma,1731763836201109087,Calça Jeans Feminina Wide Leg Jeans Feminina Cintura Alta,REF51636,1040.99,86.32,12
adv.dayane|1734314781918922335,adv.dayane,1734314781918922335,Calça Jeans Feminina Wide Leg Cintura Alta Chocolate,REF56236,1028.9,113.99,11
compreia|1731763836201109087,compreia,1731763836201109087,Calça Jeans Feminina Wide Leg Jeans Feminina Cintura Alta,REF51636,1023.28,102.33,12
dicasdathayoficial|1731763836201109087,dicasdathayoficial,1731763836201109087,Calça Jeans Feminina Wide Leg Jeans Feminina Cintura Alta,REF51636,1018.8,31.96,12
natmarquesvi|1733538126820050527,natmarquesvi,1733538126820050527,Calça Jeans Feminina Wide Leg Cintura Alta Amarelo Manteiga,REF55036,1014.44,95.37,11
dpaula57|1731763836201109087,dpaula57,1731763836201109087,Calça Jeans Feminina Wide Leg Jeans Feminina Cintura Alta,REF51636,1009.25,84.54,10
numarchi|1732620602328647263,numarchi,1732620602328647263,Calça Jeans Feminina Wide Leg Jeans Feminina Cintura Alta Stone Used,REF52536,999.7,103.98,12
tacirecomenda|1732670078583801439,tacirecomenda,1732670078583801439,Calça Jeans Feminina Wide Leg Jeans Cintura Alta Preta Marmorizada,REF52836,989.89,70.2,11
fggutyy2|1731763836201109087,fggutyy2,1731763836201109087,Calça Jeans Feminina Wide Leg Jeans Feminina Cintura Alta,REF51636,958.8,0.0,11
psi.mirellarodrigues|1733490894440269407,psi.mirellarodrigues,1733490894440269407,Calça Jeans Feminina Wide Leg Jeans Cintura alta,REF54736,914.0,78.5,8
thainabeautyoficial|1735220480519472735,thainabeautyoficial,1735220480519472735,Calça Mom Jeans Feminina Cintura Alta Marmorizada,REF58836,909.36,97.15,10
quidottiana|1733537963414488671,quidottiana,1733537963414488671,Calça Jeans Feminina Wide Leg Cintura Alta- Candy Colors,REF54936,899.1,83.31,8
bellafonse|1733537963414488671,bellafonse,1733537963414488671,Calça Jeans Feminina Wide Leg Cintura Alta- Candy Colors,REF54936,879.2,35.16,8
pattylazzarotto|1735220480519472735,pattylazzarotto,1735220480519472735,Calça Mom Jeans Feminina Cintura Alta Marmorizada,REF58836,869.73,45.29,9
anapaulaferreir068|1731763836201109087,anapaulaferreir068,1731763836201109087,Calça Jeans Feminina Wide Leg Jeans Feminina Cintura Alta,REF51636,861.28,86.13,11
natmarquesvi|1733491008023201375,natmarquesvi,1733491008023201375,Calça Jeans Feminina Wide Leg Cintura Alta Branca,REF54636,859.54,90.76,10
familialiu|1731763836201109087,familialiu,1731763836201109087,Calça Jeans Feminina Wide Leg Jeans Feminina Cintura Alta,REF51636,829.09,77.31,10
aline.rudnick|1731763836201109087,aline.rudnick,1731763836201109087,Calça Jeans Feminina Wide Leg Jeans Feminina Cintura Alta,REF51636,799.1,63.91,9
thami.brambilla|1734202787355592287,thami.brambilla,1734202787355592287,Shorts Mom/Social Feminino Jeans Cintura Alta Barra Dobrada Candy Colors,REF55936,799.1,78.32,9
matheuslimashop|1731763836201109087,matheuslimashop,1731763836201109087,Calça Jeans Feminina Wide Leg Jeans Feminina Cintura Alta,REF51636,791.29,0.0,10
tacianecreator|1734713315420767839,tacianecreator,1734713315420767839,Calça Jeans Feminina Wide Leg Jeans Cintura alta,REF54736,789.2,94.72,8
jd_top_shop|1731763836201109087,jd_top_shop,1731763836201109087,Calça Jeans Feminina Wide Leg Jeans Feminina Cintura Alta,REF51636,783.58,78.36,10
psi.mirellarodrigues|1734314781918922335,psi.mirellarodrigues,1734314781918922335,Calça Jeans Feminina Wide Leg Cintura Alta Chocolate,REF56236,779.1,77.91,9
cintia.thies|1731763836201109087,cintia.thies,1731763836201109087,Calça Jeans Feminina Wide Leg Jeans Feminina Cintura Alta,REF51636,773.68,71.17,9
anac.coutinho|1734765545306621535,anac.coutinho,1734765545306621535,Blusa Feminina Jeans Bata Tomara Que Caia Candy Colors,REF579P,769.2,38.75,8
danijeans|1733537963414488671,danijeans,1733537963414488671,Calça Jeans Feminina Wide Leg Cintura Alta- Candy Colors,REF54936,714.47,47.37,8
thami.brambilla|1733491089938155103,thami.brambilla,1733491089938155103,Calça Jeans Feminina Wide Leg Cintura Alta Terracota,REF54836,709.3,73.13,7
thainabeautyoficial|1733538126820050527,thainabeautyoficial,1733538126820050527,Calça Jeans Feminina Wide Leg Cintura Alta Amarelo Manteiga,REF55036,709.3,51.15,7
psi.mirellarodrigues|1735220480519472735,psi.mirellarodrigues,1735220480519472735,Calça Mom Jeans Feminina Cintura Alta Marmorizada,REF58836,694.57,83.36,7
thami.brambilla|1734765545306621535,thami.brambilla,1734765545306621535,Blusa Feminina Jeans Bata Tomara Que Caia Candy Colors,REF579P,669.3,71.75,6
ericamcabeluda|1734765545306621535,ericamcabeluda,1734765545306621535,Blusa Feminina Jeans Bata Tomara Que Caia Candy Colors,REF579P,664.39,39.16,6
ml5lhbazc2|1733538126820050527,ml5lhbazc2,1733538126820050527,Calça Jeans Feminina Wide Leg Cintura Alta Amarelo Manteiga,REF55036,664.3,7.59,7
akello.nunes|1731763836201109087,akello.nunes,1731763836201109087,Calça Jeans Feminina Wide Leg Jeans Feminina Cintura Alta,REF51636,659.2,63.92,7
estilo.de.milhoes|1731763836201109087,estilo.de.milhoes,1731763836201109087,Calça Jeans Feminina Wide Leg Jeans Feminina Cintura Alta,REF51636,639.3,54.33,7
achoueamou2|1734202787355592287,achoueamou2,1734202787355592287,Shorts Mom/Social Feminino Jeans Cintura Alta Barra Dobrada Candy Colors,REF55936,639.2,6.39,7
adv.dayane|1734765545306621535,adv.dayane,1734765545306621535,Blusa Feminina Jeans Bata Tomara Que Caia Candy Colors,REF579P,634.3,72.0,7
tathianeresende|1731763836201109087,tathianeresende,1731763836201109087,Calça Jeans Feminina Wide Leg Jeans Feminina Cintura Alta,REF51636,631.49,50.51,8
barbaramirandashop|1731763836201109087,barbaramirandashop,1731763836201109087,Calça Jeans Feminina Wide Leg Jeans Feminina Cintura Alta,REF51636,623.78,62.38,8
thainabeautyoficial|1734314781918922335,thainabeautyoficial,1734314781918922335,Calça Jeans Feminina Wide Leg Cintura Alta Chocolate,REF56236,614.4,49.06,6
danijeans|1732620602328647263,danijeans,1732620602328647263,Calça Jeans Feminina Wide Leg Jeans Feminina Cintura Alta Stone Used,REF52536,609.92,56.2,8
laryoliveiira_|1734314781918922335,laryoliveiira_,1734314781918922335,Calça Jeans Feminina Wide Leg Cintura Alta Chocolate,REF56236,604.3,50.94,7
laisilverio|1731763836201109087,laisilverio,1731763836201109087,Calça Jeans Feminina Wide Leg Jeans Feminina Cintura Alta,REF51636,599.4,47.94,5
alinecavanellas|1734765545306621535,alinecavanellas,1734765545306621535,Blusa Feminina Jeans Bata Tomara Que Caia Candy Colors,REF579P,599.4,71.94,6
lucianalacerdasantos|1731763836201109087,lucianalacerdasantos,1731763836201109087,Calça Jeans Feminina Wide Leg Jeans Feminina Cintura Alta,REF51636,591.59,47.32,6
kessiaarrudaa|1735220480519472735,kessiaarrudaa,1735220480519472735,Calça Mom Jeans Feminina Cintura Alta Marmorizada,REF58836,579.76,46.38,6
thami.brambilla|1734190087073400415,thami.brambilla,1734190087073400415,Shorts Mom/Social Feminino Jeans Cintura Alta Barra Dobrada,REF55336,570.2,58.53,7
laianenovaisss|1733491008023201375,laianenovaisss,1733491008023201375,Calça Jeans Feminina Wide Leg Cintura Alta Branca,REF54636,569.59,43.67,5
kleobotelho|1731763836201109087,kleobotelho,1731763836201109087,Calça Jeans Feminina Wide Leg Jeans Feminina Cintura Alta,REF51636,569.39,54.94,7
sarahemanuelys|1731763836201109087,sarahemanuelys,1731763836201109087,Calça Jeans Feminina Wide Leg Jeans Feminina Cintura Alta,REF51636,559.3,35.98,3
oiariel|1733537963414488671,oiariel,1733537963414488671,Calça Jeans Feminina Wide Leg Cintura Alta- Candy Colors,REF54936,549.5,43.95,5
natmarquesvi|1734190087073400415,natmarquesvi,1734190087073400415,Shorts Mom/Social Feminino Jeans Cintura Alta Barra Dobrada,REF55336,547.25,65.68,7
vanessarrferreiraa|1732670078583801439,vanessarrferreiraa,1732670078583801439,Calça Jeans Feminina Wide Leg Jeans Cintura Alta Preta Marmorizada,REF52836,544.85,16.59,6
maiconeandreia|1735220480519472735,maiconeandreia,1735220480519472735,Calça Mom Jeans Feminina Cintura Alta Marmorizada,REF58836,539.4,64.74,6
vanessaburquy|1733537963414488671,vanessaburquy,1733537963414488671,Calça Jeans Feminina Wide Leg Cintura Alta- Candy Colors,REF54936,534.5,42.75,5
larissapachecoindica|1731763836201109087,larissapachecoindica,1731763836201109087,Calça Jeans Feminina Wide Leg Jeans Feminina Cintura Alta,REF51636,519.4,47.94,6
daily.beca|1731763836201109087,daily.beca,1731763836201109087,Calça Jeans Feminina Wide Leg Jeans Feminina Cintura Alta,REF51636,509.4,47.14,6
jessicamesant|1733537963414488671,jessicamesant,1733537963414488671,Calça Jeans Feminina Wide Leg Cintura Alta- Candy Colors,REF54936,504.5,54.85,5
thaise.suellen|1731763836201109087,thaise.suellen,1731763836201109087,Calça Jeans Feminina Wide Leg Jeans Feminina Cintura Alta,REF51636,499.5,39.95,5
maiconeandreia|1734765545306621535,maiconeandreia,1734765545306621535,Blusa Feminina Jeans Bata Tomara Que Caia Candy Colors,REF579P,494.4,59.34,6
edja.shop|1731763836201109087,edja.shop,1731763836201109087,Calça Jeans Feminina Wide Leg Jeans Feminina Cintura Alta,REF51636,491.69,47.17,6
ericamcabeluda|1735220480519472735,ericamcabeluda,1735220480519472735,Calça Mom Jeans Feminina Cintura Alta Marmorizada,REF58836,489.68,47.37,5
natmarquesvi|1733490894440269407,natmarquesvi,1733490894440269407,Calça Jeans Feminina Wide Leg Jeans Cintura alta,REF54736,489.5,22.68,5
pattylazzarotto|1733491089938155103,pattylazzarotto,1733491089938155103,Calça Jeans Feminina Wide Leg Cintura Alta Terracota,REF54836,489.5,41.66,5
maiconeandreia|1733537963414488671,maiconeandreia,1733537963414488671,Calça Jeans Feminina Wide Leg Cintura Alta- Candy Colors,REF54936,479.94,57.6,6
.familiapimentel|1733356031574312543,.familiapimentel,1733356031574312543,Body Manga Longa Modelador Poliamida Premium Cores Neutras,REF533P,479.78,38.38,3
nara.e.borges|1731763836201109087,nara.e.borges,1731763836201109087,Calça Jeans Feminina Wide Leg Jeans Feminina Cintura Alta,REF51636,479.4,38.34,5
carolrossoni|1731763836201109087,carolrossoni,1731763836201109087,Calça Jeans Feminina Wide Leg Jeans Feminina Cintura Alta,REF51636,479.4,47.94,6
lohaannaverlingue|1731763836201109087,lohaannaverlingue,1731763836201109087,Calça Jeans Feminina Wide Leg Jeans Feminina Cintura Alta,REF51636,471.69,47.17,6
irisvitrine|1731763836201109087,irisvitrine,1731763836201109087,Calça Jeans Feminina Wide Leg Jeans Feminina Cintura Alta,REF51636,461.78,36.94,5
francruz.26|1732670078583801439,francruz.26,1732670078583801439,Calça Jeans Feminina Wide Leg Jeans Cintura Alta Preta Marmorizada,REF52836,449.95,36.0,5
jessicamesant|1732670078583801439,jessicamesant,1732670078583801439,Calça Jeans Feminina Wide Leg Jeans Cintura Alta Preta Marmorizada,REF52836,449.95,9.0,5
natmarquesvi|1732620602328647263,natmarquesvi,1732620602328647263,Calça Jeans Feminina Wide Leg Jeans Feminina Cintura Alta Stone Used,REF52536,449.76,48.18,6
maiconeandreia|1733490894440269407,maiconeandreia,1733490894440269407,Calça Jeans Feminina Wide Leg Jeans Cintura alta,REF54736,439.6,52.76,4
lumenezes_indica|1731763836201109087,lumenezes_indica,1731763836201109087,Calça Jeans Feminina Wide Leg Jeans Feminina Cintura Alta,REF51636,439.5,20.77,4
tacianecreator|1733537963414488671,tacianecreator,1733537963414488671,Calça Jeans Feminina Wide Leg Cintura Alta- Candy Colors,REF54936,429.77,42.98,5
tacianecreator|1732670078583801439,tacianecreator,1732670078583801439,Calça Jeans Feminina Wide Leg Jeans Cintura Alta Preta Marmorizada,REF52836,419.68,48.77,5
abenoada.tiktok.s|1731763836201109087,abenoada.tiktok.s,1731763836201109087,Calça Jeans Feminina Wide Leg Jeans Feminina Cintura Alta,REF51636,419.6,33.56,2
adv.dayane|1733538126820050527,adv.dayane,1733538126820050527,Calça Jeans Feminina Wide Leg Cintura Alta Amarelo Manteiga,REF55036,414.86,32.0,5
jackmundomabu|1733690547643385439,jackmundomabu,1733690547643385439,Calça Feminina Jeans Wide Leg Cintura Alta Azul Médio Marmorizado,REF55136,409.86,32.79,5
adv.dayane|1734713315420767839,adv.dayane,1734713315420767839,Calça Jeans Feminina Wide Leg Jeans Cintura alta,REF54736,409.6,49.16,4
mariaclaraprr0|1735220480519472735,mariaclaraprr0,1735220480519472735,Calça Mom Jeans Feminina Cintura Alta Marmorizada,REF58836,399.6,15.98,4
marcelo.o.oliveira|1735220491823449695,marcelo.o.oliveira,1735220491823449695,Calça Baggy Jeans Feminina Cintura Média Marmorizada,REF58736,399.6,36.46,4
monicap.pereira|1731763836201109087,monicap.pereira,1731763836201109087,Calça Jeans Feminina Wide Leg Jeans Feminina Cintura Alta,REF51636,399.5,39.95,5
leticiatsec|1733490894440269407,leticiatsec,1733490894440269407,Calça Jeans Feminina Wide Leg Jeans Cintura alta,REF54736,394.6,18.98,4
adv.dayane|1733908931607103071,adv.dayane,1733908931607103071,Calça Jeans Wide Leg Cintura Alta Branca Com Brilho Strass,REF55236,391.92,39.19,3
yaponts|1731763836201109087,yaponts,1731763836201109087,Calça Jeans Feminina Wide Leg Jeans Feminina Cintura Alta,REF51636,391.79,39.18,5
francruz.26|1735220480519472735,francruz.26,1735220480519472735,Calça Mom Jeans Feminina Cintura Alta Marmorizada,REF58836,389.78,28.45,4
marisa.vianad|1731763836201109087,marisa.vianad,1731763836201109087,Calça Jeans Feminina Wide Leg Jeans Feminina Cintura Alta,REF51636,389.59,31.16,5
gabbizie|1733491008023201375,gabbizie,1733491008023201375,Calça Jeans Feminina Wide Leg Cintura Alta Branca,REF54636,379.6,37.96,4
brenda.luiza5|1733537963414488671,brenda.luiza5,1733537963414488671,Calça Jeans Feminina Wide Leg Cintura Alta- Candy Colors,REF54936,379.6,28.47,3
paalomaoliveiraa|1731763836201109087,paalomaoliveiraa,1731763836201109087,Calça Jeans Feminina Wide Leg Jeans Feminina Cintura Alta,REF51636,379.6,30.36,4
jesialvescreator|1733690547643385439,jesialvescreator,1733690547643385439,Calça Feminina Jeans Wide Leg Cintura Alta Azul Médio Marmorizado,REF55136,379.6,37.96,4
francruz.26|1733690547643385439,francruz.26,1733690547643385439,Calça Feminina Jeans Wide Leg Cintura Alta Azul Médio Marmorizado,REF55136,379.6,28.47,4
psi.mirellarodrigues|1734713315420767839,psi.mirellarodrigues,1734713315420767839,Calça Jeans Feminina Wide Leg Jeans Cintura alta,REF54736,379.6,45.56,4
danijeans|1733690547643385439,danijeans,1733690547643385439,Calça Feminina Jeans Wide Leg Cintura Alta Azul Médio Marmorizado,REF55136,374.69,33.47,4
maiconeandreia|1735697530647905887,maiconeandreia,1735697530647905887,Kit 2 Saias Jeans Feminina Cintura Alta Barra A Fio,KIT00944,359.6,32.37,4
patricia.felipe.r8|1731763836201109087,patricia.felipe.r8,1731763836201109087,Calça Jeans Feminina Wide Leg Jeans Feminina Cintura Alta,REF51636,359.6,31.96,3
rafaeleviviana|1731763836201109087,rafaeleviviana,1731763836201109087,Calça Jeans Feminina Wide Leg Jeans Feminina Cintura Alta,REF51636,359.6,31.96,4
namatokanovic|1731763836201109087,namatokanovic,1731763836201109087,Calça Jeans Feminina Wide Leg Jeans Feminina Cintura Alta,REF51636,359.6,31.96,4
nati_sus|1731763836201109087,nati_sus,1731763836201109087,Calça Jeans Feminina Wide Leg Jeans Feminina Cintura Alta,REF51636,339.6,35.96,4
thalyytaguedes|1731763836201109087,thalyytaguedes,1731763836201109087,Calça Jeans Feminina Wide Leg Jeans Feminina Cintura Alta,REF51636,331.89,31.19,4
leticiatsec|1735220491823449695,leticiatsec,1735220491823449695,Calça Baggy Jeans Feminina Cintura Média Marmorizada,REF58736,329.97,11.55,3
numarchi|1734314781918922335,numarchi,1734314781918922335,Calça Jeans Feminina Wide Leg Cintura Alta Chocolate,REF56236,329.7,26.38,3
lihsantoss1|1731763836201109087,lihsantoss1,1731763836201109087,Calça Jeans Feminina Wide Leg Jeans Feminina Cintura Alta,REF51636,329.7,13.2,1
indicadosdaedi|1731763836201109087,indicadosdaedi,1731763836201109087,Calça Jeans Feminina Wide Leg Jeans Feminina Cintura Alta,REF51636,329.6,23.97,4
athaisfavero|1731763836201109087,athaisfavero,1731763836201109087,Calça Jeans Feminina Wide Leg Jeans Feminina Cintura Alta,REF51636,321.89,30.39,4
essenciadani|1732620602328647263,essenciadani,1732620602328647263,Calça Jeans Feminina Wide Leg Jeans Feminina Cintura Alta Stone Used,REF52536,319.96,28.8,4
jesialvescreator|1732620602328647263,jesialvescreator,1732620602328647263,Calça Jeans Feminina Wide Leg Jeans Feminina Cintura Alta Stone Used,REF52536,319.87,27.19,4
adv.dayane|1732620602328647263,adv.dayane,1732620602328647263,Calça Jeans Feminina Wide Leg Jeans Feminina Cintura Alta Stone Used,REF52536,319.69,38.37,4
mo.joanaa|1731763836201109087,mo.joanaa,1731763836201109087,Calça Jeans Feminina Wide Leg Jeans Feminina Cintura Alta,REF51636,319.6,31.96,4
mariaeduardakguilherme|1731763836201109087,mariaeduardakguilherme,1731763836201109087,Calça Jeans Feminina Wide Leg Jeans Feminina Cintura Alta,REF51636,319.6,23.97,4
monicaestephanio|1731763836201109087,monicaestephanio,1731763836201109087,Calça Jeans Feminina Wide Leg Jeans Feminina Cintura Alta,REF51636,319.6,31.96,3
chay.martns|1731763836201109087,chay.martns,1731763836201109087,Calça Jeans Feminina Wide Leg Jeans Feminina Cintura Alta,REF51636,319.6,25.56,1
stte.__|1731763836201109087,stte.__,1731763836201109087,Calça Jeans Feminina Wide Leg Jeans Feminina Cintura Alta,REF51636,319.6,31.96,4
familiamichelon|1731763836201109087,familiamichelon,1731763836201109087,Calça Jeans Feminina Wide Leg Jeans Feminina Cintura Alta,REF51636,319.6,25.56,2
purpurinandoshop|1731763836201109087,purpurinandoshop,1731763836201109087,Calça Jeans Feminina Wide Leg Jeans Feminina Cintura Alta,REF51636,311.89,31.19,4
adv.dayane|1732631840860243551,adv.dayane,1732631840860243551,Calça Jeans Wide Leg Cintura Alta Sky Used,REF52736,309.96,26.2,4
tacianecreator|1734190087073400415,tacianecreator,1734190087073400415,Shorts Mom/Social Feminino Jeans Cintura Alta Barra Dobrada,REF55336,309.7,37.15,3
diarioda_juu|1731763836201109087,diarioda_juu,1731763836201109087,Calça Jeans Feminina Wide Leg Jeans Feminina Cintura Alta,REF51636,304.18,22.43,4
larissamello.indica|1731763836201109087,larissamello.indica,1731763836201109087,Calça Jeans Feminina Wide Leg Jeans Feminina Cintura Alta,REF51636,304.18,30.42,3
pablinemartinsv|1735220480519472735,pablinemartinsv,1735220480519472735,Calça Mom Jeans Feminina Cintura Alta Marmorizada,REF58836,299.97,24.0,3
maiconeandreia|1735685194544219743,maiconeandreia,1735685194544219743,Kit 2 Blusa Feminina Jeans Bata Tomara Que Caia Chocolate e Amarelo,KIT006G,299.8,35.98,2
gabrielaortizs|1731763836201109087,gabrielaortizs,1731763836201109087,Calça Jeans Feminina Wide Leg Jeans Feminina Cintura Alta,REF51636,299.7,23.97,3
monicap.pereira|1733491089938155103,monicap.pereira,1733491089938155103,Calça Jeans Feminina Wide Leg Cintura Alta Terracota,REF54836,299.7,27.77,3
rafaellaescorel|1731763836201109087,rafaellaescorel,1731763836201109087,Calça Jeans Feminina Wide Leg Jeans Feminina Cintura Alta,REF51636,299.7,7.99,3
laianenovaisss|1733538126820050527,laianenovaisss,1733538126820050527,Calça Jeans Feminina Wide Leg Cintura Alta Amarelo Manteiga,REF55036,299.7,27.77,3
nati_sus|1734765545306621535,nati_sus,1734765545306621535,Blusa Feminina Jeans Bata Tomara Que Caia Candy Colors,REF579P,299.7,35.97,3
pablinemartinsv|1731763836201109087,pablinemartinsv,1731763836201109087,Calça Jeans Feminina Wide Leg Jeans Feminina Cintura Alta,REF51636,299.7,23.97,3
jackkk2025|1731763836201109087,jackkk2025,1731763836201109087,Calça Jeans Feminina Wide Leg Jeans Feminina Cintura Alta,REF51636,299.7,23.97,1
laianenovaisss|1733537963414488671,laianenovaisss,1733537963414488671,Calça Jeans Feminina Wide Leg Cintura Alta- Candy Colors,REF54936,299.7,32.17,3
nanacasagrandi|1734190087073400415,nanacasagrandi,1734190087073400415,Shorts Mom/Social Feminino Jeans Cintura Alta Barra Dobrada,REF55336,292.6,25.06,4
carolmoraes.shop|1731763836201109087,carolmoraes.shop,1731763836201109087,Calça Jeans Feminina Wide Leg Jeans Feminina Cintura Alta,REF51636,289.7,24.77,3
neldicasdemoda|1731763836201109087,neldicasdemoda,1731763836201109087,Calça Jeans Feminina Wide Leg Jeans Feminina Cintura Alta,REF51636,288.76,28.88,1
flavinha.brand|1733537963414488671,flavinha.brand,1733537963414488671,Calça Jeans Feminina Wide Leg Cintura Alta- Candy Colors,REF54936,284.79,8.79,3
fasampaioindica|1733491008023201375,fasampaioindica,1733491008023201375,Calça Jeans Feminina Wide Leg Cintura Alta Branca,REF54636,284.7,28.47,3
jessicamesant|1733690547643385439,jessicamesant,1733690547643385439,Calça Feminina Jeans Wide Leg Cintura Alta Azul Médio Marmorizado,REF55136,284.7,28.47,3
biscuit.da.edi|1733690547643385439,biscuit.da.edi,1733690547643385439,Calça Feminina Jeans Wide Leg Cintura Alta Azul Médio Marmorizado,REF55136,284.7,28.47,3
nati_sus|1733690547643385439,nati_sus,1733690547643385439,Calça Feminina Jeans Wide Leg Cintura Alta Azul Médio Marmorizado,REF55136,284.7,24.67,3
isapires.indica|1733690547643385439,isapires.indica,1733690547643385439,Calça Feminina Jeans Wide Leg Cintura Alta Azul Médio Marmorizado,REF55136,284.7,28.47,3
pattylazzarotto|1733490894440269407,pattylazzarotto,1733490894440269407,Calça Jeans Feminina Wide Leg Jeans Cintura alta,REF54736,284.7,9.49,3
adv.dayane|1733490894440269407,adv.dayane,1733490894440269407,Calça Jeans Feminina Wide Leg Jeans Cintura alta,REF54736,284.7,34.17,3
monica.nunes98|1731763836201109087,monica.nunes98,1731763836201109087,Calça Jeans Feminina Wide Leg Jeans Feminina Cintura Alta,REF51636,279.96,28.0,3
josiane.deschamps|1731763836201109087,josiane.deschamps,1731763836201109087,Calça Jeans Feminina Wide Leg Jeans Feminina Cintura Alta,REF51636,279.7,22.37,3
priscilaluthz|1731763836201109087,priscilaluthz,1731763836201109087,Calça Jeans Feminina Wide Leg Jeans Feminina Cintura Alta,REF51636,279.7,23.97,3
amandawenzel_|1731763836201109087,amandawenzel_,1731763836201109087,Calça Jeans Feminina Wide Leg Jeans Feminina Cintura Alta,REF51636,279.7,23.97,2
larissamello.indica|1732670078583801439,larissamello.indica,1732670078583801439,Calça Jeans Feminina Wide Leg Jeans Cintura Alta Preta Marmorizada,REF52836,269.97,25.2,3
nati_sus|1732670078583801439,nati_sus,1732670078583801439,Calça Jeans Feminina Wide Leg Jeans Cintura Alta Preta Marmorizada,REF52836,269.97,7.2,3
laryoliveiira_|1733690547643385439,laryoliveiira_,1733690547643385439,Calça Feminina Jeans Wide Leg Cintura Alta Azul Médio Marmorizado,REF55136,269.79,26.98,3
tacianecreator|1735220491823449695,tacianecreator,1735220491823449695,Calça Baggy Jeans Feminina Cintura Média Marmorizada,REF58736,269.7,32.37,3
ingridcreator|1731763836201109087,ingridcreator,1731763836201109087,Calça Jeans Feminina Wide Leg Jeans Feminina Cintura Alta,REF51636,269.7,24.77,3
monicap.pereira|1732620602328647263,monicap.pereira,1732620602328647263,Calça Jeans Feminina Wide Leg Jeans Feminina Cintura Alta Stone Used,REF52536,259.88,22.39,3
larisshopcreator|1731763836201109087,larisshopcreator,1731763836201109087,Calça Jeans Feminina Wide Leg Jeans Feminina Cintura Alta,REF51636,259.7,23.97,3
jenifferpassos25|1731763836201109087,jenifferpassos25,1731763836201109087,Calça Jeans Feminina Wide Leg Jeans Feminina Cintura Alta,REF51636,259.7,23.97,3
natmarquesvi|1733356031574312543,natmarquesvi,1733356031574312543,Body Manga Longa Modelador Poliamida Premium Cores Neutras,REF533P,259.6,31.16,1
adv.dayane|1733537963414488671,adv.dayane,1733537963414488671,Calça Jeans Feminina Wide Leg Cintura Alta- Candy Colors,REF54936,254.88,27.39,3
jessicatanara1|1731763836201109087,jessicatanara1,1731763836201109087,Calça Jeans Feminina Wide Leg Jeans Feminina Cintura Alta,REF51636,254.7,25.47,2
pattylazzarotto|1734190087073400415,pattylazzarotto,1734190087073400415,Shorts Mom/Social Feminino Jeans Cintura Alta Barra Dobrada,REF55336,248.7,18.24,3
jehfigueiredocreator|1731763836201109087,jehfigueiredocreator,1731763836201109087,Calça Jeans Feminina Wide Leg Jeans Feminina Cintura Alta,REF51636,241.99,22.4,3
danijeans|1732631840860243551,danijeans,1732631840860243551,Calça Jeans Wide Leg Cintura Alta Sky Used,REF52736,239.97,8.0,3
luanamagnacardoso|1731763836201109087,luanamagnacardoso,1731763836201109087,Calça Jeans Feminina Wide Leg Jeans Feminina Cintura Alta,REF51636,239.88,21.99,3
coisas.feminina|1731763836201109087,coisas.feminina,1731763836201109087,Calça Jeans Feminina Wide Leg Jeans Feminina Cintura Alta,REF51636,239.7,19.17,1
maryalves.euu|1731763836201109087,maryalves.euu,1731763836201109087,Calça Jeans Feminina Wide Leg Jeans Feminina Cintura Alta,REF51636,239.7,19.17,3
marcelo.o.oliveira|1731763836201109087,marcelo.o.oliveira,1731763836201109087,Calça Jeans Feminina Wide Leg Jeans Feminina Cintura Alta,REF51636,239.7,15.98,3
gabrielaf011|1731763836201109087,gabrielaf011,1731763836201109087,Calça Jeans Feminina Wide Leg Jeans Feminina Cintura Alta,REF51636,239.7,23.97,2
leiliferminiano|1731763836201109087,leiliferminiano,1731763836201109087,Calça Jeans Feminina Wide Leg Jeans Feminina Cintura Alta,REF51636,239.7,19.17,3
laizaborgesferrari|1731763836201109087,laizaborgesferrari,1731763836201109087,Calça Jeans Feminina Wide Leg Jeans Feminina Cintura Alta,REF51636,239.7,23.97,3
revendeshop|1731763836201109087,revendeshop,1731763836201109087,Calça Jeans Feminina Wide Leg Jeans Feminina Cintura Alta,REF51636,239.7,23.97,2
nataliacruviinel|1731763836201109087,nataliacruviinel,1731763836201109087,Calça Jeans Feminina Wide Leg Jeans Feminina Cintura Alta,REF51636,239.7,23.97,3
juh.fribeiro|1731763836201109087,juh.fribeiro,1731763836201109087,Calça Jeans Feminina Wide Leg Jeans Feminina Cintura Alta,REF51636,239.7,19.17,3
marinatheesr|1731763836201109087,marinatheesr,1731763836201109087,Calça Jeans Feminina Wide Leg Jeans Feminina Cintura Alta,REF51636,239.7,15.98,3
amarishopcreator|1731763836201109087,amarishopcreator,1731763836201109087,Calça Jeans Feminina Wide Leg Jeans Feminina Cintura Alta,REF51636,239.7,23.97,3
drielly.ferreira_creator|1731763836201109087,drielly.ferreira_creator,1731763836201109087,Calça Jeans Feminina Wide Leg Jeans Feminina Cintura Alta,REF51636,239.7,23.97,3
palomacarvalholima|1731763836201109087,palomacarvalholima,1731763836201109087,Calça Jeans Feminina Wide Leg Jeans Feminina Cintura Alta,REF51636,239.7,19.17,3
deusinha.s2|1731763836201109087,deusinha.s2,1731763836201109087,Calça Jeans Feminina Wide Leg Jeans Feminina Cintura Alta,REF51636,231.99,6.39,3
natmarquesvi|1734426660402398815,natmarquesvi,1734426660402398815,Shorts Jeans Feminino Cintura Alta Casual,REF57336,230.7,27.69,3
angelramoss.oficial|1731763836201109087,angelramoss.oficial,1731763836201109087,Calça Jeans Feminina Wide Leg Jeans Feminina Cintura Alta,REF51636,229.79,18.38,3
jessicamesant|1735220491823449695,jessicamesant,1735220491823449695,Calça Baggy Jeans Feminina Cintura Média Marmorizada,REF58736,219.98,26.4,2
leticiatsec|1734314781918922335,leticiatsec,1734314781918922335,Calça Jeans Feminina Wide Leg Cintura Alta Chocolate,REF56236,219.8,17.58,2
_milenecarvalho|1731763836201109087,_milenecarvalho,1731763836201109087,Calça Jeans Feminina Wide Leg Jeans Feminina Cintura Alta,REF51636,209.97,21.0,3
manoela.bcmoreira|1731763836201109087,manoela.bcmoreira,1731763836201109087,Calça Jeans Feminina Wide Leg Jeans Feminina Cintura Alta,REF51636,209.8,16.78,2
jhulyagabriella.a|1731763836201109087,jhulyagabriella.a,1731763836201109087,Calça Jeans Feminina Wide Leg Jeans Feminina Cintura Alta,REF51636,209.8,16.78,1
alinemendespsi|1733537963414488671,alinemendespsi,1733537963414488671,Calça Jeans Feminina Wide Leg Cintura Alta- Candy Colors,REF54936,204.8,18.28,2
tacianecreator|1733490894440269407,tacianecreator,1733490894440269407,Calça Jeans Feminina Wide Leg Jeans Cintura alta,REF54736,204.8,24.58,2
pattylazzarotto|1732956787016435295,pattylazzarotto,1732956787016435295,Calça Jeans Wide Leg Cintura Alta com Brilho Strass,REF52936,199.9,19.99,1
robertarsampaio7|1731763836201109087,robertarsampaio7,1731763836201109087,Calça Jeans Feminina Wide Leg Jeans Feminina Cintura Alta,REF51636,199.8,15.98,2
fabiecleon|1731763836201109087,fabiecleon,1731763836201109087,Calça Jeans Feminina Wide Leg Jeans Feminina Cintura Alta,REF51636,199.8,15.98,1
dicasdafisioo|1731763836201109087,dicasdafisioo,1731763836201109087,Calça Jeans Feminina Wide Leg Jeans Feminina Cintura Alta,REF51636,199.8,15.98,1
sandramaraalvesosti|1731763836201109087,sandramaraalvesosti,1731763836201109087,Calça Jeans Feminina Wide Leg Jeans Feminina Cintura Alta,REF51636,199.8,15.98,2
mariaclaraprr0|1731763836201109087,mariaclaraprr0,1731763836201109087,Calça Jeans Feminina Wide Leg Jeans Feminina Cintura Alta,REF51636,199.8,7.99,2
lidiiandradee|1731763836201109087,lidiiandradee,1731763836201109087,Calça Jeans Feminina Wide Leg Jeans Feminina Cintura Alta,REF51636,199.8,15.98,2
dailylarapollo|1734765545306621535,dailylarapollo,1734765545306621535,Blusa Feminina Jeans Bata Tomara Que Caia Candy Colors,REF579P,199.8,15.98,1
carlainspire|1731763836201109087,carlainspire,1731763836201109087,Calça Jeans Feminina Wide Leg Jeans Feminina Cintura Alta,REF51636,199.8,15.98,2
camilacoelhomoraes|1731763836201109087,camilacoelhomoraes,1731763836201109087,Calça Jeans Feminina Wide Leg Jeans Feminina Cintura Alta,REF51636,199.8,15.98,2
yasmin.almeiida|1731763836201109087,yasmin.almeiida,1731763836201109087,Calça Jeans Feminina Wide Leg Jeans Feminina Cintura Alta,REF51636,199.8,15.98,2
pam.wk|1735220480519472735,pam.wk,1735220480519472735,Calça Mom Jeans Feminina Cintura Alta Marmorizada,REF58836,199.8,0.0,2
cortivanessa|1731763836201109087,cortivanessa,1731763836201109087,Calça Jeans Feminina Wide Leg Jeans Feminina Cintura Alta,REF51636,194.8,15.58,2
mariadalmas_|1734765545306621535,mariadalmas_,1734765545306621535,Blusa Feminina Jeans Bata Tomara Que Caia Candy Colors,REF579P,194.8,15.58,2
amandalimashop|1735220480519472735,amandalimashop,1735220480519472735,Calça Mom Jeans Feminina Cintura Alta Marmorizada,REF58836,189.98,15.2,2
maiconeandreia|1735489968984131167,maiconeandreia,1735489968984131167,Kit Calça Baggy Jeans + Calça Mom Jeans Marmorizada,KIT00246,189.9,22.79,1
jesialvescreator|1733538126820050527,jesialvescreator,1733538126820050527,Calça Jeans Feminina Wide Leg Cintura Alta Amarelo Manteiga,REF55036,189.89,16.79,2
brunacaldeira10|1733537963414488671,brunacaldeira10,1733537963414488671,Calça Jeans Feminina Wide Leg Cintura Alta- Candy Colors,REF54936,189.8,15.18,2
shopdamonalisa|1733537963414488671,shopdamonalisa,1733537963414488671,Calça Jeans Feminina Wide Leg Cintura Alta- Candy Colors,REF54936,189.8,18.98,2
amandabreeu_|1731763836201109087,amandabreeu_,1731763836201109087,Calça Jeans Feminina Wide Leg Jeans Feminina Cintura Alta,REF51636,189.8,18.98,2
stefaniemelo12|1731763836201109087,stefaniemelo12,1731763836201109087,Calça Jeans Feminina Wide Leg Jeans Feminina Cintura Alta,REF51636,189.8,15.18,2
ale.indica.shop|1731763836201109087,ale.indica.shop,1731763836201109087,Calça Jeans Feminina Wide Leg Jeans Feminina Cintura Alta,REF51636,189.8,15.18,2
luciaborgesindica|1733690547643385439,luciaborgesindica,1733690547643385439,Calça Feminina Jeans Wide Leg Cintura Alta Azul Médio Marmorizado,REF55136,189.8,15.18,2
pattylazzarotto|1733538126820050527,pattylazzarotto,1733538126820050527,Calça Jeans Feminina Wide Leg Cintura Alta Amarelo Manteiga,REF55036,189.8,18.98,2
silsantiagotrc|1733690547643385439,silsantiagotrc,1733690547643385439,Calça Feminina Jeans Wide Leg Cintura Alta Azul Médio Marmorizado,REF55136,189.8,9.49,2
__amandamacedoo|1733537963414488671,__amandamacedoo,1733537963414488671,Calça Jeans Feminina Wide Leg Cintura Alta- Candy Colors,REF54936,189.8,15.18,2
ana.fernnandes|1733491008023201375,ana.fernnandes,1733491008023201375,Calça Jeans Feminina Wide Leg Cintura Alta Branca,REF54636,189.8,9.49,2
numarchi|1733490894440269407,numarchi,1733490894440269407,Calça Jeans Feminina Wide Leg Jeans Cintura alta,REF54736,189.8,20.88,2
amandaorbite|1733491089938155103,amandaorbite,1733491089938155103,Calça Jeans Feminina Wide Leg Cintura Alta Terracota,REF54836,189.8,9.49,2
gomeseliane13|1733537963414488671,gomeseliane13,1733537963414488671,Calça Jeans Feminina Wide Leg Cintura Alta- Candy Colors,REF54936,189.8,18.98,2
pattylazzarotto|1734314781918922335,pattylazzarotto,1734314781918922335,Calça Jeans Feminina Wide Leg Cintura Alta Chocolate,REF56236,189.8,9.49,2
leiliferminiano|1733690547643385439,leiliferminiano,1733690547643385439,Calça Feminina Jeans Wide Leg Cintura Alta Azul Médio Marmorizado,REF55136,189.8,15.18,2
vanessa.pachalki|1733537963414488671,vanessa.pachalki,1733537963414488671,Calça Jeans Feminina Wide Leg Cintura Alta- Candy Colors,REF54936,189.8,15.18,2
stee_mello|1734765545306621535,stee_mello,1734765545306621535,Blusa Feminina Jeans Bata Tomara Que Caia Candy Colors,REF579P,184.8,14.78,2
estilo.anashop|1731763836201109087,estilo.anashop,1731763836201109087,Calça Jeans Feminina Wide Leg Jeans Feminina Cintura Alta,REF51636,182.09,16.01,2
flaviadogakiuti|1732670078583801439,flaviadogakiuti,1732670078583801439,Calça Jeans Feminina Wide Leg Jeans Cintura Alta Preta Marmorizada,REF52836,179.98,18.0,2
thainabeautyoficial|1732670078583801439,thainabeautyoficial,1732670078583801439,Calça Jeans Feminina Wide Leg Jeans Cintura Alta Preta Marmorizada,REF52836,179.98,18.0,2
thami.brambilla|1732670078583801439,thami.brambilla,1732670078583801439,Calça Jeans Feminina Wide Leg Jeans Cintura Alta Preta Marmorizada,REF52836,179.98,18.0,2
gabbizie|1732670078583801439,gabbizie,1732670078583801439,Calça Jeans Feminina Wide Leg Jeans Cintura Alta Preta Marmorizada,REF52836,179.98,9.0,2
jackmundomabu|1732670078583801439,jackmundomabu,1732670078583801439,Calça Jeans Feminina Wide Leg Jeans Cintura Alta Preta Marmorizada,REF52836,179.98,14.4,2
bianca.hasss|1734765545306621535,bianca.hasss,1734765545306621535,Blusa Feminina Jeans Bata Tomara Que Caia Candy Colors,REF579P,179.89,0.0,2
maiconeandreia|1732620602328647263,maiconeandreia,1732620602328647263,Calça Jeans Feminina Wide Leg Jeans Feminina Cintura Alta Stone Used,REF52536,179.89,21.59,2
natmarquesvi|1734765545306621535,natmarquesvi,1734765545306621535,Blusa Feminina Jeans Bata Tomara Que Caia Candy Colors,REF579P,179.8,21.58,2
sougabrielaneves|1731763836201109087,sougabrielaneves,1731763836201109087,Calça Jeans Feminina Wide Leg Jeans Feminina Cintura Alta,REF51636,179.8,15.98,2
danyoliveirasensibilite|1731763836201109087,danyoliveirasensibilite,1731763836201109087,Calça Jeans Feminina Wide Leg Jeans Feminina Cintura Alta,REF51636,179.8,15.98,2
luanaribeirojoias|1735220480519472735,luanaribeirojoias,1735220480519472735,Calça Mom Jeans Feminina Cintura Alta Marmorizada,REF58836,179.8,14.38,2
tacianecreator|1733491089938155103,tacianecreator,1733491089938155103,Calça Jeans Feminina Wide Leg Cintura Alta Terracota,REF54836,174.89,19.39,2
danijeans|1734314781918922335,danijeans,1734314781918922335,Calça Jeans Feminina Wide Leg Cintura Alta Chocolate,REF56236,174.8,15.58,2
marciamichelle._|1731763836201109087,marciamichelle._,1731763836201109087,Calça Jeans Feminina Wide Leg Jeans Feminina Cintura Alta,REF51636,174.8,13.98,2
soldecristoliveshop|1731763836201109087,soldecristoliveshop,1731763836201109087,Calça Jeans Feminina Wide Leg Jeans Feminina Cintura Alta,REF51636,174.8,17.48,1
jess.jan22|1731763836201109087,jess.jan22,1731763836201109087,Calça Jeans Feminina Wide Leg Jeans Feminina Cintura Alta,REF51636,172.09,15.21,2
dicadanaah|1731763836201109087,dicadanaah,1731763836201109087,Calça Jeans Feminina Wide Leg Jeans Feminina Cintura Alta,REF51636,169.89,7.99,2
maiconeandreia|1732647883349460575,maiconeandreia,1732647883349460575,Calça Cargo Jeans Feminina Cintura Alta,REF52136,169.8,20.38,2
karinalorenzetii|1734190087073400415,karinalorenzetii,1734190087073400415,Shorts Mom/Social Feminino Jeans Cintura Alta Barra Dobrada,REF55336,165.8,16.58,2
numarchi|1733355336293385823,numarchi,1733355336293385823,Body Manga Longa Modelador em Poliamida Premium Candy Colors,REF536P,159.99,19.2,1
danijeans|1733491008023201375,danijeans,1733491008023201375,Calça Jeans Feminina Wide Leg Cintura Alta Branca,REF54636,159.98,16.0,2
maiconeandreia|1733491089938155103,maiconeandreia,1733491089938155103,Calça Jeans Feminina Wide Leg Cintura Alta Terracota,REF54836,159.98,19.2,2
_mareiis|1733491089938155103,_mareiis,1733491089938155103,Calça Jeans Feminina Wide Leg Cintura Alta Terracota,REF54836,159.98,16.0,2
_mareiis|1733537963414488671,_mareiis,1733537963414488671,Calça Jeans Feminina Wide Leg Cintura Alta- Candy Colors,REF54936,159.98,16.0,2
thainabeautyoficial|1732620602328647263,thainabeautyoficial,1732620602328647263,Calça Jeans Feminina Wide Leg Jeans Feminina Cintura Alta Stone Used,REF52536,159.98,16.0,2
universodascalcas|1731763836201109087,universodascalcas,1731763836201109087,Calça Jeans Feminina Wide Leg Jeans Feminina Cintura Alta,REF51636,159.8,12.78,1
angelatimburi|1731763836201109087,angelatimburi,1731763836201109087,Calça Jeans Feminina Wide Leg Jeans Feminina Cintura Alta,REF51636,159.8,15.98,2
vaniacardoso86|1731763836201109087,vaniacardoso86,1731763836201109087,Calça Jeans Feminina Wide Leg Jeans Feminina Cintura Alta,REF51636,159.8,12.78,2
alannalavinia.xavier|1731763836201109087,alannalavinia.xavier,1731763836201109087,Calça Jeans Feminina Wide Leg Jeans Feminina Cintura Alta,REF51636,159.8,12.78,2
maelycustodio|1731763836201109087,maelycustodio,1731763836201109087,Calça Jeans Feminina Wide Leg Jeans Feminina Cintura Alta,REF51636,159.8,15.98,2
casalmr.shop|1731763836201109087,casalmr.shop,1731763836201109087,Calça Jeans Feminina Wide Leg Jeans Feminina Cintura Alta,REF51636,159.8,15.98,2
achadinhos.danahh1|1731763836201109087,achadinhos.danahh1,1731763836201109087,Calça Jeans Feminina Wide Leg Jeans Feminina Cintura Alta,REF51636,159.8,15.98,2
vanessarrferreiraa|1731763836201109087,vanessarrferreiraa,1731763836201109087,Calça Jeans Feminina Wide Leg Jeans Feminina Cintura Alta,REF51636,159.8,15.98,2
_mariafernandagd|1731763836201109087,_mariafernandagd,1731763836201109087,Calça Jeans Feminina Wide Leg Jeans Feminina Cintura Alta,REF51636,159.8,12.78,2
allynegomes.dicas|1731763836201109087,allynegomes.dicas,1731763836201109087,Calça Jeans Feminina Wide Leg Jeans Feminina Cintura Alta,REF51636,159.8,15.98,2
adriana_ruiz11|1731763836201109087,adriana_ruiz11,1731763836201109087,Calça Jeans Feminina Wide Leg Jeans Feminina Cintura Alta,REF51636,159.8,12.78,1
ajoicyemanuelly|1731763836201109087,ajoicyemanuelly,1731763836201109087,Calça Jeans Feminina Wide Leg Jeans Feminina Cintura Alta,REF51636,159.8,7.99,2
conecteshopping|1731763836201109087,conecteshopping,1731763836201109087,Calça Jeans Feminina Wide Leg Jeans Feminina Cintura Alta,REF51636,159.8,6.39,2
maciel.bre|1731763836201109087,maciel.bre,1731763836201109087,Calça Jeans Feminina Wide Leg Jeans Feminina Cintura Alta,REF51636,159.8,7.99,2
carinaba89|1731763836201109087,carinaba89,1731763836201109087,Calça Jeans Feminina Wide Leg Jeans Feminina Cintura Alta,REF51636,159.8,15.98,2
lidi_giehl|1731763836201109087,lidi_giehl,1731763836201109087,Calça Jeans Feminina Wide Leg Jeans Feminina Cintura Alta,REF51636,159.8,15.98,2
michellerocha.n|1731763836201109087,michellerocha.n,1731763836201109087,Calça Jeans Feminina Wide Leg Jeans Feminina Cintura Alta,REF51636,159.8,15.98,2
clubedamenopausa|1731763836201109087,clubedamenopausa,1731763836201109087,Calça Jeans Feminina Wide Leg Jeans Feminina Cintura Alta,REF51636,159.8,15.98,2
carolxcreatorshop|1731763836201109087,carolxcreatorshop,1731763836201109087,Calça Jeans Feminina Wide Leg Jeans Feminina Cintura Alta,REF51636,159.8,15.98,1
josypestanashop|1731763836201109087,josypestanashop,1731763836201109087,Calça Jeans Feminina Wide Leg Jeans Feminina Cintura Alta,REF51636,159.8,12.78,2
karitas.devillart|1731763836201109087,karitas.devillart,1731763836201109087,Calça Jeans Feminina Wide Leg Jeans Feminina Cintura Alta,REF51636,159.8,15.98,2
ajenifermilagres|1731763836201109087,ajenifermilagres,1731763836201109087,Calça Jeans Feminina Wide Leg Jeans Feminina Cintura Alta,REF51636,159.8,12.78,2
bbrualvess|1731763836201109087,bbrualvess,1731763836201109087,Calça Jeans Feminina Wide Leg Jeans Feminina Cintura Alta,REF51636,159.8,15.98,2
tacirecomenda|1731763836201109087,tacirecomenda,1731763836201109087,Calça Jeans Feminina Wide Leg Jeans Feminina Cintura Alta,REF51636,159.8,15.98,1
adanicardoso|1731763836201109087,adanicardoso,1731763836201109087,Calça Jeans Feminina Wide Leg Jeans Feminina Cintura Alta,REF51636,159.8,12.78,1
gabrielliduartte|1731763836201109087,gabrielliduartte,1731763836201109087,Calça Jeans Feminina Wide Leg Jeans Feminina Cintura Alta,REF51636,159.8,12.78,1
jecreatorshop|1731763836201109087,jecreatorshop,1731763836201109087,Calça Jeans Feminina Wide Leg Jeans Feminina Cintura Alta,REF51636,159.8,12.78,2
jucoelhomoraes|1731763836201109087,jucoelhomoraes,1731763836201109087,Calça Jeans Feminina Wide Leg Jeans Feminina Cintura Alta,REF51636,159.8,12.78,2
luasena20|1731763836201109087,luasena20,1731763836201109087,Calça Jeans Feminina Wide Leg Jeans Feminina Cintura Alta,REF51636,159.8,15.98,2
redlampes|1731763836201109087,redlampes,1731763836201109087,Calça Jeans Feminina Wide Leg Jeans Feminina Cintura Alta,REF51636,152.09,15.21,2
leticiasteinoficial|1731763836201109087,leticiasteinoficial,1731763836201109087,Calça Jeans Feminina Wide Leg Jeans Feminina Cintura Alta,REF51636,152.09,15.21,2
mirellavilas|1731763836201109087,mirellavilas,1731763836201109087,Calça Jeans Feminina Wide Leg Jeans Feminina Cintura Alta,REF51636,152.09,15.21,2
rosianealmeida104|1731763836201109087,rosianealmeida104,1731763836201109087,Calça Jeans Feminina Wide Leg Jeans Feminina Cintura Alta,REF51636,152.09,15.21,2
bila.breve|1731763836201109087,bila.breve,1731763836201109087,Calça Jeans Feminina Wide Leg Jeans Feminina Cintura Alta,REF51636,152.09,12.17,1
maiconeandreia|1732956787016435295,maiconeandreia,1732956787016435295,Calça Jeans Wide Leg Cintura Alta com Brilho Strass,REF52936,149.9,17.99,1
natmarquesvi|1733908931607103071,natmarquesvi,1733908931607103071,Calça Jeans Wide Leg Cintura Alta Branca Com Brilho Strass,REF55236,149.9,17.99,1
daily.ksb|1731763836201109087,daily.ksb,1731763836201109087,Calça Jeans Feminina Wide Leg Jeans Feminina Cintura Alta,REF51636,149.89,11.99,2
dinhacampello|1731763836201109087,dinhacampello,1731763836201109087,Calça Jeans Feminina Wide Leg Jeans Feminina Cintura Alta,REF51636,149.89,11.99,2
fernanda.caio.anthony7|1731763836201109087,fernanda.caio.anthony7,1731763836201109087,Calça Jeans Feminina Wide Leg Jeans Feminina Cintura Alta,REF51636,144.38,11.56,1
laysedebossan|1731763836201109087,laysedebossan,1731763836201109087,Calça Jeans Feminina Wide Leg Jeans Feminina Cintura Alta,REF51636,144.38,11.56,1
maiconeandreia|1735685458210817631,maiconeandreia,1735685458210817631,Kit 2 Blusa Feminina Jeans Bata Tomara Que Caia Rosa Bebê e Amarelo Manteiga,KIT007G,139.9,16.79,1
numarchi|1734190087073400415,numarchi,1734190087073400415,Shorts Mom/Social Feminino Jeans Cintura Alta Barra Dobrada,REF55336,139.8,16.78,2
maiconeandreia|1734202787355592287,maiconeandreia,1734202787355592287,Shorts Mom/Social Feminino Jeans Cintura Alta Barra Dobrada Candy Colors,REF55936,139.8,16.78,1
adv.dayane|1733284887218390623,adv.dayane,1733284887218390623,Body Básico Feminino Regata Decote Quadrado em Poliamida,REF539P,133.11,13.31,3
natmarquesvi|1734385284273899103,natmarquesvi,1734385284273899103,Saia Jeans Feminina Cintura Alta Barra A Fio,REF56636,129.8,15.58,1
yoariadny|1733284887218390623,yoariadny,1733284887218390623,Body Básico Feminino Regata Decote Quadrado em Poliamida,REF539P,119.9,11.99,1
tacianecreator|1734202787355592287,tacianecreator,1734202787355592287,Shorts Mom/Social Feminino Jeans Cintura Alta Barra Dobrada Candy Colors,REF55936,119.9,14.38,1
maiconeandreia|1733356031574312543,maiconeandreia,1733356031574312543,Body Manga Longa Modelador Poliamida Premium Cores Neutras,REF533P,119.8,14.38,2
agatha__evellyn|1735220491823449695,agatha__evellyn,1735220491823449695,Calça Baggy Jeans Feminina Cintura Média Marmorizada,REF58736,109.99,11.0,1
sobrevidadecasal|1735220491823449695,sobrevidadecasal,1735220491823449695,Calça Baggy Jeans Feminina Cintura Média Marmorizada,REF58736,109.99,8.8,1
elainevende|1735220491823449695,elainevende,1735220491823449695,Calça Baggy Jeans Feminina Cintura Média Marmorizada,REF58736,109.99,8.8,1
laizdaily|1735220491823449695,laizdaily,1735220491823449695,Calça Baggy Jeans Feminina Cintura Média Marmorizada,REF58736,109.99,0.0,1
ericamcabeluda|1734713315420767839,ericamcabeluda,1734713315420767839,Calça Jeans Feminina Wide Leg Jeans Cintura alta,REF54736,109.9,13.19,1
lizestiloreal|1733538126820050527,lizestiloreal,1733538126820050527,Calça Jeans Feminina Wide Leg Cintura Alta Amarelo Manteiga,REF55036,109.9,8.79,1
thami.brambilla|1733690547643385439,thami.brambilla,1733690547643385439,Calça Feminina Jeans Wide Leg Cintura Alta Azul Médio Marmorizado,REF55136,109.9,0.0,1
vanessa_corti|1731763836201109087,vanessa_corti,1731763836201109087,Calça Jeans Feminina Wide Leg Jeans Feminina Cintura Alta,REF51636,109.9,8.79,1
talissaaloreto|1733537963414488671,talissaaloreto,1733537963414488671,Calça Jeans Feminina Wide Leg Cintura Alta- Candy Colors,REF54936,109.9,8.79,1
realmente_thais|1733538126820050527,realmente_thais,1733538126820050527,Calça Jeans Feminina Wide Leg Cintura Alta Amarelo Manteiga,REF55036,109.9,8.79,1
gnfonzivy4|1733537963414488671,gnfonzivy4,1733537963414488671,Calça Jeans Feminina Wide Leg Cintura Alta- Candy Colors,REF54936,109.9,0.0,1
naandaporto|1731763836201109087,naandaporto,1731763836201109087,Calça Jeans Feminina Wide Leg Jeans Feminina Cintura Alta,REF51636,109.9,8.79,1
maiconeandreia|1733538126820050527,maiconeandreia,1733538126820050527,Calça Jeans Feminina Wide Leg Cintura Alta Amarelo Manteiga,REF55036,109.9,13.19,1
isaurbano_|1733537963414488671,isaurbano_,1733537963414488671,Calça Jeans Feminina Wide Leg Cintura Alta- Candy Colors,REF54936,109.9,8.79,1
ramosvanessa__|1733537963414488671,ramosvanessa__,1733537963414488671,Calça Jeans Feminina Wide Leg Cintura Alta- Candy Colors,REF54936,109.9,4.4,1
alexandremarquesdasilva0|1734713315420767839,alexandremarquesdasilva0,1734713315420767839,Calça Jeans Feminina Wide Leg Jeans Cintura alta,REF54736,109.9,8.79,1
gabbizie|1735220491823449695,gabbizie,1735220491823449695,Calça Baggy Jeans Feminina Cintura Média Marmorizada,REF58736,109.9,13.19,1
arilenecosta.etiqueta|1734314781918922335,arilenecosta.etiqueta,1734314781918922335,Calça Jeans Feminina Wide Leg Cintura Alta Chocolate,REF56236,109.9,8.79,1
karinaborbaa|1733537963414488671,karinaborbaa,1733537963414488671,Calça Jeans Feminina Wide Leg Cintura Alta- Candy Colors,REF54936,109.9,0.0,1
sheilaanjos0|1733690547643385439,sheilaanjos0,1733690547643385439,Calça Feminina Jeans Wide Leg Cintura Alta Azul Médio Marmorizado,REF55136,109.9,8.79,1
mariadalmas_|1731763836201109087,mariadalmas_,1731763836201109087,Calça Jeans Feminina Wide Leg Jeans Feminina Cintura Alta,REF51636,109.9,8.79,1
zaiavalente|1734314781918922335,zaiavalente,1734314781918922335,Calça Jeans Feminina Wide Leg Cintura Alta Chocolate,REF56236,109.9,8.79,1
aliana.carvalho|1731763836201109087,aliana.carvalho,1731763836201109087,Calça Jeans Feminina Wide Leg Jeans Feminina Cintura Alta,REF51636,109.9,8.79,1
ericamcabeluda|1735220491823449695,ericamcabeluda,1735220491823449695,Calça Baggy Jeans Feminina Cintura Média Marmorizada,REF58736,109.9,13.19,1
laizmacaneiro|1735220491823449695,laizmacaneiro,1735220491823449695,Calça Baggy Jeans Feminina Cintura Média Marmorizada,REF58736,109.9,8.79,1
pam.wk|1735220491823449695,pam.wk,1735220491823449695,Calça Baggy Jeans Feminina Cintura Média Marmorizada,REF58736,109.9,10.99,1
larissakuhsler|1733690547643385439,larissakuhsler,1733690547643385439,Calça Feminina Jeans Wide Leg Cintura Alta Azul Médio Marmorizado,REF55136,109.9,8.79,1
oficialgabibarros|1733537963414488671,oficialgabibarros,1733537963414488671,Calça Jeans Feminina Wide Leg Cintura Alta- Candy Colors,REF54936,109.9,8.79,1
paulasinelli|1731763836201109087,paulasinelli,1731763836201109087,Calça Jeans Feminina Wide Leg Jeans Feminina Cintura Alta,REF51636,109.9,8.79,1
heeycamiss|1734713315420767839,heeycamiss,1734713315420767839,Calça Jeans Feminina Wide Leg Jeans Cintura alta,REF54736,109.9,8.79,1
naandaporto|1734314781918922335,naandaporto,1734314781918922335,Calça Jeans Feminina Wide Leg Cintura Alta Chocolate,REF56236,109.9,8.79,1
marcella.moura|1731763836201109087,marcella.moura,1731763836201109087,Calça Jeans Feminina Wide Leg Jeans Feminina Cintura Alta,REF51636,109.9,8.79,1
rhailacardilo|1734314781918922335,rhailacardilo,1734314781918922335,Calça Jeans Feminina Wide Leg Cintura Alta Chocolate,REF56236,109.9,8.79,1
nati_sus|1734713315420767839,nati_sus,1734713315420767839,Calça Jeans Feminina Wide Leg Jeans Cintura alta,REF54736,109.9,13.19,1
ericamcabeluda|1733690547643385439,ericamcabeluda,1733690547643385439,Calça Feminina Jeans Wide Leg Cintura Alta Azul Médio Marmorizado,REF55136,109.9,13.19,1
mariellaindica|1734314781918922335,mariellaindica,1734314781918922335,Calça Jeans Feminina Wide Leg Cintura Alta Chocolate,REF56236,109.9,8.79,1
nataliaserafiim|1733537963414488671,nataliaserafiim,1733537963414488671,Calça Jeans Feminina Wide Leg Cintura Alta- Candy Colors,REF54936,109.9,8.79,1
rafaellaescorel|1733537963414488671,rafaellaescorel,1733537963414488671,Calça Jeans Feminina Wide Leg Cintura Alta- Candy Colors,REF54936,109.9,8.79,1
ayla_shop26|1733537963414488671,ayla_shop26,1733537963414488671,Calça Jeans Feminina Wide Leg Cintura Alta- Candy Colors,REF54936,109.9,8.79,1
eliadygislainy|1731763836201109087,eliadygislainy,1731763836201109087,Calça Jeans Feminina Wide Leg Jeans Feminina Cintura Alta,REF51636,109.9,8.79,1
glowup.mrd|1733537963414488671,glowup.mrd,1733537963414488671,Calça Jeans Feminina Wide Leg Cintura Alta- Candy Colors,REF54936,109.9,8.79,1
larisse.tiktokshop|1733537963414488671,larisse.tiktokshop,1733537963414488671,Calça Jeans Feminina Wide Leg Cintura Alta- Candy Colors,REF54936,109.9,8.79,1
yasmin.aoliveira|1731763836201109087,yasmin.aoliveira,1731763836201109087,Calça Jeans Feminina Wide Leg Jeans Feminina Cintura Alta,REF51636,109.9,8.79,1
amandaazanella2|1733690547643385439,amandaazanella2,1733690547643385439,Calça Feminina Jeans Wide Leg Cintura Alta Azul Médio Marmorizado,REF55136,109.9,8.79,1
nandamoraespop|1733690547643385439,nandamoraespop,1733690547643385439,Calça Feminina Jeans Wide Leg Cintura Alta Azul Médio Marmorizado,REF55136,109.9,8.79,1
hitalasantiago|1733537963414488671,hitalasantiago,1733537963414488671,Calça Jeans Feminina Wide Leg Cintura Alta- Candy Colors,REF54936,109.9,10.99,1
fe59222|1733690547643385439,fe59222,1733690547643385439,Calça Feminina Jeans Wide Leg Cintura Alta Azul Médio Marmorizado,REF55136,109.9,8.79,1
naandaporto|1734713315420767839,naandaporto,1734713315420767839,Calça Jeans Feminina Wide Leg Jeans Cintura alta,REF54736,109.9,8.79,1
msgdeamor23|1733537963414488671,msgdeamor23,1733537963414488671,Calça Jeans Feminina Wide Leg Cintura Alta- Candy Colors,REF54936,109.9,0.0,1
manudicas_1|1733537963414488671,manudicas_1,1733537963414488671,Calça Jeans Feminina Wide Leg Cintura Alta- Candy Colors,REF54936,109.9,8.79,1
karinarsousa1|1735220480519472735,karinarsousa1,1735220480519472735,Calça Mom Jeans Feminina Cintura Alta Marmorizada,REF58836,99.99,8.0,1
raquelsguerreiro|1735220480519472735,raquelsguerreiro,1735220480519472735,Calça Mom Jeans Feminina Cintura Alta Marmorizada,REF58836,99.99,4.0,1
flaviab325|1731763836201109087,flaviab325,1731763836201109087,Calça Jeans Feminina Wide Leg Jeans Feminina Cintura Alta,REF51636,99.9,7.99,1
dravanessacomestilo|1731763836201109087,dravanessacomestilo,1731763836201109087,Calça Jeans Feminina Wide Leg Jeans Feminina Cintura Alta,REF51636,99.9,7.99,1
amandalimashop|1731763836201109087,amandalimashop,1731763836201109087,Calça Jeans Feminina Wide Leg Jeans Feminina Cintura Alta,REF51636,99.9,7.99,1
marilia_003|1731763836201109087,marilia_003,1731763836201109087,Calça Jeans Feminina Wide Leg Jeans Feminina Cintura Alta,REF51636,99.9,7.99,1
tukaliveshop|1731763836201109087,tukaliveshop,1731763836201109087,Calça Jeans Feminina Wide Leg Jeans Feminina Cintura Alta,REF51636,99.9,7.99,1
manudicas_1|1731763836201109087,manudicas_1,1731763836201109087,Calça Jeans Feminina Wide Leg Jeans Feminina Cintura Alta,REF51636,99.9,7.99,1
larisse.tiktokshop|1731763836201109087,larisse.tiktokshop,1731763836201109087,Calça Jeans Feminina Wide Leg Jeans Feminina Cintura Alta,REF51636,99.9,7.99,1
gabrielamendesdesigner|1731763836201109087,gabrielamendesdesigner,1731763836201109087,Calça Jeans Feminina Wide Leg Jeans Feminina Cintura Alta,REF51636,99.9,4.0,1
gabbizie|1735220480519472735,gabbizie,1735220480519472735,Calça Mom Jeans Feminina Cintura Alta Marmorizada,REF58836,99.9,11.99,1
dailycah08|1731763836201109087,dailycah08,1731763836201109087,Calça Jeans Feminina Wide Leg Jeans Feminina Cintura Alta,REF51636,99.9,7.99,1
glowfit.club1|1731763836201109087,glowfit.club1,1731763836201109087,Calça Jeans Feminina Wide Leg Jeans Feminina Cintura Alta,REF51636,99.9,7.99,1
jesianealvescreator|1731763836201109087,jesianealvescreator,1731763836201109087,Calça Jeans Feminina Wide Leg Jeans Feminina Cintura Alta,REF51636,99.9,7.99,1
rafaellaescorel|1734765545306621535,rafaellaescorel,1734765545306621535,Blusa Feminina Jeans Bata Tomara Que Caia Candy Colors,REF579P,99.9,7.99,1
brunacreatorshop|1731763836201109087,brunacreatorshop,1731763836201109087,Calça Jeans Feminina Wide Leg Jeans Feminina Cintura Alta,REF51636,99.9,7.99,1
lana_shop26|1731763836201109087,lana_shop26,1731763836201109087,Calça Jeans Feminina Wide Leg Jeans Feminina Cintura Alta,REF51636,99.9,7.99,1
dr.rossana.couto|1731763836201109087,dr.rossana.couto,1731763836201109087,Calça Jeans Feminina Wide Leg Jeans Feminina Cintura Alta,REF51636,99.9,7.99,1
larisse.tiktokshop|1734765545306621535,larisse.tiktokshop,1734765545306621535,Blusa Feminina Jeans Bata Tomara Que Caia Candy Colors,REF579P,99.9,7.99,1
jessicamesant|1734765545306621535,jessicamesant,1734765545306621535,Blusa Feminina Jeans Bata Tomara Que Caia Candy Colors,REF579P,99.9,11.99,1
leticianunesssss|1731763836201109087,leticianunesssss,1731763836201109087,Calça Jeans Feminina Wide Leg Jeans Feminina Cintura Alta,REF51636,99.9,7.99,1
louisecitou|1731763836201109087,louisecitou,1731763836201109087,Calça Jeans Feminina Wide Leg Jeans Feminina Cintura Alta,REF51636,99.9,7.99,1
comprinhasdaphaty|1731763836201109087,comprinhasdaphaty,1731763836201109087,Calça Jeans Feminina Wide Leg Jeans Feminina Cintura Alta,REF51636,99.9,7.99,1
carlaf.bitencourt|1731763836201109087,carlaf.bitencourt,1731763836201109087,Calça Jeans Feminina Wide Leg Jeans Feminina Cintura Alta,REF51636,99.9,7.99,1
mariadalmas_|1735220480519472735,mariadalmas_,1735220480519472735,Calça Mom Jeans Feminina Cintura Alta Marmorizada,REF58836,99.9,10.49,1
bbd36293|1731763836201109087,bbd36293,1731763836201109087,Calça Jeans Feminina Wide Leg Jeans Feminina Cintura Alta,REF51636,99.9,7.99,1
essenciadani|1731763836201109087,essenciadani,1731763836201109087,Calça Jeans Feminina Wide Leg Jeans Feminina Cintura Alta,REF51636,99.9,7.99,1
ppepqd1|1731763836201109087,ppepqd1,1731763836201109087,Calça Jeans Feminina Wide Leg Jeans Feminina Cintura Alta,REF51636,99.9,7.99,1
lucianajanuario_|1731763836201109087,lucianajanuario_,1731763836201109087,Calça Jeans Feminina Wide Leg Jeans Feminina Cintura Alta,REF51636,99.9,7.99,1
by_x01|1731763836201109087,by_x01,1731763836201109087,Calça Jeans Feminina Wide Leg Jeans Feminina Cintura Alta,REF51636,99.9,7.99,1
renatamali01|1731763836201109087,renatamali01,1731763836201109087,Calça Jeans Feminina Wide Leg Jeans Feminina Cintura Alta,REF51636,99.9,7.99,1
gabrielahorn_|1731763836201109087,gabrielahorn_,1731763836201109087,Calça Jeans Feminina Wide Leg Jeans Feminina Cintura Alta,REF51636,99.9,7.99,1
lyn.jiayi|1731763836201109087,lyn.jiayi,1731763836201109087,Calça Jeans Feminina Wide Leg Jeans Feminina Cintura Alta,REF51636,99.9,7.99,1
rose.nane|1731763836201109087,rose.nane,1731763836201109087,Calça Jeans Feminina Wide Leg Jeans Feminina Cintura Alta,REF51636,99.9,7.99,1
_ligiadourado|1731763836201109087,_ligiadourado,1731763836201109087,Calça Jeans Feminina Wide Leg Jeans Feminina Cintura Alta,REF51636,99.9,8.49,1
anarosaadaily|1731763836201109087,anarosaadaily,1731763836201109087,Calça Jeans Feminina Wide Leg Jeans Feminina Cintura Alta,REF51636,99.9,7.99,1
agabyalves|1731763836201109087,agabyalves,1731763836201109087,Calça Jeans Feminina Wide Leg Jeans Feminina Cintura Alta,REF51636,99.9,7.99,1
familiaromualdo_|1731763836201109087,familiaromualdo_,1731763836201109087,Calça Jeans Feminina Wide Leg Jeans Feminina Cintura Alta,REF51636,99.9,7.99,1
vivianalmeiida|1734713315420767839,vivianalmeiida,1734713315420767839,Calça Jeans Feminina Wide Leg Jeans Cintura alta,REF54736,99.9,7.99,1
flaviabastos28|1731763836201109087,flaviabastos28,1731763836201109087,Calça Jeans Feminina Wide Leg Jeans Feminina Cintura Alta,REF51636,99.9,7.99,1
descobertasdabhru|1732620602328647263,descobertasdabhru,1732620602328647263,Calça Jeans Feminina Wide Leg Jeans Feminina Cintura Alta Stone Used,REF52536,99.9,7.99,1
bianca.gtz92|1731763836201109087,bianca.gtz92,1731763836201109087,Calça Jeans Feminina Wide Leg Jeans Feminina Cintura Alta,REF51636,99.9,7.99,1
alicecsalazar|1731763836201109087,alicecsalazar,1731763836201109087,Calça Jeans Feminina Wide Leg Jeans Feminina Cintura Alta,REF51636,99.9,7.99,1
iara.alves26|1731763836201109087,iara.alves26,1731763836201109087,Calça Jeans Feminina Wide Leg Jeans Feminina Cintura Alta,REF51636,99.9,7.99,1
layseaguiar172|1731763836201109087,layseaguiar172,1731763836201109087,Calça Jeans Feminina Wide Leg Jeans Feminina Cintura Alta,REF51636,99.9,7.99,1
binafernandes041|1731763836201109087,binafernandes041,1731763836201109087,Calça Jeans Feminina Wide Leg Jeans Feminina Cintura Alta,REF51636,99.9,7.99,1
dicas_gi|1731763836201109087,dicas_gi,1731763836201109087,Calça Jeans Feminina Wide Leg Jeans Feminina Cintura Alta,REF51636,99.9,9.99,1
camilalessaizidro|1731763836201109087,camilalessaizidro,1731763836201109087,Calça Jeans Feminina Wide Leg Jeans Feminina Cintura Alta,REF51636,99.9,7.99,1
dicasdaleleh3|1731763836201109087,dicasdaleleh3,1731763836201109087,Calça Jeans Feminina Wide Leg Jeans Feminina Cintura Alta,REF51636,99.9,7.99,1
iaraconselheira|1731763836201109087,iaraconselheira,1731763836201109087,Calça Jeans Feminina Wide Leg Jeans Feminina Cintura Alta,REF51636,99.9,7.99,1
nataliaalves.delf|1731763836201109087,nataliaalves.delf,1731763836201109087,Calça Jeans Feminina Wide Leg Jeans Feminina Cintura Alta,REF51636,99.9,7.99,1
lucianajanuario_|1735220480519472735,lucianajanuario_,1735220480519472735,Calça Mom Jeans Feminina Cintura Alta Marmorizada,REF58836,99.9,7.99,1
ayasmingonzalez|1731763836201109087,ayasmingonzalez,1731763836201109087,Calça Jeans Feminina Wide Leg Jeans Feminina Cintura Alta,REF51636,99.9,7.99,1
varla_laisa|1731763836201109087,varla_laisa,1731763836201109087,Calça Jeans Feminina Wide Leg Jeans Feminina Cintura Alta,REF51636,99.9,7.99,1
gi.med.f|1731763836201109087,gi.med.f,1731763836201109087,Calça Jeans Feminina Wide Leg Jeans Feminina Cintura Alta,REF51636,99.9,7.99,1
achadiinhodarainha|1735220480519472735,achadiinhodarainha,1735220480519472735,Calça Mom Jeans Feminina Cintura Alta Marmorizada,REF58836,99.9,7.99,1
ingridfeitosa_|1732620602328647263,ingridfeitosa_,1732620602328647263,Calça Jeans Feminina Wide Leg Jeans Feminina Cintura Alta Stone Used,REF52536,99.9,0.0,1
camiladaiara1|1731763836201109087,camiladaiara1,1731763836201109087,Calça Jeans Feminina Wide Leg Jeans Feminina Cintura Alta,REF51636,99.9,7.99,1
paulanogueirashop|1731763836201109087,paulanogueirashop,1731763836201109087,Calça Jeans Feminina Wide Leg Jeans Feminina Cintura Alta,REF51636,99.9,7.99,1
descobripravoce6|1731763836201109087,descobripravoce6,1731763836201109087,Calça Jeans Feminina Wide Leg Jeans Feminina Cintura Alta,REF51636,99.9,7.99,1
inaaachados|1731763836201109087,inaaachados,1731763836201109087,Calça Jeans Feminina Wide Leg Jeans Feminina Cintura Alta,REF51636,99.9,7.99,1
thainabeautyoficial|1735220491823449695,thainabeautyoficial,1735220491823449695,Calça Baggy Jeans Feminina Cintura Média Marmorizada,REF58736,99.9,0.0,1
dicasclub.br|1731763836201109087,dicasclub.br,1731763836201109087,Calça Jeans Feminina Wide Leg Jeans Feminina Cintura Alta,REF51636,99.9,7.99,1
maya.ia.shop|1731763836201109087,maya.ia.shop,1731763836201109087,Calça Jeans Feminina Wide Leg Jeans Feminina Cintura Alta,REF51636,99.9,7.99,1
eliadygislainy|1735220480519472735,eliadygislainy,1735220480519472735,Calça Mom Jeans Feminina Cintura Alta Marmorizada,REF58836,99.9,7.99,1
hitalasantiago|1735220480519472735,hitalasantiago,1735220480519472735,Calça Mom Jeans Feminina Cintura Alta Marmorizada,REF58836,94.99,9.5,1
bellamodasfeminina|1734314781918922335,bellamodasfeminina,1734314781918922335,Calça Jeans Feminina Wide Leg Cintura Alta Chocolate,REF56236,94.9,9.49,1
nilce.ferreira.imagem|1734314781918922335,nilce.ferreira.imagem,1734314781918922335,Calça Jeans Feminina Wide Leg Cintura Alta Chocolate,REF56236,94.9,7.59,1
malubeautycreator|1733690547643385439,malubeautycreator,1733690547643385439,Calça Feminina Jeans Wide Leg Cintura Alta Azul Médio Marmorizado,REF55136,94.9,7.59,1
marialuciacardoso8|1733690547643385439,marialuciacardoso8,1733690547643385439,Calça Feminina Jeans Wide Leg Cintura Alta Azul Médio Marmorizado,REF55136,94.9,7.59,1
yasmin.aoliveira|1733690547643385439,yasmin.aoliveira,1733690547643385439,Calça Feminina Jeans Wide Leg Cintura Alta Azul Médio Marmorizado,REF55136,94.9,9.49,1
marciamichelle._|1734314781918922335,marciamichelle._,1734314781918922335,Calça Jeans Feminina Wide Leg Cintura Alta Chocolate,REF56236,94.9,7.59,1
marcianoschang_achadinho|1734314781918922335,marcianoschang_achadinho,1734314781918922335,Calça Jeans Feminina Wide Leg Cintura Alta Chocolate,REF56236,94.9,9.49,1
pandora.maria.shihtzu|1733537963414488671,pandora.maria.shihtzu,1733537963414488671,Calça Jeans Feminina Wide Leg Cintura Alta- Candy Colors,REF54936,94.9,7.59,1
fernanda.ppegoraro|1733690547643385439,fernanda.ppegoraro,1733690547643385439,Calça Feminina Jeans Wide Leg Cintura Alta Azul Médio Marmorizado,REF55136,94.9,7.59,1
daily.ksb|1733690547643385439,daily.ksb,1733690547643385439,Calça Feminina Jeans Wide Leg Cintura Alta Azul Médio Marmorizado,REF55136,94.9,7.59,1
sabrina_castrooo|1734314781918922335,sabrina_castrooo,1734314781918922335,Calça Jeans Feminina Wide Leg Cintura Alta Chocolate,REF56236,94.9,7.59,1
yasmin.aoliveira|1733538126820050527,yasmin.aoliveira,1733538126820050527,Calça Jeans Feminina Wide Leg Cintura Alta Amarelo Manteiga,REF55036,94.9,9.49,1
lu_dias10|1733538126820050527,lu_dias10,1733538126820050527,Calça Jeans Feminina Wide Leg Cintura Alta Amarelo Manteiga,REF55036,94.9,9.49,1
tacianecreator|1733491008023201375,tacianecreator,1733491008023201375,Calça Jeans Feminina Wide Leg Cintura Alta Branca,REF54636,94.9,11.39,1
angelmodaeachadinhos|1733537963414488671,angelmodaeachadinhos,1733537963414488671,Calça Jeans Feminina Wide Leg Cintura Alta- Candy Colors,REF54936,94.9,0.0,1
lucianaprados84|1734713315420767839,lucianaprados84,1734713315420767839,Calça Jeans Feminina Wide Leg Jeans Cintura alta,REF54736,94.9,7.59,1
.ana.paulaaa|1733690547643385439,.ana.paulaaa,1733690547643385439,Calça Feminina Jeans Wide Leg Cintura Alta Azul Médio Marmorizado,REF55136,94.9,7.59,1
leticiatsec|1733491089938155103,leticiatsec,1733491089938155103,Calça Jeans Feminina Wide Leg Cintura Alta Terracota,REF54836,94.9,9.49,1
coisinhasqueamoo|1733690547643385439,coisinhasqueamoo,1733690547643385439,Calça Feminina Jeans Wide Leg Cintura Alta Azul Médio Marmorizado,REF55136,94.9,7.59,1
jesianealvescreator|1733690547643385439,jesianealvescreator,1733690547643385439,Calça Feminina Jeans Wide Leg Cintura Alta Azul Médio Marmorizado,REF55136,94.9,9.49,1
alessandraandrad938|1734314781918922335,alessandraandrad938,1734314781918922335,Calça Jeans Feminina Wide Leg Cintura Alta Chocolate,REF56236,94.9,7.59,1
nati_sus|1733538126820050527,nati_sus,1733538126820050527,Calça Jeans Feminina Wide Leg Cintura Alta Amarelo Manteiga,REF55036,94.9,7.59,1
gabbizie|1733537963414488671,gabbizie,1733537963414488671,Calça Jeans Feminina Wide Leg Cintura Alta- Candy Colors,REF54936,94.9,9.49,1
juniorlimaas|1734314781918922335,juniorlimaas,1734314781918922335,Calça Jeans Feminina Wide Leg Cintura Alta Chocolate,REF56236,94.9,7.59,1
alinecavanellas|1733491089938155103,alinecavanellas,1733491089938155103,Calça Jeans Feminina Wide Leg Cintura Alta Terracota,REF54836,94.9,9.49,1
carol.dicas55|1731763836201109087,carol.dicas55,1731763836201109087,Calça Jeans Feminina Wide Leg Jeans Feminina Cintura Alta,REF51636,94.9,7.59,1
vickbartelega|1731763836201109087,vickbartelega,1731763836201109087,Calça Jeans Feminina Wide Leg Jeans Feminina Cintura Alta,REF51636,94.9,7.59,1
thainabeautyoficial|1733491089938155103,thainabeautyoficial,1733491089938155103,Calça Jeans Feminina Wide Leg Cintura Alta Terracota,REF54836,94.9,9.49,1
talissaaloreto|1733690547643385439,talissaaloreto,1733690547643385439,Calça Feminina Jeans Wide Leg Cintura Alta Azul Médio Marmorizado,REF55136,94.9,9.49,1
monicaestephanio|1733490894440269407,monicaestephanio,1733490894440269407,Calça Jeans Feminina Wide Leg Jeans Cintura alta,REF54736,94.9,9.49,1
xhep4|1733491089938155103,xhep4,1733491089938155103,Calça Jeans Feminina Wide Leg Cintura Alta Terracota,REF54836,94.9,0.0,1
lilimsxx|1733537963414488671,lilimsxx,1733537963414488671,Calça Jeans Feminina Wide Leg Cintura Alta- Candy Colors,REF54936,94.9,9.49,1
lucianajanuario_|1733537963414488671,lucianajanuario_,1733537963414488671,Calça Jeans Feminina Wide Leg Cintura Alta- Candy Colors,REF54936,94.9,7.59,1
bygabivianna|1733537963414488671,bygabivianna,1733537963414488671,Calça Jeans Feminina Wide Leg Cintura Alta- Candy Colors,REF54936,94.9,9.49,1
vso_viih|1733537963414488671,vso_viih,1733537963414488671,Calça Jeans Feminina Wide Leg Cintura Alta- Candy Colors,REF54936,94.9,9.49,1
dudabetiatoo|1733690547643385439,dudabetiatoo,1733690547643385439,Calça Feminina Jeans Wide Leg Cintura Alta Azul Médio Marmorizado,REF55136,94.9,9.49,1
dil.canuto|1733490894440269407,dil.canuto,1733490894440269407,Calça Jeans Feminina Wide Leg Jeans Cintura alta,REF54736,94.9,9.49,1
thainabeautyoficial|1734713315420767839,thainabeautyoficial,1734713315420767839,Calça Jeans Feminina Wide Leg Jeans Cintura alta,REF54736,94.9,11.39,1
laianeaparecida_|1733690547643385439,laianeaparecida_,1733690547643385439,Calça Feminina Jeans Wide Leg Cintura Alta Azul Médio Marmorizado,REF55136,94.9,7.59,1
gh5fzphbe9|1733490894440269407,gh5fzphbe9,1733490894440269407,Calça Jeans Feminina Wide Leg Jeans Cintura alta,REF54736,94.9,0.0,1
stee_mello|1733537963414488671,stee_mello,1733537963414488671,Calça Jeans Feminina Wide Leg Cintura Alta- Candy Colors,REF54936,94.9,7.59,1
ana_abadie|1733490894440269407,ana_abadie,1733490894440269407,Calça Jeans Feminina Wide Leg Jeans Cintura alta,REF54736,94.9,0.0,1
brenda.theblushlab|1734314781918922335,brenda.theblushlab,1734314781918922335,Calça Jeans Feminina Wide Leg Cintura Alta Chocolate,REF56236,94.9,7.59,1
vanessa.pachalki|1734765545306621535,vanessa.pachalki,1734765545306621535,Blusa Feminina Jeans Bata Tomara Que Caia Candy Colors,REF579P,94.9,7.59,1
carolinanogueirabarcelos|1733690547643385439,carolinanogueirabarcelos,1733690547643385439,Calça Feminina Jeans Wide Leg Cintura Alta Azul Médio Marmorizado,REF55136,94.9,7.59,1
pattylazzarotto|1733491008023201375,pattylazzarotto,1733491008023201375,Calça Jeans Feminina Wide Leg Cintura Alta Branca,REF54636,94.9,9.49,1
laisstefanydaily|1734314781918922335,laisstefanydaily,1734314781918922335,Calça Jeans Feminina Wide Leg Cintura Alta Chocolate,REF56236,94.9,0.0,1
mallenadepaula|1733537963414488671,mallenadepaula,1733537963414488671,Calça Jeans Feminina Wide Leg Cintura Alta- Candy Colors,REF54936,94.9,9.49,1
amandabreeu_|1733538126820050527,amandabreeu_,1733538126820050527,Calça Jeans Feminina Wide Leg Cintura Alta Amarelo Manteiga,REF55036,94.9,9.49,1
palomaindicaoficial|1733690547643385439,palomaindicaoficial,1733690547643385439,Calça Feminina Jeans Wide Leg Cintura Alta Azul Médio Marmorizado,REF55136,94.9,9.49,1
ana.frana229|1733491008023201375,ana.frana229,1733491008023201375,Calça Jeans Feminina Wide Leg Cintura Alta Branca,REF54636,94.9,7.59,1
_milenecarvalho|1734765545306621535,_milenecarvalho,1734765545306621535,Blusa Feminina Jeans Bata Tomara Que Caia Candy Colors,REF579P,94.9,7.59,1
leticiatsec|1732670078583801439,leticiatsec,1732670078583801439,Calça Jeans Feminina Wide Leg Jeans Cintura Alta Preta Marmorizada,REF52836,89.99,9.0,1
laianenovaisss|1732670078583801439,laianenovaisss,1732670078583801439,Calça Jeans Feminina Wide Leg Jeans Cintura Alta Preta Marmorizada,REF52836,89.99,10.8,1
.familiapimentel|1732670078583801439,.familiapimentel,1732670078583801439,Calça Jeans Feminina Wide Leg Jeans Cintura Alta Preta Marmorizada,REF52836,89.99,9.0,1
leiliferminiano|1732670078583801439,leiliferminiano,1732670078583801439,Calça Jeans Feminina Wide Leg Jeans Cintura Alta Preta Marmorizada,REF52836,89.99,7.2,1
biscuit.da.edi|1732670078583801439,biscuit.da.edi,1732670078583801439,Calça Jeans Feminina Wide Leg Jeans Cintura Alta Preta Marmorizada,REF52836,89.99,9.0,1
nara.e.borges|1732670078583801439,nara.e.borges,1732670078583801439,Calça Jeans Feminina Wide Leg Jeans Cintura Alta Preta Marmorizada,REF52836,89.99,7.2,1
ofertasdagih8|1732670078583801439,ofertasdagih8,1732670078583801439,Calça Jeans Feminina Wide Leg Jeans Cintura Alta Preta Marmorizada,REF52836,89.99,7.2,1
dudabetiatoo|1732670078583801439,dudabetiatoo,1732670078583801439,Calça Jeans Feminina Wide Leg Jeans Cintura Alta Preta Marmorizada,REF52836,89.99,9.0,1
lucianalemesoficial|1731763836201109087,lucianalemesoficial,1731763836201109087,Calça Jeans Feminina Wide Leg Jeans Feminina Cintura Alta,REF51636,89.9,7.19,1
narasantosnunes|1731763836201109087,narasantosnunes,1731763836201109087,Calça Jeans Feminina Wide Leg Jeans Feminina Cintura Alta,REF51636,89.9,7.19,1
juh.fribeiro|1733690547643385439,juh.fribeiro,1733690547643385439,Calça Feminina Jeans Wide Leg Cintura Alta Azul Médio Marmorizado,REF55136,89.9,7.19,1
cacauabraao|1731763836201109087,cacauabraao,1731763836201109087,Calça Jeans Feminina Wide Leg Jeans Feminina Cintura Alta,REF51636,89.9,7.19,1
thami.brambilla|1732562359541335647,thami.brambilla,1732562359541335647,Calça Jeans Feminina Skinny Preta Cintura Alta Com Elastano,REF52036,89.9,8.99,1
karinaborbaa|1731763836201109087,karinaborbaa,1731763836201109087,Calça Jeans Feminina Wide Leg Jeans Feminina Cintura Alta,REF51636,89.9,0.0,1
carinevgarcia|1734765545306621535,carinevgarcia,1734765545306621535,Blusa Feminina Jeans Bata Tomara Que Caia Candy Colors,REF579P,89.9,7.19,1
agatha__evellyn|1733690547643385439,agatha__evellyn,1733690547643385439,Calça Feminina Jeans Wide Leg Cintura Alta Azul Médio Marmorizado,REF55136,89.9,8.99,1
amandaorbite|1733690547643385439,amandaorbite,1733690547643385439,Calça Feminina Jeans Wide Leg Cintura Alta Azul Médio Marmorizado,REF55136,89.9,7.19,1
maiconeandreia|1735220491823449695,maiconeandreia,1735220491823449695,Calça Baggy Jeans Feminina Cintura Média Marmorizada,REF58736,89.9,10.79,1
amandabreeu_|1735220480519472735,amandabreeu_,1735220480519472735,Calça Mom Jeans Feminina Cintura Alta Marmorizada,REF58836,89.9,8.99,1
hemilymendes0|1734190087073400415,hemilymendes0,1734190087073400415,Shorts Mom/Social Feminino Jeans Cintura Alta Barra Dobrada,REF55336,82.9,6.63,1
heberlywagner_|1734385284273899103,heberlywagner_,1734385284273899103,Saia Jeans Feminina Cintura Alta Barra A Fio,REF56636,82.9,6.63,1
jhennythh|1734190087073400415,jhennythh,1734190087073400415,Shorts Mom/Social Feminino Jeans Cintura Alta Barra Dobrada,REF55336,82.9,8.29,1
tacianecreator|1734426937437029983,tacianecreator,1734426937437029983,Shorts Jeans Feminino Cintura Alta Casual Marmorizado,REF57336,82.9,9.95,1
maiconeandreia|1734426820220847711,maiconeandreia,1734426820220847711,Shorts Jeans Feminino Cintura Alta Casual Marmorizado Escuro,REF57436,82.9,9.95,1
mouratayneves|1734426820220847711,mouratayneves,1734426820220847711,Shorts Jeans Feminino Cintura Alta Casual Marmorizado Escuro,REF57436,82.9,6.63,1
marianyluuz|1734385284273899103,marianyluuz,1734385284273899103,Saia Jeans Feminina Cintura Alta Barra A Fio,REF56636,82.9,6.63,1
jadecentinela|1734385284273899103,jadecentinela,1734385284273899103,Saia Jeans Feminina Cintura Alta Barra A Fio,REF56636,82.9,6.63,1
josiresende_|1734385284273899103,josiresende_,1734385284273899103,Saia Jeans Feminina Cintura Alta Barra A Fio,REF56636,82.9,6.63,1
dailycah08|1732620602328647263,dailycah08,1732620602328647263,Calça Jeans Feminina Wide Leg Jeans Feminina Cintura Alta Stone Used,REF52536,79.99,8.0,1
alinecavanellas|1732620602328647263,alinecavanellas,1732620602328647263,Calça Jeans Feminina Wide Leg Jeans Feminina Cintura Alta Stone Used,REF52536,79.99,9.6,1
raianaoikiacreatorshop|1732620602328647263,raianaoikiacreatorshop,1732620602328647263,Calça Jeans Feminina Wide Leg Jeans Feminina Cintura Alta Stone Used,REF52536,79.99,6.4,1
maria41313|1732620602328647263,maria41313,1732620602328647263,Calça Jeans Feminina Wide Leg Jeans Feminina Cintura Alta Stone Used,REF52536,79.99,6.4,1
tatamaravilha_tiktokshop|1732620602328647263,tatamaravilha_tiktokshop,1732620602328647263,Calça Jeans Feminina Wide Leg Jeans Feminina Cintura Alta Stone Used,REF52536,79.99,8.0,1
dpaula57|1733690547643385439,dpaula57,1733690547643385439,Calça Feminina Jeans Wide Leg Cintura Alta Azul Médio Marmorizado,REF55136,79.99,8.0,1
marcelaperes_|1734765545306621535,marcelaperes_,1734765545306621535,Blusa Feminina Jeans Bata Tomara Que Caia Candy Colors,REF579P,79.99,6.4,1
natmarquesvi|1733491089938155103,natmarquesvi,1733491089938155103,Calça Jeans Feminina Wide Leg Cintura Alta Terracota,REF54836,79.99,9.6,1
jackmundomabu|1733537963414488671,jackmundomabu,1733537963414488671,Calça Jeans Feminina Wide Leg Cintura Alta- Candy Colors,REF54936,79.99,6.4,1
vitrinidagih|1732620602328647263,vitrinidagih,1732620602328647263,Calça Jeans Feminina Wide Leg Jeans Feminina Cintura Alta Stone Used,REF52536,79.99,6.4,1
pattylazzarotto|1732631840860243551,pattylazzarotto,1732631840860243551,Calça Jeans Wide Leg Cintura Alta Sky Used,REF52736,79.99,8.0,1
comprasnottkshopp|1732620602328647263,comprasnottkshopp,1732620602328647263,Calça Jeans Feminina Wide Leg Jeans Feminina Cintura Alta Stone Used,REF52536,79.99,6.4,1
stella.maria83|1733491008023201375,stella.maria83,1733491008023201375,Calça Jeans Feminina Wide Leg Cintura Alta Branca,REF54636,79.99,8.0,1
laianenovaisss|1732620602328647263,laianenovaisss,1732620602328647263,Calça Jeans Feminina Wide Leg Jeans Feminina Cintura Alta Stone Used,REF52536,79.99,8.0,1
ericamcabeluda|1732620602328647263,ericamcabeluda,1732620602328647263,Calça Jeans Feminina Wide Leg Jeans Feminina Cintura Alta Stone Used,REF52536,79.99,9.6,1
.familiapimentel|1732620602328647263,.familiapimentel,1732620602328647263,Calça Jeans Feminina Wide Leg Jeans Feminina Cintura Alta Stone Used,REF52536,79.99,6.4,1
lumenezes_indica|1732631840860243551,lumenezes_indica,1732631840860243551,Calça Jeans Wide Leg Cintura Alta Sky Used,REF52736,79.99,6.4,1
danijeans|1733538126820050527,danijeans,1733538126820050527,Calça Jeans Feminina Wide Leg Cintura Alta Amarelo Manteiga,REF55036,79.99,6.4,1
bruna.compartilha|1732620602328647263,bruna.compartilha,1732620602328647263,Calça Jeans Feminina Wide Leg Jeans Feminina Cintura Alta Stone Used,REF52536,79.99,6.4,1
pattylazzarotto|1732620602328647263,pattylazzarotto,1732620602328647263,Calça Jeans Feminina Wide Leg Jeans Feminina Cintura Alta Stone Used,REF52536,79.99,8.0,1
vithalitamartins|1732620602328647263,vithalitamartins,1732620602328647263,Calça Jeans Feminina Wide Leg Jeans Feminina Cintura Alta Stone Used,REF52536,79.99,6.4,1
logoshopofc|1732620602328647263,logoshopofc,1732620602328647263,Calça Jeans Feminina Wide Leg Jeans Feminina Cintura Alta Stone Used,REF52536,79.99,8.0,1
maiconeandreia|1733491008023201375,maiconeandreia,1733491008023201375,Calça Jeans Feminina Wide Leg Cintura Alta Branca,REF54636,79.99,9.6,1
laryoliveiira_|1733491008023201375,laryoliveiira_,1733491008023201375,Calça Jeans Feminina Wide Leg Cintura Alta Branca,REF54636,79.99,8.0,1
beatrizmcavalcante|1731763836201109087,beatrizmcavalcante,1731763836201109087,Calça Jeans Feminina Wide Leg Jeans Feminina Cintura Alta,REF51636,79.9,6.39,1
fernanda.ppegoraro|1731763836201109087,fernanda.ppegoraro,1731763836201109087,Calça Jeans Feminina Wide Leg Jeans Feminina Cintura Alta,REF51636,79.9,6.39,1
walleribecher|1731763836201109087,walleribecher,1731763836201109087,Calça Jeans Feminina Wide Leg Jeans Feminina Cintura Alta,REF51636,79.9,6.39,1
julabancashop|1731763836201109087,julabancashop,1731763836201109087,Calça Jeans Feminina Wide Leg Jeans Feminina Cintura Alta,REF51636,79.9,7.99,1
adrianacarvalho.lisle|1731763836201109087,adrianacarvalho.lisle,1731763836201109087,Calça Jeans Feminina Wide Leg Jeans Feminina Cintura Alta,REF51636,79.9,6.39,1
ebson.augusto|1731763836201109087,ebson.augusto,1731763836201109087,Calça Jeans Feminina Wide Leg Jeans Feminina Cintura Alta,REF51636,79.9,6.39,1
natmarquesvi|1735366109659367007,natmarquesvi,1735366109659367007,Saia Jeans Feminina Cintura Alta Barra A Fio Marmorizada Com Strass,REF58336,79.9,9.59,1
clau_1604|1731763836201109087,clau_1604,1731763836201109087,Calça Jeans Feminina Wide Leg Jeans Feminina Cintura Alta,REF51636,79.9,7.99,1
dailysecretzzz|1731763836201109087,dailysecretzzz,1731763836201109087,Calça Jeans Feminina Wide Leg Jeans Feminina Cintura Alta,REF51636,79.9,6.39,1
gabibarrettto|1731763836201109087,gabibarrettto,1731763836201109087,Calça Jeans Feminina Wide Leg Jeans Feminina Cintura Alta,REF51636,79.9,7.99,1
raianaoikiacreatorshop|1731763836201109087,raianaoikiacreatorshop,1731763836201109087,Calça Jeans Feminina Wide Leg Jeans Feminina Cintura Alta,REF51636,79.9,7.99,1
alerodrigues.shop|1731763836201109087,alerodrigues.shop,1731763836201109087,Calça Jeans Feminina Wide Leg Jeans Feminina Cintura Alta,REF51636,79.9,7.99,1
ee2ut0l0r4|1731763836201109087,ee2ut0l0r4,1731763836201109087,Calça Jeans Feminina Wide Leg Jeans Feminina Cintura Alta,REF51636,79.9,7.99,1
biafigueiredofav|1731763836201109087,biafigueiredofav,1731763836201109087,Calça Jeans Feminina Wide Leg Jeans Feminina Cintura Alta,REF51636,79.9,7.99,1
elianemaria_lili|1731763836201109087,elianemaria_lili,1731763836201109087,Calça Jeans Feminina Wide Leg Jeans Feminina Cintura Alta,REF51636,79.9,6.39,1
mypeacejoias|1734202787355592287,mypeacejoias,1734202787355592287,Shorts Mom/Social Feminino Jeans Cintura Alta Barra Dobrada Candy Colors,REF55936,79.9,7.99,1
flavinha.brand|1731763836201109087,flavinha.brand,1731763836201109087,Calça Jeans Feminina Wide Leg Jeans Feminina Cintura Alta,REF51636,79.9,7.99,1
thai.vitrine|1731763836201109087,thai.vitrine,1731763836201109087,Calça Jeans Feminina Wide Leg Jeans Feminina Cintura Alta,REF51636,79.9,7.99,1
ra_diraimo|1731763836201109087,ra_diraimo,1731763836201109087,Calça Jeans Feminina Wide Leg Jeans Feminina Cintura Alta,REF51636,79.9,6.39,1
thaisbrito.digital|1731763836201109087,thaisbrito.digital,1731763836201109087,Calça Jeans Feminina Wide Leg Jeans Feminina Cintura Alta,REF51636,79.9,7.99,1
emporio_shopp|1731763836201109087,emporio_shopp,1731763836201109087,Calça Jeans Feminina Wide Leg Jeans Feminina Cintura Alta,REF51636,79.9,6.39,1
mariamalu999|1731763836201109087,mariamalu999,1731763836201109087,Calça Jeans Feminina Wide Leg Jeans Feminina Cintura Alta,REF51636,79.9,6.39,1
leticiafariasarantes|1731763836201109087,leticiafariasarantes,1731763836201109087,Calça Jeans Feminina Wide Leg Jeans Feminina Cintura Alta,REF51636,79.9,6.39,1
isnta.quessiasilva2126|1731763836201109087,isnta.quessiasilva2126,1731763836201109087,Calça Jeans Feminina Wide Leg Jeans Feminina Cintura Alta,REF51636,79.9,7.99,1
brenda.theblushlab|1731763836201109087,brenda.theblushlab,1731763836201109087,Calça Jeans Feminina Wide Leg Jeans Feminina Cintura Alta,REF51636,79.9,7.99,1
maryachadinhos3|1731763836201109087,maryachadinhos3,1731763836201109087,Calça Jeans Feminina Wide Leg Jeans Feminina Cintura Alta,REF51636,79.9,7.99,1
luvitoria__|1731763836201109087,luvitoria__,1731763836201109087,Calça Jeans Feminina Wide Leg Jeans Feminina Cintura Alta,REF51636,79.9,6.39,1
deia_recomenda|1731763836201109087,deia_recomenda,1731763836201109087,Calça Jeans Feminina Wide Leg Jeans Feminina Cintura Alta,REF51636,79.9,7.99,1
dicanoclique|1731763836201109087,dicanoclique,1731763836201109087,Calça Jeans Feminina Wide Leg Jeans Feminina Cintura Alta,REF51636,79.9,6.39,1
robbertappa|1731763836201109087,robbertappa,1731763836201109087,Calça Jeans Feminina Wide Leg Jeans Feminina Cintura Alta,REF51636,79.9,6.39,1
dicasdakessia|1731763836201109087,dicasdakessia,1731763836201109087,Calça Jeans Feminina Wide Leg Jeans Feminina Cintura Alta,REF51636,79.9,6.39,1
alexnovidades40|1731763836201109087,alexnovidades40,1731763836201109087,Calça Jeans Feminina Wide Leg Jeans Feminina Cintura Alta,REF51636,79.9,6.39,1
deysedam|1731763836201109087,deysedam,1731763836201109087,Calça Jeans Feminina Wide Leg Jeans Feminina Cintura Alta,REF51636,79.9,6.39,1
achadosbyjuliana|1731763836201109087,achadosbyjuliana,1731763836201109087,Calça Jeans Feminina Wide Leg Jeans Feminina Cintura Alta,REF51636,79.9,7.99,1
camilareisaf|1731763836201109087,camilareisaf,1731763836201109087,Calça Jeans Feminina Wide Leg Jeans Feminina Cintura Alta,REF51636,79.9,7.99,1
hozanaribeiro_|1731763836201109087,hozanaribeiro_,1731763836201109087,Calça Jeans Feminina Wide Leg Jeans Feminina Cintura Alta,REF51636,79.9,7.99,1
ahahazou|1731763836201109087,ahahazou,1731763836201109087,Calça Jeans Feminina Wide Leg Jeans Feminina Cintura Alta,REF51636,79.9,6.39,1
paolaluna.b|1731763836201109087,paolaluna.b,1731763836201109087,Calça Jeans Feminina Wide Leg Jeans Feminina Cintura Alta,REF51636,79.9,0.0,1
ninnaromanno|1731763836201109087,ninnaromanno,1731763836201109087,Calça Jeans Feminina Wide Leg Jeans Feminina Cintura Alta,REF51636,79.9,7.99,1
fabiolasantanafs|1731763836201109087,fabiolasantanafs,1731763836201109087,Calça Jeans Feminina Wide Leg Jeans Feminina Cintura Alta,REF51636,79.9,6.39,1
marianemiguel6|1731763836201109087,marianemiguel6,1731763836201109087,Calça Jeans Feminina Wide Leg Jeans Feminina Cintura Alta,REF51636,79.9,7.99,1
zckak1|1731763836201109087,zckak1,1731763836201109087,Calça Jeans Feminina Wide Leg Jeans Feminina Cintura Alta,REF51636,79.9,0.0,1
drapriscilamoraes|1731763836201109087,drapriscilamoraes,1731763836201109087,Calça Jeans Feminina Wide Leg Jeans Feminina Cintura Alta,REF51636,79.9,6.39,1
marialuciacardoso8|1731763836201109087,marialuciacardoso8,1731763836201109087,Calça Jeans Feminina Wide Leg Jeans Feminina Cintura Alta,REF51636,79.9,6.39,1
amandgomees_|1731763836201109087,amandgomees_,1731763836201109087,Calça Jeans Feminina Wide Leg Jeans Feminina Cintura Alta,REF51636,79.9,6.39,1
michelly.modolo|1731763836201109087,michelly.modolo,1731763836201109087,Calça Jeans Feminina Wide Leg Jeans Feminina Cintura Alta,REF51636,79.9,7.99,1
mihlopestkshop10|1731763836201109087,mihlopestkshop10,1731763836201109087,Calça Jeans Feminina Wide Leg Jeans Feminina Cintura Alta,REF51636,79.9,7.99,1
heloisabiancom|1731763836201109087,heloisabiancom,1731763836201109087,Calça Jeans Feminina Wide Leg Jeans Feminina Cintura Alta,REF51636,79.9,7.99,1
ciellecostaa|1731763836201109087,ciellecostaa,1731763836201109087,Calça Jeans Feminina Wide Leg Jeans Feminina Cintura Alta,REF51636,79.9,6.39,1
mikaelle.matos|1731763836201109087,mikaelle.matos,1731763836201109087,Calça Jeans Feminina Wide Leg Jeans Feminina Cintura Alta,REF51636,79.9,6.39,1
daianeshopp|1731763836201109087,daianeshopp,1731763836201109087,Calça Jeans Feminina Wide Leg Jeans Feminina Cintura Alta,REF51636,79.9,6.39,1
elacatarina|1731763836201109087,elacatarina,1731763836201109087,Calça Jeans Feminina Wide Leg Jeans Feminina Cintura Alta,REF51636,79.9,7.99,1
tamaraonlive|1731763836201109087,tamaraonlive,1731763836201109087,Calça Jeans Feminina Wide Leg Jeans Feminina Cintura Alta,REF51636,79.9,7.99,1
monique_shopp|1731763836201109087,monique_shopp,1731763836201109087,Calça Jeans Feminina Wide Leg Jeans Feminina Cintura Alta,REF51636,79.9,7.99,1
eduardadailyx|1731763836201109087,eduardadailyx,1731763836201109087,Calça Jeans Feminina Wide Leg Jeans Feminina Cintura Alta,REF51636,79.9,6.39,1
usergwe51ofl5q|1731763836201109087,usergwe51ofl5q,1731763836201109087,Calça Jeans Feminina Wide Leg Jeans Feminina Cintura Alta,REF51636,79.9,6.39,1
anamariagiro|1731763836201109087,anamariagiro,1731763836201109087,Calça Jeans Feminina Wide Leg Jeans Feminina Cintura Alta,REF51636,79.9,6.39,1
pollyanna.andrade.s|1731763836201109087,pollyanna.andrade.s,1731763836201109087,Calça Jeans Feminina Wide Leg Jeans Feminina Cintura Alta,REF51636,79.9,7.99,1
amandaachouu|1731763836201109087,amandaachouu,1731763836201109087,Calça Jeans Feminina Wide Leg Jeans Feminina Cintura Alta,REF51636,79.9,7.99,1
jujuteixeiraa_|1731763836201109087,jujuteixeiraa_,1731763836201109087,Calça Jeans Feminina Wide Leg Jeans Feminina Cintura Alta,REF51636,79.9,7.99,1
suzanaoficialbrasil|1731763836201109087,suzanaoficialbrasil,1731763836201109087,Calça Jeans Feminina Wide Leg Jeans Feminina Cintura Alta,REF51636,79.9,6.39,1
thaisnicolelife|1731763836201109087,thaisnicolelife,1731763836201109087,Calça Jeans Feminina Wide Leg Jeans Feminina Cintura Alta,REF51636,79.9,6.39,1
bszindica|1731763836201109087,bszindica,1731763836201109087,Calça Jeans Feminina Wide Leg Jeans Feminina Cintura Alta,REF51636,79.9,6.39,1
karinaraubach|1731763836201109087,karinaraubach,1731763836201109087,Calça Jeans Feminina Wide Leg Jeans Feminina Cintura Alta,REF51636,79.9,6.39,1
minisnovelasdoramas|1731763836201109087,minisnovelasdoramas,1731763836201109087,Calça Jeans Feminina Wide Leg Jeans Feminina Cintura Alta,REF51636,79.9,6.39,1
stylebyste|1731763836201109087,stylebyste,1731763836201109087,Calça Jeans Feminina Wide Leg Jeans Feminina Cintura Alta,REF51636,79.9,6.39,1
achadinhos.da.jeh52|1731763836201109087,achadinhos.da.jeh52,1731763836201109087,Calça Jeans Feminina Wide Leg Jeans Feminina Cintura Alta,REF51636,79.9,6.39,1
bettinacreator|1731763836201109087,bettinacreator,1731763836201109087,Calça Jeans Feminina Wide Leg Jeans Feminina Cintura Alta,REF51636,79.9,7.99,1
veriantunes|1731763836201109087,veriantunes,1731763836201109087,Calça Jeans Feminina Wide Leg Jeans Feminina Cintura Alta,REF51636,79.9,6.39,1
brsaantos_|1731763836201109087,brsaantos_,1731763836201109087,Calça Jeans Feminina Wide Leg Jeans Feminina Cintura Alta,REF51636,79.9,7.99,1
suellen.viana6|1731763836201109087,suellen.viana6,1731763836201109087,Calça Jeans Feminina Wide Leg Jeans Feminina Cintura Alta,REF51636,79.9,6.39,1
shopvendas11|1731763836201109087,shopvendas11,1731763836201109087,Calça Jeans Feminina Wide Leg Jeans Feminina Cintura Alta,REF51636,79.9,6.39,1
crisglow6|1731763836201109087,crisglow6,1731763836201109087,Calça Jeans Feminina Wide Leg Jeans Feminina Cintura Alta,REF51636,79.9,7.99,1
karolcasapratica|1731763836201109087,karolcasapratica,1731763836201109087,Calça Jeans Feminina Wide Leg Jeans Feminina Cintura Alta,REF51636,79.9,6.39,1
priscilaluisasantos|1731763836201109087,priscilaluisasantos,1731763836201109087,Calça Jeans Feminina Wide Leg Jeans Feminina Cintura Alta,REF51636,79.9,6.39,1
greiceindica|1731763836201109087,greiceindica,1731763836201109087,Calça Jeans Feminina Wide Leg Jeans Feminina Cintura Alta,REF51636,79.9,7.99,1
jane.creator.shop|1731763836201109087,jane.creator.shop,1731763836201109087,Calça Jeans Feminina Wide Leg Jeans Feminina Cintura Alta,REF51636,79.9,6.39,1
nanacasagrandi|1731763836201109087,nanacasagrandi,1731763836201109087,Calça Jeans Feminina Wide Leg Jeans Feminina Cintura Alta,REF51636,79.9,7.99,1
eubarbararodrigues|1731763836201109087,eubarbararodrigues,1731763836201109087,Calça Jeans Feminina Wide Leg Jeans Feminina Cintura Alta,REF51636,79.9,7.99,1
julianasoares0307|1731763836201109087,julianasoares0307,1731763836201109087,Calça Jeans Feminina Wide Leg Jeans Feminina Cintura Alta,REF51636,79.9,7.99,1
maiaravieirap_|1731763836201109087,maiaravieirap_,1731763836201109087,Calça Jeans Feminina Wide Leg Jeans Feminina Cintura Alta,REF51636,79.9,6.39,1
thialle|1731763836201109087,thialle,1731763836201109087,Calça Jeans Feminina Wide Leg Jeans Feminina Cintura Alta,REF51636,79.9,6.39,1
patriciadioniziomakeup|1731763836201109087,patriciadioniziomakeup,1731763836201109087,Calça Jeans Feminina Wide Leg Jeans Feminina Cintura Alta,REF51636,79.9,7.99,1
leleshop0|1731763836201109087,leleshop0,1731763836201109087,Calça Jeans Feminina Wide Leg Jeans Feminina Cintura Alta,REF51636,79.9,7.99,1
tatirezendetiktokshop|1731763836201109087,tatirezendetiktokshop,1731763836201109087,Calça Jeans Feminina Wide Leg Jeans Feminina Cintura Alta,REF51636,79.9,0.0,1
loucasporbelezas|1731763836201109087,loucasporbelezas,1731763836201109087,Calça Jeans Feminina Wide Leg Jeans Feminina Cintura Alta,REF51636,79.9,6.39,1
toqueda.pele|1731763836201109087,toqueda.pele,1731763836201109087,Calça Jeans Feminina Wide Leg Jeans Feminina Cintura Alta,REF51636,79.9,7.99,1
giseledebora.shop|1731763836201109087,giseledebora.shop,1731763836201109087,Calça Jeans Feminina Wide Leg Jeans Feminina Cintura Alta,REF51636,79.9,7.99,1
carolnarizinho|1731763836201109087,carolnarizinho,1731763836201109087,Calça Jeans Feminina Wide Leg Jeans Feminina Cintura Alta,REF51636,79.9,7.99,1
katiuselorraine|1731763836201109087,katiuselorraine,1731763836201109087,Calça Jeans Feminina Wide Leg Jeans Feminina Cintura Alta,REF51636,79.9,7.99,1
keith.nobrega|1731763836201109087,keith.nobrega,1731763836201109087,Calça Jeans Feminina Wide Leg Jeans Feminina Cintura Alta,REF51636,79.9,7.99,1
samahanascimento|1731763836201109087,samahanascimento,1731763836201109087,Calça Jeans Feminina Wide Leg Jeans Feminina Cintura Alta,REF51636,79.9,6.39,1
carololiiveiira2|1731763836201109087,carololiiveiira2,1731763836201109087,Calça Jeans Feminina Wide Leg Jeans Feminina Cintura Alta,REF51636,79.9,7.99,1
tuu.shop|1731763836201109087,tuu.shop,1731763836201109087,Calça Jeans Feminina Wide Leg Jeans Feminina Cintura Alta,REF51636,79.9,7.99,1
janakarolinee|1731763836201109087,janakarolinee,1731763836201109087,Calça Jeans Feminina Wide Leg Jeans Feminina Cintura Alta,REF51636,79.9,7.99,1
achadinhosdacrisfusinato|1731763836201109087,achadinhosdacrisfusinato,1731763836201109087,Calça Jeans Feminina Wide Leg Jeans Feminina Cintura Alta,REF51636,79.9,7.99,1
leticiatsec|1731763836201109087,leticiatsec,1731763836201109087,Calça Jeans Feminina Wide Leg Jeans Feminina Cintura Alta,REF51636,79.9,7.99,1
daianesantos8420|1731763836201109087,daianesantos8420,1731763836201109087,Calça Jeans Feminina Wide Leg Jeans Feminina Cintura Alta,REF51636,79.9,6.39,1
dailypam.wk|1731763836201109087,dailypam.wk,1731763836201109087,Calça Jeans Feminina Wide Leg Jeans Feminina Cintura Alta,REF51636,79.9,7.99,1
pattylazzarotto|1734638981592876639,pattylazzarotto,1734638981592876639,Saia Jeans Feminina Cintura Alta Barra A Fio,REF56836,79.9,9.59,1
bycarolgouvea|1731763836201109087,bycarolgouvea,1731763836201109087,Calça Jeans Feminina Wide Leg Jeans Feminina Cintura Alta,REF51636,79.9,7.99,1
aquilalemos2|1731763836201109087,aquilalemos2,1731763836201109087,Calça Jeans Feminina Wide Leg Jeans Feminina Cintura Alta,REF51636,79.9,7.99,1
causandocharme_nb|1731763836201109087,causandocharme_nb,1731763836201109087,Calça Jeans Feminina Wide Leg Jeans Feminina Cintura Alta,REF51636,79.9,7.99,1
emanuelli.massi|1731763836201109087,emanuelli.massi,1731763836201109087,Calça Jeans Feminina Wide Leg Jeans Feminina Cintura Alta,REF51636,79.9,7.99,1
leticiatsec|1733355336293385823,leticiatsec,1733355336293385823,Body Manga Longa Modelador em Poliamida Premium Candy Colors,REF536P,79.9,6.39,1
mendesamanda.m|1731763836201109087,mendesamanda.m,1731763836201109087,Calça Jeans Feminina Wide Leg Jeans Feminina Cintura Alta,REF51636,79.9,6.39,1
eupriscilallopes|1731763836201109087,eupriscilallopes,1731763836201109087,Calça Jeans Feminina Wide Leg Jeans Feminina Cintura Alta,REF51636,79.9,7.99,1
vivianepedrolife|1731763836201109087,vivianepedrolife,1731763836201109087,Calça Jeans Feminina Wide Leg Jeans Feminina Cintura Alta,REF51636,79.9,7.99,1
o.que.voce.faria.2026|1731763836201109087,o.que.voce.faria.2026,1731763836201109087,Calça Jeans Feminina Wide Leg Jeans Feminina Cintura Alta,REF51636,79.9,6.39,1
naah.m|1731763836201109087,naah.m,1731763836201109087,Calça Jeans Feminina Wide Leg Jeans Feminina Cintura Alta,REF51636,79.9,6.39,1
psi.mirellarodrigues|1732620602328647263,psi.mirellarodrigues,1732620602328647263,Calça Jeans Feminina Wide Leg Jeans Feminina Cintura Alta Stone Used,REF52536,79.9,9.59,1
ceciliamanttovani|1731763836201109087,ceciliamanttovani,1731763836201109087,Calça Jeans Feminina Wide Leg Jeans Feminina Cintura Alta,REF51636,79.9,7.99,1
shop.camilamartins|1731763836201109087,shop.camilamartins,1731763836201109087,Calça Jeans Feminina Wide Leg Jeans Feminina Cintura Alta,REF51636,79.9,7.99,1
gislene.custodiosrv|1731763836201109087,gislene.custodiosrv,1731763836201109087,Calça Jeans Feminina Wide Leg Jeans Feminina Cintura Alta,REF51636,79.9,6.39,1
neinhacourashop|1731763836201109087,neinhacourashop,1731763836201109087,Calça Jeans Feminina Wide Leg Jeans Feminina Cintura Alta,REF51636,79.9,7.99,1
mah_baptista19|1731763836201109087,mah_baptista19,1731763836201109087,Calça Jeans Feminina Wide Leg Jeans Feminina Cintura Alta,REF51636,79.9,6.39,1
livia.gmcamargo|1731763836201109087,livia.gmcamargo,1731763836201109087,Calça Jeans Feminina Wide Leg Jeans Feminina Cintura Alta,REF51636,79.9,7.99,1
neuzianeadv|1731763836201109087,neuzianeadv,1731763836201109087,Calça Jeans Feminina Wide Leg Jeans Feminina Cintura Alta,REF51636,79.9,6.39,1
bentoshop|1731763836201109087,bentoshop,1731763836201109087,Calça Jeans Feminina Wide Leg Jeans Feminina Cintura Alta,REF51636,79.9,7.99,1
thage.creatorshop|1731763836201109087,thage.creatorshop,1731763836201109087,Calça Jeans Feminina Wide Leg Jeans Feminina Cintura Alta,REF51636,79.9,6.39,1
mariabohrer|1731763836201109087,mariabohrer,1731763836201109087,Calça Jeans Feminina Wide Leg Jeans Feminina Cintura Alta,REF51636,79.9,7.99,1
nubiarodrigues8|1731763836201109087,nubiarodrigues8,1731763836201109087,Calça Jeans Feminina Wide Leg Jeans Feminina Cintura Alta,REF51636,79.9,7.99,1
ocasalempreendedor0|1731763836201109087,ocasalempreendedor0,1731763836201109087,Calça Jeans Feminina Wide Leg Jeans Feminina Cintura Alta,REF51636,79.9,6.39,1
robertakguilherme|1731763836201109087,robertakguilherme,1731763836201109087,Calça Jeans Feminina Wide Leg Jeans Feminina Cintura Alta,REF51636,79.9,7.99,1
carolinanogueirabarcelos|1731763836201109087,carolinanogueirabarcelos,1731763836201109087,Calça Jeans Feminina Wide Leg Jeans Feminina Cintura Alta,REF51636,79.9,6.39,1
adrianaqfranca40|1731763836201109087,adrianaqfranca40,1731763836201109087,Calça Jeans Feminina Wide Leg Jeans Feminina Cintura Alta,REF51636,79.9,7.99,1
patriciatavares.beauty|1731763836201109087,patriciatavares.beauty,1731763836201109087,Calça Jeans Feminina Wide Leg Jeans Feminina Cintura Alta,REF51636,79.9,6.39,1
motta.lu|1731763836201109087,motta.lu,1731763836201109087,Calça Jeans Feminina Wide Leg Jeans Feminina Cintura Alta,REF51636,79.9,7.99,1
kakachic.shop|1731763836201109087,kakachic.shop,1731763836201109087,Calça Jeans Feminina Wide Leg Jeans Feminina Cintura Alta,REF51636,79.9,7.99,1
lu_dias10|1731763836201109087,lu_dias10,1731763836201109087,Calça Jeans Feminina Wide Leg Jeans Feminina Cintura Alta,REF51636,79.9,7.99,1
patriciaborgeslive|1731763836201109087,patriciaborgeslive,1731763836201109087,Calça Jeans Feminina Wide Leg Jeans Feminina Cintura Alta,REF51636,79.9,7.99,1
anasantana.pires|1731763836201109087,anasantana.pires,1731763836201109087,Calça Jeans Feminina Wide Leg Jeans Feminina Cintura Alta,REF51636,79.9,7.99,1
deiarealiza|1731763836201109087,deiarealiza,1731763836201109087,Calça Jeans Feminina Wide Leg Jeans Feminina Cintura Alta,REF51636,79.9,6.39,1
elianemachado47|1731763836201109087,elianemachado47,1731763836201109087,Calça Jeans Feminina Wide Leg Jeans Feminina Cintura Alta,REF51636,79.9,7.99,1
carlarocco13|1731763836201109087,carlarocco13,1731763836201109087,Calça Jeans Feminina Wide Leg Jeans Feminina Cintura Alta,REF51636,79.9,7.99,1
tatialves054|1731763836201109087,tatialves054,1731763836201109087,Calça Jeans Feminina Wide Leg Jeans Feminina Cintura Alta,REF51636,79.9,7.99,1
suellennuness1|1731763836201109087,suellennuness1,1731763836201109087,Calça Jeans Feminina Wide Leg Jeans Feminina Cintura Alta,REF51636,79.9,6.39,1
cliciamerces25|1731763836201109087,cliciamerces25,1731763836201109087,Calça Jeans Feminina Wide Leg Jeans Feminina Cintura Alta,REF51636,79.9,7.99,1
cvs96shop|1731763836201109087,cvs96shop,1731763836201109087,Calça Jeans Feminina Wide Leg Jeans Feminina Cintura Alta,REF51636,79.9,7.99,1
dai70993|1731763836201109087,dai70993,1731763836201109087,Calça Jeans Feminina Wide Leg Jeans Feminina Cintura Alta,REF51636,79.9,7.99,1
camilasantos._|1731763836201109087,camilasantos._,1731763836201109087,Calça Jeans Feminina Wide Leg Jeans Feminina Cintura Alta,REF51636,79.9,7.99,1
gabipinh_|1731763836201109087,gabipinh_,1731763836201109087,Calça Jeans Feminina Wide Leg Jeans Feminina Cintura Alta,REF51636,72.19,5.78,1
dicasdo906|1731763836201109087,dicasdo906,1731763836201109087,Calça Jeans Feminina Wide Leg Jeans Feminina Cintura Alta,REF51636,72.19,7.22,1
lamaismariss|1731763836201109087,lamaismariss,1731763836201109087,Calça Jeans Feminina Wide Leg Jeans Feminina Cintura Alta,REF51636,72.19,7.22,1
sabrinajhemellyco|1731763836201109087,sabrinajhemellyco,1731763836201109087,Calça Jeans Feminina Wide Leg Jeans Feminina Cintura Alta,REF51636,72.19,7.22,1
thaystuberr|1731763836201109087,thaystuberr,1731763836201109087,Calça Jeans Feminina Wide Leg Jeans Feminina Cintura Alta,REF51636,72.19,5.78,1
lozershop.shoppe|1731763836201109087,lozershop.shoppe,1731763836201109087,Calça Jeans Feminina Wide Leg Jeans Feminina Cintura Alta,REF51636,72.19,7.22,1
vanessa.soares.ramos|1731763836201109087,vanessa.soares.ramos,1731763836201109087,Calça Jeans Feminina Wide Leg Jeans Feminina Cintura Alta,REF51636,72.19,5.78,1
cellydemello37|1731763836201109087,cellydemello37,1731763836201109087,Calça Jeans Feminina Wide Leg Jeans Feminina Cintura Alta,REF51636,72.19,5.78,1
clara_luz_cl|1731763836201109087,clara_luz_cl,1731763836201109087,Calça Jeans Feminina Wide Leg Jeans Feminina Cintura Alta,REF51636,72.19,5.78,1
mouratayneves|1731763836201109087,mouratayneves,1731763836201109087,Calça Jeans Feminina Wide Leg Jeans Feminina Cintura Alta,REF51636,72.19,5.78,1
rafaelamonteis|1731763836201109087,rafaelamonteis,1731763836201109087,Calça Jeans Feminina Wide Leg Jeans Feminina Cintura Alta,REF51636,72.19,5.78,1
espacodeboranayane|1731763836201109087,espacodeboranayane,1731763836201109087,Calça Jeans Feminina Wide Leg Jeans Feminina Cintura Alta,REF51636,72.19,7.22,1
laizaborgesf|1731763836201109087,laizaborgesf,1731763836201109087,Calça Jeans Feminina Wide Leg Jeans Feminina Cintura Alta,REF51636,72.19,5.78,1
byjoanafit|1731763836201109087,byjoanafit,1731763836201109087,Calça Jeans Feminina Wide Leg Jeans Feminina Cintura Alta,REF51636,72.19,5.78,1
vitrinedaana.oficial|1731763836201109087,vitrinedaana.oficial,1731763836201109087,Calça Jeans Feminina Wide Leg Jeans Feminina Cintura Alta,REF51636,72.19,7.22,1
elii.llopes|1731763836201109087,elii.llopes,1731763836201109087,Calça Jeans Feminina Wide Leg Jeans Feminina Cintura Alta,REF51636,72.19,5.78,1
euvivianeborges|1731763836201109087,euvivianeborges,1731763836201109087,Calça Jeans Feminina Wide Leg Jeans Feminina Cintura Alta,REF51636,72.19,7.22,1
day_felinto|1731763836201109087,day_felinto,1731763836201109087,Calça Jeans Feminina Wide Leg Jeans Feminina Cintura Alta,REF51636,72.19,5.78,1
marrye.shop|1731763836201109087,marrye.shop,1731763836201109087,Calça Jeans Feminina Wide Leg Jeans Feminina Cintura Alta,REF51636,72.19,7.22,1
gabi.valiati|1731763836201109087,gabi.valiati,1731763836201109087,Calça Jeans Feminina Wide Leg Jeans Feminina Cintura Alta,REF51636,72.19,7.22,1
davyllag|1731763836201109087,davyllag,1731763836201109087,Calça Jeans Feminina Wide Leg Jeans Feminina Cintura Alta,REF51636,69.99,7.0,1
deboradeoli|1731763836201109087,deboradeoli,1731763836201109087,Calça Jeans Feminina Wide Leg Jeans Feminina Cintura Alta,REF51636,69.99,7.0,1
bianca.negrine3|1734190087073400415,bianca.negrine3,1734190087073400415,Shorts Mom/Social Feminino Jeans Cintura Alta Barra Dobrada,REF55336,69.9,5.59,1
alinerecomendaa|1734190087073400415,alinerecomendaa,1734190087073400415,Shorts Mom/Social Feminino Jeans Cintura Alta Barra Dobrada,REF55336,69.9,5.59,1
maiconeandreia|1733284887218390623,maiconeandreia,1733284887218390623,Body Básico Feminino Regata Decote Quadrado em Poliamida,REF539P,69.9,8.39,1
jesialvescreator|1731763836201109087,jesialvescreator,1731763836201109087,Calça Jeans Feminina Wide Leg Jeans Feminina Cintura Alta,REF51636,69.9,5.59,1
eliadygislainy|1734190087073400415,eliadygislainy,1734190087073400415,Shorts Mom/Social Feminino Jeans Cintura Alta Barra Dobrada,REF55336,69.9,5.59,1
maiconeandreia|1734190087073400415,maiconeandreia,1734190087073400415,Shorts Mom/Social Feminino Jeans Cintura Alta Barra Dobrada,REF55336,69.9,8.39,1
s91industria3|1733356031574312543,s91industria3,1733356031574312543,Body Manga Longa Modelador Poliamida Premium Cores Neutras,REF533P,64.9,5.19,1
thainabeautyoficial|1733356031574312543,thainabeautyoficial,1733356031574312543,Body Manga Longa Modelador Poliamida Premium Cores Neutras,REF533P,64.9,6.49,1
natmarquesvi|1734426820220847711,natmarquesvi,1734426820220847711,Shorts Jeans Feminino Cintura Alta Casual Marmorizado Escuro,REF57436,64.9,7.79,1
maiconeandreia|1734426660402398815,maiconeandreia,1734426660402398815,Shorts Jeans Feminino Cintura Alta Casual,REF57336,64.9,7.79,1
tacianecreator|1733356031574312543,tacianecreator,1733356031574312543,Body Manga Longa Modelador Poliamida Premium Cores Neutras,REF533P,64.9,6.49,1
laryoliveiira_|1734385083711456863,laryoliveiira_,1734385083711456863,Saia Jeans Feminina Cintura Alta Rosa Bebê,REF56336,59.8,4.78,1
tacianecreator|1734385233445750367,tacianecreator,1734385233445750367,Saia Jeans Feminina Cintura Alta Barra A Fio Amarelo Manteiga,REF56436,59.76,7.17,1
jackmundomabu|1733356031574312543,jackmundomabu,1733356031574312543,Body Manga Longa Modelador Poliamida Premium Cores Neutras,REF533P,59.2,4.74,1
luanamagnacardoso|1733284887218390623,luanamagnacardoso,1733284887218390623,Body Básico Feminino Regata Decote Quadrado em Poliamida,REF539P,49.99,5.0,1
